v2_latent_discrepancy_timesteps,v2_latent_discrepancy_score,v2_latent_discrepancy_score_mean,v3_latent_plus_clamped_eme_timesteps,v3_latent_plus_clamped_eme_score,v3_latent_plus_clamped_eme_score_mean,v4_latent_plus_normalised_eme_timesteps,v4_latent_plus_normalised_eme_score,v4_latent_plus_normalised_eme_score_mean
12288.0,1.0,1.0,12288.0,0.001405545064699254,0.001405545064699254,12288.0,0.001405545064699254,0.001405545064699254
24576.0,1.0,1.0,24576.0,0.00688131195299017,0.004143428508844712,24576.0,0.006960523052839562,0.004183034058769408
36864.0,1.0,1.0,36864.0,0.001053675370712881,0.0031135107961341017,36864.0,0.0006882934843209417,0.0030181205339532527
49152.0,1.0,1.0,49152.0,0.005211083931499161,0.0036379040799753666,49152.0,0.00336400834445764,0.0031045924865793495
61440.0,1.0,1.0,61440.0,0.009860374639780881,0.00488239819193647,61440.0,0.001763106782163959,0.0028362953456962715
73728.0,1.0,1.0,73728.0,0.007960325955840139,0.005395386152587081,73728.0,0.004687008760811295,0.0031447475815487755
86016.0,1.0,1.0,86016.0,0.012067368283169344,0.006348526456955976,86016.0,0.014230360897878805,0.004728406626738779
98304.0,1.0,1.0,98304.0,0.010145188556634821,0.006823109219415832,98304.0,0.014804567666336274,0.005987926756688466
110592.0,1.0,1.0,110592.0,0.04954988711203138,0.011570528985262004,110592.0,0.013188458639585102,0.006787985854788093
122880.0,1.0,1.0,122880.0,0.04316623442961524,0.014730099529697328,122880.0,0.05390161671675742,0.011499348940985024
135168.0,1.0,1.0,135168.0,0.023413749198274065,0.01693091994305481,135168.0,0.10448472209585209,0.02180726664410031
147456.0,1.0,1.0,147456.0,0.046101227829543255,0.020852911530710116,147456.0,0.14063522537859777,0.035174736876676126
159744.0,1.0,1.0,159744.0,0.15163726452738047,0.035911270446376875,159744.0,0.40090855055799085,0.0751967625840431
172032.0,1.0,1.0,172032.0,0.24057265526304641,0.0594474275795316,172032.0,0.1520607757071654,0.0900664393203139
184320.0,1.0,1.0,184320.0,0.2638004549468557,0.08484143561023909,184320.0,0.7260076583673557,0.16249089447883308
196608.0,1.0,1.0,196608.0,1.8099167421460152,0.26503707722925657,196608.0,0.43893635521332425,0.20591582912408435
208896.0,1.0,1.0,208896.0,0.09080172353424132,0.2729105127543638,208896.0,2.347151751319567,0.4392079681662532
221184.0,1.0,1.0,221184.0,0.44982249817500514,0.31687824371620077,221184.0,1.0647128882507484,0.5441988002246945
233472.0,1.0,1.0,233472.0,0.2759558097459376,0.3395188359795914,233472.0,3.843184237678846,0.9271983781286204
245760.0,1.0,1.0,245760.0,1.1438192973534267,0.4495841422719725,245760.0,1.0945450272411108,1.0312627191810557
258048.0,1.0,1.0,258048.0,1.2728539798408747,0.5745281653362327,258048.0,3.0124858990311623,1.3220628368745868
270336.0,1.0,1.0,270336.0,0.738746956611673,0.6437927382144456,270336.0,0.2392596360296011,1.3319252779396873
282624.0,1.0,1.0,282624.0,0.4453281316285332,0.673161824924561,282624.0,0.9296679062147936,1.3848012135053673
294912.0,1.0,1.0,294912.0,2.820828288793564,0.9311873882776126,294912.0,0.7713138399024805,1.446726519924899
307200.0,1.0,1.0,307200.0,0.19698318792507052,0.9245056615754341,307200.0,1.1746750536064308,1.4915932594488066
319488.0,1.0,1.0,319488.0,0.1600260503279666,0.7595165923936293,319488.0,0.2512071314267814,1.4728203370701523
331776.0,1.0,1.0,331776.0,0.05029210607366016,0.7554656306475712,331776.0,1.4388529000182946,1.381990451940025
344064.0,1.0,1.0,344064.0,0.019115760350056615,0.7123949568650763,344064.0,0.8145234330246846,1.3569715064174186
356352.0,1.0,1.0,356352.0,0.056556388192499675,0.6904550147097326,356352.0,0.2875391907679538,1.0014070017263292
368640.0,1.0,1.0,368640.0,0.012743182994502908,0.5773474032738402,368640.0,0.6891426307459673,0.960866762076815
380928.0,1.0,1.0,380928.0,0.013475060356237615,0.4514095113253764,380928.0,0.25265661363179487,0.6848838335368782
393216.0,1.0,1.0,393216.0,1.6838283004953307e-06,0.3775349840470391,393216.0,0.012123313373497998,0.662170201271268
405504.0,1.0,1.0,405504.0,6.893977437509117e-06,0.3330028602819296,405504.0,0.0016453566786367446,0.5693679463176522
417792.0,1.0,1.0,417792.0,1.3115266569071102e-07,0.05092004451783978,417792.0,5.852281352266194e-06,0.49223714755553943
430080.0,1.0,1.0,430080.0,5.602755352255665e-08,0.031221731328088077,430080.0,0.0007685432483413024,0.3748464965197305
442368.0,1.0,1.0,442368.0,8.542339979822344e-08,0.015219134837631399,442368.0,0.00015316815112479767,0.3497411001921648
454656.0,1.0,1.0,454656.0,1.2094536061546535e-07,0.010189936324801443,454656.0,7.793577002275971e-08,0.20585581798391228
466944.0,1.0,1.0,466944.0,5.487592980024658e-08,0.008278365777388764,466944.0,7.7318114873511e-09,0.12440347545462505
479232.0,1.0,1.0,479232.0,2.2146204009532156e-08,0.002622729172759196,479232.0,7.045050751108839e-09,0.09564955708233476
491520.0,1.0,1.0,491520.0,3.44654954650044e-07,0.0013484453388043706,491520.0,6.398174950498585e-09,0.026735294647555512
503808.0,1.0,1.0,503808.0,4.820124364831221e-07,9.875044242574352e-07,503808.0,6.795006344632408e-09,0.0014696339638766666
516096.0,1.0,1.0,516096.0,1.1340621390113863e-07,8.304622155980157e-07,516096.0,5.857543214360383e-09,0.00025730321228118814
528384.0,1.0,1.0,528384.0,4.760718483783529e-09,1.4154054369548234e-07,528384.0,5.185307877519918e-09,9.276806294830146e-05
540672.0,1.0,1.0,540672.0,3.2344171637295936e-08,1.3165969429014082e-07,540672.0,4.550974148457658e-09,9.218328991048967e-05
552960.0,1.0,1.0,552960.0,2.4500327248470437e-08,1.285069716627322e-07,552960.0,4.080632160878099e-09,1.5329373139575524e-05
565248.0,1.0,1.0,565248.0,8.9909374332194e-10,1.2005454105724206e-07,565248.0,8.299922897118487e-09,1.3388019385468516e-08
577536.0,1.0,1.0,577536.0,1.0736120008060974e-09,1.0806736619577613e-07,577536.0,5.162549859827337e-09,6.11069736917528e-09
589824.0,1.0,1.0,589824.0,7.538920220156083e-10,1.0265516241795302e-07,589824.0,3.025416228883785e-09,5.64005784332855e-09
602112.0,1.0,1.0,602112.0,3.544154615534959e-05,3.6445951575519588e-06,602112.0,5.021071253219489e-09,5.437659893539615e-09
614400.0,1.0,1.0,614400.0,2.812087512849004e-08,3.612941749599804e-06,614400.0,1.9157940777762375e-09,4.98942180626738e-09
626688.0,1.0,1.0,626688.0,6.650665536229542e-10,3.5648070126068535e-06,626688.0,2.7316536729364107e-09,4.58308653909778e-09
638976.0,1.0,1.0,638976.0,6.305357489027238e-10,3.55352944479163e-06,638976.0,5.2416359586082706e-09,4.521495813522569e-09
651264.0,1.0,1.0,651264.0,5.815342426357395e-10,3.5531115263675153e-06,651264.0,4.898175369934717e-09,4.492782562764049e-09
663552.0,1.0,1.0,663552.0,5.700063089355186e-10,3.5499341098346794e-06,663552.0,6.387093826054624e-09,4.6763945305237455e-09
675840.0,1.0,1.0,675840.0,5.404357511275734e-10,3.5475381206849453e-06,675840.0,1.32134466979128e-08,5.589675984227216e-09
688128.0,1.0,1.0,688128.0,5.449902228000606e-10,3.5475027103328926e-06,688128.0,3.893032866445859e-08,8.652716560961226e-09
700416.0,1.0,1.0,700416.0,1.3890164352048373e-08,3.5487843655680166e-06,700416.0,3.0571560375817576e-08,1.119361761256025e-08
712704.0,1.0,1.0,712704.0,2.5428324931797697e-09,3.5489632596151336e-06,712704.0,1.2163606603425119e-09,1.1012712055706124e-08
724992.0,1.0,1.0,724992.0,5.357590034231937e-10,4.862219980516594e-09,724992.0,8.735756965028152e-09,1.138418062688699e-08
737280.0,1.0,1.0,737280.0,4.274574745092667e-10,2.092878215118517e-09,737280.0,0.01155334616972444,0.0011553458095736632
749568.0,1.0,1.0,749568.0,5.19473924235255e-10,2.0783189521797475e-09,749568.0,0.00047122721935011214,0.0012024682583433072
761856.0,1.0,1.0,761856.0,3.943584861154185e-10,2.0547012259010167e-09,761856.0,9.195205545135347e-08,0.0012024769293852563
774144.0,1.0,1.0,774144.0,3.600677130587149e-10,2.0325545729433144e-09,774144.0,1.0792892910412484e-12,0.0012024764396756482
786432.0,1.0,1.0,786432.0,1.5930604918557023e-08,3.568614433905465e-09,786432.0,9.776353762632728e-15,0.0012024758009672432
798720.0,1.0,1.0,798720.0,2.4685589551154408e-05,2.4720735259742336e-06,798720.0,1.4826776831557076e-18,0.0012024744796225737
811008.0,1.0,1.0,811008.0,2.6740870604650507e-05,5.146106087417005e-06,811008.0,3.51588251063101e-20,0.0012024705865897073
823296.0,1.0,1.0,823296.0,3.8966208772232376e-06,5.534379158704123e-06,823296.0,3.3080378451641237e-22,0.0012024675294336697
835584.0,1.0,1.0,835584.0,6.2061622543296835e-06,6.1547411008877745e-06,835584.0,3.4085733081513655e-24,0.0012024674077976034
847872.0,1.0,1.0,847872.0,8.850574643541146e-07,6.243193271422843e-06,847872.0,2.127683816172269e-24,0.001202466534221907
860160.0,1.0,1.0,860160.0,3.90051795875479e-05,1.0143668484430182e-05,860160.0,2.1170813941292812e-24,4.713191724946306e-05
872448.0,1.0,1.0,872448.0,4.621345950361899e-08,1.014823788298812e-05,872448.0,6.982064204006628e-34,9.195314451851645e-09
884736.0,1.0,1.0,884736.0,3.473699908459101e-07,1.0182935446224098e-05,884736.0,8.253235711548948e-37,1.0890671629788464e-13
897024.0,1.0,1.0,897024.0,1.9833666087265556e-07,1.0202733105540058e-05,897024.0,1.3207938675493563e-40,9.777871937598114e-16
909312.0,1.0,1.0,909312.0,5.0535134029167676e-12,1.0201140550399545e-05,909312.0,1.7418139911557476e-42,1.5181749653850532e-19
921600.0,1.0,1.0,921600.0,2.782808404148745e-12,7.732581873564946e-06,921600.0,2.802596928649634e-45,3.549728222934566e-21
933888.0,1.0,1.0,933888.0,2.4837078296542203e-12,5.058495061470676e-06,933888.0,0.0,3.3845712303556434e-23
946176.0,1.0,1.0,946176.0,3.696117441738996e-08,4.672529091190091e-06,946176.0,0.0,7.653338519151948e-25
958464.0,1.0,1.0,958464.0,1.0988156086947734e-05,5.150728474451896e-06,958464.0,0.0,4.244765211000582e-25
970752.0,1.0,1.0,970752.0,6.117206903392495e-06,5.673943418355734e-06,970752.0,0.0,2.1170813948283133e-25
983040.0,1.0,1.0,983040.0,6.516816692762421e-09,1.7740771412702205e-06,983040.0,0.0,6.99031877795821e-35
995328.0,1.0,1.0,995328.0,7.1433065038543795e-12,1.7694565096505089e-06,995328.0,0.0,8.254573951582379e-38
1007616.0,1.0,1.0,1007616.0,3.526690756094908e-08,1.7382462013220133e-06,1007616.0,0.0,1.3382400334302003e-41
1019904.0,1.0,1.0,1019904.0,1.0553924742242222e-09,1.7185180744821693e-06,1019904.0,0.0,1.7446165880843973e-43
1032192.0,1.0,1.0,1032192.0,1.027226919821563e-05,2.7457444889523922e-06,1032192.0,0.0,2.8025969286496343e-46
1044480.0,1.0,1.0,1044480.0,7.950548853534004e-10,2.7458237161600876e-06,1044480.0,0.0,0.0
1056768.0,1.0,1.0,1056768.0,1.3681624292334027e-11,2.745824835951734e-06,1056768.0,0.0,0.0
1069056.0,1.0,1.0,1069056.0,5.490048351930454e-06,3.2911335537030397e-06,1069056.0,0.0,0.0
1081344.0,1.0,1.0,1081344.0,2.7665567661946017e-05,4.958874711202868e-06,1081344.0,0.0,0.0
1093632.0,1.0,1.0,1093632.0,9.306313586421311e-08,4.35646033445004e-06,1093632.0,0.0,0.0
1105920.0,1.0,1.0,1105920.0,2.322359250683803e-06,4.588044577849144e-06,1105920.0,0.0,0.0
1118208.0,1.0,1.0,1118208.0,1.6923015285404594e-07,4.604966878803899e-06,1118208.0,0.0,0.0
1130496.0,1.0,1.0,1130496.0,1.623414209461771e-05,6.224854397509575e-06,1130496.0,0.0,0.0
1142784.0,1.0,1.0,1142784.0,1.3542691400895516e-05,7.579017998351704e-06,1142784.0,0.0,0.0
1155072.0,1.0,1.0,1155072.0,2.4529652383383413e-09,6.552036375053973e-06,1155072.0,0.0,0.0
1167360.0,1.0,1.0,1167360.0,2.0801389837288298e-06,6.759970767938321e-06,1167360.0,0.0,0.0
1179648.0,1.0,1.0,1179648.0,2.246133969189638e-07,6.782430739467789e-06,1179648.0,0.0,0.0
1191936.0,1.0,1.0,1191936.0,1.340682259372746e-05,7.574108163647489e-06,1191936.0,0.0,0.0
1204224.0,1.0,1.0,1204224.0,3.7527068343479186e-05,8.560258231800807e-06,1204224.0,0.0,0.0
1216512.0,1.0,1.0,1216512.0,6.3169524461651845e-06,9.182647162830904e-06,1216512.0,0.0,0.0
1228800.0,1.0,1.0,1228800.0,1.046289010749509e-05,9.996700248512032e-06,1228800.0,0.0,0.0
1241088.0,1.0,1.0,1241088.0,1.0069814682841145e-06,1.0080475380055038e-05,1241088.0,0.0,0.0
1253376.0,1.0,1.0,1253376.0,5.703083540235336e-06,9.027369524616803e-06,1253376.0,0.0,0.0
1265664.0,1.0,1.0,1265664.0,8.718093643741062e-06,8.544909748901356e-06,1265664.0,0.0,0.0
1277952.0,1.0,1.0,1277952.0,5.6393959321591565e-06,9.108604045593438e-06,1277952.0,0.0,0.0
1290240.0,1.0,1.0,1290240.0,1.0231985925202025e-06,9.002910006472576e-06,1290240.0,0.0,0.0
1302528.0,1.0,1.0,1302528.0,2.0505768934716193e-09,8.980653724470026e-06,1302528.0,0.0,0.0
1314816.0,1.0,1.0,1314816.0,3.951068720198236e-06,8.035078337117104e-06,1314816.0,0.0,0.0
1327104.0,1.0,1.0,1327104.0,6.647066281099494e-06,4.9470781308791335e-06,1327104.0,0.0,0.0
1339392.0,1.0,1.0,1339392.0,1.9955953272680443e-05,6.31097821353066e-06,1339392.0,0.0,0.0
1351680.0,1.0,1.0,1351680.0,1.6546870028832927e-05,6.919376205664444e-06,1351680.0,0.0,0.0
1363968.0,1.0,1.0,1363968.0,2.0121569832554087e-05,8.830835042091442e-06,1363968.0,0.0,0.0
1376256.0,1.0,1.0,1376256.0,5.327140267278689e-06,8.793240714795778e-06,1376256.0,0.0,0.0
1388544.0,1.0,1.0,1388544.0,2.7585258521867217e-09,7.92170720300689e-06,1388544.0,0.0,0.0
1400832.0,1.0,1.0,1400832.0,4.704889336911341e-05,1.2062656946702317e-05,1400832.0,0.0,0.0
1413120.0,1.0,1.0,1413120.0,2.3131501317645114e-05,1.4273487219214806e-05,1413120.0,0.0,0.0
1425408.0,1.0,1.0,1425408.0,8.005348694458311e-06,1.507381703097129e-05,1425408.0,0.0,0.0
1437696.0,1.0,1.0,1437696.0,2.943049253190111e-07,1.4708140651483367e-05,1437696.0,0.0,0.0
1449984.0,1.0,1.0,1449984.0,2.914778209136178e-05,1.6958212232509598e-05,1449984.0,0.0,0.0
1462272.0,1.0,1.0,1462272.0,6.192811027479668e-05,2.115542793272122e-05,1462272.0,0.0,0.0
1474560.0,1.0,1.0,1474560.0,3.2031554534720876e-06,1.982105647518513e-05,1474560.0,0.0,0.0
1486848.0,1.0,1.0,1486848.0,1.3883104353832701e-05,1.9197209927312993e-05,1486848.0,0.0,0.0
1499136.0,1.0,1.0,1499136.0,1.45854063475781e-05,2.0123036535342938e-05,1499136.0,0.0,0.0
1511424.0,1.0,1.0,1511424.0,1.989154007257336e-05,2.2111914690015054e-05,1511424.0,0.0,0.0
1523712.0,1.0,1.0,1523712.0,1.876687252888587e-05,1.92837126059923e-05,1523712.0,0.0,0.0
1536000.0,1.0,1.0,1536000.0,7.395948841804056e-05,2.4366511316031846e-05,1536000.0,0.0,0.0
1548288.0,1.0,1.0,1548288.0,0.00017337931149086216,4.090390759567223e-05,1548288.0,0.0,0.0
1560576.0,1.0,1.0,1560576.0,8.415740156427394e-05,4.929021725956773e-05,1560576.0,0.0,0.0
1572864.0,1.0,1.0,1572864.0,9.943235393924017e-05,5.631867444435557e-05,1572864.0,0.0,0.0
1585152.0,1.0,1.0,1585152.0,0.017014859719589975,0.0017516118353758734,1585152.0,0.0,0.0
1597440.0,1.0,1.0,1597440.0,2.9292675890246755e-05,0.001754220787419551,1597440.0,0.0,0.0
1609728.0,1.0,1.0,1609728.0,7.513858133734175e-05,0.0017603463351179016,1609728.0,0.0,0.0
1622016.0,1.0,1.0,1622016.0,7.38719148406138e-05,0.0017662749859672054,1622016.0,0.0,0.0
1634304.0,1.0,1.0,1634304.0,5.114256055094302e-05,0.0017694000880150418,1634304.0,0.0,0.0
1646592.0,1.0,1.0,1646592.0,0.0001090813505773743,0.001778431535819891,1646592.0,0.0,0.0
1658880.0,1.0,1.0,1658880.0,7.648170867469162e-05,0.0017786837578455557,1658880.0,0.0,0.0
1671168.0,1.0,1.0,1671168.0,0.00017839937936514616,0.001779185764632985,1671168.0,0.0,0.0
1683456.0,1.0,1.0,1683456.0,5.221035098657012e-05,0.0017759910595752143,1683456.0,0.0,0.0
1695744.0,1.0,1.0,1695744.0,8.075663936324418e-05,0.0017741234881176143,1695744.0,0.0,0.0
1708032.0,1.0,1.0,1708032.0,9.488421104227503e-05,8.212593726284468e-05,1708032.0,0.0,0.0
1720320.0,1.0,1.0,1720320.0,4.262362199369818e-05,8.345903187318981e-05,1720320.0,0.0,0.0
1732608.0,1.0,1.0,1732608.0,8.919365427573211e-06,7.683711028221296e-05,1732608.0,0.0,0.0
1744896.0,1.0,1.0,1744896.0,1.9326316153941054e-05,7.138255041354569e-05,1744896.0,0.0,0.0
1757184.0,1.0,1.0,1757184.0,9.809969924390316e-05,7.60782642828417e-05,1757184.0,0.0,0.0
1769472.0,1.0,1.0,1769472.0,5.357156624086201e-05,7.052728584919047e-05,1769472.0,0.0,0.0
1781760.0,1.0,1.0,1781760.0,2.8471176240903635e-05,6.572623260581167e-05,1781760.0,0.0,0.0
1794048.0,1.0,1.0,1794048.0,0.00012775700694570938,6.0661995363867996e-05,1794048.0,0.0,0.0
1806336.0,1.0,1.0,1806336.0,8.27566933973382e-05,6.37166296049448e-05,1806336.0,0.0,0.0
1818624.0,1.0,1.0,1818624.0,7.829636645813783e-05,6.347060231443417e-05,1818624.0,0.0,0.0
1830912.0,1.0,1.0,1830912.0,0.00010137733382483323,6.411991459268998e-05,1830912.0,0.0,0.0
1843200.0,1.0,1.0,1843200.0,3.1118261783073344e-05,6.296937857162751e-05,1843200.0,0.0,0.0
1855488.0,1.0,1.0,1855488.0,8.037710601153474e-05,7.011515263002365e-05,1855488.0,0.0,0.0
1867776.0,1.0,1.0,1867776.0,7.253633035967748e-05,7.54361540505973e-05,1867776.0,0.0,0.0
1880064.0,1.0,1.0,1880064.0,7.253741690268119e-06,6.635155829523379e-05,1880064.0,0.0,0.0
1892352.0,1.0,1.0,1892352.0,7.0147749890262885e-06,6.169587917005022e-05,1892352.0,0.0,0.0
1904640.0,1.0,1.0,1904640.0,2.4083526416992147e-05,6.125711418765908e-05,1904640.0,0.0,0.0
1916928.0,1.0,1.0,1916928.0,1.6117697668960318e-05,5.0093183259984176e-05,1916928.0,0.0,0.0
1929216.0,1.0,1.0,1929216.0,5.097540148805517e-06,4.23272679351309e-05,1929216.0,0.0,0.0
1941504.0,1.0,1.0,1941504.0,1.0973317936683694e-05,3.559496308298549e-05,1941504.0,0.0,0.0
1953792.0,1.0,1.0,1953792.0,9.397770554642193e-06,2.6397006755966383e-05,1953792.0,0.0,0.0
1966080.0,1.0,1.0,1966080.0,6.228087537844355e-06,2.3907989331443483e-05,1966080.0,0.0,0.0
1978368.0,1.0,1.0,1978368.0,1.6186927192999672e-05,1.7488971449589973e-05,1978368.0,0.0,0.0
1990656.0,1.0,1.0,1990656.0,1.1900146394812813e-05,1.1425353053103511e-05,1990656.0,0.0,0.0
2002944.0,1.0,1.0,2002944.0,1.7420018897003804e-06,1.0874179073046737e-05,2002944.0,0.0,0.0
2015232.0,1.0,1.0,2015232.0,1.5219363073507945e-06,1.0324895204879187e-05,2015232.0,0.0,0.0
2027520.0,1.0,1.0,2027520.0,1.0785115591716021e-05,8.995054122351575e-06,2027520.0,0.0,0.0
2039808.0,1.0,1.0,2039808.0,1.275071857283668e-06,7.51079154118391e-06,2039808.0,0.0,0.0
2052096.0,1.0,1.0,2052096.0,2.4311417898085588e-06,7.244151705284216e-06,2052096.0,0.0,0.0
2064384.0,1.0,1.0,2064384.0,3.4609499077002206e-06,6.492914902385869e-06,2064384.0,0.0,0.0
2076672.0,1.0,1.0,2076672.0,2.764090216563394e-06,5.829546868577987e-06,2076672.0,0.0,0.0
2088960.0,1.0,1.0,2088960.0,1.6683303935375686e-06,5.373571154147309e-06,2088960.0,0.0,0.0
2101248.0,1.0,1.0,2101248.0,2.8187290202671043e-06,4.036751336874052e-06,2101248.0,0.0,0.0
2113536.0,1.0,1.0,2113536.0,5.598129064310342e-06,3.406549603823805e-06,2113536.0,0.0,0.0
2125824.0,1.0,1.0,2125824.0,8.548491071754446e-06,4.0871985220292116e-06,2125824.0,0.0,0.0
2138112.0,1.0,1.0,2138112.0,8.57961155512991e-06,4.792966046807124e-06,2138112.0,0.0,0.0
2150400.0,1.0,1.0,2150400.0,3.9282243354440044e-07,3.7537367309899615e-06,2150400.0,0.0,0.0
2162688.0,1.0,1.0,2162688.0,2.903650965890847e-06,3.91659464185068e-06,2162688.0,0.0,0.0
2174976.0,1.0,1.0,2174976.0,1.6870161440844338e-05,5.360496606954257e-06,2174976.0,0.0,0.0
2187264.0,1.0,1.0,2187264.0,5.536596897096994e-06,5.568061305893934e-06,2187264.0,0.0,0.0
2199552.0,1.0,1.0,2199552.0,1.2004347809124738e-05,6.492087065150068e-06,2199552.0,0.0,0.0
2211840.0,1.0,1.0,2211840.0,7.175845288050671e-06,7.042838554601379e-06,2211840.0,0.0,0.0
2224128.0,1.0,1.0,2224128.0,2.13277189686778e-07,6.782293371543346e-06,2224128.0,0.0,0.0
2236416.0,1.0,1.0,2236416.0,2.2172527678776532e-05,8.439733232989965e-06,2236416.0,0.0,0.0
2248704.0,1.0,1.0,2248704.0,4.733752575702965e-06,8.058259383384818e-06,2248704.0,0.0,0.0
2260992.0,1.0,1.0,2260992.0,2.5051234236646755e-06,7.450810570238293e-06,2260992.0,0.0,0.0
2273280.0,1.0,1.0,2273280.0,2.7730723862381033e-06,7.688835565507663e-06,2273280.0,0.0,0.0
2285568.0,1.0,1.0,2285568.0,6.104692147346213e-07,7.459517390392041e-06,2285568.0,0.0,0.0
2297856.0,1.0,1.0,2297856.0,3.9916703826747835e-06,6.171668284575086e-06,2297856.0,0.0,0.0
2310144.0,1.0,1.0,2310144.0,1.302637429034803e-06,5.7482723377688675e-06,2310144.0,0.0,0.0
2322432.0,1.0,1.0,2322432.0,7.90559897723142e-06,5.3383974545795356e-06,2322432.0,0.0,0.0
2334720.0,1.0,1.0,2334720.0,4.06323579227319e-06,5.0271365050017875e-06,2334720.0,0.0,0.0
2347008.0,1.0,1.0,2347008.0,4.388893633707388e-08,5.010197679666817e-06,2347008.0,0.0,0.0
2359296.0,1.0,1.0,2359296.0,3.6316453133622417e-07,2.829261364922786e-06,2359296.0,0.0,0.0
2371584.0,1.0,1.0,2371584.0,7.269170450759551e-10,2.355958799056997e-06,2371584.0,0.0,0.0
2383872.0,1.0,1.0,2383872.0,1.9820067791442852e-06,2.303647134604958e-06,2383872.0,0.0,0.0
2396160.0,1.0,1.0,2396160.0,4.3841335658119834e-07,2.070181231639267e-06,2396160.0,0.0,0.0
2408448.0,1.0,1.0,2408448.0,5.230447034894799e-06,2.532179013655285e-06,2408448.0,0.0,0.0
2420736.0,1.0,1.0,2420736.0,7.062588736062025e-08,2.140074564123869e-06,2420736.0,0.0,0.0
2433024.0,1.0,1.0,2433024.0,2.809822490235092e-07,2.0379090461227397e-06,2433024.0,0.0,0.0
2445312.0,1.0,1.0,2445312.0,2.02593127459257e-11,1.247351174330872e-06,2445312.0,0.0,0.0
2457600.0,1.0,1.0,2457600.0,3.571949955145463e-13,8.410276308230526e-07,2457600.0,0.0,0.0
2469888.0,1.0,1.0,2469888.0,1.883191228991806e-18,8.366387371895336e-07,2469888.0,0.0,0.0
2482176.0,1.0,1.0,2482176.0,3.9427033123113674e-19,8.003222840559508e-07,2482176.0,0.0,0.0
2494464.0,1.0,1.0,2494464.0,3.268822496714756e-22,8.002495923514432e-07,2494464.0,0.0,0.0
2506752.0,1.0,1.0,2506752.0,4.9273330660873254e-27,6.020489144370146e-07,2506752.0,0.0,0.0
2519040.0,1.0,1.0,2519040.0,4.73634321573431e-28,5.582075787788947e-07,2519040.0,1.216196822298135e-32,1.216196822298135e-33
2531328.0,1.0,1.0,2531328.0,8.142765977185587e-31,3.516287528941487e-08,2531328.0,2.106122387601772e-09,2.106122387601772e-10
2543616.0,1.0,1.0,2543616.0,5.001923154000688e-34,2.8100286553352842e-08,2543616.0,6.560557282616249e-10,2.762178115863397e-10
2555904.0,1.0,1.0,2555904.0,8.556252192530874e-38,2.0616510019228698e-12,2555904.0,1.781035735559655e-11,2.779988473218994e-10
2568192.0,1.0,1.0,2568192.0,2.401124918620574e-41,3.5719727330299415e-14,2568192.0,2.9484603647489394e-10,3.0748345096938875e-10
2580480.0,1.0,1.0,2580480.0,2.8166099132928823e-43,2.2777884478743965e-19,2580480.0,4.834800817800818e-14,3.074882857702066e-10
2592768.0,1.0,1.0,2592768.0,1.401298464324817e-45,3.945972188825904e-20,2592768.0,1.3982382259584575e-15,3.0748842559402916e-10
2605056.0,1.0,1.0,2605056.0,0.0,3.2688765145364015e-23,2605056.0,1.5386028129166762e-18,3.0748842574788946e-10
2617344.0,1.0,1.0,2617344.0,0.0,5.401782164536378e-28,2617344.0,1.4853234203449584e-21,3.0748842574803794e-10
2629632.0,1.0,1.0,2629632.0,0.0,4.7444909844905175e-29,2629632.0,1.2947554732060477e-08,1.6022438989540858e-09
2641920.0,1.0,1.0,2641920.0,0.0,8.14776875620775e-32,2641920.0,1.5235042394312615e-11,1.603767403193517e-09
2654208.0,1.0,1.0,2654208.0,0.0,5.002779022163056e-35,2654208.0,2.5842534057735343e-17,1.393155167017593e-09
2666496.0,1.0,1.0,2666496.0,0.0,8.558681623678473e-39,2666496.0,1.5151275374231696e-17,1.327549595706558e-09
2678784.0,1.0,1.0,2678784.0,2.8814478506925905e-08,2.8814478506925904e-09,2678784.0,3.6163509200205817e-20,1.325768559974615e-09
2691072.0,1.0,1.0,2691072.0,1.8078148931547726e-12,2.881628632181906e-09,2691072.0,6.534606932311325e-23,1.2962839563271316e-09
2703360.0,1.0,1.0,2703360.0,1.2729952002822156e-13,2.881641362133909e-09,2703360.0,1.635488615417161e-26,1.296279121526314e-09
2715648.0,1.0,1.0,2715648.0,4.776324204221223e-16,2.881641409897151e-09,2715648.0,1.0576728179501033e-28,1.2962789817024916e-09
2727936.0,1.0,1.0,2727936.0,7.045612886362628e-19,2.881641409967607e-09,2727936.0,6.528854316204346e-32,1.2962789815486312e-09
2740224.0,1.0,1.0,2740224.0,2.865585411321271e-22,2.881641409967636e-09,2740224.0,1.272838140039835e-34,1.2962789815484827e-09
2752512.0,1.0,1.0,2752512.0,7.381149623023414e-26,2.8816414099676356e-09,2752512.0,1.6653129601448015e-37,1.523508342435092e-12
2764800.0,1.0,1.0,2764800.0,1.1028516838209441e-27,2.8816414099676356e-09,2764800.0,6.5305446226083155e-21,4.1036568848319895e-18
2777088.0,1.0,1.0,2777088.0,1.4001151915484419e-05,1.4029968329584094e-06,2777088.0,4.979886503164721e-10,4.979886655105069e-11
2789376.0,1.0,1.0,2789376.0,5.336355949718078e-08,1.4083331889081276e-06,2789376.0,1.0110548776733859e-16,4.979887514647193e-11
2801664.0,1.0,1.0,2801664.0,2.761126975207399e-11,1.4054545021844101e-06,2801664.0,2.7369555695896015e-11,5.2535830712445185e-11
2813952.0,1.0,1.0,2813952.0,4.401288903645162e-14,1.4054543258042097e-06,2813952.0,2.1242021452002233e-13,5.2557072733890653e-11
2826240.0,1.0,1.0,2826240.0,1.002553843256505e-16,1.4054543130842833e-06,2826240.0,3.4020301879600655e-16,5.2557106754192535e-11
2838528.0,1.0,1.0,2838528.0,6.091081226911556e-22,1.40545431303652e-06,2838528.0,2.1075038616889694e-19,5.2557106775267566e-11
2850816.0,1.0,1.0,2850816.0,1.066403376258896e-22,1.4054543130364496e-06,2850816.0,1.3297307000024426e-22,5.2557106775280865e-11
2863104.0,1.0,1.0,2863104.0,1.8726614543780993e-25,1.4054543130364496e-06,2863104.0,3.9986787361496803e-25,5.2557106775280904e-11
2875392.0,1.0,1.0,2875392.0,8.264802090707235e-06,2.2319345221071736e-06,2875392.0,7.128263465745704e-28,5.2557106775280904e-11
2887680.0,1.0,1.0,2887680.0,1.0368330638499401e-09,2.2320382054135583e-06,2887680.0,1.1237347327947524e-30,5.255710677462784e-11
2899968.0,1.0,1.0,2899968.0,9.765466213451646e-12,8.319239904117375e-07,2899968.0,8.917599529055348e-34,2.758241742980636e-12
2912256.0,1.0,1.0,2912256.0,1.0802701429687052e-07,8.373903358917066e-07,2912256.0,1.1247355089126197e-36,2.7582316324318593e-12
2924544.0,1.0,1.0,2924544.0,1.2316434538917065e-09,8.375107391101207e-07,2924544.0,1.0928909629133916e-09,1.0931037235418142e-10
2936832.0,1.0,1.0,2936832.0,4.4084771388952504e-08,8.41919211847727e-07,2936832.0,1.530500726154571e-11,1.10819631058884e-10
2949120.0,1.0,1.0,2949120.0,5.315763385027594e-10,8.419723694715517e-07,2949120.0,8.023396761795235e-10,1.9105356465653443e-10
2961408.0,1.0,1.0,2961408.0,2.2056223921633016e-05,3.047594761634853e-06,2961408.0,1.7850022223485595e-14,1.9105534963768174e-10
2973696.0,1.0,1.0,2973696.0,1.1647455740633935e-08,3.0487595072089165e-06,2973696.0,1.9780599480969698e-15,1.910555474436633e-10
2985984.0,1.0,1.0,2985984.0,6.313588540862725e-11,3.0487658207974574e-06,2985984.0,3.8645235160098917e-10,2.2970078260376215e-10
2998272.0,1.0,1.0,2998272.0,1.592535556190743e-14,2.2222856133192693e-06,2998272.0,2.9629719973852296e-11,2.326637546011474e-10
3010560.0,1.0,1.0,3010560.0,1.5846825081547935e-17,2.222181930014469e-06,3010560.0,6.36233976382868e-13,2.3272737799878568e-10
3022848.0,1.0,1.0,3022848.0,6.915929399535041e-08,2.229096882867383e-06,3022848.0,1.0670549786734463e-15,2.3272748470428355e-10
3035136.0,1.0,1.0,3035136.0,1.836203041468328e-10,2.2183125434681105e-06,3035136.0,9.4499580933552e-19,2.3272748479878314e-10
3047424.0,1.0,1.0,3047424.0,2.323336474018463e-13,2.2181894023560855e-06,3047424.0,6.164259246141223e-22,1.234383885075056e-10
3059712.0,1.0,1.0,3059712.0,2.1975133380641924e-16,2.2137809252391657e-06,3059712.0,1.9869102071289954e-25,1.2190788778135106e-10
3072000.0,1.0,1.0,3072000.0,1.9710910942627295e-19,2.2137277676053348e-06,3072000.0,1.8141322790221494e-28,4.1673920163398703e-11
3084288.0,1.0,1.0,3084288.0,2.285987193317851e-06,2.367040947738189e-07,3084288.0,3.516127290607193e-17,4.1672138677303644e-11
3096576.0,1.0,1.0,3096576.0,1.0740343441284494e-06,3.4294278361260044e-07,3096576.0,1.5453341384308317e-10,5.7125282255617154e-11
3108864.0,1.0,1.0,3108864.0,7.707567917236702e-10,3.4301354570323195e-07,3108864.0,2.3318536952349662e-14,1.848237894921347e-11
3121152.0,1.0,1.0,3121152.0,1.4246740361508377e-12,3.4301368657810007e-07,3121152.0,7.852703046488717e-17,1.5519414804531286e-11
3133440.0,1.0,1.0,3133440.0,2.4591630860204667e-15,3.4301368682243165e-07,3133440.0,1.3258677711291966e-08,1.3413235625360897e-09
3145728.0,1.0,1.0,3145728.0,3.317140943032934e-18,3.3609775742322834e-07,3145728.0,2.1013613071829695e-09,1.5514595865488885e-09
3158016.0,1.0,1.0,3158016.0,4.365342823701079e-21,3.36079395392814e-07,3158016.0,3.026860243930211e-11,1.5544864466983195e-09
3170304.0,1.0,1.0,3170304.0,3.801409699614548e-07,3.7409346915559484e-07,3170304.0,8.853101967341327e-15,1.5544873320084547e-09
3182592.0,1.0,1.0,3182592.0,2.777751917371063e-10,3.7412124665279335e-07,3182592.0,4.332748060314995e-18,1.5544873324417292e-09
3194880.0,1.0,1.0,3194880.0,4.47221018175468e-14,3.741212511249839e-07,3194880.0,1.6842289075677552e-20,1.5544873324434137e-09
3207168.0,1.0,1.0,3207168.0,2.33262726924987e-17,1.455225317955314e-07,3207168.0,4.637518621107095e-18,1.5544873293910379e-09
3219456.0,1.0,1.0,3219456.0,2.0972416522144834e-19,3.811909738270742e-08,3219456.0,6.495800934184596e-10,1.603991997348576e-09
3231744.0,1.0,1.0,3231744.0,4.548749189218103e-22,3.804202170353509e-08,3231744.0,3.7168496000901846e-13,1.6040268339908812e-09
3244032.0,1.0,1.0,3244032.0,1.2827064589752506e-06,1.6631252513365654e-07,3244032.0,3.4677680620660774e-16,1.6040268608158592e-09
3256320.0,1.0,1.0,3256320.0,1.5947874132393736e-09,1.6647200362906418e-07,3256320.0,3.84171972449654e-19,2.7815908972507947e-10
3268608.0,1.0,1.0,3268608.0,6.472886889241636e-05,6.6393588928703686e-06,3268608.0,2.5125007629966944e-10,9.314796663674946e-11
3280896.0,1.0,1.0,3280896.0,9.405529984481594e-09,6.640299445868816e-06,3280896.0,4.258035619699359e-13,9.016368674901626e-11
3293184.0,1.0,1.0,3293184.0,1.4889440080878558e-07,6.6171747889535486e-06,3293184.0,6.13334157180155e-16,9.016286277223524e-11
3305472.0,1.0,1.0,3305472.0,2.040160810186838e-05,8.657307821621212e-06,3305472.0,1.188704586626133e-18,9.016286245783088e-11
3317760.0,1.0,1.0,3317760.0,1.8670765712158754e-05,1.0524384388364877e-05,3317760.0,3.1939813756783525e-10,1.221026762129302e-10
3330048.0,1.0,1.0,3330048.0,1.6303903294101474e-07,1.0540688291656647e-05,3330048.0,4.855135182779691e-10,1.7065402757697523e-10
3342336.0,1.0,1.0,3342336.0,3.3245281277534864e-06,1.0873141104431976e-05,3342336.0,5.847597124627679e-16,1.0569607671110053e-10
3354624.0,1.0,1.0,3354624.0,1.149775077162e-05,1.2022916181593974e-05,3354624.0,8.620060192489935e-17,1.056589168351598e-10
3366912.0,1.0,1.0,3366912.0,1.4202225429471582e-05,1.331486807864361e-05,3366912.0,1.1243400088021568e-18,1.0565888226991318e-10
3379200.0,1.0,1.0,3379200.0,9.284882253268734e-06,1.4243196825229157e-05,3379200.0,2.2486903598443558e-08,2.3543492420758517e-09
3391488.0,1.0,1.0,3391488.0,2.1200676769694837e-09,7.770521942755218e-06,3391488.0,2.51923158260207e-11,2.331743466028487e-09
3403776.0,1.0,1.0,3403776.0,5.290567628435383e-08,7.774871957385206e-06,3403776.0,1.9534960490954583e-14,2.3317028391683393e-09
3416064.0,1.0,1.0,3416064.0,5.743871345960845e-06,8.334369651900412e-06,3416064.0,3.126499193478109e-17,2.3317027809614226e-09
3428352.0,1.0,1.0,3428352.0,7.982451885861034e-06,7.0924540302996775e-06,3428352.0,2.783023885418364e-09,2.610005169384388e-09
3440640.0,1.0,1.0,3440640.0,2.2577451848822724e-07,5.2479549109326245e-06,3440640.0,1.3210208390142716e-11,2.579386376466619e-09
3452928.0,1.0,1.0,3452928.0,1.3611332785027722e-05,6.592784286141296e-06,3452928.0,3.016315206864443e-12,2.531136656159509e-09
3465216.0,1.0,1.0,3465216.0,7.908047336968593e-06,7.0511362070628065e-06,3465216.0,1.2055664626309248e-12,2.5312571543298005e-09
3477504.0,1.0,1.0,3477504.0,2.3798658124481637e-05,8.28122694234897e-06,3477504.0,3.845833806534746e-16,2.5312571841680784e-09
3489792.0,1.0,1.0,3489792.0,3.4171553882818745e-07,6.895175953284629e-06,3489792.0,1.5641817470897953e-10,2.5468990015265424e-09
3502080.0,1.0,1.0,3502080.0,1.0684806814727684e-05,7.035168409430526e-06,3502080.0,6.369251191277551e-13,2.9827233419409934e-10
3514368.0,1.0,1.0,3514368.0,2.452893628894041e-05,9.487850031556869e-06,3514368.0,1.2119104593202982e-15,2.957532238025432e-10
3526656.0,1.0,1.0,3526656.0,6.653849898915117e-06,1.0147944453819947e-05,3526656.0,1.17964582546648e-10,3.0754772856115893e-10
3538944.0,1.0,1.0,3538944.0,1.559137065972512e-06,9.729471025821111e-06,3538944.0,3.105814910808746e-11,3.106535403454685e-10
3551232.0,1.0,1.0,3551232.0,7.217329160387938e-06,9.652958753273802e-06,3551232.0,7.506954785331352e-17,3.235115931058687e-11
3563520.0,1.0,1.0,3563520.0,1.7021451033845854e-06,9.800595811763438e-06,3563520.0,1.974046541659664e-19,3.1030138491313053e-11
3575808.0,1.0,1.0,3575808.0,2.3558925477118464e-07,8.463021458737783e-06,3575808.0,1.597066183004851e-09,1.9043512527111172e-10
3588096.0,1.0,1.0,3588096.0,3.0901578914684556e-05,1.0762374616509383e-05,3588096.0,1.3632259210361042e-10,2.0394682783520966e-10
3600384.0,1.0,1.0,3600384.0,2.5193515587792112e-06,8.634443959939138e-06,3600384.0,1.255967127536973e-14,2.0394804534399912e-10
3612672.0,1.0,1.0,3612672.0,1.6589478036621585e-05,1.0259220209718476e-05,3612672.0,1.9125864188565805e-15,1.8830641913174304e-10
3624960.0,1.0,1.0,3624960.0,6.716364926736181e-06,9.862376020919329e-06,3624960.0,1.6116614472020188e-14,1.882443382812775e-10
3637248.0,1.0,1.0,3637248.0,4.951915858934323e-05,1.236139825095961e-05,3637248.0,7.180066726360697e-11,1.954242838165923e-10
3649536.0,1.0,1.0,3649536.0,0.00011663433785239856,2.3359447046307952e-05,3649536.0,1.4400750015207409e-13,1.8364222631194266e-10
3661824.0,1.0,1.0,3661824.0,6.923106654236714e-05,3.0126639993947418e-05,3661824.0,1.739882019563312e-14,1.8053815128315347e-10
3674112.0,1.0,1.0,3674112.0,1.7579775885678828e-05,3.1162884666476506e-05,3674112.0,5.1110700367893465e-17,1.8053814888726871e-10
3686400.0,1.0,1.0,3686400.0,3.9084079617168754e-05,3.490107811785492e-05,3686400.0,3.5317201015535224e-09,5.337101590228805e-10
3698688.0,1.0,1.0,3698688.0,8.517360887102162e-06,3.572925528108802e-05,3698688.0,2.106662356134622e-12,3.7421420695800885e-10
3710976.0,1.0,1.0,3710976.0,1.791266186046414e-05,3.443036357566598e-05,3710976.0,8.448097681120736e-15,3.60582792557416e-10
3723264.0,1.0,1.0,3723264.0,2.6580785439970594e-05,3.683650696378512e-05,3723264.0,8.693904855287353e-11,3.6927544144557577e-10
3735552.0,1.0,1.0,3735552.0,6.8257977545727044e-06,3.586013893558023e-05,3735552.0,1.4291357449310501e-11,3.7070438593186493e-10
3747840.0,1.0,1.0,3747840.0,6.4357930871968465e-06,3.5832081751626294e-05,3747840.0,4.0263826344213993e-14,3.707068006530522e-10
3760128.0,1.0,1.0,3760128.0,2.253551307755212e-05,3.3133717200447187e-05,3760128.0,4.143016948029062e-12,3.639410356214944e-10
3772416.0,1.0,1.0,3772416.0,3.546519534817586e-05,2.5016802950024913e-05,3772416.0,1.0905888460828923e-13,3.6393754075994e-10
3784704.0,1.0,1.0,3784704.0,5.224678898230195e-05,2.3318375194018394e-05,3784704.0,1.0677350207692152e-11,3.6500353589868966e-10
3796992.0,1.0,1.0,3796992.0,1.8925096810562536e-05,2.3452907286506766e-05,3796992.0,2.0784751697533466e-10,3.857882824851531e-10
3809280.0,1.0,1.0,3809280.0,3.696485509863123e-05,2.3240984834653015e-05,3809280.0,2.6776439861671736e-13,3.2643048769662484e-11
3821568.0,1.0,1.0,3821568.0,9.477512018444637e-06,2.333699994778726e-05,3821568.0,3.711813449195726e-10,6.955051702600628e-11
3833856.0,1.0,1.0,3833856.0,2.90332924729834e-05,2.4449063009039185e-05,3833856.0,9.939043222699044e-13,6.964906264846517e-11
3846144.0,1.0,1.0,3846144.0,7.42082314294142e-06,2.2533066779336268e-05,3846144.0,1.1473480551868389e-15,6.095527252798332e-11
3858432.0,1.0,1.0,3858432.0,4.496943195893739e-06,2.2300181323468376e-05,3858432.0,5.48399962478167e-09,6.079260992612192e-10
3870720.0,1.0,1.0,3870720.0,8.091537893051282e-06,2.2465755804053816e-05,3870720.0,2.936391906536995e-13,6.079514367976502e-10
3883008.0,1.0,1.0,3883008.0,1.4053512131795287e-05,2.1617555709478135e-05,3883008.0,7.507514980057788e-11,6.15044650082905e-10
3895296.0,1.0,1.0,3895296.0,9.291950846090913e-06,1.900023125926964e-05,3895296.0,1.647182020410772e-10,6.31505564398552e-10
3907584.0,1.0,1.0,3907584.0,5.690879333997145e-06,1.434464029443916e-05,3907584.0,1.1732923660412453e-12,6.30555158614387e-10
3919872.0,1.0,1.0,3919872.0,1.0868515043208996e-05,1.3538982117703804e-05,3919872.0,3.252619932651394e-11,6.130230268495049e-10
3932160.0,1.0,1.0,3932160.0,6.579777012423922e-06,1.0500474309083074e-05,3932160.0,1.1553775604791991e-14,6.129974057872037e-10
3944448.0,1.0,1.0,3944448.0,2.118564680131385e-06,9.764579575251749e-06,3944448.0,3.2161273009891832e-18,5.758792716168592e-10
3956736.0,1.0,1.0,3956736.0,1.4919435974055281e-05,8.353193925358935e-06,3956736.0,1.262885240899241e-14,5.75781144069873e-10
3969024.0,1.0,1.0,3969024.0,4.244990729299995e-06,8.035610683994794e-06,3969024.0,4.999967847159799e-09,1.0757778140510473e-09
3981312.0,1.0,1.0,3981312.0,1.0475678815661619e-05,8.633484245971584e-06,3981312.0,2.2570169113296976e-12,5.276035532640134e-10
3993600.0,1.0,1.0,3993600.0,3.2101203638982647e-06,8.145342493056282e-06,3993600.0,5.667206432145392e-13,5.276308614092694e-10
4005888.0,1.0,1.0,4005888.0,6.172199694750209e-06,7.357211249351774e-06,4005888.0,1.4340186445712297e-10,5.34463532874924e-10
4018176.0,1.0,1.0,4018176.0,1.4593376060171674e-06,6.573949925344398e-06,4018176.0,2.8159509591017356e-13,5.180198721804072e-10
4030464.0,1.0,1.0,4030464.0,1.1980049748672172e-05,7.202866966811902e-06,4030464.0,3.58483542691491e-16,5.179025787921574e-10
4042752.0,1.0,1.0,4042752.0,4.816962852297972e-06,6.597711747720799e-06,4042752.0,5.061140422398911e-19,5.146499589101174e-10
4055040.0,1.0,1.0,4055040.0,3.369828482391313e-05,9.30956252886972e-06,4055040.0,8.80687757240604e-14,5.146576104101293e-10
4067328.0,1.0,1.0,4067328.0,5.340941910011073e-05,1.4438647970867654e-05,4067328.0,6.323117955157424e-12,5.152899218840324e-10
4079616.0,1.0,1.0,4079616.0,1.7176389519590884e-05,1.4664343325421214e-05,4079616.0,8.17565777809041e-14,5.152968346565695e-10
4091904.0,1.0,1.0,4091904.0,1.2476836369993785e-05,1.5487527889490593e-05,4091904.0,1.3544332470398027e-08,1.3697332969803925e-09
4104192.0,1.0,1.0,4104192.0,2.2470109494558226e-05,1.6686970957380252e-05,4104192.0,9.665032663086492e-12,1.370474098555568e-09
4116480.0,1.0,1.0,4116480.0,7.99223744252231e-06,1.7165182665242655e-05,4116480.0,2.1745842973541762e-14,1.370419601075544e-09
4128768.0,1.0,1.0,4128768.0,1.746676571201533e-05,1.8294639266969172e-05,4128768.0,4.5726163758849595e-18,1.3560794150870933e-09
4141056.0,1.0,1.0,4141056.0,1.315447298111394e-05,1.946415280447885e-05,4141056.0,4.5239197017702213e-20,1.356051255582026e-09
4153344.0,1.0,1.0,4153344.0,1.7026092488473903e-05,1.9968757078459022e-05,4153344.0,2.4350539362671952e-09,1.5995566133603913e-09
4165632.0,1.0,1.0,4165632.0,1.5893679422636826e-05,2.1076428735492908e-05,4165632.0,8.509854857822555e-12,1.6004075987955625e-09
4177920.0,1.0,1.0,4177920.0,2.1814414746283244e-05,1.988804172772992e-05,4177920.0,2.4565780544031728e-14,1.6004012484960446e-09
4190208.0,1.0,1.0,4190208.0,1.5338303152627002e-05,1.6080930132981543e-05,4190208.0,2.5313688182630284e-10,1.625082624883159e-09
4202496.0,1.0,1.0,4202496.0,5.4319321255510054e-05,1.979522330657346e-05,4202496.0,6.7509146421211126e-12,1.625749540689593e-09
4214784.0,1.0,1.0,4214784.0,2.8336381850143273e-05,2.138117785458841e-05,4214784.0,4.1418732333217023e-16,2.7131633506852246e-10
4227072.0,1.0,1.0,4227072.0,1.0036925838600534e-06,1.9234536163518594e-05,4227072.0,5.153017440986707e-19,2.70349831853744e-10
4239360.0,1.0,1.0,4239360.0,3.1375253456644714e-05,2.1572837764930832e-05,4239360.0,3.160862386645628e-09,5.864338959340094e-10
4251648.0,1.0,1.0,4251648.0,7.550863908060516e-06,2.0581247584535354e-05,4251648.0,1.207984268170037e-10,5.985137381584483e-10
4263936.0,1.0,1.0,4263936.0,1.4137214748188853e-05,2.0679521761242843e-05,4263936.0,1.6487102843266524e-13,5.985302252567675e-10
4276224.0,1.0,1.0,4276224.0,1.867659981750573e-05,2.0844572494146025e-05,4276224.0,2.6880826268597484e-11,3.577129142569077e-10
4288512.0,1.0,1.0,4288512.0,4.692573384090792e-06,1.972446189029142e-05,4288512.0,9.176372254652657e-10,4.48625651317652e-10
4300800.0,1.0,1.0,4300800.0,1.1991637620667461e-06,1.7662936791869772e-05,4300800.0,1.8711972075979855e-12,4.488103144603575e-10
4313088.0,1.0,1.0,4313088.0,7.041566277621314e-06,1.6833263104369207e-05,4313088.0,2.5101420462952822e-15,4.234968772919318e-10
4325376.0,1.0,1.0,4325376.0,7.314002383888389e-06,1.2132731217207039e-05,4325376.0,4.776494015127734e-11,4.275982798428475e-10
4337664.0,1.0,1.0,4337664.0,4.0707955122343265e-06,9.706172583416144e-06,4337664.0,2.136925303375392e-09,6.412907687616543e-10
4349952.0,1.0,1.0,4349952.0,1.090338507007497e-05,1.0696141832037636e-05,4349952.0,3.108380451181484e-12,6.416016067552423e-10
4362240.0,1.0,1.0,4362240.0,1.491201752893782e-06,7.707736661662542e-06,4362240.0,3.0537202396393087e-10,3.5605257048707253e-10
4374528.0,1.0,1.0,4374528.0,3.597043663224516e-06,7.312354637178942e-06,4374528.0,4.4926099877310815e-13,3.4401765390524953e-10
4386816.0,1.0,1.0,4386816.0,1.354576549298751e-06,6.034090817289932e-06,4386816.0,4.503758255225421e-09,7.943769923249482e-10
4399104.0,1.0,1.0,4399104.0,3.031773909848804e-06,4.469608226524238e-06,4399104.0,4.676262270926952e-12,7.921565359251813e-10
4411392.0,1.0,1.0,4411392.0,8.318819292677897e-08,4.008669707407838e-06,4411392.0,6.06525169895925e-15,7.003934199038246e-10
4423680.0,1.0,1.0,4423680.0,3.137877987076839e-06,4.202541129908847e-06,4423680.0,9.067041636020198e-09,1.6069104637850846e-09
4435968.0,1.0,1.0,4435968.0,1.6809975932119414e-05,5.1793820953586565e-06,4435968.0,2.969760548587885e-11,1.609879973319468e-09
4448256.0,1.0,1.0,4448256.0,4.026523129141424e-06,4.8506341698839606e-06,4448256.0,3.7237353941084925e-09,1.977477018715189e-09
4460544.0,1.0,1.0,4460544.0,8.777628105841966e-08,4.45233224676637e-06,4460544.0,4.652776428026861e-12,1.7642497660204527e-09
4472832.0,1.0,1.0,4472832.0,6.241196388145909e-06,3.986113378573463e-06,4472832.0,1.8587828860469873e-15,1.7639391138536235e-09
4485120.0,1.0,1.0,4485120.0,1.3174529461442337e-06,3.968738497898509e-06,4485120.0,1.98886995761427e-09,1.932288907218657e-09
4497408.0,1.0,1.0,4497408.0,5.368850300631796e-06,4.145919161639237e-06,4497408.0,2.7768504726535803e-13,1.9322717496235064e-09
4509696.0,1.0,1.0,4509696.0,4.776585077100511e-07,4.058227357480367e-06,4509696.0,5.891791774511462e-15,1.4818965132801417e-09
4521984.0,1.0,1.0,4521984.0,1.7013549950206652e-05,5.456404961516152e-06,4521984.0,4.193316989938486e-11,1.4856222040429877e-09
4534272.0,1.0,1.0,4534272.0,2.089527455003311e-05,7.537613597226784e-06,4534272.0,4.283241317182274e-09,1.913945729236045e-09
4546560.0,1.0,1.0,4546560.0,3.945388622620764e-06,7.618364660781178e-06,4546560.0,1.0320027240181181e-11,1.0082735683580434e-09
4558848.0,1.0,1.0,4558848.0,3.22439955198206e-05,9.161766619551295e-06,4558848.0,1.4153382965042168e-14,1.0053052231477522e-09
4571136.0,1.0,1.0,4571136.0,3.243558239773847e-06,9.083470130614537e-06,4571136.0,1.889103612710777e-17,6.329316856260062e-10
4583424.0,1.0,1.0,4583424.0,1.5722022605283807e-06,9.231912728561535e-06,4583424.0,4.1610507632109755e-10,6.740769156153134e-10
4595712.0,1.0,1.0,4595712.0,3.062932955799624e-05,1.1670726045546569e-05,4595712.0,2.6160464853403065e-13,6.741028902018783e-10
4608000.0,1.0,1.0,4608000.0,6.410430917943207e-07,1.1603085060111575e-05,4608000.0,1.0462335442440462e-09,5.798392488648558e-10
4620288.0,1.0,1.0,4620288.0,1.0043821021099575e-05,1.2070582132158353e-05,4620288.0,3.553230857692805e-11,5.833647112178221e-10
4632576.0,1.0,1.0,4632576.0,5.88248864611766e-06,1.2611065145999115e-05,4632576.0,2.2039173726747425e-11,5.855680394113194e-10
4644864.0,1.0,1.0,4644864.0,5.8109841726642726e-06,1.1490808568244879e-05,4644864.0,2.6429004564993326e-14,5.813773653218374e-10
4657152.0,1.0,1.0,4657152.0,6.7763357947114855e-06,1.0078914692712715e-05,4657152.0,6.7213663580479665e-18,1.530532342757467e-10
4669440.0,1.0,1.0,4669440.0,7.76128577702669e-08,9.692137116227665e-06,4669440.0,9.472481874083785e-23,1.5202123155173808e-10
4681728.0,1.0,1.0,4681728.0,1.4245301827031653e-08,6.469162094428309e-06,4681728.0,4.537833812416163e-09,6.058031974550578e-10
4694016.0,1.0,1.0,4694016.0,4.810403879673686e-06,6.625846658418293e-06,4694016.0,3.509298176126071e-12,6.061541253835668e-10
4706304.0,1.0,1.0,4706304.0,9.67409626658385e-06,7.436036059023839e-06,4706304.0,8.695062447827695e-09,1.4340498625342266e-09
4718592.0,1.0,1.0,4718592.0,9.353045745304675e-09,4.374038407798745e-06,4718592.0,3.9495032244651895e-11,1.4379732052938384e-09
4730880.0,1.0,1.0,4730880.0,1.840954306923474e-06,4.49402952931166e-06,4730880.0,4.56325515568734e-14,1.3333544141245895e-09
4743168.0,1.0,1.0,4743168.0,7.448044403446374e-10,3.4897219076457374e-06,4743168.0,2.854328978679581e-17,1.3298011861212254e-09
4755456.0,1.0,1.0,4755456.0,1.5733937175355095e-07,2.917206980209327e-06,4755456.0,1.1037553435319038e-20,1.3275972687496548e-09
4767744.0,1.0,1.0,4767744.0,2.090095134003415e-10,2.336129463894239e-06,4767744.0,2.078215679561616e-20,1.3275946258512764e-09
4780032.0,1.0,1.0,4780032.0,2.0483862499531824e-06,1.8633345094184094e-06,4780032.0,3.383486083900304e-10,1.3614294860181427e-09
4792320.0,1.0,1.0,4792320.0,8.338475746919964e-08,1.8639116993883026e-06,4792320.0,4.832411507986004e-10,1.4097536010979933e-09
4804608.0,1.0,1.0,4804608.0,8.139747175543258e-07,1.9438846409610325e-06,4804608.0,1.9589785812031597e-11,9.579291984375803e-10
4816896.0,1.0,1.0,4816896.0,9.910883225217049e-10,1.4629433618259154e-06,4816896.0,7.39019262452345e-11,9.64968461244491e-10
4829184.0,1.0,1.0,4829184.0,2.2917693816755977e-07,5.184514289842864e-07,4829184.0,2.2937321868797024e-15,9.546244583494022e-11
4841472.0,1.0,1.0,4841472.0,4.0486088555743055e-10,5.175566104983116e-07,4841472.0,2.584095645887108e-16,9.151296845143146e-11
4853760.0,1.0,1.0,4853760.0,9.209805284626782e-06,1.2544417082686423e-06,4853760.0,1.4208173774033063e-19,9.150840521048395e-11
4866048.0,1.0,1.0,4866048.0,9.131437764153816e-06,2.1675110042399895e-06,4866048.0,6.203540104931608e-14,9.15146058962599e-11
4878336.0,1.0,1.0,4878336.0,2.7092564778286032e-06,2.422702714847495e-06,4878336.0,8.342082811566934e-13,9.159802672327182e-11
4890624.0,1.0,1.0,4890624.0,3.143581125186756e-05,5.566262939082911e-06,4890624.0,7.569063894171298e-10,1.672886656629066e-10
4902912.0,1.0,1.0,4902912.0,3.339652702531263e-08,5.364763966790124e-06,4902912.0,4.794926753102594e-13,1.3350175409143458e-10
4915200.0,1.0,1.0,4915200.0,1.0479691781029032e-08,5.357473460221307e-06,4915200.0,1.8362193247393557e-10,1.0353983225896809e-10
4927488.0,1.0,1.0,4927488.0,1.14986736055774e-05,6.425943349023614e-06,4927488.0,1.1041737186037737e-13,1.0159189541495098e-10
4939776.0,1.0,1.0,4939776.0,1.0986736261505333e-08,6.426942913817512e-06,4939776.0,9.768303349743785e-17,9.420171255873086e-11
4952064.0,1.0,1.0,4952064.0,7.533115422120318e-06,7.157336762212789e-06,4952064.0,3.800389645190328e-19,9.420148322351608e-11
4964352.0,1.0,1.0,4964352.0,7.830417416698765e-07,7.23560045029122e-06,4964352.0,9.010720466070174e-09,9.95273503989577e-10
4976640.0,1.0,1.0,4976640.0,1.041889019504083e-09,6.3147241107304925e-06,4976640.0,1.1449261538842848e-09,1.1097661193637973e-09
4988928.0,1.0,1.0,4988928.0,1.2722133820956365e-12,5.401580461536448e-06,4988928.0,3.988301876256539e-12,1.110158746011318e-09
5001216.0,1.0,1.0,5001216.0,2.1509622456505895e-06,5.345751038318647e-06,5001216.0,2.324423928797466e-13,1.1100985694224904e-09
5013504.0,1.0,1.0,5013504.0,1.9393743665811294e-06,2.396107349790005e-06,5013504.0,4.560202678434896e-11,1.0389681331592122e-09
5025792.0,1.0,1.0,5025792.0,2.267343646167319e-09,2.3929944314520903e-06,5025792.0,4.2316062943912234e-14,1.0389244154979756e-09
5038080.0,1.0,1.0,5038080.0,8.021785106393509e-06,3.194124972913338e-06,5038080.0,8.961968570953081e-17,1.0205622312125507e-09
5050368.0,1.0,1.0,5050368.0,4.883480642092763e-07,2.0930924187765257e-06,5050368.0,5.789167611726839e-13,1.0206090811514818e-09
5062656.0,1.0,1.0,5062656.0,1.533460173656446e-07,2.1073283468869395e-06,5062656.0,2.333609231778648e-10,1.043945163700965e-09
5074944.0,1.0,1.0,5074944.0,2.975473941309777e-10,1.3540465594143208e-06,5074944.0,5.54445100942047e-11,1.0494896146723816e-09
5087232.0,1.0,1.0,5087232.0,9.966620121796647e-11,1.275752351867455e-06,5087232.0,1.54074975468202e-16,1.4841758347286172e-10
5099520.0,1.0,1.0,5099520.0,4.971799638653351e-10,1.275697880961891e-06,5099520.0,1.283873896085197e-09,1.6231235769295294e-10
5111808.0,1.0,1.0,5111808.0,6.119237784309636e-13,1.2756978149329308e-06,5111808.0,2.276786398303088e-12,1.621412061451576e-10
5124096.0,1.0,1.0,5124096.0,5.236745588869478e-06,1.5842761492548195e-06,5124096.0,3.77867270531911e-15,1.6211833977314016e-10
5136384.0,1.0,1.0,5136384.0,8.8244822412283e-08,1.3991631948379352e-06,5136384.0,1.80954065389279e-14,1.5755994663535914e-10
5148672.0,1.0,1.0,5148672.0,8.693225026945584e-06,2.2682589631678767e-06,5148672.0,6.734580485871315e-11,1.6429029551493607e-10
5160960.0,1.0,1.0,5160960.0,3.1409648120946563e-06,1.7801769337379912e-06,5160960.0,6.561580908244953e-11,1.7085186746121247e-10
5173248.0,1.0,1.0,5173248.0,5.490187807784726e-06,2.2803609080955363e-06,5173248.0,1.529374568068516e-14,1.7079550515966326e-10
5185536.0,1.0,1.0,5185536.0,9.345738362753764e-06,3.199600142634348e-06,5185536.0,2.335672176230052e-15,1.4745964640909441e-10
5197824.0,1.0,1.0,5197824.0,7.513887491465236e-06,3.950959137041459e-06,5197824.0,1.1009147297495285e-10,1.529243426971692e-10
5210112.0,1.0,1.0,5210112.0,1.2462294156042239e-05,5.197178586025561e-06,5210112.0,1.7331636704513245e-13,1.5294165892637622e-10
5222400.0,1.0,1.0,5222400.0,6.391537965555472e-08,5.2035204059947305e-06,5222400.0,6.057327599858567e-17,2.455427537518409e-11
5234688.0,1.0,1.0,5234688.0,1.0778071176294665e-08,5.204598151919981e-06,5234688.0,3.8597560703124145e-09,4.103022037665952e-10
5246976.0,1.0,1.0,5246976.0,6.414858274202592e-10,4.680987741615776e-06,5246976.0,2.897698081483213e-09,7.000716340476461e-10
5259264.0,1.0,1.0,5259264.0,8.128360542517902e-13,4.6721633406581526e-06,5259264.0,3.787479589216029e-12,7.004485724659137e-10
5271552.0,1.0,1.0,5271552.0,2.4238581924388807e-05,6.2266990304024754e-06,5271552.0,4.870028918077124e-15,6.937144789829343e-10
5283840.0,1.0,1.0,5283840.0,4.1313560359412804e-06,6.325738152787137e-06,5283840.0,4.859340707596971e-10,7.357463051506589e-10
5296128.0,1.0,1.0,5296128.0,2.385976131336065e-06,6.015316985142271e-06,5296128.0,1.618654862922675e-12,7.359066412623832e-10
5308416.0,1.0,1.0,5308416.0,1.77671051157328e-05,6.857453660440175e-06,5308416.0,1.5851219064961817e-17,7.359064092802874e-10
5320704.0,1.0,1.0,5320704.0,4.8511461514522125e-09,6.1065500259087965e-06,5320704.0,1.5638948876140965e-14,7.248988258776798e-10
5332992.0,1.0,1.0,5332992.0,4.7584772270662747e-08,4.865079087531639e-06,5332992.0,4.263129405046584e-09,1.1511944347456335e-09
5345280.0,1.0,1.0,5345280.0,1.3008369326901933e-05,6.159524482256277e-06,5345280.0,4.106349519676182e-12,1.1516050636402736e-09
5357568.0,1.0,1.0,5357568.0,2.637755850779892e-08,6.1610844309894275e-06,5357568.0,6.946677572003864e-15,7.656301512767895e-10
5369856.0,1.0,1.0,5369856.0,2.5135185599545196e-11,6.161022795925245e-06,5369856.0,1.3812894531876434e-09,6.139892884472325e-10
5382144.0,1.0,1.0,5382144.0,3.769355907587944e-15,6.161022715018575e-06,5382144.0,5.786503221028028e-12,6.141891908104137e-10
5394432.0,1.0,1.0,5394432.0,1.2466315486148538e-17,3.737164522580942e-06,5394432.0,1.49069430031238e-14,6.141901945018222e-10
5406720.0,1.0,1.0,5406720.0,6.20835514079469e-06,3.944864433066282e-06,5406720.0,1.346213285872901e-17,5.655967887720657e-10
5419008.0,1.0,1.0,5419008.0,6.026751246205701e-09,3.7068694950572963e-06,5419008.0,5.849872438308997e-10,6.239336476688634e-10
5431296.0,1.0,1.0,5431296.0,2.7925392487304634e-07,1.958084375971321e-06,5431296.0,9.068769809180328e-11,6.330024158929218e-10
5443584.0,1.0,1.0,5443584.0,1.3190651348971016e-10,1.9576124520075246e-06,5443584.0,7.42485534047186e-15,6.330015944835682e-10
5455872.0,1.0,1.0,5455872.0,8.77473758009728e-06,2.8303277327901865e-06,5455872.0,9.914862848922276e-15,2.066896454651948e-10
5468160.0,1.0,1.0,5468160.0,1.321603728380675e-05,2.8510945284806685e-06,5468160.0,6.97307720824251e-12,2.0697631823405143e-10
5480448.0,1.0,1.0,5480448.0,1.7035716155078262e-05,4.552028388137715e-06,5480448.0,7.71330879665207e-14,2.069833368750909e-10
5492736.0,1.0,1.0,5492736.0,3.4641279474575035e-09,4.552372287413901e-06,5492736.0,6.486449931642364e-17,6.885439804277647e-11
5505024.0,1.0,1.0,5505024.0,1.1810608047113647e-11,4.55237346809777e-06,5505024.0,2.408318433566592e-09,3.091075910773329e-10
5517312.0,1.0,1.0,5517312.0,1.9150949507699502e-07,4.571524417604223e-06,5517312.0,2.6426560939540877e-10,3.3553266132257343e-10
5529600.0,1.0,1.0,5529600.0,1.132946393530195e-05,5.083635297054948e-06,5529600.0,2.8618564404854957e-13,3.3556127854076504e-10
5541888.0,1.0,1.0,5541888.0,5.282984299507613e-06,5.611331051881089e-06,5541888.0,1.506390569037439e-16,2.7706256922158075e-10
5554176.0,1.0,1.0,5554176.0,9.989914436422016e-08,5.593395573830206e-06,5554176.0,1.032298913017371e-09,3.712236907141375e-10
5566464.0,1.0,1.0,5566464.0,1.8247021216666326e-05,7.41808450484549e-06,5566464.0,1.1134339977791896e-12,3.713342916283813e-10
5578752.0,1.0,1.0,5578752.0,1.890443949529678e-08,6.542501190785293e-06,5578752.0,1.9588066068615636e-15,3.7133349602275714e-10
5591040.0,1.0,1.0,5591040.0,1.6493610019097105e-05,6.870258464314327e-06,5591040.0,1.1424393283239926e-09,4.848801211343322e-10
5603328.0,1.0,1.0,5603328.0,3.843478187566992e-08,5.1705303269940685e-06,5603328.0,2.9920084188006513e-09,7.840732497056008e-10
5615616.0,1.0,1.0,5615616.0,1.6409292887450042e-07,5.1865932070867735e-06,5615616.0,2.19726277103649e-12,7.842929694962543e-10
5627904.0,1.0,1.0,5627904.0,2.2724702120058282e-09,5.186819273047169e-06,5627904.0,5.393402105856084e-15,5.434616654798057e-10
5640192.0,1.0,1.0,5640192.0,1.1054615700843243e-14,5.1676683246449296e-06,5640192.0,1.0559677206719205e-10,5.275947817469841e-10
5652480.0,1.0,1.0,5652480.0,3.076537420080664e-06,4.342375673122801e-06,5652480.0,1.8574257872513062e-11,5.294235889698304e-10
5664768.0,1.0,1.0,5664768.0,4.8174173571169376e-05,8.631494600288977e-06,5664768.0,8.05979744930863e-15,5.294243798856697e-10
5677056.0,1.0,1.0,5677056.0,6.005039949741331e-07,8.681555085349969e-06,5677056.0,3.309760065572497e-17,4.261944918936927e-10
5689344.0,1.0,1.0,5689344.0,2.634039750167479e-05,9.490892713850815e-06,5689344.0,8.505794587184331e-10,5.111410943657581e-10
5701632.0,1.0,1.0,5701632.0,6.136677257018164e-06,1.0102669995603101e-05,5701632.0,3.844399613465536e-10,5.495848946197528e-10
5713920.0,1.0,1.0,5713920.0,3.716296532729757e-07,8.49047195902069e-06,5713920.0,5.480285640800201e-13,4.3539576464376156e-10
5726208.0,1.0,1.0,5726208.0,1.3574966336212432e-08,8.487985977466744e-06,5726208.0,1.0942465009322827e-15,1.361950321883465e-10
5738496.0,1.0,1.0,5738496.0,9.336936879359806e-06,9.405270372515274e-06,5738496.0,1.916199051284669e-10,1.5513729642408954e-10
5750784.0,1.0,1.0,5750784.0,7.612370003092413e-06,1.0166280125803315e-05,5750784.0,2.634504485225786e-13,1.5516310212873123e-10
5763072.0,1.0,1.0,5763072.0,8.660210326638662e-09,1.0167146145730516e-05,5763072.0,2.767111231357187e-16,1.4460345259312433e-10
5775360.0,1.0,1.0,5775360.0,4.752439508592943e-08,9.864244843231043e-06,5775360.0,3.834853915899809e-10,1.810945659648711e-10
5787648.0,1.0,1.0,5787648.0,1.0899076490507772e-05,6.136735135164882e-06,5787648.0,4.8761261695062785e-09,6.68706376935754e-10
5799936.0,1.0,1.0,5799936.0,4.075359659812723e-06,6.484220701648742e-06,5799936.0,1.0455048863692676e-11,6.697518785123632e-10
5812224.0,1.0,1.0,5812224.0,2.5090087850306495e-06,4.101081829984329e-06,5812224.0,1.9629286079960822e-14,5.84695895569128e-10
5824512.0,1.0,1.0,5824512.0,4.203898242849391e-06,3.907803928567451e-06,5824512.0,3.960764309122548e-10,5.858595425256981e-10
5836800.0,1.0,1.0,5836800.0,3.819615557176803e-08,3.87446057879733e-06,5836800.0,2.817965189897779e-12,5.860865361882799e-10
5849088.0,1.0,1.0,5849088.0,1.7650196847777504e-06,4.049605050641484e-06,5849088.0,2.9539635937340125e-15,5.860867221599891e-10
5861376.0,1.0,1.0,5861376.0,2.4269648513097763e-09,3.1161540591906343e-06,5861376.0,5.2074132043481804e-11,5.721321448514907e-10
5873664.0,1.0,1.0,5873664.0,6.810933446862085e-09,2.3555981522260795e-06,5873664.0,2.973273211838434e-13,5.721355325387568e-10
5885952.0,1.0,1.0,5885952.0,2.915784875767713e-07,2.3838899799510926e-06,5885952.0,5.933133984115102e-10,6.314668447087954e-10
5898240.0,1.0,1.0,5898240.0,7.389765836289067e-10,2.3792114381008628e-06,5898240.0,1.2583226922819693e-13,5.931308887767202e-10
5910528.0,1.0,1.0,5910528.0,1.0038187610916793e-05,2.2931225501417645e-06,5910528.0,4.4121741522847583e-16,1.0551831594783383e-10
5922816.0,1.0,1.0,5922816.0,4.73786432308998e-09,1.8860603705928014e-06,5922816.0,6.517321404775345e-11,1.109901324662399e-10
5935104.0,1.0,1.0,5935104.0,2.4993485290651187e-12,1.6351597420245897e-06,5935104.0,6.368976255676645e-14,1.1099453851388759e-10
5947392.0,1.0,1.0,5947392.0,1.6824340992637257e-14,1.2147699194220842e-06,5947392.0,1.922293435541178e-10,9.060982977807388e-11
5959680.0,1.0,1.0,5959680.0,4.883406536789761e-19,1.2109503038649563e-06,5959680.0,1.644390461470746e-13,9.034447716369881e-11
5971968.0,1.0,1.0,5971968.0,2.202943529942102e-20,1.0344483353871835e-06,5971968.0,2.4735675024460207e-13,9.036891744236388e-11
5984256.0,1.0,1.0,5984256.0,2.4020196622937385e-24,1.0342056389020527e-06,5984256.0,8.85930865705357e-11,9.402081289506928e-11
5996544.0,1.0,1.0,5996544.0,3.2487067014038013e-26,1.0335245455573664e-06,5996544.0,2.2243019691016674e-14,9.399330446492e-11
6008832.0,1.0,1.0,6008832.0,2.0461951632513143e-32,1.004366696799689e-06,6008832.0,4.440765088986609e-09,4.787384735224299e-10
6021120.0,1.0,1.0,6021120.0,9.086561476578936e-07,1.0951584139071157e-06,6021120.0,1.4477834440566422e-12,4.788706686399127e-10
6033408.0,1.0,1.0,6033408.0,4.5150553281321965e-07,1.3649020609675835e-07,6033408.0,6.362287548652053e-11,4.852329120668233e-10
6045696.0,1.0,1.0,6045696.0,4.376506694825366e-06,5.736670891469859e-07,6045696.0,3.175790432135191e-13,4.787473485663692e-10
6057984.0,1.0,1.0,6057984.0,9.688985376972899e-08,5.83355824589106e-07,6057984.0,3.4285677301975427e-16,4.787410138757908e-10
6070272.0,1.0,1.0,6070272.0,1.0482351626706077e-06,6.881793391737326e-07,6070272.0,1.1524081688918386e-09,5.74758896409563e-10
6082560.0,1.0,1.0,6082560.0,3.5701936222191457e-09,6.885363585359057e-07,6082560.0,1.7740029352915816e-11,5.765164554402398e-10
6094848.0,1.0,1.0,6094848.0,1.621467996907692e-07,7.047510385049805e-07,6094848.0,9.6835878436267e-14,5.76501403353059e-10
6107136.0,1.0,1.0,6107136.0,2.2565099546530593e-05,2.9612609931580396e-06,6107136.0,5.7898417541816606e-11,5.734319364501872e-10
6119424.0,1.0,1.0,6119424.0,1.9175119329399118e-07,2.980436112487439e-06,6119424.0,5.860801658800578e-11,5.792905138070187e-10
6131712.0,1.0,1.0,6131712.0,2.125463138824557e-10,2.9804573671188274e-06,6131712.0,4.654130090579282e-13,1.3526054620926348e-10
6144000.0,1.0,1.0,6144000.0,1.621829142095521e-05,4.511420894448559e-06,6144000.0,5.275292961068207e-16,1.3511582061778743e-10
6156288.0,1.0,1.0,6156288.0,1.4539905047665039e-05,5.920260845933741e-06,6156288.0,3.2049587231815685e-13,1.287855826563672e-10
6168576.0,1.0,1.0,6168576.0,6.216133139484252e-06,6.1042234903996295e-06,6168576.0,5.0972966588365885e-11,1.338511214108824e-10
6180864.0,1.0,1.0,6180864.0,1.5379944670712575e-05,7.632528972093913e-06,6180864.0,2.4981211543817494e-11,1.3634920827958685e-10
6193152.0,1.0,1.0,6193152.0,2.386593678238569e-06,7.76636482365071e-06,6193152.0,1.627543137298441e-09,1.838627051202471e-10
6205440.0,1.0,1.0,6205440.0,1.2826235130584488e-05,9.048631317346938e-06,6205440.0,4.640710848010284e-12,1.8255277326975655e-10
6217728.0,1.0,1.0,6217728.0,2.269861336875086e-05,1.1302277974252946e-05,6217728.0,4.3442369204264403e-13,1.825865320511172e-10
6230016.0,1.0,1.0,6230016.0,8.112818856413165e-06,9.857049905241202e-06,6230016.0,3.8392975356251e-16,1.7679672868991087e-10
6242304.0,1.0,1.0,6242304.0,2.2405719694991905e-05,1.2078446755410995e-05,6242304.0,9.560712062838634e-20,1.7093592704067104e-10
6254592.0,1.0,1.0,6254592.0,4.927190214705964e-05,1.700561571548557e-05,6254592.0,5.299054528506986e-10,2.238799310248351e-10
6266880.0,1.0,1.0,6266880.0,1.0513628997917598e-05,1.643514947318181e-05,6266880.0,1.5455855854421923e-09,3.784384368161247e-10
6279168.0,1.0,1.0,6279168.0,6.3864705831899e-06,1.5619806026734297e-05,6279168.0,3.913977290418795e-09,7.698041162707723e-10
6291456.0,1.0,1.0,6291456.0,9.787830398029959e-06,1.5976975752588866e-05,6291456.0,1.6182061246539092e-10,7.80888880858475e-10
6303744.0,1.0,1.0,6303744.0,3.049328673417525e-06,1.4743914152859363e-05,6303744.0,1.4430085815489435e-13,7.784051897899086e-10
6316032.0,1.0,1.0,6316032.0,3.777542345536252e-05,1.828279713057176e-05,6316032.0,9.602692306106311e-18,6.156508770203338e-10
6328320.0,1.0,1.0,6328320.0,1.947472143607835e-05,1.8947645761121144e-05,6328320.0,2.4182315015258057e-19,6.15186805959715e-10
6340608.0,1.0,1.0,6340608.0,5.604126878703634e-05,2.228191130294969e-05,6340608.0,2.2290232622642256e-10,6.37433596213153e-10
6352896.0,1.0,1.0,6352896.0,2.1025050955358893e-05,2.3573134512844263e-05,6352896.0,8.312671731514065e-12,6.382648249933291e-10
6365184.0,1.0,1.0,6365184.0,6.8127495372512685e-06,2.2013837497070203e-05,6365184.0,4.1475960397644824e-12,6.386795845877448e-10
6377472.0,1.0,1.0,6377472.0,2.590602283210804e-05,1.967724956557504e-05,6377472.0,5.6497297581022586e-11,5.913387690607772e-10
6389760.0,1.0,1.0,6389760.0,1.916647549175347e-05,2.0542534214958624e-05,6389760.0,2.5804906171947306e-13,4.368060154227299e-10
6402048.0,1.0,1.0,6402048.0,2.51802733449343e-06,2.0155689890088978e-05,6402048.0,7.843385684068919e-17,4.5408294224236126e-11
6414336.0,1.0,1.0,6414336.0,8.736218660487793e-06,2.005052871633476e-05,6414336.0,1.4398641588184584e-19,2.922623299209568e-11
6426624.0,1.0,1.0,6426624.0,8.045413172415769e-06,2.0550137166234586e-05,6426624.0,2.4589670366888095e-22,2.9211802906304776e-11
6438912.0,1.0,1.0,6438912.0,9.135199434240349e-06,1.7686114764122372e-05,6438912.0,3.0605601386568537e-10,5.981740333260408e-11
6451200.0,1.0,1.0,6451200.0,5.9474714362295344e-06,1.6333389764137487e-05,6451200.0,4.7059361615864326e-12,6.028799692458042e-11
6463488.0,1.0,1.0,6463488.0,4.28562731637309e-05,1.5014890201806943e-05,6463488.0,8.375343936902387e-11,4.637310823884054e-11
6475776.0,1.0,1.0,6475776.0,8.709046596777625e-06,1.3783289765948817e-05,6475776.0,2.362540863174815e-13,4.556546647432089e-11
6488064.0,1.0,1.0,6488064.0,4.941980781344076e-06,1.35962128903581e-05,6488064.0,3.561434024164642e-16,4.515074248468468e-11
6500352.0,1.0,1.0,6500352.0,1.2973553869718065e-05,1.23029659941191e-05,6500352.0,5.370365695448197e-19,3.950101278028608e-11
6512640.0,1.0,1.0,6512640.0,2.1052144196194906e-05,1.2491532864563246e-05,6512640.0,4.249874657125594e-22,3.947520787415663e-11
6524928.0,1.0,1.0,6524928.0,2.03779700314044e-06,1.2443509831427946e-05,6524928.0,7.427786382912948e-23,3.9475200030778373e-11
6537216.0,1.0,1.0,6537216.0,3.893206788537403e-05,1.546309475391657e-05,6537216.0,8.53407122747285e-09,8.928823227636647e-10
6549504.0,1.0,1.0,6549504.0,3.3213758191171414e-06,1.4990691018586707e-05,6549504.0,5.561865412673228e-10,9.485009768903725e-10
6561792.0,1.0,1.0,6561792.0,1.5374975191662088e-05,1.561466859432888e-05,6561792.0,3.6197401413057273e-13,9.17931572905217e-10
6574080.0,1.0,1.0,6574080.0,7.021918766743814e-06,1.5722113327380306e-05,6574080.0,1.256493473810397e-15,9.174611049384057e-10
6586368.0,1.0,1.0,6586368.0,8.8717024482321e-06,1.2323656255830428e-05,6586368.0,2.739721967437017e-19,9.090857610289004e-10
6598656.0,1.0,1.0,6598656.0,5.217926930830193e-06,1.1974544289235686e-05,6598656.0,1.6689456686927488e-21,9.090621356204357e-10
6610944.0,1.0,1.0,6610944.0,6.804334892270465e-06,1.2160779700328323e-05,6610944.0,3.629022591744458e-24,9.090621000060958e-10
6623232.0,1.0,1.0,6623232.0,1.6942030924838036e-05,1.2557627405840321e-05,6623232.0,1.242544669789726e-18,9.090621000766466e-10
6635520.0,1.0,1.0,6635520.0,1.9058123143622652e-05,1.2358225300583097e-05,6635520.0,4.920493346105559e-09,1.4011114346871599e-09
6647808.0,1.0,1.0,6647808.0,1.2241049262229353e-05,1.3378550526491986e-05,6647808.0,2.6225390493498737e-12,1.4013736885920875e-09
6660096.0,1.0,1.0,6660096.0,6.046882845112123e-06,1.0090032022465796e-05,6660096.0,7.814371346907592e-15,5.479673472819372e-10
6672384.0,1.0,1.0,6672384.0,1.1266893125139177e-05,1.0884583753068e-05,6672384.0,1.1709798156057208e-17,4.923486943261847e-10
6684672.0,1.0,1.0,6684672.0,1.5647766607192654e-05,1.0911862894621056e-05,6684672.0,9.894693559151926e-21,4.923124969257611e-10
6696960.0,1.0,1.0,6696960.0,2.8775214256408315e-05,1.3087192443587506e-05,6696960.0,2.2495313241834335e-23,4.92312371276416e-10
6709248.0,1.0,1.0,6709248.0,3.949788515456021e-05,1.614981071422032e-05,6709248.0,1.0689467058899103e-23,4.923123712490198e-10
6721536.0,1.0,1.0,6721536.0,3.592614181494961e-05,1.9220632202632258e-05,6721536.0,7.842087867970804e-09,1.2765211580459333e-09
6733824.0,1.0,1.0,6733824.0,1.934065585373901e-05,2.047426429877911e-05,6733824.0,7.51288094236191e-12,1.2772724461401693e-09
6746112.0,1.0,1.0,6746112.0,2.975798755263289e-06,1.907764108182164e-05,6746112.0,5.4789370739979915e-14,1.2772779249529888e-09
6758400.0,1.0,1.0,6758400.0,2.0532837273397792e-05,1.9225112494799158e-05,6758400.0,1.6458704256706204e-16,7.852286068011373e-10
6770688.0,1.0,1.0,6770688.0,2.6872231198164325e-05,2.068823068839265e-05,6770688.0,2.0225348351917567e-19,7.849663529164275e-10
6782976.0,1.0,1.0,6782976.0,9.758437954587862e-06,2.105938619934022e-05,6782976.0,5.062158546562173e-22,7.849655714793436e-10
6795264.0,1.0,1.0,6795264.0,1.5917070413706824e-05,2.1524403928196988e-05,6795264.0,1.9525041044861898e-24,7.849655703083637e-10
6807552.0,1.0,1.0,6807552.0,6.194512631433706e-06,2.0579078530621094e-05,6807552.0,9.205057709452645e-15,7.849664908131451e-10
6819840.0,1.0,1.0,6819840.0,1.577047078171745e-05,1.9278604183152006e-05,6819840.0,3.085960524155477e-09,1.0935625432286907e-09
6832128.0,1.0,1.0,6832128.0,2.3274604852000873e-05,1.7656276152896074e-05,6832128.0,3.178667398739954e-12,1.0938804099685637e-09
6844416.0,1.0,1.0,6844416.0,2.694123638017724e-05,1.6757785609418836e-05,6844416.0,9.800112472114578e-15,3.0967260318273046e-10
6856704.0,1.0,1.0,6856704.0,2.323621174582513e-06,1.5056082141503188e-05,6856704.0,1.1279119401232831e-17,3.089213162164062e-10
6868992.0,1.0,1.0,6868992.0,3.6346518754726276e-06,1.5121967453524122e-05,6868992.0,4.165473961870342e-21,3.089158372797487e-10
6881280.0,1.0,1.0,6881280.0,1.617615392509227e-05,1.468629911869357e-05,6881280.0,6.1124739987014456e-24,3.089158208210451e-10
6893568.0,1.0,1.0,6893568.0,1.5195966019139936e-05,1.3518672600791128e-05,6893568.0,1.862197674639204e-23,3.089158208008216e-10
6905856.0,1.0,1.0,6905856.0,3.5778927364541837e-06,1.2900618078977763e-05,6905856.0,2.5339934002962156e-08,2.8429092210969866e-09
6918144.0,1.0,1.0,6918144.0,2.2446285584010184e-05,1.3553539596008096e-05,6918144.0,1.0984777902104763e-10,2.853893998999091e-09
6930432.0,1.0,1.0,6930432.0,2.9157968432021637e-05,1.5849885176066895e-05,6930432.0,6.797268188122688e-13,2.853961051175202e-09
6942720.0,1.0,1.0,6942720.0,7.980206646607257e-06,1.5070858762555871e-05,6942720.0,3.1546944497794417e-16,2.545365030306598e-09
6955008.0,1.0,1.0,6955008.0,8.159320714185014e-06,1.3559330348774284e-05,6955008.0,4.376558854278253e-19,2.5450471636104897e-09
6967296.0,1.0,1.0,6967296.0,1.9123337551718578e-05,1.277754046592842e-05,6967296.0,1.900679563358817e-21,2.5450461835994326e-09
6979584.0,1.0,1.0,6979584.0,6.401198030895708e-07,1.2609190328779124e-05,6979584.0,1.931185927383497e-24,2.5450461824715213e-09
6991872.0,1.0,1.0,6991872.0,5.818363206344657e-06,1.2827561461866326e-05,6991872.0,2.416942333482534e-14,2.5450485994134384e-09
7004160.0,1.0,1.0,7004160.0,2.984448898738871e-05,1.4194394968095973e-05,7004160.0,4.804597830698754e-10,2.593094577720425e-09
7016448.0,1.0,1.0,7016448.0,4.900422027276363e-06,1.3164840568909614e-05,7016448.0,3.168353727526589e-10,2.6247781149956892e-09
7028736.0,1.0,1.0,7028736.0,5.642089187555636e-06,1.3371260214019761e-05,7028736.0,3.0612957915149286e-13,9.081532765738838e-11
7041024.0,1.0,1.0,7041024.0,1.1938650762507072e-05,1.2320496731869449e-05,7041024.0,3.7784382183648785e-16,7.983058753966582e-11
7053312.0,1.0,1.0,7053312.0,5.889951959640409e-06,9.993695084631328e-06,7053312.0,4.240046480519919e-19,7.976261490018504e-11
7065600.0,1.0,1.0,7065600.0,3.961735274060629e-06,9.591847947376665e-06,7065600.0,4.544369938343295e-22,7.9762583353286e-11
7077888.0,1.0,1.0,7077888.0,1.0910106842250874e-05,9.86692656018325e-06,7077888.0,2.0015831912427445e-17,7.97625853111036e-11
7090176.0,1.0,1.0,7090176.0,7.75030093791429e-06,8.72962289880282e-06,7090176.0,4.363008324996069e-09,5.160634178105204e-10
7102464.0,1.0,1.0,7102464.0,1.835402266200011e-05,1.0501013184693876e-05,7102464.0,8.825618476778393e-12,5.16945979658198e-10
7114752.0,1.0,1.0,7114752.0,3.9995436964090914e-05,1.39187205604685e-05,7114752.0,1.0703941436910707e-09,6.239829770849717e-10
7127040.0,1.0,1.0,7127040.0,8.786717444309033e-06,1.1812943406160532e-05,7127040.0,1.2439360883946076e-12,5.760613923868236e-10
7139328.0,1.0,1.0,7139328.0,1.0643626107291007e-05,1.2387263814161997e-05,7139328.0,2.49469308295639e-16,5.443778800584886e-10
7151616.0,1.0,1.0,7151616.0,3.01291549931193e-07,1.1853184050399553e-05,7151616.0,1.6724673815342286e-18,5.443472672678202e-10
7163904.0,1.0,1.0,7163904.0,1.074510146281682e-05,1.1733829120430528e-05,7163904.0,4.640453078795986e-21,5.44347229483902e-10
7176192.0,1.0,1.0,7176192.0,3.993151646379071e-07,1.1184765440930278e-05,7176192.0,1.19865317671497e-09,6.642125471129985e-10
7188480.0,1.0,1.0,7188480.0,1.631254235689994e-06,1.0951717337093213e-05,7188480.0,1.705781812096537e-10,6.812703652339184e-10
7200768.0,1.0,1.0,7200768.0,5.80898752862898e-06,1.0441605405731023e-05,7200768.0,4.781471442741325e-13,6.813181779467626e-10
7213056.0,1.0,1.0,7213056.0,8.996544541635862e-06,1.056622976610318e-05,7213056.0,6.68635054730989e-12,2.4568598050188676e-10
7225344.0,1.0,1.0,7225344.0,1.019719775285921e-06,8.832799477431762e-06,7225344.0,8.557678581970022e-13,2.4488899544002864e-10
7237632.0,1.0,1.0,7237632.0,5.631629392155446e-06,5.396418720238216e-06,7237632.0,1.1406320721202175e-15,1.3784969513412876e-10
7249920.0,1.0,1.0,7249920.0,2.0406287622639258e-08,4.519787604569577e-06,7249920.0,1.218318204009273e-18,1.3772530164712112e-10
7262208.0,1.0,1.0,7262208.0,6.420822804405664e-06,4.097507274281043e-06,7262208.0,3.4428051187845063e-18,1.3772527704447079e-10
7274496.0,1.0,1.0,7274496.0,2.1048792338736652e-10,4.067399168080263e-06,7274496.0,7.389893141862558e-10,2.116242082958496e-10
7286784.0,1.0,1.0,7286784.0,4.535974464185226e-06,3.4464864682171026e-06,7286784.0,1.810253047000258e-12,2.1180523360008557e-10
7299072.0,1.0,1.0,7299072.0,7.872467297905436e-06,4.193801681543856e-06,7299072.0,7.0322290290538115e-15,9.194061915149152e-11
7311360.0,1.0,1.0,7311360.0,3.652832939830356e-08,4.034329090914686e-06,7311360.0,7.227504705831223e-11,8.211030573635737e-11
7323648.0,1.0,1.0,7323648.0,1.9288114951147386e-06,3.6463114875632612e-06,7323648.0,2.2805587352019614e-14,8.206477158066517e-11
7335936.0,1.0,1.0,7335936.0,1.5434148773844452e-09,2.7468113748874145e-06,7335936.0,7.29037154885938e-17,8.139614381630572e-11
7348224.0,1.0,1.0,7348224.0,5.720818783971904e-13,2.6448394545670105e-06,7348224.0,4.6152490578607895e-20,8.131056703510127e-11
7360512.0,1.0,1.0,7360512.0,1.2851647625211626e-05,3.3668412778726284e-06,7360512.0,1.8911242941991682e-10,1.0022169591388576e-10
7372800.0,1.0,1.0,7372800.0,4.4252912445585935e-09,3.36524317823482e-06,7372800.0,1.3682723935352452e-12,1.0035852303140746e-10
7385088.0,1.0,1.0,7385088.0,5.854659320903011e-06,3.3086268298845546e-06,7385088.0,9.0291679298235e-14,1.0036755185505677e-10
7397376.0,1.0,1.0,7397376.0,1.3967329515196525e-09,3.308745454387368e-06,7397376.0,5.047248787896456e-13,2.6519092924310146e-11
7409664.0,1.0,1.0,7409664.0,2.1380343847946883e-06,3.0689514464483142e-06,7409664.0,2.1579067236802512e-11,2.8495974343290376e-11
7421952.0,1.0,1.0,7421952.0,1.3062121676436314e-05,3.5879168843014025e-06,7421952.0,3.389375007508318e-14,2.8498660495394976e-11
7434240.0,1.0,1.0,7434240.0,8.888227360633513e-06,4.4730867874249234e-06,7434240.0,6.065391452778102e-19,2.1271155850217673e-11
7446528.0,1.0,1.0,7446528.0,1.1896216752423546e-08,4.281395259588692e-06,7446528.0,1.976429668075023e-11,2.3245304959557487e-11
7458816.0,1.0,1.0,7458816.0,1.2356125382121755e-11,4.281242153713492e-06,7458816.0,1.1794909493545447e-09,1.4119439260464042e-10
7471104.0,1.0,1.0,7471104.0,6.254907930269837e-06,4.9067328895322875e-06,7471104.0,6.976538848938821e-13,1.4126415798851457e-10
7483392.0,1.0,1.0,7483392.0,7.4325304429597354e-09,3.6223113800554207e-06,7483392.0,3.733722643218535e-16,1.2235295238374932e-10
7495680.0,1.0,1.0,7495680.0,3.266001868951207e-08,3.6251348527999168e-06,7495680.0,3.157165788062836e-09,4.3793270395067937e-10
7507968.0,1.0,1.0,7507968.0,2.194124438877528e-06,3.259081364597368e-06,7507968.0,3.4012347336724127e-12,4.382637982561168e-10
7520256.0,1.0,1.0,7520256.0,3.0648787211854747e-09,3.2592481791743342e-06,7520256.0,1.9982093972510115e-17,4.3821332776644725e-10
7532544.0,1.0,1.0,7532544.0,3.7422871514610394e-12,3.0454451149235806e-06,7532544.0,1.3268292456890818e-17,4.360554223695962e-10
7544832.0,1.0,1.0,7544832.0,4.424351803795276e-15,1.7392329477223844e-06,7544832.0,7.717064320900135e-09,1.2077584650846022e-09
7557120.0,1.0,1.0,7557120.0,1.4266190798177073e-05,2.2770292914767402e-06,7557120.0,2.4650110101257874e-09,1.4542595660365271e-09
7569408.0,1.0,1.0,7569408.0,5.1817039548041066e-08,2.2810213737563024e-06,7569408.0,2.0712959703887238e-13,1.4523038493281559e-09
7581696.0,1.0,1.0,7581696.0,9.808935347993541e-13,2.2810202362331174e-06,7581696.0,2.570847168266064e-16,1.334354780101173e-09
7593984.0,1.0,1.0,7593984.0,6.810265965167169e-14,1.6555294500163994e-06,7593984.0,1.7384775100974062e-10,1.3516697898136578e-09
7606272.0,1.0,1.0,7606272.0,1.3526202960254918e-17,1.6547861969734561e-06,7606272.0,1.1832037664453546e-11,1.3528529562428765e-09
7618560.0,1.0,1.0,7618560.0,9.292853747564534e-20,1.6515201951045144e-06,7618560.0,2.6227370065965334e-14,1.0371390001735999e-09
7630848.0,1.0,1.0,7630848.0,5.9723533692724686e-24,1.4321077512167615e-06,7630848.0,5.130122984146648e-17,1.0367988818303554e-09
7643136.0,1.0,1.0,7643136.0,1.5043828911978234e-25,1.4318012633446431e-06,7643136.0,5.520283489583259e-10,1.0920017147279788e-09
7655424.0,1.0,1.0,7655424.0,1.9126937938077997e-05,3.3444946829237274e-06,7655424.0,7.805920650601669e-09,1.872593778461316e-09
7667712.0,1.0,1.0,7667712.0,5.584248619072696e-10,3.344550524967483e-06,7667712.0,7.184526122176275e-12,1.1016057989835203e-09
7680000.0,1.0,1.0,7680000.0,2.9176346523958806e-11,1.917934362784428e-06,7680000.0,1.2265084510087315e-14,8.551059244793925e-10
7692288.0,1.0,1.0,7692288.0,7.715493238154176e-15,1.9127526596011736e-06,7692288.0,8.98934326408676e-16,8.550853014131214e-10
7704576.0,1.0,1.0,7704576.0,1.287815216952644e-17,1.912752561513108e-06,7704576.0,7.424570680480969e-11,8.625098463851307e-10
7716864.0,1.0,1.0,7716864.0,4.97560081360833e-20,1.912752554702847e-06,7716864.0,8.423018503742978e-14,8.451334943026604e-10
7729152.0,1.0,1.0,7729152.0,2.804749510125167e-23,1.9127525547014942e-06,7729152.0,4.0827171273368396e-10,8.847774618095833e-10
7741440.0,1.0,1.0,7741440.0,1.2381869415071972e-28,1.912752554701485e-06,7741440.0,4.3590634805449707e-10,9.283654738780265e-10
7753728.0,1.0,1.0,7753728.0,2.3172147114219094e-29,1.912752554701485e-06,7753728.0,2.7945702048744656e-09,1.2078224892353501e-09
7766016.0,1.0,1.0,7766016.0,7.310034964515051e-32,1.912752554701485e-06,7766016.0,3.809199772738155e-13,1.152657746337245e-09
7778304.0,1.0,1.0,7778304.0,1.1473388121735294e-34,5.876089368524029e-11,7778304.0,4.1115402776197366e-15,3.720660924311058e-10
7790592.0,1.0,1.0,7790592.0,2.55276730361705e-05,2.5527702220245446e-06,7790592.0,3.767283119807247e-19,3.71347639856561e-10
7802880.0,1.0,1.0,7802880.0,9.701010972538542e-14,2.5527673140909033e-06,7802880.0,7.988207575633898e-21,3.713464133489088e-10
7815168.0,1.0,1.0,7815168.0,3.0808439133167553e-11,2.5527703941632676e-06,7815168.0,1.5526042673741358e-09,5.266067501928897e-10
7827456.0,1.0,1.0,7827456.0,5.5255613814221096e-14,2.552770399687541e-06,7827456.0,2.7635690032686473e-11,5.219457485156774e-10
7839744.0,1.0,1.0,7839744.0,2.849342513365615e-17,2.5527703996903855e-06,7839744.0,1.277918020246386e-13,5.219501046773762e-10
7852032.0,1.0,1.0,7852032.0,2.0777478463666435e-07,2.573547878154052e-06,7852032.0,1.3983621668008558e-10,4.951065550720162e-10
7864320.0,1.0,1.0,7864320.0,2.834060675619791e-05,5.407608553773843e-06,7864320.0,1.55095518314848e-13,4.515314298183981e-10
7876608.0,1.0,1.0,7876608.0,4.414394183527293e-09,5.408049993192195e-06,7876608.0,2.4168595783635873e-16,1.720744334995473e-10
7888896.0,1.0,1.0,7888896.0,5.164543561327524e-12,5.408050509646552e-06,7888896.0,6.070303699311607e-21,1.7203634150242698e-10
7901184.0,1.0,1.0,7901184.0,3.431741562650905e-14,5.408050513078293e-06,7901184.0,2.3702502869421372e-20,1.7203593035076943e-10
7913472.0,1.0,1.0,7913472.0,3.8387444571223267e-07,2.8936706540324663e-06,7913472.0,1.330184573600235e-10,1.8533777604909897e-10
7925760.0,1.0,1.0,7925760.0,6.127336140101154e-06,3.506404258341571e-06,7925760.0,1.110366687484543e-09,2.963744447967544e-10
7938048.0,1.0,1.0,7938048.0,9.172169986489584e-09,3.507318394496306e-06,7938048.0,7.38876147765577e-12,1.4185289420710644e-10
7950336.0,1.0,1.0,7950336.0,3.7847633696704483e-06,3.88579472593779e-06,7950336.0,5.927203172717554e-13,1.3914859723556498e-10
7962624.0,1.0,1.0,7962624.0,1.8313376131118275e-06,4.068928487246124e-06,7962624.0,3.5059724243607985e-16,1.3913585311508678e-10
7974912.0,1.0,1.0,7974912.0,5.716784823306398e-10,4.048208176630689e-06,7974912.0,2.078735209301552e-18,1.251522316549517e-10
7987200.0,1.0,1.0,7987200.0,2.073783207379165e-07,1.2348853330846905e-06,7987200.0,7.029650109997945e-21,1.2513672210382321e-10
7999488.0,1.0,1.0,7999488.0,4.726485869355201e-10,1.2344911585250314e-06,7999488.0,5.357660389411952e-09,6.609027368764226e-10
8011776.0,1.0,1.0,8011776.0,5.98864933939088e-08,1.240479291410066e-06,8011776.0,9.741766132202272e-13,6.610001545371376e-10
8024064.0,1.0,1.0,8024064.0,4.6493364713739993e-10,1.2405257813430382e-06,8024064.0,8.89602021677168e-10,7.499603567024841e-10
8036352.0,1.0,1.0,8036352.0,2.2294431497963767e-05,3.4315814865681917e-06,8036352.0,7.960119831803188e-13,7.367381121647998e-10
8048640.0,1.0,1.0,8048640.0,2.75424137422912e-07,2.8463902863003673e-06,8048640.0,6.189631146311335e-15,6.257020623794601e-10
8060928.0,1.0,1.0,8060928.0,1.6101588698802516e-05,4.45563193918197e-06,8060928.0,2.5326413060171656e-17,6.24963188764336e-10
8073216.0,1.0,1.0,8073216.0,1.3784716429654509e-05,5.455627245180376e-06,8073216.0,1.8664171607755023e-20,6.249039167344751e-10
8085504.0,1.0,1.0,8085504.0,4.0404017151255784e-06,5.676533655381751e-06,8085504.0,7.266019722202734e-15,6.249046082767231e-10
8097792.0,1.0,1.0,8097792.0,6.347643151845735e-10,5.6765399639650365e-06,8097792.0,8.345703757702457e-11,6.332503118265519e-10
8110080.0,1.0,1.0,8110080.0,2.5098418713713024e-12,5.655802382875432e-06,8110080.0,6.270845117044982e-14,6.332565826709661e-10
8122368.0,1.0,1.0,8122368.0,1.4555543505897125e-05,7.111309468606451e-06,8122368.0,7.712181819089874e-11,1.0520272554886079e-10
8134656.0,1.0,1.0,8134656.0,8.642886465774306e-08,7.113963705732834e-06,8134656.0,2.431292472036828e-13,1.0512962081225916e-10
8146944.0,1.0,1.0,8146944.0,2.709627248502026e-05,9.823544460870148e-06,8146944.0,2.0398833300233244e-16,1.616943904337565e-11
8159232.0,1.0,1.0,8159232.0,4.777176817090852e-08,7.59887848789086e-06,8159232.0,2.1624355475342616e-19,1.6089837866681972e-11
8171520.0,1.0,1.0,8171520.0,1.1320100990512097e-05,8.70334617319978e-06,8171520.0,7.122092902891798e-18,1.6089219615776633e-11
8183808.0,1.0,1.0,8183808.0,7.952619853313081e-06,7.888449288650837e-06,8183808.0,2.763242412662237e-10,4.3721641209757697e-11
8196096.0,1.0,1.0,8196096.0,1.1327591588875899e-05,7.642736804572977e-06,8196096.0,2.807031047128335e-14,4.372444823893841e-11
8208384.0,1.0,1.0,8208384.0,2.3973643692443147e-07,7.26267027675286e-06,8208384.0,1.0442906539509522e-09,1.481527870320614e-10
8220672.0,1.0,1.0,8220672.0,8.167326370767114e-09,7.263423532958419e-06,8220672.0,3.033307401552795e-11,1.4284039067591174e-10
8232960.0,1.0,1.0,8232960.0,1.3321614460437559e-06,7.396639426578607e-06,8232960.0,4.361968504856354e-14,1.4283848179929955e-10
8245248.0,1.0,1.0,8245248.0,4.574355140600043e-07,5.986828627394895e-06,8245248.0,4.458351741591103e-17,1.351263044385614e-10
8257536.0,1.0,1.0,8257536.0,1.0550285272377854e-05,7.033214268166906e-06,8257536.0,1.6753060198272662e-20,1.3510199151551635e-10
8269824.0,1.0,1.0,8269824.0,6.131396124449869e-06,4.936726632109867e-06,8269824.0,8.258954862598126e-12,1.3592786660294287e-10
8282112.0,1.0,1.0,8282112.0,1.3483006720586369e-05,6.280250127351413e-06,8282112.0,3.0000835438600176e-13,1.3595786741675712e-10
8294400.0,1.0,1.0,8294400.0,8.199867806979455e-06,5.9682268089981484e-06,8294400.0,3.3298491459825275e-15,1.359581996894624e-10
8306688.0,1.0,1.0,8306688.0,5.628318528276092e-07,5.229248008949601e-06,8306688.0,9.7087578717255e-11,1.1803453343456554e-10
8318976.0,1.0,1.0,8318976.0,7.032556463097232e-09,4.09719210570832e-06,8318976.0,2.2142179582906873e-12,1.182531481993475e-10
8331264.0,1.0,1.0,8331264.0,2.7689609864249103e-11,4.073221230976864e-06,8331264.0,2.446072756509283e-15,1.3824327411527929e-11
8343552.0,1.0,1.0,8343552.0,4.8497239572032704e-14,4.072404503189511e-06,8343552.0,1.776660981579504e-18,1.0791020187641232e-11
8355840.0,1.0,1.0,8355840.0,9.275028181339925e-06,4.866691176719129e-06,8355840.0,1.0579609015280253e-18,1.0786658324932467e-11
8368128.0,1.0,1.0,8368128.0,9.06867173947982e-13,4.820947715999845e-06,8368128.0,2.0039799449496817e-10,3.082645331607754e-11
8380416.0,1.0,1.0,8380416.0,4.2481669879634865e-06,4.190735887558409e-06,8380416.0,3.365035752938191e-13,3.086010367193162e-11
8392704.0,1.0,1.0,8392704.0,2.0089307994908268e-09,3.5777971681933706e-06,8392704.0,4.431213618261154e-09,4.731555700117872e-10
8404992.0,1.0,1.0,8404992.0,4.670457886176334e-12,2.2294969631805227e-06,8404992.0,4.945642275340963e-12,4.736201334038827e-10
8417280.0,1.0,1.0,8417280.0,2.2901833290234208e-05,3.699693511505998e-06,8417280.0,7.911219964719385e-14,4.736277116389328e-10
8429568.0,1.0,1.0,8429568.0,4.166553632482343e-07,3.6850758625480604e-06,8429568.0,8.651233651926853e-17,4.63918962418441e-10
8441856.0,1.0,1.0,8441856.0,1.2674392261639392e-07,3.6970469991633895e-06,8441856.0,3.6963158484704373e-19,4.6369754065957496e-10
8454144.0,1.0,1.0,8454144.0,5.926371765478204e-06,4.289681406750224e-06,8454144.0,1.2375190571363899e-12,4.638210479580129e-10
8466432.0,1.0,1.0,8466432.0,8.266248130439635e-09,4.290508026713544e-06,8466432.0,1.1100228809041157e-12,4.6393205006843736e-10
8478720.0,1.0,1.0,8478720.0,1.7897541088052193e-11,3.3630069983336607e-06,8478720.0,7.499382155493524e-14,4.6393954934479677e-10
8491008.0,1.0,1.0,8491008.0,1.1550129177824905e-05,4.518019825429433e-06,8491008.0,7.359928962576608e-10,5.174990395210659e-10
8503296.0,1.0,1.0,8503296.0,1.4324786510163298e-05,5.525681777649416e-06,8503296.0,1.6470322790803255e-11,5.191124214426168e-10
8515584.0,1.0,1.0,8515584.0,6.459762516897172e-06,6.171457136259182e-06,8515584.0,2.0198654850841584e-14,7.599307948198668e-11
8527872.0,1.0,1.0,8527872.0,6.821684413201486e-06,6.853625110533542e-06,8527872.0,1.3257207133775123e-18,7.549851538702465e-11
8540160.0,1.0,1.0,8540160.0,5.140000212122686e-06,5.077441802722391e-06,8540160.0,4.729462020939049e-20,7.549060417178939e-11
8552448.0,1.0,1.0,8552448.0,2.6060680587155122e-05,7.64184432511308e-06,8552448.0,1.2848525206739698e-09,2.039758475879527e-10
8564736.0,1.0,1.0,8564736.0,1.552344125836195e-07,7.644693374109803e-06,8564736.0,1.872580649570077e-12,2.0416310561594657e-10
8577024.0,1.0,1.0,8577024.0,3.0694015246505536e-05,1.0121457722212534e-05,8577024.0,2.8449870237423625e-10,2.3248922394765659e-10
8589312.0,1.0,1.0,8589312.0,4.641946482782563e-05,1.4762577580182055e-05,8589312.0,4.979887317328273e-09,7.303669533923934e-10
8601600.0,1.0,1.0,8601600.0,2.8201087843626738e-05,1.758268457479062e-05,8601600.0,1.7365988277025696e-11,7.320960528379405e-10
8613888.0,1.0,1.0,8613888.0,1.0673280485207215e-05,1.749499970552885e-05,8613888.0,4.5414510029657094e-15,6.584972173572747e-10
8626176.0,1.0,1.0,8626176.0,2.6010563791108627e-05,1.866357743362338e-05,8626176.0,4.0912706027267436e-17,6.56850189169465e-10
8638464.0,1.0,1.0,8638464.0,1.2832999345846474e-05,1.9300901116518313e-05,8638464.0,6.112438101964675e-12,6.574594131141764e-10
8650752.0,1.0,1.0,8650752.0,4.927781022464236e-05,2.3546513697662398e-05,8650752.0,1.5871051001203895e-11,6.590465180817247e-10
8663040.0,1.0,1.0,8663040.0,1.7303817003266886e-05,2.4762895376776815e-05,8663040.0,7.919790749137216e-10,7.382444255683674e-10
8675328.0,1.0,1.0,8675328.0,6.537077297252836e-07,2.2222198091033836e-05,8675328.0,5.768172398057381e-13,6.09816855224951e-10
8687616.0,1.0,1.0,8687616.0,2.40570322299997e-06,2.2447244972075472e-05,8687616.0,1.2316405673118425e-09,7.327936538911782e-10
8699904.0,1.0,1.0,8699904.0,2.576881282341977e-05,2.1954724729766895e-05,8699904.0,1.9427912982076616e-11,7.062865749519623e-10
8712192.0,1.0,1.0,8712192.0,6.876742797127615e-06,1.8000452526697094e-05,8712192.0,6.443936638629577e-14,2.0830428715577359e-10
8724480.0,1.0,1.0,8724480.0,1.2913405953440815e-05,1.6471684337678503e-05,8724480.0,1.3776265615130109e-16,2.0656770210433665e-10
8736768.0,1.0,1.0,8736768.0,7.666176922308901e-06,1.617097398138867e-05,8736768.0,2.021199686207583e-13,2.0658745995609844e-10
8749056.0,1.0,1.0,8749056.0,5.25955450333034e-06,1.409587305261084e-05,8749056.0,5.88089183832056e-13,2.0664626478321105e-10
8761344.0,1.0,1.0,8761344.0,1.0719602414610563e-06,1.2919769142172301e-05,8761344.0,3.9803896290102614e-11,2.1001541060202478e-10
8773632.0,1.0,1.0,8773632.0,1.7587419279152527e-05,9.750730047623316e-06,8773632.0,8.059906716558826e-17,2.0842831356181117e-10
8785920.0,1.0,1.0,8785920.0,1.5562654880341142e-06,8.175974896100038e-06,8785920.0,8.517252680917409e-09,9.8095567416218e-10
8798208.0,1.0,1.0,8798208.0,2.3712442877391975e-05,1.0481848410866709e-05,8798208.0,4.75761010448883e-12,9.813737534486482e-10
8810496.0,1.0,1.0,8810496.0,7.437278933745499e-06,1.0985005981941261e-05,8810496.0,5.4598930628382836e-15,8.582102427067702e-10
8822784.0,1.0,1.0,8822784.0,2.688598760869354e-05,1.109672346046864e-05,8822784.0,1.0525798010974086e-09,9.615254315183035e-10
8835072.0,1.0,1.0,8835072.0,2.176141000139372e-06,1.0626663280769812e-05,8835072.0,1.3460737154543285e-12,9.616535949532104e-10
8847360.0,1.0,1.0,8847360.0,5.532385936627786e-06,9.88856127908851e-06,8847360.0,5.517313457955216e-11,9.671708946348999e-10
8859648.0,1.0,1.0,8859648.0,5.2771398865540204e-06,9.649657575513023e-06,8859648.0,6.022704036878768e-13,9.672109096784066e-10
8871936.0,1.0,1.0,8871936.0,1.6442085325252265e-05,1.0767910657705217e-05,8871936.0,9.348279122372086e-18,9.671521016948513e-10
8884224.0,1.0,1.0,8884224.0,2.0866597575756412e-05,1.274737439113475e-05,8884224.0,4.84589109580232e-10,1.0116306230238642e-09
8896512.0,1.0,1.0,8896512.0,1.6235269868047908e-05,1.261215945002429e-05,8896512.0,3.345714908823775e-12,1.0119651864548398e-09
8908800.0,1.0,1.0,8908800.0,3.3823125704657286e-05,1.583884547168661e-05,8908800.0,3.797564337067645e-09,5.399963520698635e-10
8921088.0,1.0,1.0,8921088.0,1.0855665702062348e-05,1.4553167754153643e-05,8921088.0,4.627909745239893e-12,5.399833820339387e-10
8933376.0,1.0,1.0,8933376.0,2.1099362735791754e-05,1.5919376134358267e-05,8933376.0,7.655732991995734e-11,5.47638569036628e-10
8945664.0,1.0,1.0,8945664.0,6.572541072576617e-06,1.388803148074658e-05,8945664.0,1.0033728477705969e-11,4.4338396177465783e-10
8957952.0,1.0,1.0,8957952.0,8.236807237456864e-06,1.4494098104478328e-05,8957952.0,1.6327434196328205e-14,4.43250987146532e-10
8970240.0,1.0,1.0,8970240.0,2.1363157429732382e-05,1.6077175253788785e-05,8970240.0,5.7839481352554385e-09,1.0161284872141206e-09
8982528.0,1.0,1.0,8982528.0,6.7418222897686064e-06,1.6223643494110245e-05,8982528.0,1.2393317853446698e-10,1.0284615780271984e-09
8994816.0,1.0,1.0,8994816.0,1.2993635512733212e-05,1.587879851285834e-05,8994816.0,3.4126064242985996e-12,1.0288028377348005e-09
9007104.0,1.0,1.0,9007104.0,3.089779056608677e-05,1.6881917811891375e-05,9007104.0,2.6492955977156878e-11,9.82993222374493e-10
9019392.0,1.0,1.0,9019392.0,7.37517742284884e-06,1.5995908567371466e-05,9019392.0,5.491314597049629e-15,9.826592000150701e-10
9031680.0,1.0,1.0,9031680.0,1.6842270269989967e-05,1.4297823023904737e-05,9031680.0,2.187000802678085e-09,8.216028465761143e-10
9043968.0,1.0,1.0,9043968.0,2.996033678452174e-05,1.6208290132150673e-05,9043968.0,8.669021808275593e-13,8.212267458196731e-10
9056256.0,1.0,1.0,9056256.0,1.1960016612041121e-05,1.5294355519775613e-05,9056256.0,8.066998358737554e-15,8.135718195275131e-10
9068544.0,1.0,1.0,9068544.0,1.851994966273196e-05,1.648909637879115e-05,9068544.0,1.9392696337661164e-09,1.0064954100563542e-09
9080832.0,1.0,1.0,9080832.0,3.939895880951856e-06,1.605940524314065e-05,9080832.0,9.338359079069658e-13,1.0065871609037253e-09
9093120.0,1.0,1.0,9093120.0,8.092098141787574e-06,1.4732299314346166e-05,9093120.0,3.382320793813657e-09,7.664244267595471e-10
9105408.0,1.0,1.0,9105408.0,3.5029232094530016e-05,1.7561040294822305e-05,9105408.0,1.5778213515819466e-14,7.540326867274519e-10
9117696.0,1.0,1.0,9117696.0,5.9285727426564945e-06,1.6854534017814633e-05,9117696.0,1.4635430544701854e-14,7.536928896280765e-10
9129984.0,1.0,1.0,9129984.0,1.3221637345850468e-05,1.5086918695791002e-05,9129984.0,2.445796158193995e-09,9.956232098497604e-10
9142272.0,1.0,1.0,9142272.0,4.562422873277683e-06,1.4805643240833888e-05,9142272.0,4.976312764637392e-12,9.961202919947644e-10
9154560.0,1.0,1.0,9154560.0,2.0884409119995933e-05,1.5209857125834483e-05,9154560.0,1.1954411997342854e-11,7.786156529266902e-10
9166848.0,1.0,1.0,9166848.0,7.088111791138847e-06,1.2922634626496197e-05,9166848.0,6.769453516260644e-11,7.85298416224868e-10
9179136.0,1.0,1.0,9179136.0,1.1265115366162112e-05,1.2853144501908293e-05,9179136.0,4.750264670910313e-15,7.852980845514993e-10
9191424.0,1.0,1.0,9191424.0,1.4396831223469537e-06,1.1145117847869793e-05,9191424.0,1.5208393803571121e-10,6.065795149784589e-10
9203712.0,1.0,1.0,9203712.0,6.390724441492542e-07,1.0815035504189533e-05,9203712.0,6.101125102816093e-13,6.065471426386962e-10
9216000.0,1.0,1.0,9216000.0,1.2233858190787336e-05,1.122921150908951e-05,9216000.0,4.347023543326435e-18,2.6831506369203296e-10
9228288.0,1.0,1.0,9228288.0,1.3949286464291314e-05,9.12121694606564e-06,9228288.0,3.9515886858983623e-10,3.0782937272966495e-10
9240576.0,1.0,1.0,9240576.0,1.936399712576531e-05,1.0464759384376522e-05,9240576.0,1.8569309862918417e-12,3.080136022852397e-10
9252864.0,1.0,1.0,9252864.0,1.0004583600675687e-05,1.0143054009859042e-05,9252864.0,6.7966292316423704e-12,6.411364938900444e-11
9265152.0,1.0,1.0,9265152.0,6.177138129714876e-05,1.586394985224615e-05,9265152.0,1.0361956663077857e-11,6.465221377884848e-11
9277440.0,1.0,1.0,9277440.0,1.110544083834005e-05,1.4886053024080565e-05,9277440.0,8.256003288427868e-09,8.890571014219011e-10
9289728.0,1.0,1.0,9289728.0,3.603933146223426e-05,1.7781174991190105e-05,9289728.0,1.6374656260550087e-12,8.824513944682459e-10
9302016.0,1.0,1.0,9302016.0,2.0656996639445424e-05,1.8720363118518436e-05,9302016.0,4.724429601330425e-15,8.824513918847389e-10
9314304.0,1.0,1.0,9314304.0,2.5122125710671146e-05,2.1088607377350856e-05,9314304.0,4.711462656285225e-16,8.672430451957944e-10
9326592.0,1.0,1.0,9326592.0,1.1137844315574815e-05,2.213848456449341e-05,9326592.0,2.183436085291072e-13,8.672038683056192e-10
9338880.0,1.0,1.0,9338880.0,1.9571180018829182e-05,2.2872216747297594e-05,9338880.0,1.1658560690926597e-11,8.683697239400095e-10
9351168.0,1.0,1.0,9351168.0,1.904702124496301e-05,2.3381990225364764e-05,9351168.0,8.611974540902642e-09,1.69005129117129e-09
9363456.0,1.0,1.0,9363456.0,1.1492261061600098e-05,2.2594816618948245e-05,9363456.0,8.446272616498737e-12,1.6907102253343103e-09
9375744.0,1.0,1.0,9375744.0,6.146275457770874e-06,2.2208985804657762e-05,9375744.0,5.028122015970915e-13,1.690080843631306e-09
9388032.0,1.0,1.0,9388032.0,3.261076441655556e-05,1.929292411659844e-05,9388032.0,4.428937866047163e-14,1.6890490769028647e-09
9400320.0,1.0,1.0,9400320.0,2.1678284004641075e-05,2.0350208433228546e-05,9400320.0,7.511737433342385e-18,8.634487488112516e-10
9412608.0,1.0,1.0,9412608.0,3.4946582066671303e-06,1.709574110767183e-05,9412608.0,1.987127795644028e-09,1.0619977818130489e-09
9424896.0,1.0,1.0,9424896.0,1.0688587887367854e-05,1.6098900232464075e-05,9424896.0,3.6775104443146725e-09,1.4297483538015557e-09
9437184.0,1.0,1.0,9437184.0,1.0009434845414944e-05,1.4587631145938455e-05,9437184.0,7.901445701434066e-13,1.4298273211439435e-09
9449472.0,1.0,1.0,9449472.0,3.0402477326182027e-05,1.6514094446999177e-05,9449472.0,1.1057399209220739e-11,1.430911226704013e-09
9461760.0,1.0,1.0,9461760.0,1.96694782061968e-06,1.4753671227178226e-05,9461760.0,1.573711068865909e-11,1.4313190817037861e-09
9474048.0,1.0,1.0,9474048.0,1.4794500505862137e-05,1.4328419153268137e-05,9474048.0,7.930080565011581e-14,5.701295576940867e-10
9486336.0,1.0,1.0,9486336.0,7.374152725484843e-06,1.3916608319656612e-05,9486336.0,7.843764973952462e-18,5.692849312168134e-10
9498624.0,1.0,1.0,9498624.0,6.9661024705662084e-06,1.3998591020936144e-05,9498624.0,3.487423103162181e-19,5.692346500315279e-10
9510912.0,1.0,1.0,9510912.0,1.1606685196359953e-05,1.1898183098916585e-05,9510912.0,6.641890000954239e-10,6.356491211032041e-10
9523200.0,1.0,1.0,9523200.0,9.130630132858641e-06,1.0643417711738342e-05,9523200.0,5.990231459011379e-11,6.416393518110419e-10
9535488.0,1.0,1.0,9535488.0,8.981050996226259e-06,1.1192056990694255e-05,9535488.0,1.3255393819614862e-09,5.754805104427877e-10
9547776.0,1.0,1.0,9547776.0,5.24304171752495e-06,1.0647502373709965e-05,9547776.0,1.6871393171413729e-09,3.764433977254577e-10
9560064.0,1.0,1.0,9560064.0,5.5458337252882e-06,1.020114226169729e-05,9560064.0,2.1528357800152755e-12,3.76579666846445e-10
9572352.0,1.0,1.0,9572352.0,4.318719826793919e-06,7.5927665117584804e-06,9572352.0,6.2425460003871e-16,3.7547398935098296e-10
9584640.0,1.0,1.0,9584640.0,9.494753309506147e-07,7.491019262791573e-06,9584640.0,3.2807396194066187e-19,3.7390027831492435e-10
9596928.0,1.0,1.0,9596928.0,1.6046363574181062e-06,6.172032847947169e-06,9596928.0,3.8190198205365534e-19,3.738923482725495e-10
9609216.0,1.0,1.0,9609216.0,7.509604377749686e-06,6.185578013173654e-06,9609216.0,7.269849167101938e-10,4.465908391591924e-10
9621504.0,1.0,1.0,9621504.0,5.045223588240333e-06,5.993490124941067e-06,9621504.0,2.317828654702092e-12,4.4682262198978845e-10
9633792.0,1.0,1.0,9633792.0,3.4183885873062536e-06,5.174660464035696e-06,9633792.0,6.9420037126140715e-09,1.074604093241653e-09
9646080.0,1.0,1.0,9646080.0,1.617742721767475e-05,5.879340172517307e-06,9646080.0,4.374011569607816e-12,1.0690512629396026e-09
9658368.0,1.0,1.0,9658368.0,5.418506892359194e-06,5.523085762130601e-06,9658368.0,1.4825366389351e-15,9.364974729971178e-10
9670656.0,1.0,1.0,9670656.0,5.336868828938653e-06,5.5324684732719715e-06,9670656.0,6.6106432699740684e-18,7.677835419440448e-10
9682944.0,1.0,1.0,9682944.0,2.9362654458964244e-06,5.271511645332793e-06,9682944.0,4.64332128448769e-21,7.675682583665077e-10
9695232.0,1.0,1.0,9695232.0,4.0130332005598275e-06,5.240942982709384e-06,9695232.0,7.171270984448105e-10,8.392809057855288e-10
9707520.0,1.0,1.0,9707520.0,2.4540442003247637e-05,7.600039649939086e-06,9707520.0,1.9023347341828867e-09,1.02951437917101e-09
9719808.0,1.0,1.0,9719808.0,6.924305732051532e-06,8.13200658740243e-06,9719808.0,1.749830650747223e-10,1.047012685640292e-09
9732096.0,1.0,1.0,9732096.0,1.2516331935330527e-06,7.506209468980766e-06,9732096.0,1.8925156580751334e-11,9.762067096273476e-10
9744384.0,1.0,1.0,9744384.0,1.7092887290755716e-11,7.00168881944546e-06,9744384.0,5.126112389020517e-14,9.759800528742665e-10
9756672.0,1.0,1.0,9756672.0,1.290442579182649e-12,6.659850089759094e-06,9756672.0,4.8671051368083997e-17,2.8177968647996454e-10
9768960.0,1.0,1.0,9768960.0,8.588954187871423e-07,5.1279969098703335e-06,9768960.0,7.68348253131665e-20,2.8134228533068724e-10
9781248.0,1.0,1.0,9781248.0,7.28024315321818e-06,5.314170535956232e-06,9781248.0,5.973571637341024e-10,3.4107785345043365e-10
9793536.0,1.0,1.0,9793536.0,7.001667351384337e-06,5.4806503882008e-06,9793536.0,5.022326593958256e-13,3.4112807605530885e-10
9805824.0,1.0,1.0,9805824.0,1.1416633090751323e-07,5.19844047670191e-06,9805824.0,1.3580871612480413e-10,3.5470894766732496e-10
9818112.0,1.0,1.0,9818112.0,3.326837637966188e-06,5.129820920442545e-06,9818112.0,2.3684970651416393e-10,3.0668120847426033e-10
9830400.0,1.0,1.0,9830400.0,2.2041543464486797e-05,4.879931066566461e-06,9830400.0,3.939184048395994e-13,1.164871268964556e-10
9842688.0,1.0,1.0,9842688.0,4.4599237298825756e-06,4.633492866349565e-06,9842688.0,8.34902553123632e-17,9.898882873800888e-11
9854976.0,1.0,1.0,9854976.0,4.565911998118584e-07,4.5539886669774465e-06,9854976.0,8.265034445911471e-20,9.70963130881988e-11
9867264.0,1.0,1.0,9867264.0,1.989205278126368e-06,4.752907485501354e-06,9867264.0,3.058004006547288e-17,9.709119003381379e-11
9879552.0,1.0,1.0,9879552.0,1.9352078458230912e-09,4.753100877241678e-06,9879552.0,1.939411594283532e-10,1.1648530110954397e-10
9891840.0,1.0,1.0,9891840.0,8.565365430812655e-12,4.667212191899508e-06,9891840.0,8.469732174868719e-09,9.634585185887324e-10
9904128.0,1.0,1.0,9904128.0,1.3118814664511239e-14,3.93918787788957e-06,9904128.0,2.315007445001053e-10,9.268728766653327e-10
9916416.0,1.0,1.0,9916416.0,5.667019422617159e-07,3.2956913369773087e-06,9916416.0,1.0674684515950735e-11,9.278901218509882e-10
9928704.0,1.0,1.0,9928704.0,6.708632168302605e-10,3.2843417902082403e-06,9928704.0,3.6562192979513554e-14,9.143129064578058e-10
9940992.0,1.0,1.0,9940992.0,4.119814298736424e-13,2.9516580676097643e-06,9940992.0,3.719971063319861e-17,8.906279395263604e-10
9953280.0,1.0,1.0,9953280.0,7.876964446040802e-06,1.5352001657651649e-06,9953280.0,3.317738072654085e-20,8.905885476891939e-10
9965568.0,1.0,1.0,9965568.0,4.0406137694996386e-10,1.0892481989146023e-06,9965568.0,8.765739541634806e-09,1.7671624935036495e-09
9977856.0,1.0,1.0,9977856.0,2.1424147178539243e-12,1.0435892931748882e-06,9977856.0,8.787668509535607e-12,1.7680412603463379e-09
9990144.0,1.0,1.0,9990144.0,9.752929348820725e-15,8.446687663375442e-07,9990144.0,9.593471202625399e-10,1.863975969314588e-09
10002432.0,1.0,1.0,10002432.0,1.82165420265572e-17,8.444752455547835e-07,10002432.0,2.725711138277613e-10,1.8718389647545282e-09
10014720.0,1.0,1.0,10014720.0,2.4137242288338632e-20,8.444743890182428e-07,10014720.0,4.729171698344969e-13,1.0249130389846402e-09
10027008.0,1.0,1.0,10027008.0,2.4905268581880964e-23,8.444743877063616e-07,10027008.0,3.915670967175073e-16,1.0017630036913394e-09
10039296.0,1.0,1.0,10039296.0,4.0203336955831524e-08,7.918245271757732e-07,10039296.0,1.0497334184969843e-18,1.0006955353447175e-09
10051584.0,1.0,1.0,10051584.0,1.9757868964613103e-06,9.893361305002212e-07,10051584.0,5.058995333518139e-16,1.000691929715373e-09
10063872.0,1.0,1.0,10063872.0,5.042673686025031e-11,9.89341131975764e-07,10063872.0,1.2000691181531428e-10,1.0126926171769333e-09
10076160.0,1.0,1.0,10076160.0,2.2544263909389053e-12,2.016449128143231e-07,10076160.0,2.1103290966569452e-09,1.2237255268393102e-09
10088448.0,1.0,1.0,10088448.0,4.0761354298017695e-15,2.0160450708424166e-07,10088448.0,6.520176990913266e-09,9.99169271767156e-10
10100736.0,1.0,1.0,10100736.0,1.2850203358139227e-22,2.016042928427699e-07,10100736.0,1.0184286284668312e-11,9.993089335446692e-10
10113024.0,1.0,1.0,10113024.0,6.172715767729061e-21,2.0160429186747755e-07,10113024.0,1.3997958066107319e-14,9.033756213142219e-10
10125312.0,1.0,1.0,10125312.0,3.7481216471254203e-07,2.390855083369101e-07,10125312.0,2.574393688598773e-18,8.761185101888853e-10
10137600.0,1.0,1.0,10137600.0,1.4279727030460283e-09,2.3922830560721235e-07,10137600.0,2.957879609511426e-20,8.760712184748594e-10
10149888.0,1.0,1.0,10149888.0,1.0337998295047631e-05,1.2730281351119754e-06,10149888.0,4.801218681886136e-10,9.240833661370112e-10
10162176.0,1.0,1.0,10162176.0,7.259096435063839e-08,1.2762668978514562e-06,10162176.0,2.551936143883419e-09,1.1792769804203797e-09
10174464.0,1.0,1.0,10174464.0,1.1928830190299777e-06,1.197976510108323e-06,10174464.0,7.323005905372307e-10,1.2525069888841494e-09
10186752.0,1.0,1.0,10186752.0,3.3425014104674727e-07,1.2313964815393114e-06,10186752.0,3.262700332129498e-09,1.5667763309155676e-09
10199040.0,1.0,1.0,10199040.0,1.4743682792565474e-05,2.7057645353532197e-06,10199040.0,4.6327863420514426e-12,1.3562066998840787e-09
10211328.0,1.0,1.0,10211328.0,1.5366040292027112e-09,2.7059181953485264e-06,10211328.0,2.364856872892896e-17,7.041890031576088e-10
10223616.0,1.0,1.0,10223616.0,1.9560496740863204e-11,2.7059201513982005e-06,10223616.0,6.1054683534562965e-19,7.031705745901967e-10
10235904.0,1.0,1.0,10235904.0,1.5892324730278537e-07,2.7218124761284787e-06,10235904.0,3.1183523911219404e-09,1.015004413906584e-09
10248192.0,1.0,1.0,10248192.0,1.1611717809500988e-07,2.695942977466725e-06,10248192.0,5.588604542102378e-09,1.5738648678593825e-09
10260480.0,1.0,1.0,10260480.0,2.7715335212027032e-08,2.6985717137176233e-06,10260480.0,9.48297574724736e-12,1.5748131654311497e-09
10272768.0,1.0,1.0,10272768.0,5.1262274306888384e-06,2.177394627281744e-06,10272768.0,8.3448596181294e-10,1.6102495747935822e-09
10285056.0,1.0,1.0,10285056.0,3.3893415481619136e-09,2.1704744650014965e-06,10285056.0,1.6512654947102117e-09,1.5201825098762613e-09
10297344.0,1.0,1.0,10297344.0,9.99783142017173e-15,2.051186164098282e-06,10297344.0,7.229371904356648e-13,1.4470247445415819e-09
10309632.0,1.0,1.0,10309632.0,1.2238137969688978e-07,2.0299992879632964e-06,10309632.0,3.1799401256001982e-15,1.1207550293226447e-09
10321920.0,1.0,1.0,10321920.0,5.3192459696186724e-11,5.556363279527183e-07,10321920.0,3.2371848257550795e-11,1.1235289355141946e-09
10334208.0,1.0,1.0,10334208.0,5.076036776093436e-09,5.559902712274074e-07,10334208.0,3.306441935061836e-09,1.4541731266555213e-09
10346496.0,1.0,1.0,10346496.0,2.388997888402855e-10,5.560122051566173e-07,10346496.0,6.930398384804211e-12,1.454866166432947e-09
10358784.0,1.0,1.0,10358784.0,1.1811452471495917e-05,1.7212651275759305e-06,10358784.0,1.007776648409275e-15,1.1430310280984178e-09
10371072.0,1.0,1.0,10371072.0,1.855606387834996e-05,3.5652597976014257e-06,10371072.0,1.2603715108620388e-09,7.102077249743839e-10
10383360.0,1.0,1.0,10383360.0,1.237897549799527e-06,3.6862780190601755e-06,10383360.0,1.1670206467861988e-10,7.209296338675211e-10
10395648.0,1.0,1.0,10395648.0,9.867490007309243e-06,4.160404276722216e-06,10395648.0,2.2266940895299125e-12,6.377037070951802e-10
10407936.0,1.0,1.0,10407936.0,1.451424517047902e-05,5.611489859615302e-06,10407936.0,1.947478049411806e-14,4.725791051022084e-10
10420224.0,1.0,1.0,10420224.0,1.3829729065643429e-08,5.6128728315220835e-06,10420224.0,4.08410668247446e-09,8.809174796306109e-10
10432512.0,1.0,1.0,10432512.0,1.0263380423314317e-11,5.6006357198904365e-06,10432512.0,1.5052289276118458e-11,8.8242239056421e-10
10444800.0,1.0,1.0,10444800.0,3.785022878825354e-06,5.979132688527002e-06,10444800.0,1.9441217660616055e-14,8.791871498602211e-10
10457088.0,1.0,1.0,10457088.0,6.613824856079494e-06,6.640007570457343e-06,10457088.0,6.741685222614719e-18,5.48542957028206e-10
10469376.0,1.0,1.0,10469376.0,2.713735132905034e-06,6.911357193768961e-06,10469376.0,2.4468116421871855e-10,5.723180336115974e-10
10481664.0,1.0,1.0,10481664.0,2.2927306417841464e-06,5.959485010797785e-06,10481664.0,4.374173615910119e-10,6.160596689930338e-10
10493952.0,1.0,1.0,10493952.0,2.3800246218286247e-09,4.104116625424971e-06,10493952.0,1.621275567501949e-11,4.91643793474332e-10
10506240.0,1.0,1.0,10506240.0,5.1263486966490746e-06,4.492961740109927e-06,10506240.0,6.305015103763578e-14,4.799798920215737e-10
10518528.0,1.0,1.0,10518528.0,6.137793680712396e-09,3.5068265187470736e-06,10518528.0,2.2785832480091509e-10,5.025430550927122e-10
10530816.0,1.0,1.0,10530816.0,6.926430493973494e-12,2.0554026943422204e-06,10530816.0,1.1321849852317471e-13,5.025524294645151e-10
10543104.0,1.0,1.0,10543104.0,6.2887633649489254e-15,2.0540197220645324e-06,10543104.0,2.127246308203133e-16,9.414178248953211e-11
10555392.0,1.0,1.0,10555392.0,3.154462089230838e-18,2.054018695726806e-06,10555392.0,4.021898554936361e-13,9.267677254746963e-11
10567680.0,1.0,1.0,10567680.0,2.6842809835670556e-23,1.6755164078442701e-06,10567680.0,4.305759452686667e-11,9.698058787839022e-11
10579968.0,1.0,1.0,10579968.0,1.777400029823184e-05,2.7915339520595047e-06,10579968.0,8.85683467307293e-09,9.826640545115147e-10
10592256.0,1.0,1.0,10592256.0,5.777291638272193e-06,3.0978896025962208e-06,10592256.0,2.444252265865199e-12,9.584403633162293e-10
10604544.0,1.0,1.0,10604544.0,8.374135518351977e-08,2.876990673936158e-06,10604544.0,7.089130671378285e-11,9.217877578285064e-10
10616832.0,1.0,1.0,10616832.0,5.8188349309299765e-06,3.4586361645669726e-06,10616832.0,6.948887761500562e-11,9.271153700225052e-10
10629120.0,1.0,1.0,10629120.0,1.6024507203837857e-05,4.548452015285851e-06,10629120.0,2.670453195958526e-14,9.271117354605972e-10
10641408.0,1.0,1.0,10641408.0,1.066992263076827e-05,5.614830498994607e-06,10641408.0,3.599634221880706e-15,9.043262629439279e-10
10653696.0,1.0,1.0,10653696.0,1.2105321123575171e-05,6.825361918709074e-06,10653696.0,1.1947361618543557e-09,1.0237885572795112e-09
10665984.0,1.0,1.0,10665984.0,2.0361737066802257e-07,6.845723655147e-06,10665984.0,8.653321115215107e-13,1.0238750692182003e-09
10678272.0,1.0,1.0,10678272.0,1.4073069905862212e-05,8.253030645732907e-06,10678272.0,4.33473775392675e-10,1.0671822277719185e-09
10690560.0,1.0,1.0,10690560.0,2.4542471995421997e-06,8.498455365687126e-06,10690560.0,4.724422334826764e-10,1.1101206916674994e-09
10702848.0,1.0,1.0,10702848.0,9.384423416728774e-06,7.65949767753682e-06,10702848.0,6.495322942695614e-13,2.2450217758963332e-10
10715136.0,1.0,1.0,10715136.0,5.041044914833037e-08,7.086809558624433e-06,10715136.0,4.3358228118961506e-10,2.676159804820083e-10
10727424.0,1.0,1.0,10727424.0,3.3866983291848857e-10,7.0784692900893716e-06,10727424.0,3.06834708104405e-13,2.6055753328144047e-10
10739712.0,1.0,1.0,10739712.0,1.0056579273035975e-09,6.4966863627891055e-06,10739712.0,2.31525691754925e-16,2.536086686725091e-10
10752000.0,1.0,1.0,10752000.0,4.508025085669942e-06,5.345038150972314e-06,10752000.0,1.9832055997426323e-09,4.5192655819357634e-10
10764288.0,1.0,1.0,10764288.0,1.8950898568922032e-05,6.17313574478769e-06,10764288.0,4.5434047149517376e-12,4.523805387016493e-10
10776576.0,1.0,1.0,10776576.0,4.991380895565574e-06,5.461741721986731e-06,10776576.0,2.7455095974460164e-09,6.074578822608155e-10
10788864.0,1.0,1.0,10788864.0,1.0500807547941804e-05,6.4914607397141085e-06,10788864.0,2.7037056043085115e-12,6.076417196100941e-10
10801152.0,1.0,1.0,10801152.0,1.904240699938479e-07,5.103196156127272e-06,10801152.0,6.321899022794971e-13,5.643575610610544e-10
10813440.0,1.0,1.0,10813440.0,1.3696490592944125e-05,6.227420495467464e-06,10813440.0,3.406810481868897e-11,5.205201481946559e-10
10825728.0,1.0,1.0,10825728.0,8.113417910256734e-06,6.100319944820261e-06,10825728.0,5.2500872934369926e-14,5.204604450525223e-10
10838016.0,1.0,1.0,10838016.0,4.594022054031181e-06,6.554681105308547e-06,10838016.0,7.637951959928175e-17,4.771022245715128e-10
10850304.0,1.0,1.0,10850304.0,2.104328207982083e-05,8.658975446307338e-06,10850304.0,1.7580876014259654e-09,6.528803012432988e-10
10862592.0,1.0,1.0,10862592.0,1.5412518526621473e-06,8.813000065780821e-06,10862592.0,1.1297519956580497e-09,7.658554776565348e-10
10874880.0,1.0,1.0,10874880.0,6.011207612270179e-06,8.963318318440846e-06,10874880.0,8.362556885392151e-13,5.676185432511254e-10
10887168.0,1.0,1.0,10887168.0,2.326165031263372e-06,7.30084496467498e-06,10887168.0,2.7036235708616358e-15,5.671644731419872e-10
10899456.0,1.0,1.0,10899456.0,1.2335378111553534e-06,6.925060656233957e-06,10899456.0,1.909966629298765e-10,3.1171317969037327e-10
10911744.0,1.0,1.0,10911744.0,3.080811681381116e-05,8.955791582820893e-06,10911744.0,1.0563484539857204e-14,3.114438654783964e-10
10924032.0,1.0,1.0,10924032.0,1.3614884058673245e-06,9.072898016408241e-06,10924032.0,1.200654097312078e-15,3.1138076655357817e-10
10936320.0,1.0,1.0,10936320.0,6.445790556123635e-07,7.767706862675064e-06,10936320.0,2.2207392351466264e-18,3.0797395629378323e-10
10948608.0,1.0,1.0,10948608.0,5.1161261893639676e-09,6.956876684268327e-06,10948608.0,2.63848765058583e-09,5.718174712650728e-10
10960896.0,1.0,1.0,10960896.0,7.274196889284212e-08,6.504748675754493e-06,10960896.0,1.7730962531548045e-11,5.735905598802756e-10
10973184.0,1.0,1.0,10973184.0,6.139268710588415e-06,5.014347338831252e-06,10973184.0,4.682694481015585e-14,3.9778648243216015e-10
10985472.0,1.0,1.0,10985472.0,4.551675980716634e-06,5.315389751636701e-06,10985472.0,6.367211350758832e-09,9.215324179422382e-10
10997760.0,1.0,1.0,10997760.0,1.8357238692108997e-09,4.714452562796604e-06,10997760.0,1.0217967964798458e-12,9.215509720530324e-10
11010048.0,1.0,1.0,11010048.0,7.35047507305353e-08,4.48918653474332e-06,11010048.0,1.6384721222719462e-16,9.215507180753967e-10
11022336.0,1.0,1.0,11022336.0,5.147136050709378e-10,4.365884224988292e-06,11022336.0,8.113829517783674e-18,9.024510525937919e-10
11034624.0,1.0,1.0,11034624.0,2.2969366000324953e-06,1.5147662036104255e-06,11034624.0,1.651994606228167e-17,9.024499978973324e-10
11046912.0,1.0,1.0,11046912.0,9.754274287843145e-06,2.354044791808008e-06,11046912.0,5.191656882175266e-09,1.4216155660494493e-09
11059200.0,1.0,1.0,11059200.0,1.403396405900518e-05,3.6929832921472893e-06,11059200.0,2.3099295913542317e-12,1.4218465587865107e-09
11071488.0,1.0,1.0,11071488.0,4.1627336031524464e-06,4.108745039843598e-06,11071488.0,3.17471878863787e-14,1.1580009684467164e-09
11083776.0,1.0,1.0,11083776.0,3.3810550424580774e-06,4.439576347200121e-06,11083776.0,6.925225670695312e-11,1.163153097864257e-09
11096064.0,1.0,1.0,11096064.0,2.9416551114991307e-06,4.119814987291192e-06,11096064.0,6.690716412618054e-14,1.1631551058861887e-09
11108352.0,1.0,1.0,11108352.0,1.079015297970424e-05,4.743662687189954e-06,11108352.0,1.2431996093405958e-16,5.264339832423015e-10
11120640.0,1.0,1.0,11120640.0,1.0383781242258767e-09,4.743582952615455e-06,11120640.0,1.0573598169495701e-19,5.26331803573227e-10
11132928.0,1.0,1.0,11132928.0,2.9716209004012246e-05,7.707853377943625e-06,11132928.0,7.015761601299649e-09,1.2279079473184708e-09
11145216.0,1.0,1.0,11145216.0,3.9360616938211024e-05,1.1643863600404222e-05,11145216.0,2.506482058943031e-10,1.2529727670965179e-09
11157504.0,1.0,1.0,11157504.0,5.3704582872645306e-06,1.1951215769127423e-05,11157504.0,3.5361100260306956e-14,1.2529763015545495e-09
11169792.0,1.0,1.0,11169792.0,3.26886369824327e-10,1.0975821028980092e-05,11169792.0,3.418484014379904e-10,7.679954534808221e-10
11182080.0,1.0,1.0,11182080.0,1.085974993960311e-05,1.0658399617039885e-05,11182080.0,1.518032119278423e-14,7.677659785538057e-10
11194368.0,1.0,1.0,11194368.0,1.8959912750915464e-08,1.0244022247999733e-05,11194368.0,1.2649256868003135e-15,7.677629303275857e-10
11206656.0,1.0,1.0,11206656.0,2.6580669024648767e-05,1.2563983646218802e-05,11206656.0,3.0627128700476814e-18,7.608377049631617e-10
11218944.0,1.0,1.0,11218944.0,9.840632022436088e-06,1.3253881337312497e-05,11218944.0,5.199481747636974e-17,7.60831019446231e-10
11231232.0,1.0,1.0,11231232.0,1.0774951078929007e-05,1.3252361147234976e-05,11231232.0,1.9391355188247417e-09,9.54744558896709e-10
11243520.0,1.0,1.0,11243520.0,1.1859414371429011e-05,1.4438198746565453e-05,11243520.0,5.2978651558325635e-12,9.552743454017186e-10
11255808.0,1.0,1.0,11255808.0,5.219123219527925e-06,1.198849016811702e-05,11255808.0,2.398585034294835e-11,2.5609677030604867e-10
11268096.0,1.0,1.0,11268096.0,4.298109949255983e-05,1.2350538423551902e-05,11268096.0,2.1340311462392236e-11,2.331659808628575e-10
11280384.0,1.0,1.0,11280384.0,7.343924759576718e-06,1.254788507078312e-05,11280384.0,3.085831151153004e-14,2.3316553058398266e-10
11292672.0,1.0,1.0,11292672.0,5.340080436629554e-05,1.788793281877569e-05,11292672.0,2.040499943539146e-17,1.9898069248068353e-10
11304960.0,1.0,1.0,11304960.0,7.398334370615582e-06,1.7541791261876936e-05,11304960.0,2.771088225441792e-20,1.989791744513354e-10
11317248.0,1.0,1.0,11317248.0,1.8801453431175712e-06,1.77279098049136e-05,11317248.0,3.843136179663513e-09,5.83292665925118e-10
11329536.0,1.0,1.0,11329536.0,9.226639425226798e-06,1.5992506844971404e-05,11329536.0,1.0619433573240874e-11,5.843546089761708e-10
11341824.0,1.0,1.0,11341824.0,1.730070001334146e-07,1.502574434274114e-05,11341824.0,3.525232767735235e-12,5.847071270534625e-10
11354112.0,1.0,1.0,11354112.0,2.2102086707794417e-05,1.615845790562768e-05,11354112.0,4.596516944843643e-09,8.504452696553527e-10
11366400.0,1.0,1.0,11366400.0,9.075982158416689e-08,1.4981592450643194e-05,11366400.0,3.7487714032539515e-13,8.499529708538018e-10
11378688.0,1.0,1.0,11378688.0,7.063953186540554e-06,1.5166075447344458e-05,11378688.0,4.73534672664327e-15,8.475548593541798e-10
11390976.0,1.0,1.0,11390976.0,6.074476914363913e-06,1.1475413189524868e-05,11390976.0,5.361685468895219e-19,8.454208282615572e-10
11403264.0,1.0,1.0,11403264.0,4.8817282731761225e-06,1.1229193540884808e-05,11403264.0,6.89241551202549e-14,8.454246348459183e-10
11415552.0,1.0,1.0,11415552.0,2.5830896144422393e-05,8.472202718697493e-06,11415552.0,1.7324535879955267e-09,1.018669991604971e-09
11427840.0,1.0,1.0,11427840.0,1.2394356114479402e-05,8.971804893083876e-06,11427840.0,1.7469243644245106e-13,1.0186874608458443e-09
11440128.0,1.0,1.0,11440128.0,6.5524921713707345e-06,9.439039575909192e-06,11440128.0,7.55455883035457e-11,6.419284017098474e-10
11452416.0,1.0,1.0,11452416.0,9.269662162599465e-06,9.443341849646458e-06,11452416.0,2.4543359243104726e-12,6.411118919449544e-10
11464704.0,1.0,1.0,11464704.0,5.201682021530966e-05,1.4627723171164083e-05,11464704.0,3.179253735274834e-13,6.407911612055337e-10
11476992.0,1.0,1.0,11476992.0,7.1027146380705135e-06,1.3127785964191694e-05,11476992.0,6.429635196705282e-17,1.8113947315080457e-10
11489280.0,1.0,1.0,11489280.0,1.3768774806521833e-05,1.449558746268546e-05,11489280.0,1.7072167868755132e-16,1.811020025089399e-10
11501568.0,1.0,1.0,11501568.0,5.4339840668641654e-06,1.4332590550717819e-05,11501568.0,1.5153276781513607e-11,1.826168566524186e-10
11513856.0,1.0,1.0,11513856.0,1.1576097070549926e-05,1.4882752566336421e-05,11513856.0,7.363710567235653e-11,1.8998056716603738e-10
11526144.0,1.0,1.0,11526144.0,1.0956728753323356e-05,1.5490252614351145e-05,11526144.0,2.79585816304051e-13,1.9000163333215577e-10
11538432.0,1.0,1.0,11538432.0,6.45743275526911e-05,1.9364595755178015e-05,11538432.0,2.42109721160233e-10,4.0967246648626396e-11
11550720.0,1.0,1.0,11550720.0,6.86163790912057e-06,1.881132393464213e-05,11550720.0,1.1781258838864753e-11,4.2127903288868626e-11
11563008.0,1.0,1.0,11563008.0,4.185159923508763e-06,1.8574590709855934e-05,11563008.0,4.532849383386342e-15,3.45737977434524e-11
11575296.0,1.0,1.0,11575296.0,9.41029550934521e-06,1.8588654044530512e-05,11575296.0,6.3485836286574026e-18,3.4328364785879716e-11
11587584.0,1.0,1.0,11587584.0,2.2004266308310132e-05,1.558739865383056e-05,11587584.0,3.397747268725955e-10,6.827404493578651e-11
11599872.0,1.0,1.0,11599872.0,2.5164636705691617e-05,1.7393590860592666e-05,11599872.0,5.021317563136396e-13,6.832425168178269e-11
11612160.0,1.0,1.0,11612160.0,7.350457356854652e-06,1.675175911562595e-05,11612160.0,7.369869992057687e-11,7.56941046016725e-11
11624448.0,1.0,1.0,11624448.0,1.4116825089634707e-05,1.7620043217903005e-05,11624448.0,9.489074711173846e-10,1.6906952403525958e-10
11636736.0,1.0,1.0,11636736.0,1.3904941927952072e-05,1.785292770364322e-05,11636736.0,6.256224704959124e-11,1.6796203817298307e-10
11649024.0,1.0,1.0,11649024.0,2.2853263847840328e-05,1.9042581213094917e-05,11649024.0,3.0901258340710358e-15,1.6793438860393608e-10
11661312.0,1.0,1.0,11661312.0,4.276477739040274e-06,1.3012796231729835e-05,11661312.0,9.928854915591891e-17,1.437234264167677e-10
11673600.0,1.0,1.0,11673600.0,1.7036178178386763e-05,1.4030250258656452e-05,11673600.0,6.440703526067182e-10,2.0695233579355306e-10
11685888.0,1.0,1.0,11685888.0,3.7784690600043782e-06,1.3989581172306012e-05,11685888.0,3.780478534387566e-13,2.0698968729395857e-10
11698176.0,1.0,1.0,11698176.0,2.215317787583141e-06,1.3270083400129803e-05,11698176.0,8.580130680021133e-10,2.9279099345931155e-10
11710464.0,1.0,1.0,11710464.0,8.06476418802049e-06,1.1876133188100844e-05,11710464.0,6.75404177030714e-13,2.588810611897551e-10
11722752.0,1.0,1.0,11722752.0,3.1100723087244355e-06,9.670676748404124e-06,11722752.0,7.768587254967466e-10,3.3651672056379836e-10
11735040.0,1.0,1.0,11735040.0,3.971351664707375e-06,9.332766179189397e-06,11735040.0,8.634171055530403e-15,3.291477139888462e-10
11747328.0,1.0,1.0,11747328.0,3.149187735592326e-05,1.1070271405818249e-05,11747328.0,2.5259990677565145e-15,2.3425721947701454e-10
11759616.0,1.0,1.0,11759616.0,8.003824405022897e-06,1.0480159653525334e-05,11759616.0,1.7723052655090518e-10,2.4572404742714596e-10
11771904.0,1.0,1.0,11771904.0,3.7202468471756824e-06,8.56685795345887e-06,11771904.0,2.9883516632020955e-14,2.4572672676622575e-10
11784192.0,1.0,1.0,11784192.0,2.064046081310759e-05,1.0203256260865603e-05,11784192.0,1.2023642173043803e-13,2.457387404795439e-10
11796480.0,1.0,1.0,11796480.0,5.713279582172011e-06,9.070966401244127e-06,11796480.0,2.3856712901467365e-11,1.8371737650901877e-10
11808768.0,1.0,1.0,11808768.0,2.9697407929537196e-05,1.1662860288197407e-05,11808768.0,9.378435805729168e-10,2.7746392978096653e-10
11821056.0,1.0,1.0,11821056.0,1.8971628984824445e-06,1.1631044799287338e-05,11821056.0,2.6417844763611715e-11,1.9430440745711643e-10
11833344.0,1.0,1.0,11833344.0,4.526234382259038e-06,1.1277191818711194e-05,11833344.0,1.115893853738161e-14,1.9423798293326712e-10
11845632.0,1.0,1.0,11845632.0,5.90577838011086e-05,1.687196296794961e-05,11845632.0,4.649242472491248e-10,1.6304453510850487e-10
11857920.0,1.0,1.0,11857920.0,6.098799228008526e-06,1.7084707724279725e-05,11857920.0,2.1315205098645004e-13,1.6306498689649799e-10
11870208.0,1.0,1.0,11870208.0,1.2324472966914376e-05,1.5167967285378836e-05,11870208.0,1.933616694043168e-15,1.6306492765826062e-10
11882496.0,1.0,1.0,11882496.0,1.1133847389525423e-05,1.5480969583829092e-05,11882496.0,2.853705605154744e-10,1.7387893105471751e-10
11894784.0,1.0,1.0,11894784.0,1.697875268291682e-05,1.68068201674032e-05,11894784.0,1.36976770666782e-09,3.1085271336983636e-10
11907072.0,1.0,1.0,11907072.0,1.4645988509679833e-05,1.6207372937060427e-05,11907072.0,3.183595516838741e-11,3.1402428524450206e-10
11919360.0,1.0,1.0,11919360.0,9.617357136448845e-06,1.659778069248811e-05,11919360.0,3.1545346485436127e-13,3.1167015930084074e-10
11931648.0,1.0,1.0,11931648.0,8.632263416075148e-06,1.4491266241141906e-05,11931648.0,3.6389143550271306e-09,5.817772367462621e-10
11943936.0,1.0,1.0,11943936.0,7.127193384803832e-06,1.5014269289774044e-05,11943936.0,8.889795728254472e-13,5.792243502271835e-10
11956224.0,1.0,1.0,11956224.0,2.0763786778843496e-06,1.4769283719336575e-05,11956224.0,6.983160975108001e-15,5.792239326494274e-10
11968512.0,1.0,1.0,11968512.0,1.7319400891816866e-05,1.0595445428407401e-05,11968512.0,9.87051107514958e-10,6.314366186760106e-10
11980800.0,1.0,1.0,11980800.0,1.235540306273227e-05,1.1221105811879776e-05,11980800.0,6.860909063099996e-11,6.382762125340119e-10
11993088.0,1.0,1.0,11993088.0,8.550989150535315e-06,1.084375743024187e-05,11993088.0,1.8170481415798652e-09,8.19980833330329e-10
12005376.0,1.0,1.0,12005376.0,3.0120014950322607e-06,1.0031572840792553e-05,12005376.0,4.440377752989999e-12,7.918878150540807e-10
12017664.0,1.0,1.0,12017664.0,2.6369210293826956e-05,1.0970618601883566e-05,12017664.0,1.7930776085922293e-14,6.549128374649071e-10
12029952.0,1.0,1.0,12029952.0,1.8782778473299306e-06,9.693847535648576e-06,12029952.0,5.208564699335505e-13,6.517813275950618e-10
12042240.0,1.0,1.0,12042240.0,6.614269902153562e-06,9.39353881221905e-06,12042240.0,1.693023614820118e-13,6.517667124847245e-10
12054528.0,1.0,1.0,12054528.0,4.6608735525902984e-06,8.996399825870564e-06,12054528.0,2.128548596639727e-09,5.007301366459842e-10
12066816.0,1.0,1.0,12066816.0,1.5623675911532093e-05,9.84604807854339e-06,12066816.0,2.2731002265648687e-11,5.029143389152664e-10
12079104.0,1.0,1.0,12079104.0,3.4964790150600797e-06,9.988058112260961e-06,12079104.0,2.3512312467370105e-11,5.05264871845906e-10
12091392.0,1.0,1.0,12091392.0,3.4975885985962427e-06,8.6058768829389e-06,12091392.0,6.709401090265743e-11,4.1326916218467596e-10
12103680.0,1.0,1.0,12103680.0,4.691205200894426e-06,7.839457096755116e-06,12103680.0,9.644185045472782e-13,4.0650469497203067e-10
12115968.0,1.0,1.0,12115968.0,6.157302171535169e-06,7.6000883988551026e-06,12115968.0,2.7756795380658636e-09,5.023678346206305e-10
12128256.0,1.0,1.0,12128256.0,7.132656416312481e-06,8.012153890983123e-06,12128256.0,3.033897207534627e-12,5.02227186566085e-10
12140544.0,1.0,1.0,12140544.0,7.289972321207945e-06,6.104230093721223e-06,12140544.0,1.3692653510598979e-14,5.022267627538274e-10
12152832.0,1.0,1.0,12152832.0,7.84881558502093e-06,6.701283867490323e-06,12152832.0,3.374656850259801e-10,5.359212456094322e-10
12165120.0,1.0,1.0,12165120.0,2.4713444872759283e-06,6.28699132600256e-06,12165120.0,3.0722790052746994e-11,5.389765943785586e-10
12177408.0,1.0,1.0,12177408.0,6.307577374779309e-06,6.451661708221461e-06,12177408.0,7.095438241585169e-13,3.2619268909700185e-10
12189696.0,1.0,1.0,12189696.0,3.426759273376471e-07,4.923561709802015e-06,12189696.0,1.985586232470619e-11,3.2590517510290755e-10
12201984.0,1.0,1.0,12201984.0,1.5065934955297658e-05,6.080507303825773e-06,12201984.0,4.7205024177737753e-14,3.2355866435858835e-10
12214272.0,1.0,1.0,12214272.0,6.033307120863658e-06,6.334079156052515e-06,12214272.0,3.328171072070063e-11,3.2017743434039266e-10
12226560.0,1.0,1.0,12226560.0,3.391383870621212e-06,6.204097023025193e-06,12226560.0,1.1022284792059726e-13,3.2009201477473e-10
12238848.0,1.0,1.0,12238848.0,3.348147098828728e-06,5.92318151575455e-06,12238848.0,1.6522917655030964e-13,4.254058388579863e-11
12251136.0,1.0,1.0,12251136.0,4.614020629863565e-06,5.671317937109658e-06,12251136.0,1.1920855969016486e-10,5.4158050134061655e-11
12263424.0,1.0,1.0,12263424.0,7.871937365659202e-06,5.729514441554784e-06,12263424.0,1.592190825074983e-13,5.417260277696134e-11
12275712.0,1.0,1.0,12275712.0,1.3690326644185309e-06,5.081536149494544e-06,12275712.0,3.54415126876025e-10,5.586754696196583e-11
12288000.0,1.0,1.0,12288000.0,7.3931563141134875e-06,5.573717332178301e-06,12288000.0,6.005673967394524e-12,5.339583535343058e-11
