v1_adventurer_(bigan_novelty)_timesteps,v1_adventurer_(bigan_novelty)_score,v1_adventurer_(bigan_novelty)_score_mean,v2_latent_discrepancy_timesteps,v2_latent_discrepancy_score,v2_latent_discrepancy_score_mean,v3_latent_plus_clamped_eme_timesteps,v3_latent_plus_clamped_eme_score,v3_latent_plus_clamped_eme_score_mean,v4_latent_plus_normalised_eme_timesteps,v4_latent_plus_normalised_eme_score,v4_latent_plus_normalised_eme_score_mean
12288.0,0.08905605908754903,0.08905605908754903,12288.0,-0.13396566627974002,-0.13396566627974002,12288.0,-0.13396566627974002,-0.13396566627974002,12288.0,-0.09275557449048695,-0.09275557449048695
24576.0,-1.5519305784255266,-0.7314372596689888,24576.0,-1.3660605506350596,-0.7500131084573998,24576.0,-1.3660605506350596,-0.7500131084573998,24576.0,-0.9329848196357489,-0.5128701970631179
36864.0,-1.548247454687953,-1.00370732467531,36864.0,-0.8212526403367519,-0.7737596190838505,36864.0,-0.8212526403367519,-0.7737596190838505,36864.0,-0.786940016473333,-0.6042268035331896
49152.0,-1.551298430810372,-1.1406051012090757,49152.0,-0.6720112282782793,-0.7483225213824577,49152.0,-0.6720112282782793,-0.7483225213824577,49152.0,-0.5721089070041975,-0.5961973294009416
61440.0,-1.6775943736235301,-1.2480029556919665,61440.0,-0.58872106919686,-0.7164022309453382,61440.0,-0.58872106919686,-0.7164022309453382,61440.0,-0.5271654427051544,-0.5823909520617842
73728.0,-1.7167283470431964,-1.326123854250505,73728.0,-0.5153041143591205,-0.6828858781809686,73728.0,-0.5153041143591205,-0.6828858781809686,73728.0,-0.46913708249727887,-0.5635153071343666
86016.0,-1.6673756080369155,-1.3748741047914206,86016.0,-0.4653608373676737,-0.6518108723504978,86016.0,-0.4653608373676737,-0.6518108723504978,86016.0,-0.42490202747285366,-0.5437134100398647
98304.0,-1.6522642051180203,-1.4095478673322457,98304.0,-0.42904870429386693,-0.6239656013434189,98304.0,-0.42904870429386693,-0.6239656013434189,98304.0,-0.40000306876997155,-0.525749617381128
110592.0,-1.5957150260607402,-1.4302331071909673,110592.0,-0.40936583187431097,-0.6001211825135181,110592.0,-0.40936583187431097,-0.6001211825135181,110592.0,-0.37746373377740383,-0.5092734080918253
122880.0,-1.3958881304909785,-1.4267986095209684,122880.0,-0.38178332646687824,-0.578287396908854,122880.0,-0.38178332646687824,-0.578287396908854,122880.0,-0.3498558403613667,-0.4933316513187795
135168.0,-1.6884478454788525,-1.6045489999776088,135168.0,-0.3647235656778018,-0.6013631868486603,135168.0,-0.3647235656778018,-0.6013631868486603,135168.0,-0.33452229217315715,-0.5175083230870466
147456.0,-1.9252218008041382,-1.64187812221547,147456.0,-0.34698123919467133,-0.4994552557046215,147456.0,-0.34698123919467133,-0.4994552557046215,147456.0,-0.3212790531106293,-0.4563377464345346
159744.0,-2.0925652608275414,-1.6963099028294284,159744.0,-0.32934668892994523,-0.4502646605639408,159744.0,-0.32934668892994523,-0.4502646605639408,159744.0,-0.3052010514462988,-0.4081638499318312
172032.0,-2.1475261015196643,-1.7559326699003577,172032.0,-0.3161953892558813,-0.41468307666170096,172032.0,-0.3161953892558813,-0.41468307666170096,172032.0,-0.29490016323203844,-0.38044297555461526
184320.0,-2.1390961284438768,-1.8020828453823925,184320.0,-0.3033788160731395,-0.38614885134932897,184320.0,-0.3033788160731395,-0.38614885134932897,184320.0,-0.28002112250154215,-0.35572854353425404
196608.0,-2.1009602211415768,-1.8405060327922307,196608.0,-0.29106946165362996,-0.3637253860787799,196608.0,-0.2873278351811071,-0.36335122343152765,196608.0,-0.27515496251483756,-0.33633033153600994
208896.0,-2.0196357841293016,-1.875732050401469,208896.0,-0.2820690958760679,-0.3453962119296193,208896.0,-0.28233895683661103,-0.34504903537842135,208896.0,-0.26114662100250524,-0.3199547908889751
221184.0,-1.8769798738261063,-1.8982036172722776,221184.0,-0.2728426217411955,-0.32977560367435216,221184.0,-0.27333760680630803,-0.32947792562966544,221184.0,-0.25961042831962305,-0.30591552684394024
233472.0,-1.8448754474520683,-1.9231196594114102,233472.0,-0.2657300781769057,-0.3154120283046117,233472.0,-0.2652714173309505,-0.3150684841753294,233472.0,-0.24963087448850274,-0.29313224091505014
245760.0,-1.8872601961096127,-1.9722568659732738,245760.0,-0.25823826358343166,-0.303057522016267,245760.0,-0.25832509777198237,-0.3027226613058398,245760.0,-0.24489471207683286,-0.2826361280865967
258048.0,-1.9452262843648593,-1.9979347098618745,258048.0,-0.2526982738636434,-0.29185499283485117,258048.0,-0.2512312149628997,-0.2913734262343496,258048.0,-0.2367249191738665,-0.2728563907866677
270336.0,-1.976714118073384,-2.003083941588799,270336.0,-0.24499790060023466,-0.2816566589754074,270336.0,-0.24371239449828863,-0.28104654176471133,270336.0,-0.23389688848207393,-0.2641181743238121
282624.0,-1.9863953031599522,-1.9924669458220403,282624.0,-0.23635752219706774,-0.27235774230211973,282624.0,-0.2408793579476575,-0.2721998086664825,282624.0,-0.22636346767346063,-0.2562344159465283
294912.0,-1.9662067852914333,-1.974335014199217,294912.0,-0.23021761033063134,-0.26375996440959476,294912.0,-0.2224813769571483,-0.26282840743660923,294912.0,-0.2212891960516572,-0.24887331922849015
307200.0,-1.926668566962083,-1.9530922580510375,307200.0,-0.2236031237989664,-0.2557823951821775,307200.0,-0.22685279805834094,-0.25517580563512937,307200.0,-0.21649644120285907,-0.24252085109862187
319488.0,-1.8875923566520214,-1.9317554716020822,319488.0,-0.21552088701476654,-0.24822753771829106,319488.0,-0.2189326761290431,-0.248336289729923,319488.0,-0.21405699398989478,-0.2364110542461276
331776.0,-1.8543958105146885,-1.915231474240621,331776.0,-0.2104796951947113,-0.24106859765015548,331776.0,-0.21602944067368904,-0.2417053381136308,331776.0,-0.2063147850955526,-0.2309278706554323
344064.0,-1.8055654702087243,-1.9080900338788827,344064.0,-0.20833242948477468,-0.23461757842451333,344064.0,-0.20440237363800406,-0.2348118147968004,344064.0,-0.20351821773995957,-0.225318649597466
356352.0,-1.7653834410011768,-1.9001408332337935,356352.0,-0.1935065417395284,-0.22739522478077565,356352.0,-0.20051464531570673,-0.22833613759527602,356352.0,-0.2017786012341579,-0.22053342227203152
368640.0,-1.7291235749920209,-1.8843271711220342,368640.0,-0.18557559326291084,-0.22012895774872354,368640.0,-0.19936366736268005,-0.22243999455434582,368640.0,-0.19667716464027762,-0.21571166752837598
380928.0,-1.6576890796422958,-1.8555734506497779,380928.0,-0.18048592998335758,-0.21290772336069494,380928.0,-0.19990255388741693,-0.2173071284467975,380928.0,-0.19472307929148278,-0.21151148354013763
393216.0,-1.5860175689061482,-1.8165037957330543,393216.0,-0.1808027356552581,-0.2064882068661973,393216.0,-0.1986623591122528,-0.21280212490819395,393216.0,-0.19266038745020828,-0.20738783343695105
405504.0,-1.515018882850806,-1.76936615370214,405504.0,-0.1785122069219748,-0.200703675338688,405504.0,-0.19584942826380333,-0.2082991319398085,405504.0,-0.18962869669000307,-0.2037143563386053
417792.0,-1.4761568990846474,-1.7203611650814612,417792.0,-0.17478779268761477,-0.19516069357438634,417792.0,-0.19238712328175703,-0.20528970657226936,417792.0,-0.18673377685869733,-0.2002588144193093
430080.0,-1.4506597593426704,-1.67276028431952,430080.0,-0.17256451087693372,-0.1900568322821831,430080.0,-0.18953546648845077,-0.20155797341528042,430080.0,-0.1836174294973413,-0.19697091324875754
442368.0,-1.436857885370652,-1.627686837191383,442368.0,-0.16994210107562444,-0.18549895368826885,442368.0,-0.18640059450020394,-0.19830476525239646,442368.0,-0.18104061484336853,-0.1936692753341049
454656.0,-1.4205375326176484,-1.584301009401679,454656.0,-0.16767684331474206,-0.1812186685002719,454656.0,-0.18355722508082786,-0.19505754369311035,454656.0,-0.17865416004012027,-0.19090321282856165
466944.0,-1.3803396423657734,-1.541778426617384,466944.0,-0.16618027056877813,-0.17700345260867228,466944.0,-0.1805885935512682,-0.19267616568443677,466944.0,-0.17618103496109447,-0.18816949455067516
479232.0,-1.2653475385159254,-1.4917748363688588,479232.0,-0.16489547219437858,-0.1741423456541573,479232.0,-0.178677789401263,-0.19049248009299238,479232.0,-0.1738076239513854,-0.18537239682239792
491520.0,-1.2903987715641658,-1.4479023560260733,491520.0,-0.1633391798629115,-0.17191870431415737,491520.0,-0.17602932561809817,-0.18815904591853422,491520.0,-0.171526534948498,-0.18285733385321995
503808.0,-1.3681801470617454,-1.418951462768018,503808.0,-0.16370851166235903,-0.1702409624820575,503808.0,-0.17408316597963372,-0.18557710712775588,503808.0,-0.1693292654429873,-0.1803179524683704
516096.0,-1.455239124596119,-1.4058736183370153,516096.0,-0.16337333068562052,-0.16849802198509375,516096.0,-0.1717774405454596,-0.18288861527107655,516096.0,-0.16720658858927587,-0.17777257258227713
528384.0,-1.5462553116182487,-1.4089972612137596,528384.0,-0.1629876421454052,-0.1669455655074368,528384.0,-0.16998977027833462,-0.1803026494725297,528384.0,-0.16515837733944258,-0.1753255406472211
540672.0,-1.606133750329415,-1.4219949463382364,540672.0,-0.16343458369374275,-0.1658102446080496,540672.0,-0.16763625177554786,-0.17782756232190877,540672.0,-0.16305765571693578,-0.17295792853304495
552960.0,-1.642164457589388,-1.4411454161629078,552960.0,-0.1636061551204572,-0.16491440903240193,552960.0,-0.1652143259998411,-0.17539544827304782,552960.0,-0.16090739440793791,-0.17068692502410462
565248.0,-1.6596145344277222,-1.4634210810686152,565248.0,-0.1636917022212098,-0.16428936914696052,565248.0,-0.16400957107543945,-0.17315634593057133,565248.0,-0.15708281029947102,-0.16829114456971486
577536.0,-1.6661829265455406,-1.4879856204614044,577536.0,-0.16448770936888954,-0.1639704557523752,577536.0,-0.16187427658587694,-0.17098805108107626,577536.0,-0.15705552184954286,-0.1661312807506571
589824.0,-1.6681093188623588,-1.5167625881110627,589824.0,-0.16470681293867528,-0.16382310998936495,589824.0,-0.1601526796196898,-0.1689444596879184,589824.0,-0.15439985475192466,-0.16395316272974014
602112.0,-1.6657972087462742,-1.5568075551340979,602112.0,-0.16396735492162406,-0.16373029826208949,602112.0,-0.15825739883196852,-0.16690242063098898,602112.0,-0.15323658341852328,-0.1618960586764539
614400.0,-1.6590091722706954,-1.5936685952047507,614400.0,-0.1627223708977302,-0.16366861736557137,614400.0,-0.15622504171915352,-0.16492199224109452,614400.0,-0.15176299509281913,-0.15991970469088604
626688.0,-1.6500207496186097,-1.621852655460437,626688.0,-0.16140360455028713,-0.16343812665436414,626688.0,-0.15493538378116986,-0.16300721402124813,626688.0,-0.14838307125804326,-0.15782508527239164
638976.0,-1.6430181004106998,-1.6406305530418954,638976.0,-0.16037731935891011,-0.16313852552169314,638976.0,-0.15299681884547076,-0.16112915185124924,638976.0,-0.14798698582065603,-0.15590312499552963
651264.0,-1.634482021133105,-1.649453223993381,651264.0,-0.15871487697586417,-0.16271124900473904,651264.0,-0.15206625560919443,-0.15933680038433523,651264.0,-0.14556663033242026,-0.1539439502948274
663552.0,-1.6227291623751323,-1.6511127651979525,663552.0,-0.15701588864127794,-0.16206937949949257,663552.0,-0.15003487879099944,-0.15757666308588042,663552.0,-0.14515501152103147,-0.15215368587523698
675840.0,-1.6114009643594425,-1.648036415874958,675840.0,-0.15583423183610043,-0.16129218717105687,675840.0,-0.1494872133092334,-0.1560039518168196,675840.0,-0.14190808784527084,-0.15025375521897028
688128.0,-1.600772502521674,-1.642152212684353,688128.0,-0.15509420509139696,-0.1604324374580756,688128.0,-0.14771616140690944,-0.1543746108499666,688128.0,-0.14068655110895634,-0.14861412929991882
700416.0,-1.5918926782906055,-1.6347231878588595,700416.0,-0.15345026110298932,-0.15932869263148558,700416.0,-0.1466214976583918,-0.1528493329572181,700416.0,-0.14117739318559566,-0.1470263164335241
712704.0,-1.5865552574396133,-1.6265677817165851,712704.0,-0.15224974524850646,-0.15808298586246866,712704.0,-0.14536092849448323,-0.15137015784469743,712704.0,-0.1419009210076183,-0.14577642305909347
724992.0,-1.5811555422842503,-1.618103615070383,724992.0,-0.1507967122209569,-0.15676592159240194,724992.0,-0.14404464901114503,-0.1499488828626151,724992.0,-0.13818969461135566,-0.1442717341783767
737280.0,-1.5762275258700054,-1.6098254504303138,737280.0,-0.14960203886342546,-0.15545388838897148,737280.0,-0.14343372530614337,-0.14866975122131407,737280.0,-0.13316249808607003,-0.14241168447770178
749568.0,-1.5694035316507022,-1.601763728633523,749568.0,-0.14846117693620423,-0.15415964562756318,749568.0,-0.1414629426629593,-0.147322507109493,749568.0,-0.1383039595093578,-0.14140377330283324
761856.0,-1.562405242274205,-1.5937024428198734,761856.0,-0.14771221205592155,-0.15289313489726436,761856.0,-0.14024152552398542,-0.1460469777773445,761856.0,-0.1374163281482955,-0.1403467075355972
774144.0,-1.5567987027267616,-1.585934110979239,774144.0,-0.1463919209005932,-0.15166083928973723,774144.0,-0.13827941574466726,-0.14466829379089177,774144.0,-0.13629218757463,-0.13941926325981813
786432.0,-1.5526386586328347,-1.5789250606050094,786432.0,-0.1454415643432488,-0.15050340685993432,786432.0,-0.1359876017086208,-0.1432635660826539,786432.0,-0.13519503370237848,-0.13842326547795286
798720.0,-1.5477885864675045,-1.5725638228158156,798720.0,-0.14414582261815667,-0.14933456593813993,798720.0,-0.13339516373040775,-0.14165436112477134,798720.0,-0.13412395888008177,-0.13764485258143394
811008.0,-1.540997142593066,-1.5665862868229548,811008.0,-0.14339752371112505,-0.14816489780011277,811008.0,-0.13197716767899692,-0.1400804617519801,811008.0,-0.1330779178533703,-0.13688398925587536
823296.0,-1.5068684617678325,-1.5580838651706774,823296.0,-0.14236848669437072,-0.1470567203592509,823296.0,-0.13033595766561726,-0.13845190775270264,823296.0,-0.13205599241579571,-0.13597184917889538
835584.0,-1.4859367236495018,-1.5480220117916663,835584.0,-0.1411983915604651,-0.14595158499044675,835584.0,-0.12940216452504197,-0.13685603135575852,835584.0,-0.13105726001473764,-0.13488748307960732
847872.0,-1.46650701140364,-1.5365571587036053,847872.0,-0.14031383115798235,-0.14490329688414932,847872.0,-0.1282277813491722,-0.13527434458956122,847872.0,-0.1300808269685755,-0.13407659631532928
860160.0,-1.45003521318237,-1.523937927434842,860160.0,-0.13921085473460457,-0.1438641784712672,860160.0,-0.12655095236065486,-0.13358606729501238,860160.0,-0.12912591422597566,-0.13367293792931983
872448.0,-1.4343841535349686,-1.5104359896232684,872448.0,-0.13767080668670437,-0.1427851414463172,872448.0,-0.12570559419691563,-0.132010332448408,872448.0,-0.12819173008513948,-0.132661714986898
884736.0,-1.4142398610711098,-1.495619451502959,884736.0,-0.13636856526136398,-0.1416507767668615,884736.0,-0.12499560493354996,-0.13048574038936445,884736.0,-0.1272775452428808,-0.13164783669635655
897024.0,-1.3944966693719227,-1.479389248167475,897024.0,-0.13531312819880745,-0.1405428974966829,897024.0,-0.12369219919977088,-0.12902701873487482,897024.0,-0.12638260245633623,-0.13065687818452715
909312.0,-1.3781074744959672,-1.4619361297537885,909312.0,-0.13450415207383534,-0.13944915626974155,909312.0,-0.12318258639425039,-0.12774651720343777,909312.0,-0.12550633074715734,-0.12968800788900503
921600.0,-1.3668084939320881,-1.4438381205002468,921600.0,-0.13368256708296636,-0.13840283071622253,921600.0,-0.12172425864264369,-0.12657942669466138,921600.0,-0.12464799623315533,-0.1287404116243124
933888.0,-1.3519286786516507,-1.4249312741061053,933888.0,-0.13277026258098582,-0.1373401046032086,933888.0,-0.12095983854184549,-0.12547769378094625,933888.0,-0.12380702514201403,-0.12781332235317674
946176.0,-1.3359892753263314,-1.4078433554619552,946176.0,-0.13226396458533904,-0.13632965239230543,946176.0,-0.1201869211314867,-0.12446279012753318,946176.0,-0.1229829234847178,-0.12690601546006897
958464.0,-1.3260947993646066,-1.3918591630334656,958464.0,-0.13181779572429755,-0.13539159280868868,958464.0,-0.11872619087807834,-0.12339519276283681,958464.0,-0.12178761892331143,-0.12597905135092635
970752.0,-1.3198929199328024,-1.3771977538863818,970752.0,-0.13084104106140634,-0.13444431379903107,970752.0,-0.11894733939940731,-0.12246714856786031,970752.0,-0.11877043390025695,-0.1248480120440945
983040.0,-1.311709084858497,-1.3633651410539946,983040.0,-0.1304891131973515,-0.13357213964530576,983040.0,-0.1171269544089834,-0.12152474877269319,983040.0,-0.11793546634726226,-0.12372896725622315
995328.0,-1.3012894360969465,-1.3500556693101922,995328.0,-0.12930790785079202,-0.13273584976171454,995328.0,-0.11614764217908184,-0.1205689535709098,995328.0,-0.11733209225349128,-0.12264300347305834
1007616.0,-1.2941466712703307,-1.3380463503301143,1007616.0,-0.12768187552380064,-0.1318671807879582,1007616.0,-0.11531682560841243,-0.11960107563839606,1007616.0,-0.11647258256562054,-0.12156250720533232
1019904.0,-1.2842069442073505,-1.327017377813657,1019904.0,-0.12691365422991416,-0.13102723339106886,1019904.0,-0.11367195363466938,-0.11859905108188588,1019904.0,-0.1158263017423451,-0.1205068771339332
1032192.0,-1.280925028026104,-1.3172991331666706,1032192.0,-0.1273679391015321,-0.13031361209383854,1032192.0,-0.11254683493946989,-0.11753547593640783,1032192.0,-0.11530140771841009,-0.11948638483105847
1044480.0,-1.275654638806979,-1.3081837476541598,1044480.0,-0.1263600621993343,-0.12958136160547534,1044480.0,-0.11176433810032904,-0.11653948388217639,1044480.0,-0.11432650211888055,-0.118454235419631
1056768.0,-1.2720528282225132,-1.300196162611246,1056768.0,-0.12544118124060333,-0.1288484534714371,1056768.0,-0.11045978350254397,-0.11548947837824623,1056768.0,-0.11383608100004494,-0.1174571410054341
1069056.0,-1.2664684988558292,-1.293244084964196,1069056.0,-0.125180749145026,-0.12814013192740578,1069056.0,-0.11007761280052364,-0.11447854754514993,1069056.0,-0.11309139834096034,-0.11646798849105833
1081344.0,-1.2583598370353382,-1.286470588731269,1081344.0,-0.12451660066532592,-0.12741001242150865,1081344.0,-0.10822341761862238,-0.11342827021920432,1081344.0,-0.11250803208289047,-0.11554002980701623
1093632.0,-1.2526012926052015,-1.279741425998509,1093632.0,-0.12378764610427122,-0.12670467292579513,1093632.0,-0.10770035488530993,-0.1123035717677946,1093632.0,-0.11188221932388842,-0.11485120834937938
1105920.0,-1.2467512525618076,-1.27324564276884,1105920.0,-0.12342480764103432,-0.1259982423701634,1105920.0,-0.10550423339009285,-0.11114129966590554,1105920.0,-0.11130108800716698,-0.11418777051536988
1118208.0,-1.2407587667306264,-1.267192575832208,1118208.0,-0.1226721106407543,-0.1253346626491596,1118208.0,-0.10555555469666918,-0.11008209091766426,1118208.0,-0.11074844600322346,-0.11352940589034308
1130496.0,-1.2332654452572267,-1.2611044532308977,1130496.0,-0.12238924934839208,-0.12480540003161875,1130496.0,-0.10471016215160489,-0.10902142457198352,1130496.0,-0.10998628435966869,-0.11288077606974789
1142784.0,-1.2242330703884363,-1.255107065849006,1142784.0,-0.12107567155423264,-0.12422160176405062,1142784.0,-0.10344006206529836,-0.10799823541504641,1142784.0,-0.109467785883074,-0.11224492448382077
1155072.0,-1.219896910712123,-1.249004254117608,1155072.0,-0.12072862319958706,-0.1235576701738561,1155072.0,-0.10306117093811433,-0.10704966901491084,1155072.0,-0.10875764884985983,-0.11159054859696578
1167360.0,-1.2164177695910137,-1.2430805671960115,1167360.0,-0.120420632030194,-0.12296372715694208,1167360.0,-0.10168270378684004,-0.10604150558356196,1167360.0,-0.10825897046985726,-0.11098379543206345
1179648.0,-1.2092142564555008,-1.2367967100193105,1179648.0,-0.11898057271415989,-0.12231766630429775,1179648.0,-0.10079855207974713,-0.10507538244128227,1179648.0,-0.10761780904916425,-0.11036196823697537
1191936.0,-1.2011318647613127,-1.2302630466098587,1191936.0,-0.11794000460455815,-0.12159359185025095,1191936.0,-0.09958623209968209,-0.10402624437119812,1191936.0,-0.10710719507187605,-0.10976354791006696
1204224.0,-1.1955806848903496,-1.22398513139536,1204224.0,-0.11627380185139675,-0.12076931196885803,1204224.0,-0.09943614721608658,-0.10314751733094454,1204224.0,-0.10653943079523742,-0.10916668778130163
1216512.0,-1.1924020933608215,-1.2179652114709218,1216512.0,-0.11500069149769843,-0.11989061650820076,1216512.0,-0.0978041406099995,-0.10215789590341351,1216512.0,-0.10592789233972628,-0.10857125508288543
1228800.0,-1.192460808282097,-1.2125361670429506,1228800.0,-0.114648466076081,-0.1190129823517054,1228800.0,-0.09762692886094253,-0.10137016545049846,1228800.0,-0.10545741735647123,-0.10798688801781584
1241088.0,-1.1809430463860433,-1.2065545950084924,1241088.0,-0.11372304366280635,-0.11811807565391061,1241088.0,-0.09695650450885296,-0.10051026043171682,1241088.0,-0.10494874782549839,-0.10740691820004333
1253376.0,-1.1133523682753246,-1.194563287310302,1253376.0,-0.11114086769521236,-0.11699323748859265,1253376.0,-0.0965596007493635,-0.09969520429149271,1253376.0,-0.1043435896281153,-0.106842648726888
1265664.0,-1.1053558482478063,-1.1826755650962393,1265664.0,-0.10597364814020693,-0.11548303514719009,1265664.0,-0.09588421741500497,-0.09893961982646336,1265664.0,-0.10378992712746064,-0.10627486285132666
1277952.0,-1.1146303502221901,-1.172148909047246,1277952.0,-0.10319368867203593,-0.11372954169443497,1277952.0,-0.09366428242841114,-0.09799993097549305,1277952.0,-0.10366986963587503,-0.10576608492992819
1290240.0,-1.1846666814138491,-1.1689738002295296,1290240.0,-0.09910706997228165,-0.11159818548864373,1290240.0,-0.09323059914944072,-0.09715472051175313,1290240.0,-0.10284277944204707,-0.10522446582714715
1302528.0,-1.223860136543711,-1.1704383882383507,1302528.0,-0.09709882045475145,-0.10941001026270289,1302528.0,-0.09185758760819833,-0.09626062406459823,1302528.0,-0.10236892049821715,-0.10469957697205245
1314816.0,-1.2465123515576124,-1.1749764369179805,1314816.0,-0.09597320094083746,-0.10721332989633084,1314816.0,-0.09095009439624846,-0.09539701029425487,1314816.0,-0.10182635408515732,-0.10417149287338057
1327104.0,-1.2652427448580663,-1.1819426429147522,1327104.0,-0.09279845220347245,-0.1048657949315384,1327104.0,-0.08930090139620006,-0.09438348571226621,1327104.0,-0.10138144444984694,-0.10365569423884154
1339392.0,-1.280973415200909,-1.190799775098761,1339392.0,-0.08993688031720619,-0.10235941381348919,1339392.0,-0.08819374209269881,-0.09342244586053615,1339392.0,-0.10079585062339902,-0.10314249006720881
1351680.0,-1.2955582501987617,-1.2011095192904275,1351680.0,-0.08462211722508073,-0.09935677892838915,1351680.0,-0.08702708090034623,-0.09236246106447651,1351680.0,-0.10052548713671665,-0.10264929704523336
1363968.0,-1.2925346133609612,-1.212268675987919,1363968.0,-0.08224934882794817,-0.09620940944490333,1363968.0,-0.08526686703165372,-0.0911934973167566,1363968.0,-0.100002032937482,-0.1021546255564317
1376256.0,-1.2853292984267075,-1.2294663690030574,1376256.0,-0.08005995392644157,-0.09310131806802627,1376256.0,-0.08534945458328973,-0.09007248270014921,1376256.0,-0.09950296813622117,-0.1016705634072423
1388544.0,-1.2722149280210335,-1.2461522769803803,1388544.0,-0.08002857735846192,-0.09050681098985175,1388544.0,-0.08356408018153161,-0.08884046897680188,1388544.0,-0.09914188575930893,-0.10120575927042715
1400832.0,-1.2546170173833768,-1.2601509436964988,1400832.0,-0.07697780655386548,-0.0878852227780347,1400832.0,-0.08241605576282988,-0.08771564631024374,1400832.0,-0.09849563132350643,-0.10068833543919027
1413120.0,-1.241661489630739,-1.2658504245181876,1413120.0,-0.07436347737287481,-0.08541086351809402,1413120.0,-0.08054134245806684,-0.08644672064110637,1413120.0,-0.09825354760202269,-0.10022941225518782
1425408.0,-1.2340724964936574,-1.2668716605131825,1425408.0,-0.07268153744128843,-0.08296913521674773,1425408.0,-0.0757268318363155,-0.08483364506391808,1425408.0,-0.09771151483679812,-0.09976367168904592
1437696.0,-1.2251755433777969,-1.264737979695201,1437696.0,-0.07299219564689945,-0.08067103468735391,1437696.0,-0.07391917728818953,-0.08313055335311217,1437696.0,-0.09741116470346849,-0.09932215275087704
1449984.0,-1.2178661512831848,-1.2600003203377126,1449984.0,-0.07288016945434113,-0.07867920641244079,1449984.0,-0.0714725023523594,-0.08134771344872813,1449984.0,-0.09704842410671215,-0.09888885071656354
1462272.0,-1.2095831856131554,-1.2528612973789373,1462272.0,-0.06966936537840714,-0.07665245491856089,1462272.0,-0.06853575988983114,-0.07938191522844136,1462272.0,-0.09652802542162438,-0.0984620681963861
1474560.0,-1.1989440216372411,-1.2431998745227852,1474560.0,-0.06893728929571807,-0.07508397212562462,1474560.0,-0.0651971191012611,-0.07719891904853285,1474560.0,-0.09636087156832218,-0.09804560663954666
1486848.0,-1.1895462206254404,-1.2329010352492333,1486848.0,-0.06911523240463187,-0.07377056048329299,1486848.0,-0.059213057587233685,-0.07459353810409085,1486848.0,-0.09578202478587627,-0.09762360582438609
1499136.0,-1.1815194332351286,-1.2225200487300754,1499136.0,-0.06827989752249171,-0.07259255484289802,1499136.0,-0.052531715016812086,-0.07131176414744309,1499136.0,-0.09530397062189877,-0.09720370607295384
1511424.0,-1.1718343514949083,-1.212481991077463,1511424.0,-0.06879556935746223,-0.07146925404279804,1511424.0,-0.04776800501470765,-0.06773215663076068,1511424.0,-0.0951448359216253,-0.09680400108918548
1523712.0,-1.165297317629059,-1.2035500211020311,1523712.0,-0.07162787687654297,-0.07093426107506577,1523712.0,-0.03834560591591677,-0.06332511164606938,1523712.0,-0.09448394652766486,-0.09640283260960132
1536000.0,-1.1522259122381608,-1.194606463362773,1536000.0,-0.07338226322705547,-0.07083613966048383,1536000.0,-0.03222354291938245,-0.05849333169220093,1536000.0,-0.09422464327265818,-0.09599994217666488
1548288.0,-1.1419551031043131,-1.1853947240238387,1548288.0,-0.07670505383672814,-0.07123849130002782,1548288.0,-0.020065937656909227,-0.05292724227426031,1548288.0,-0.09386622354698677,-0.09561541304768374
1560576.0,-1.1321882133682568,-1.1760959910228848,1560576.0,-0.07499745802488178,-0.07143901753782604,1560576.0,-0.013866793090225352,-0.046922003854463885,1560576.0,-0.09361398522742093,-0.09523569510007898
1572864.0,-1.1239945720881224,-1.1667088331033786,1572864.0,-0.07728993205819279,-0.07187999379821122,1572864.0,-0.004124545304269607,-0.04018720814965491,1572864.0,-0.0932473389742275,-0.09485558658683052
1585152.0,-1.1122297439724207,-1.156973488939305,1585152.0,-0.07742743927519768,-0.07265580118789026,1585152.0,0.009502482897156975,-0.03238338387095609,1585152.0,-0.09269712454018493,-0.09447249649868658
1597440.0,-1.0990401754776637,-1.1469831043233474,1597440.0,-0.07665081698602687,-0.07342715395692115,1597440.0,0.018974066678007755,-0.023966265293029212,1597440.0,-0.09242667444050312,-0.09407907678590467
1609728.0,-1.0880485319842894,-1.1368333354592324,1609728.0,-0.07347223325632513,-0.07386285404209046,1609728.0,0.0239554699898387,-0.015649412535321976,1609728.0,-0.09209362386415403,-0.09371023669373243
1622016.0,-1.0755643285810947,-1.126237824993829,1622016.0,-0.06930713087785989,-0.0739655773776273,1622016.0,0.03761593788901033,-0.006634647244739727,1622016.0,-0.09165945687952141,-0.0933457853194947
1634304.0,-1.063946965460976,-1.1154490863904356,1634304.0,-0.06507526629138738,-0.07359354707101981,1634304.0,0.04622131921739007,0.002764285178470044,1634304.0,-0.09150678936081628,-0.0929819806634138
1646592.0,-1.0521726987014215,-1.1041366244976718,1646592.0,-0.060521717416122556,-0.07248293112497776,1646592.0,0.05521611213528862,0.01212045698359058,1646592.0,-0.09081244717041652,-0.09261483072768896
1658880.0,-1.0337965146948893,-1.0922936847433449,1658880.0,-0.05859968054573983,-0.07100467285684621,1658880.0,0.08835195342544466,0.024178006618073292,1658880.0,-0.09060795217131574,-0.09225316161755473
1671168.0,-1.0321855215976636,-1.0813167265926797,1671168.0,-0.05319425306515768,-0.06865359277968916,1671168.0,0.09743787949749579,0.03592838833351379,1671168.0,-0.09035788235875468,-0.0919023274987315
1683456.0,-1.0135955816755693,-1.0694574634234109,1683456.0,-0.051909548114053905,-0.06634480178860638,1683456.0,0.11338007221153627,0.04865307486368996,1683456.0,-0.08997783654679854,-0.09153871263066929
1695744.0,-0.9583705378075441,-1.0528950599953533,1695744.0,-0.054219660038749375,-0.06403777458666203,1695744.0,0.1278084880517175,0.06184637819928866,1695744.0,-0.08967321746361752,-0.09118130047960829
1708032.0,-0.958261938765645,-1.0374982794746759,1708032.0,-0.05164128735971948,-0.06145915939511422,1708032.0,0.16085989540442824,0.07698211945001579,1708032.0,-0.08928334045534332,-0.09083992207112412
1720320.0,-0.982117706288894,-1.0258060325557987,1720320.0,-0.05433389773437133,-0.059227467469948655,1720320.0,0.1927375151620557,0.09435846429842058,1720320.0,-0.08891753409989178,-0.09048900803706297
1732608.0,-0.9895561914891005,-1.0159567985062798,1732608.0,-0.05309805103267232,-0.05719004924758338,1732608.0,0.21520178182981908,0.11348309548241864,1732608.0,-0.08860495577876766,-0.09014014122852435
1744896.0,-1.0428658562401931,-1.0126869512721897,1744896.0,-0.050913451511102416,-0.055350681310907625,1744896.0,0.23155517620034516,0.1328770193135521,1744896.0,-0.08846780161062877,-0.08982097570163508
1757184.0,-1.090596579015255,-1.0153519126276174,1757184.0,-0.048902991033780076,-0.0537334537851469,1757184.0,0.24652332719415426,0.15290722011122854,1757184.0,-0.08793957624584436,-0.08946425439013789
1769472.0,-1.1020018681883812,-1.0203348295763135,1769472.0,-0.050556735562471054,-0.05273695559978174,1769472.0,0.2709604663153489,0.17448165552923456,1769472.0,-0.08770508412271738,-0.08915351808536798
1781760.0,-1.14117828818659,-1.0310730069254836,1781760.0,-0.05092156117704386,-0.051969143662912144,1781760.0,0.26562833801532787,0.1922092939882229,1781760.0,-0.08731697352292637,-0.08882442022052903
1794048.0,-1.179267938559254,-1.0457812486216427,1794048.0,-0.047179135940192886,-0.051367631950415674,1794048.0,0.27150783222168684,0.20961628926064196,1794048.0,-0.08714895679925878,-0.08850352766457945
1806336.0,-1.2072014131893714,-1.065141831773023,1806336.0,-0.04556009344135722,-0.05073268648314601,1806336.0,0.26266945200040936,0.22454522723952933,1806336.0,-0.08693336850653093,-0.0881990808605527
1818624.0,-1.2259605452418327,-1.0919008325164516,1818624.0,-0.04793368586494277,-0.050104089065765335,1818624.0,0.2676096616002421,0.23852534459438174,1818624.0,-0.08636547656108935,-0.08786830677029986
1830912.0,-1.227848555892706,-1.1188594942291579,1830912.0,-0.04377970865850026,-0.04931793119564342,1830912.0,0.26708599319681525,0.24914795437362044,1830912.0,-0.08628839611386259,-0.08756881233615181
1843200.0,-1.2357769093165796,-1.1442254145319262,1843200.0,-0.04678375044992814,-0.0485629164671991,1843200.0,0.27685813248778385,0.2575600161061933,1843200.0,-0.08588034054264426,-0.08726509298042705
1855488.0,-1.2377934337904055,-1.1690491387620567,1855488.0,-0.04570737126050517,-0.04782384848998238,1855488.0,0.2739913339416186,0.2634389713173732,1855488.0,-0.0856190191116184,-0.08696649931371211
1867776.0,-1.263256262987852,-1.1910881794368229,1867776.0,-0.04794819720943148,-0.04752732305981529,1867776.0,0.2793340948410332,0.268216863181442,1867776.0,-0.08531198433289926,-0.08665091758593915
1880064.0,-1.2644331641495228,-1.2084718379502495,1880064.0,-0.046372641324220844,-0.047274288088859376,1880064.0,0.2744441752632459,0.2710089479883512,1880064.0,-0.08493885293137282,-0.086350845254492
1892352.0,-1.292000277588765,-1.2274716788902877,1892352.0,-0.04635309105894218,-0.04685392363850648,1892352.0,0.27953510157143074,0.2718664115139594,1892352.0,-0.0846534170365582,-0.0860456785458761
1904640.0,-1.2935867949078481,-1.2427125295624135,1904640.0,-0.04585369352328902,-0.046347136873130995,1904640.0,0.2767797204044958,0.27298154975287614,1904640.0,-0.0843791162672763,-0.08575189282031108
1916928.0,-1.284095977122585,-1.2531953334187467,1916928.0,-0.042406853715268276,-0.04586990865063853,1916928.0,0.2792533081956208,0.2737560973502696,1916928.0,-0.08417297080935289,-0.08545429422132052
1929216.0,-1.2653532388309638,-1.259010515982906,1929216.0,-0.04238006342590476,-0.04555190564909329,1929216.0,0.27832386704782647,0.27532153885501126,1929216.0,-0.08390268780446301,-0.0851512261511137
1941504.0,-1.272365102544427,-1.2636509717131654,1941504.0,-0.04353713657474145,-0.04511225072007316,1941504.0,0.28455796279013157,0.2770163689740002,1941504.0,-0.0835179832065478,-0.08486647681565955
1953792.0,-1.2622108198702335,-1.2670871981109184,1953792.0,-0.04222131962887943,-0.044956411817111075,1953792.0,0.27329523644099635,0.2776372932984183,1953792.0,-0.08331009334263702,-0.084568646538537
1966080.0,-1.2080741412937641,-1.2643169213086367,1966080.0,-0.041542988057093076,-0.04443233557782757,1966080.0,0.2651019765374561,0.2764616777033856,1966080.0,-0.08326488694486518,-0.0843071011787591
1978368.0,-1.2233105686803658,-1.2628686347976328,1978368.0,-0.04031440961989574,-0.04389303941376662,1978368.0,0.2633729081911345,0.2753998351283372,1978368.0,-0.08279757422860712,-0.08402495669045797
1990656.0,-1.1657298753658931,-1.253115996035437,1990656.0,-0.03847628853206212,-0.04294584854602969,1990656.0,0.2696150218447049,0.2744279278287044,1990656.0,-0.08262293413281441,-0.08375605167044949
2002944.0,-1.1751328607400258,-1.2441859656944871,2002944.0,-0.03902108689847713,-0.04221069310345532,2002944.0,0.26160786347463727,0.2731442966498435,2002944.0,-0.08246993541251868,-0.08350915991856406
2015232.0,-1.1539445122083027,-1.230380389156441,2015232.0,-0.03894777528087919,-0.041470161525649016,2015232.0,0.2572291987016797,0.2709137063628683,2015232.0,-0.08194524399004877,-0.08323834261391312
2027520.0,-1.107707379385829,-1.2117924476042392,2027520.0,-0.03982612521698078,-0.04086740469501819,2027520.0,0.2555531632776062,0.2687910506501794,2027520.0,-0.08194584166631103,-0.08299501515381659
2039808.0,-1.0841199246545632,-1.1917948423574367,2039808.0,-0.035389500010448195,-0.040165669324536184,2039808.0,0.26638761271412176,0.2675044811020294,2039808.0,-0.08164988050702959,-0.08274270612358427
2052096.0,-1.0189321630944808,-1.1671527347837887,2052096.0,-0.03649565891828388,-0.0395772288737741,2052096.0,0.2702891544128458,0.2667010098385314,2052096.0,-0.08132544439285994,-0.08248498178242394
2064384.0,-0.9405196240792671,-1.1339681869372726,2064384.0,-0.036144755159815155,-0.03883799073228147,2064384.0,0.27478158256659907,0.2657233718161781,2064384.0,-0.0811281269416213,-0.0822459961559313
2076672.0,-0.827847059816122,-1.0905318109318611,2076672.0,-0.031226640101522207,-0.037738522779545744,2076672.0,0.27372305436680716,0.2657661536087592,2076672.0,-0.08092207779797415,-0.08200719460146501
2088960.0,-0.8043866970886787,-1.0501630665113528,2088960.0,-0.028996297342625137,-0.03648385370809895,2088960.0,0.2643097404701014,0.26568693000202376,2088960.0,-0.08065467999161531,-0.08174617390614003
2101248.0,-0.7999684698879719,-1.0078288566321134,2101248.0,-0.02336073232678852,-0.03478848597878824,2101248.0,0.26666723160694045,0.2660163623436044,2101248.0,-0.08036604019192357,-0.08150302050247168
2113536.0,-0.7354278732091188,-0.9647986564164361,2113536.0,-0.019641834102609817,-0.032905040535843005,2113536.0,0.2678076506902774,0.2658356252281616,2113536.0,-0.08001209419065465,-0.0812419365082557
2125824.0,-0.6824758540218075,-0.9155329557446142,2125824.0,-0.02276006065949332,-0.031278937911944624,2125824.0,0.27045409024382633,0.26672024790508053,2125824.0,-0.07997170835733414,-0.08099211380273726
2138112.0,-0.6597687335064014,-0.8661153778744242,2138112.0,-0.019467217791922547,-0.02933088216304896,2138112.0,0.25530143780633807,0.26652747181554637,2138112.0,-0.07956099766306579,-0.08075368917003894
2150400.0,-0.6086406263833245,-0.8162087025741736,2150400.0,-0.016133633854527336,-0.02696163302680361,2150400.0,0.2565228355427583,0.2666244390420616,2150400.0,-0.07942405110225081,-0.08050151011363293
2162688.0,-0.5597052657976747,-0.7637672366884847,2162688.0,-0.015700516240030993,-0.024992734649761893,2162688.0,0.26101190006981295,0.2660868677776307,2162688.0,-0.07902199941842507,-0.08023872200477247
2174976.0,-0.4766669711098075,-0.7095407174900175,2174976.0,-0.009396440502314363,-0.022282812808164944,2174976.0,0.2650918976093332,0.26556714209727944,2174976.0,-0.07900363008957356,-0.08000654057444384
2187264.0,-0.4550318969413638,-0.6609919447762271,2187264.0,-0.006223764419701183,-0.01929071373415354,2187264.0,0.26698182088633376,0.26478716592925294,2187264.0,-0.07881143328268081,-0.07977487120854979
2199552.0,-0.458386929705739,-0.6240459317651889,2199552.0,-0.005868361262097703,-0.01675488585021109,2199552.0,0.27096909408768016,0.26451176990134023,2199552.0,-0.07841973557757835,-0.07952463698651022
2211840.0,-0.43655587919056416,-0.5872628499753774,2211840.0,0.008306818515848136,-0.01302457426436376,2211840.0,0.2608439498580992,0.26416519084014,2211840.0,-0.07828205160330981,-0.07928737414767964
2224128.0,-0.4582763866831859,-0.5530936416548987,2224128.0,0.006585217962310708,-0.010029979235453842,2224128.0,0.2535714056963722,0.2628556082490831,2224128.0,-0.07819284898384164,-0.07907005502687146
2236416.0,-0.4644525038699309,-0.5259961047209799,2236416.0,0.020570288266753778,-0.006008766998517483,2236416.0,0.2644202139539023,0.26251686457544565,2236416.0,-0.07783128297887743,-0.07885197390569373
2248704.0,-0.4436148824170232,-0.5021100075605015,2248704.0,0.03198484918296648,-0.0005342760142715029,2248704.0,0.25989551981911063,0.2614610075329741,2248704.0,-0.07762245977452646,-0.07861704904741297
2260992.0,-0.44830225811650354,-0.48096336002151174,2260992.0,0.03303396008171452,0.004715841773092204,2260992.0,0.25757968984544277,0.26168883273688454,2260992.0,-0.07748295335719983,-0.07840924461682637
2273280.0,-0.4595005949959159,-0.4660493568827708,2273280.0,0.04282083573828762,0.0106112887323737,2273280.0,0.25407316504667204,0.2614438656872759,2273280.0,-0.07707973554109533,-0.07817481306071083
2285568.0,-0.4533595473815997,-0.4554147850411633,2285568.0,0.04212016792735085,0.016393357149111883,2285568.0,0.254116367859145,0.2607543124662091,2285568.0,-0.07700854516588151,-0.07797346763545648
2297856.0,-0.45632653776556253,-0.4533807417067388,2297856.0,0.07953973312396556,0.02528697451173988,2297856.0,0.2492097873861591,0.25916610144389174,2297856.0,-0.0767770439463978,-0.0777508090211389
2310144.0,-0.4636640890190999,-0.45424396091451247,2310144.0,0.11190280446317047,0.03709963140002705,2310144.0,0.25370827813943225,0.2578387471692015,2310144.0,-0.07662958768196404,-0.07753262446106722
2322432.0,-0.46896055806428194,-0.45530132375036675,2322432.0,0.1595226404412339,0.0536387315703602,2322432.0,0.24610564516236386,0.25535240227667,2322432.0,-0.07635542273055762,-0.07732619317636516
2334720.0,-0.47588607544700307,-0.45923434337601066,2334720.0,0.19040360550085703,0.0718484102688611,2334720.0,0.24042284457633892,0.2533102917484939,2334720.0,-0.07604719632460426,-0.07710270764849458
2347008.0,-0.48523209895938635,-0.46192991460363075,2347008.0,0.2418269048600147,0.09537257895863148,2347008.0,0.2390237731548647,0.2518555284943431,2347008.0,-0.07607672084122896,-0.07689109483423331
2359296.0,-0.4978062541534503,-0.4652652896319826,2359296.0,0.2537210814965268,0.1186876582816088,2359296.0,0.2330466133231918,0.2487181684312721,2359296.0,-0.0757072411555176,-0.07667869065189734
2371584.0,-0.514326243661344,-0.4723364257564147,2371584.0,0.3034363833721727,0.14583281170052942,2371584.0,0.23221742330739895,0.24595035878010094,2371584.0,-0.07577043767863263,-0.07649348844230797
2383872.0,-0.5165526655813059,-0.47916146650289493,2383872.0,0.3236239788432916,0.1748918135766871,2383872.0,0.22864647411430875,0.24305703720698751,2383872.0,-0.07539841769418369,-0.07628503487600634
2396160.0,-0.5295297177508473,-0.4861643787783881,2396160.0,0.30688341908777755,0.2012980719116361,2396160.0,0.22671191223586598,0.24032091192590688,2396160.0,-0.07511295564472675,-0.07608835688636949
2408448.0,-0.5167666754374901,-0.49250509158397715,2408448.0,0.337270834017545,0.2308131385206555,2408448.0,0.22423224026958147,0.23733249916695054,2408448.0,-0.0748876731377095,-0.07587626968355228
2420736.0,-0.5375381577759981,-0.5006262535850208,2420736.0,0.35755792694787186,0.2586149579030461,2420736.0,0.22408930289869508,0.23482045071820418,2420736.0,-0.074790391100881,-0.0756776043990006
2433024.0,-0.5677645225077868,-0.5110362969338894,2433024.0,0.36297537246719,0.28372221470344805,2433024.0,0.22047683084383607,0.23149730598864457,2433024.0,-0.07442353196286906,-0.07545699882709112
2445312.0,-0.5985048543661833,-0.5239907265640795,2445312.0,0.3681685086339712,0.30458680152272183,2445312.0,0.21614637008557716,0.22850137848096588,2445312.0,-0.0743309527169913,-0.07525455182573448
2457600.0,-0.6334057714169224,-0.5397426961610715,2457600.0,0.3565576809147994,0.3212022090641161,2457600.0,0.21332372507701317,0.2257914665310333,2457600.0,-0.07425460223263751,-0.07507529241653779
2469888.0,-0.679274657741189,-0.5591469520392518,2469888.0,0.32796267901236814,0.3298157864793514,2469888.0,0.21416708889106909,0.22330579810465373,2469888.0,-0.07395624575049926,-0.07486324490746483
2482176.0,-0.7169997536887726,-0.581066301992784,2482176.0,0.33663661560664576,0.3381073398903633,2482176.0,0.217761414591223,0.22177727823145688,2482176.0,-0.07389662911494572,-0.07468218370340765
2494464.0,-0.7544202357530594,-0.6050757012019555,2494464.0,0.3553539337590337,0.3432990949290494,2494464.0,0.21511454787105322,0.22006699068782226,2494464.0,-0.07373891223687679,-0.07447903115923206
2506752.0,-0.8074631138394276,-0.6341667460277678,2506752.0,0.34026944466556114,0.34496364151127634,2506752.0,0.2110604924770693,0.21830839252409837,2506752.0,-0.07334629962376009,-0.0742738193521897
2519040.0,-0.8524663789818684,-0.6664604121508699,2519040.0,0.3342739278450608,0.3477026923870047,2519040.0,0.2124088710794846,0.21687808840846023,2519040.0,-0.07334155127561341,-0.07409667891527835
2531328.0,-0.8949265237897635,-0.7042763969860972,2531328.0,0.34228806958223384,0.34820441594347357,2531328.0,0.211869980674237,0.2156418624489258,2531328.0,-0.06613835288832585,-0.07322174689034
2543616.0,-0.9294338636100292,-0.7434659675695002,2543616.0,0.3251166152767837,0.34496028477636476,2543616.0,0.2101179378417631,0.21424472594323257,2543616.0,-0.07466531847603619,-0.07320923962785551
2555904.0,-0.9545543740193049,-0.7821449527206521,2555904.0,0.3107103140403827,0.33973377893368406,2555904.0,0.20393410340572396,0.21259045319942133,2555904.0,-0.07672249789660175,-0.0734391362212288
2568192.0,-0.9667160641402006,-0.8189660736980539,2568192.0,0.3287898221363624,0.3357959102839232,2568192.0,0.20513553963974118,0.2114893701548378,2568192.0,-0.07227897376287729,-0.07323393832581739
2580480.0,-0.971494946628809,-0.8527749912192423,2580480.0,0.35902852565050125,0.33604299475749333,2580480.0,0.21090984484180808,0.21124798213131726,2580480.0,-0.07654300871460389,-0.07346277897401401
2592768.0,-0.9682209404806296,-0.8816696194931865,2592768.0,0.3729426733528574,0.3405409941915423,2592768.0,0.20847427751868963,0.2106787009940793,2592768.0,-0.07636117717872064,-0.07370327211683615
2605056.0,-0.9689525937040647,-0.9068649034947157,2605056.0,0.37443009406949085,0.3443203420378268,2605056.0,0.2056884697328011,0.20947140650823712,2605056.0,-0.07617953148049612,-0.0739315623533912
2617344.0,-0.9778058758626381,-0.9292034675056735,2617344.0,0.35725038731470704,0.3445099873933941,2617344.0,0.20749591182296476,0.2087095429034283,2617344.0,-0.07599901718397935,-0.07415757284810146
2629632.0,-0.9819268633921941,-0.9466498424609503,2629632.0,0.34322819113731384,0.34480586204056934,2629632.0,0.2075241939164698,0.2083559130473683,2629632.0,-0.0648498897595952,-0.07330793186168497
2641920.0,-0.9934922183553377,-0.960752426398297,2641920.0,0.33275218059619266,0.3446536873156826,2641920.0,0.20436159940436482,0.20755118587985635,2641920.0,-0.07567955056826274,-0.07354173179094989
2654208.0,-0.999678460881114,-0.9712276201074321,2654208.0,0.33932159064958495,0.3443570394224177,2654208.0,0.2057067002169788,0.20693485783413051,2654208.0,-0.0755167033445711,-0.07447956683657442
2666496.0,-1.004028158262372,-0.9786870495726664,2666496.0,0.33832483862837154,0.3456778617575765,2666496.0,0.20456972361231843,0.20638003641118602,2666496.0,-0.07534104977579166,-0.07454713996654996
2678784.0,-1.0045182878772418,-0.98368344095846,2678784.0,0.3487096515794595,0.34947779551148417,2678784.0,0.20411310779551664,0.20639793685016533,2678784.0,-0.07516660925466567,-0.07439155110235637
2691072.0,-1.0066717099398375,-0.9876790055384237,2691072.0,0.338212004241844,0.3504200137220323,2691072.0,0.20902539261927208,0.2067869221481184,2691072.0,-0.0749933688590924,-0.07466299061197787
2703360.0,-0.9992989916354418,-0.9904594100390872,2703360.0,0.34699335585658747,0.34921649674264094,2703360.0,0.207850716697673,0.2064810093337049,2703360.0,-0.07482130662538111,-0.07449082040305559
2715648.0,-0.9999719578772783,-0.9936345117787522,2715648.0,0.3347091857964794,0.3453931479870031,2715648.0,0.2091787176517149,0.20655145334700742,2715648.0,-0.07465041362835716,-0.07431974404801925
2727936.0,-1.00806671132644,-0.9975459235409897,2727936.0,0.3220649631693959,0.3401566348969936,2727936.0,0.20534110985075435,0.20651671735880273,2727936.0,-0.07066980140128483,-0.07376877104009813
2740224.0,-1.0048438652108114,-1.000249722475807,2740224.0,0.3355314071911077,0.3379847368846337,2740224.0,0.20957424895217022,0.20672455107172327,2740224.0,-0.07024348775545756,-0.07319321809724595
2752512.0,-1.0018035490065813,-1.0022373910372457,2752512.0,0.3164319953260322,0.33530511730350554,2752512.0,0.20395619127278528,0.20636775080735484,2752512.0,-0.07016539422329515,-0.07372476854361593
2764800.0,-0.9993739364047846,-1.0028255628421905,2764800.0,0.32695564286162454,0.33472546353004873,2764800.0,0.2033098217410346,0.20626257304102183,2764800.0,-0.06971133841822545,-0.0731279473286122
2777088.0,-0.9938465176771084,-1.0022423685217898,2777088.0,0.3357892936716477,0.334372233832255,2777088.0,0.20089300333832702,0.2057812033531566,2777088.0,-0.06293127627577633,-0.07186940462173273
2789376.0,-0.9884106113264958,-1.000680613828202,2789376.0,0.3202645786417027,0.33256620783358815,2789376.0,0.19931115520497164,0.20525534651242197,2789376.0,-0.07377153619502981,-0.07171245326365655
2801664.0,-0.9804944166292747,-0.9982782267034054,2801664.0,0.323812417841206,0.3300764844597628,2801664.0,0.20148933120071888,0.20499296885294216,2801664.0,-0.0718187732854858,-0.07137766966673856
2813952.0,-0.9826154845456282,-0.9958726041639844,2813952.0,0.3170410197538634,0.3279593860109647,2813952.0,0.20275398964683214,0.20436582855569818,2813952.0,-0.07341486386333902,-0.07121981916716323
2826240.0,-0.9757100834200779,-0.993513713342448,2826240.0,0.31522237866496045,0.32478228829180206,2826240.0,0.19826657588904104,0.203407414474835,2826240.0,-0.07329284054382394,-0.07106697255900751
2838528.0,-0.9615024396528801,-0.9896667615200083,2838528.0,0.32923216186463833,0.3242345858986179,2838528.0,0.19795110588893294,0.2022846532985568,2838528.0,-0.07313293804569791,-0.07091522500074157
2850816.0,-0.9537446604420742,-0.9842345564315718,2850816.0,0.3505433201789856,0.32708242159957684,2850816.0,0.19821243453770876,0.20157178576725227,2850816.0,-0.06863716570660472,-0.07071196143127358
2863104.0,-0.947109509880344,-0.9784611208985249,2863104.0,0.33215118013322353,0.3267443988937885,2863104.0,0.19527686682219306,0.20014204755425452,2863104.0,-0.06867916462942958,-0.07055552911867077
2875392.0,-0.9390534516423941,-0.9721861111621062,2875392.0,0.32250883523374796,0.32735208288456,2875392.0,0.19480615388602018,0.19922704381557804,2875392.0,-0.06881326033423345,-0.07042031572976461
2887680.0,-0.9268057718873024,-0.9649292947103578,2887680.0,0.33458690748860437,0.328115209347258,2887680.0,0.20070959953591228,0.1989670215950658,2887680.0,-0.06811271281912923,-0.07026045316985498
2899968.0,-0.9119792009393374,-0.9567425630365808,2899968.0,0.36101252725347877,0.3306375327054411,2899968.0,0.2041704673320055,0.19929476799443363,2899968.0,-0.06828612147364765,-0.07079593768964212
2912256.0,-0.8979761525988579,-0.947699117163817,2912256.0,0.35541189508512616,0.33415226434978346,2912256.0,0.19693701776365438,0.1990573542503019,2912256.0,-0.06796188625351836,-0.07021497269549096
2924544.0,-0.889616891120871,-0.9386113646129767,2924544.0,0.34594674889619154,0.336365697455282,2924544.0,0.19452029016489783,0.19836045014671982,2924544.0,-0.06095935730263591,-0.06912903109720599
2936832.0,-0.8835885102550188,-0.9287086671839158,2936832.0,0.34611284639686346,0.339272880119582,2936832.0,0.19340349826961756,0.19742540100899836,2936832.0,-0.07188871929732461,-0.06897641664060454
2949120.0,-0.8766491239269575,-0.9188025712346037,2949120.0,0.34030561459561187,0.3417812037126472,2949120.0,0.1904163189853231,0.19664037531862658,2949120.0,-0.06410682989129175,-0.06805781557535133
2961408.0,-0.8816730094452699,-0.9108196282138428,2961408.0,0.334167030484726,0.342274690574656,2961408.0,0.19461340472723046,0.19630660520245632,2961408.0,-0.07177640458879371,-0.0679221622296609
2973696.0,-0.8729067364086708,-0.9027358358105024,2973696.0,0.3189159738831222,0.3391119559450696,2973696.0,0.19136951103185615,0.19562231285187104,2973696.0,-0.07162710966076702,-0.06822115662507713
2985984.0,-0.8676035137226185,-0.8947852361947299,2985984.0,0.3072284472485383,0.33661968265660114,2985984.0,0.1895822693283359,0.19505285310248532,2985984.0,-0.06181566995413353,-0.06753480715754753
2998272.0,-0.8388732944925626,-0.8847672204797468,2998272.0,0.33902921186139184,0.3382717203193655,2998272.0,0.19192070482919613,0.19476430819680296,2998272.0,-0.0705769028281793,-0.0677111714069421
3010560.0,-0.8338508146504561,-0.875471724756062,3010560.0,0.3261313387192786,0.3374261634424329,3010560.0,0.18959705655773482,0.19365305389898518,3010560.0,-0.07117199350614101,-0.06801709947564329
3022848.0,-0.827006824935476,-0.8669744871556759,3022848.0,0.34703752398490906,0.3360286631155759,3022848.0,0.19549461702505747,0.19278546886829037,3022848.0,-0.0710815533141916,-0.06829664265969768
3035136.0,-0.828065383558472,-0.8599834102516374,3035136.0,0.3364462568424642,0.3341320992913097,3035136.0,0.19517432913805047,0.19260920000573,3035136.0,-0.07093688931005697,-0.06859414296535155
3047424.0,-0.8448167822013298,-0.8555033993596831,3047424.0,0.35830149085571367,0.3353675734872619,3047424.0,0.1810830698814243,0.19126547797738264,3047424.0,-0.06882036446283261,-0.0693802436813712
3059712.0,-0.8614626048753659,-0.853290808821718,3059712.0,0.35032656400774914,0.3357889452483505,3059712.0,0.18083513791983327,0.1900086419424042,3059712.0,-0.0664716533307607,-0.06883853708471481
3072000.0,-0.8717289548367262,-0.8527987919126947,3072000.0,0.3407434867694974,0.335832732465739,3072000.0,0.1828603147684286,0.18925304152071476,3072000.0,-0.06579753752642621,-0.06900760784822826
3084288.0,-0.8684607775261005,-0.8514775687207778,3084288.0,0.3376399592186014,0.33618002533912655,3084288.0,0.18323127428690592,0.18811482847668232,3084288.0,-0.0658334882852311,-0.06841331621787201
3096576.0,-0.8601162228733301,-0.8501985173672437,3096576.0,0.3213671270447473,0.33642514065528906,3096576.0,0.18042015773244202,0.1870198931467409,3096576.0,-0.05864406567222128,-0.06711501181901743
3108864.0,-0.8502541240304708,-0.8484635783980291,3108864.0,0.31544366975625354,0.33724666290606065,3108864.0,0.18095060267175236,0.18615672648108256,3108864.0,-0.07019130028008173,-0.06795257485161224
3121152.0,-0.8323754413674275,-0.8478137930855155,3121152.0,0.30402875303601223,0.3337466170235227,3121152.0,0.17943785161090395,0.1849084411592533,3121152.0,-0.07005399244371802,-0.06790028381316612
3133440.0,-0.8226514762888352,-0.8466938592493534,3133440.0,0.2962572750014563,0.3307592106517404,3133440.0,0.17615845954666534,0.1835645814581464,3133440.0,-0.0577035256040593,-0.06655343702295796
3145728.0,-0.8186894369622072,-0.8458621204520265,3145728.0,0.30976859806105494,0.327032318059355,3145728.0,0.17803446816590926,0.18181856657223155,3145728.0,-0.06827350313930462,-0.06627263200546926
3158016.0,-0.7954229451715946,-0.8425978766133386,3158016.0,0.32871136503914994,0.3262588288790236,3158016.0,0.17377235918926695,0.17967836957735323,3158016.0,-0.06962667494857062,-0.06614161056932062
3170304.0,-0.7942505236715078,-0.8375412507603566,3170304.0,0.3415267046851416,0.3245813502619664,3170304.0,0.17336149568048617,0.17890621215725938,3170304.0,-0.06955939674905191,-0.06621551379794255
3182592.0,-0.7687726989388466,-0.8282722601667046,3182592.0,0.3578471674894293,0.32533341061013443,3182592.0,0.1722779378760606,0.1780504921528821,3182592.0,-0.06942414791168024,-0.06651076325603451
3194880.0,-0.7693492112060388,-0.818034285803636,3194880.0,0.3560509226905803,0.3268641542022427,3194880.0,0.1711234466638416,0.1768768053424234,3194880.0,-0.06928961087639134,-0.06685997059103102
3207168.0,-0.7339514338721832,-0.8045833514382441,3207168.0,0.3260772378804783,0.3257078820684304,3207168.0,0.1759501815928767,0.1761486960730205,3207168.0,-0.06915584641198318,-0.06719220640370623
3219456.0,-0.7329446487128735,-0.7918661940221985,3219456.0,0.33449168705071014,0.32702033806902664,3219456.0,0.17372621758840978,0.17547930205861728,3219456.0,-0.05707867913103352,-0.06703566774958744
3231744.0,-0.7312056490530571,-0.7799613465244571,3231744.0,0.36997246788814664,0.33247321788221595,3231744.0,0.17772357158052424,0.17515659894949448,3231744.0,-0.06892952602356672,-0.06690949032393595
3244032.0,-0.7125944222013155,-0.767983244607846,3244032.0,0.4001079532317817,0.34208113790179295,3244032.0,0.1717888709002485,0.1743917008784289,3244032.0,-0.0688048575927193,-0.06678457683883607
3256320.0,-0.7132896023492018,-0.7570470572138828,3256320.0,0.4061537861513595,0.35307078901678324,3256320.0,0.17101148585788906,0.17387700350955126,3256320.0,-0.06867405535498013,-0.06788162981392816
3268608.0,-0.6904226609816154,-0.7442203796158234,3268608.0,0.38679974696909386,0.3607739039075871,3268608.0,0.17162811880310377,0.1732363685732707,3268608.0,-0.057236454294373594,-0.06677792492943506
3280896.0,-0.6933354487021764,-0.7340116299688816,3280896.0,0.4050686005502939,0.36840962745870154,3280896.0,0.18221575588298342,0.17408070824264238,3280896.0,-0.06843616169256468,-0.06665887360383446
3293184.0,-0.6835177155832449,-0.7229383491600554,3293184.0,0.4238101124453048,0.37663796823471785,3293184.0,0.18043092964217067,0.17478765163881083,3293184.0,-0.06832866374558459,-0.06653580030348774
3305472.0,-0.6787671335041523,-0.713937792616586,3305472.0,0.4440491109465559,0.3852581625804305,3305472.0,0.18009295182613036,0.1755691530338178,3305472.0,-0.06820077538335075,-0.06641346305065478
3317760.0,-0.6535153575241566,-0.7023544072483977,3317760.0,0.4278447438652317,0.39243754469789566,3317760.0,0.18655884040830037,0.1771126924082637,3317760.0,-0.05690003580336148,-0.06517450554335179
3330048.0,-0.6548545106003681,-0.6944447149212162,3330048.0,0.44864360708743334,0.4046941816185912,3330048.0,0.18532995670102537,0.17805066991907853,3330048.0,-0.06166635861154646,-0.0644255567633081
3342336.0,-0.6455462540810307,-0.6857048754580319,3342336.0,0.4296341676575442,0.41420842967927457,3342336.0,0.17971044903000197,0.17864909306323778,3342336.0,-0.06788601206305127,-0.0655062900565099
3354624.0,-0.6316053662449121,-0.6757448471772174,3354624.0,0.42502738783756894,0.41971392167421684,3354624.0,0.183799922078227,0.17925672811300802,3354624.0,-0.06776071207908292,-0.06538940866206151
3366912.0,-0.6199665733923515,-0.666482062296321,3366912.0,0.42375833292802173,0.4220789596438408,3366912.0,0.18205784051679075,0.18028362507466228,3366912.0,-0.06763610034249723,-0.0652725329370393
3379200.0,-0.6142922369763255,-0.6565823257590333,3379200.0,0.4112483145048221,0.4225884124791871,3379200.0,0.1830545017340531,0.18148792666227867,3379200.0,-0.05498317836706216,-0.06390344523824751
3391488.0,-0.5934730020041267,-0.6468873598612845,3391488.0,0.4211834245361388,0.4260267802358916,3391488.0,0.17675974289886653,0.18200108907185494,3391488.0,-0.06742031573473166,-0.06492183138228332
3403776.0,-0.5933336885645986,-0.6368871838475267,3403776.0,0.3920807281198601,0.42472799299284814,3403776.0,0.19024362966107825,0.18280387644966445,3403776.0,-0.06731217494234443,-0.06480943270726128
3416064.0,-0.5782948943475882,-0.6263649017239611,3416064.0,0.3980289742661019,0.4221498791749278,3416064.0,0.19374176262257,0.18413495974770439,3416064.0,-0.06719020280676584,-0.0646955866133794
3428352.0,-0.5732675629357497,-0.6158149446671208,3428352.0,0.42203541146591306,0.41994850922686366,3428352.0,0.21155974726813534,0.18728163929190486,3428352.0,-0.05646952003007755,-0.0635224610780521
3440640.0,-0.5554175727690259,-0.6060051661916077,3440640.0,0.4192832955159247,0.4190923643919328,3440640.0,0.23479387210682034,0.19210514246175686,3440640.0,-0.06693072329896192,-0.06452552982761214
3452928.0,-0.550099128857255,-0.5955296280172965,3452928.0,0.4015498136480649,0.41438298504799603,3452928.0,0.2441354189068079,0.1979856886823351,3452928.0,-0.06681703003899504,-0.065040596970357
3465216.0,-0.547096231020987,-0.585684625711292,3465216.0,0.3967165423867603,0.4110912225209177,3465216.0,0.2548514924322565,0.2054997930225606,3465216.0,-0.06667832118303825,-0.0649198278823557
3477504.0,-0.5519185836116473,-0.5777159474479656,3477504.0,0.362178763995568,0.40480636013671756,3477504.0,0.25782212940976024,0.21290201375571388,3477504.0,-0.06662859973342468,-0.06480661664778989
3489792.0,-0.5463284042974313,-0.5703521305384734,3489792.0,0.3747648905652265,0.399907015900438,3489792.0,0.2580949266751607,0.22050572237155092,3489792.0,-0.05497685781059166,-0.06354069239459932
3502080.0,-0.5440990754092733,-0.5633328143817683,3502080.0,0.3588964492082596,0.3946718293707817,3502080.0,0.26836633201067644,0.22903690539921326,3502080.0,-0.06638519768603146,-0.06468089432649625
3514368.0,-0.5487641117845973,-0.5588619253598154,3514368.0,0.3673839539599915,0.3892918823131671,3514368.0,0.29059355224793154,0.24042028633411974,3514368.0,-0.06631655571982265,-0.06457051832500535
3526656.0,-0.5446498806898793,-0.5539935445723433,3526656.0,0.33967023404936,0.384050832906117,3526656.0,0.3055856979141633,0.25195449315942825,3526656.0,-0.05475333775393665,-0.06331463460616457
3538944.0,-0.5529549652710557,-0.5514595516646901,3538944.0,0.4134910112867753,0.38559703660818434,3538944.0,0.28108286298811436,0.26068860319598264,3538944.0,-0.06377929196848224,-0.06297354352233621
3551232.0,-0.5613999577860037,-0.5502727911497156,3551232.0,0.39124694652855396,0.38251819011444843,3551232.0,0.3092048697484036,0.2704531154440095,3551232.0,-0.06601778033655137,-0.06392836955298359
3563520.0,-0.559289701593419,-0.550660004032155,3563520.0,0.3652567414877315,0.3771155347116292,3563520.0,0.3311561377098163,0.2800893420043091,3563520.0,-0.06590306483364354,-0.06382560370645175
3575808.0,-0.5563784095769128,-0.5512879321041206,3575808.0,0.3341252701357007,0.37037308036039274,3575808.0,0.30915853039671976,0.28659165315330026,3575808.0,-0.053174652760693185,-0.06246136597862158
3588096.0,-0.5616076905280352,-0.5527390780548255,3588096.0,0.3243952862297495,0.36314095474469166,3588096.0,0.30726267537102103,0.2918327714471768,3588096.0,-0.06472496218824138,-0.06226603007914189
3600384.0,-0.5646646802003185,-0.5540136877136926,3600384.0,0.3072860923906167,0.3576516875841966,3600384.0,0.32853320396194857,0.29890387890239556,3600384.0,-0.06560919639499237,-0.062164089745298655
3612672.0,-0.5665465208391348,-0.556035499367863,3612672.0,0.3514171876013279,0.3553169172878067,3612672.0,0.34605665660152835,0.3077000518950323,3612672.0,-0.065496848236459,-0.06321608878788539
3624960.0,-0.5690651626015703,-0.5585321080870926,3624960.0,0.36843720187122625,0.3562709925541033,3624960.0,0.34965811436995864,0.31582923013096054,3624960.0,-0.06538028308811288,-0.06311559732809352
3637248.0,-0.573576821324726,-0.5610133790411055,3637248.0,0.33925215651591617,0.3534578128096958,3637248.0,0.3477519477407138,0.32154506968023877,3637248.0,-0.05446596313655997,-0.06193053806976725
3649536.0,-0.5851824516430497,-0.5650666361364225,3649536.0,0.3467223192565143,0.3541630213304113,3649536.0,0.34114075762530166,0.32510057565135264,3649536.0,-0.06517295981757343,-0.06297250027613094
3661824.0,-0.5840020372221867,-0.5681713433315356,3661824.0,0.32004565947378677,0.34481848614911237,3661824.0,0.409181697294116,0.3379104590819528,3661824.0,-0.06507912941742688,-0.0631024840210254
3674112.0,-0.5757834371179342,-0.5696096912647287,3674112.0,0.3128121397458017,0.33697500547083714,3674112.0,0.44179088389500976,0.3511690604966134,3674112.0,-0.06497996242251247,-0.0629987022296215
3686400.0,-0.5809333159898719,-0.571774052704374,3686400.0,0.32377247357120115,0.3328265786791841,3686400.0,0.426558088666449,0.3607092555922766,3686400.0,-0.05300530760238568,-0.06170892650649572
3698688.0,-0.5775717174013456,-0.5738933834868172,3698688.0,0.33984307168672484,0.33339835883428653,3698688.0,0.4271245812997222,0.3725058606825769,3698688.0,-0.06479423275838296,-0.06287088450626468
3710976.0,-0.5862220445026954,-0.5763548188842832,3710976.0,0.3549515479244292,0.33645398500375445,3710976.0,0.42717585681627196,0.384497178827102,3710976.0,-0.06469406812296559,-0.06286779509973713
3723264.0,-0.582205749116838,-0.5781089257759352,3723264.0,0.32725276223694283,0.33845065198838714,3723264.0,0.4294406139912705,0.39458791983003416,3723264.0,-0.061708277983901404,-0.06247770325862804
3735552.0,-0.5865796819950143,-0.5801122418915232,3735552.0,0.30703566689044237,0.3340124999172986,3735552.0,0.4200892799223463,0.401991182162116,3735552.0,-0.06342041178140789,-0.062270059613122916
3747840.0,-0.5985920665164789,-0.583064932283014,3747840.0,0.30234967373932403,0.3274037471041083,3747840.0,0.40295287532111007,0.4073206582572311,3747840.0,-0.06437775523712237,-0.062169806828023866
3760128.0,-0.5952629266927639,-0.5852335428198179,3760128.0,0.27242126983279985,0.32072065843579667,3760128.0,0.38730629347264767,0.41127609283042454,3760128.0,-0.061918734572827816,-0.06291508397165066
3772416.0,-0.594997262271742,-0.5862150238826871,3772416.0,0.27363284040863317,0.3134117105510086,3772416.0,0.37983503301317495,0.4151455203692119,3772416.0,-0.0640183159460624,-0.06279961958449956
3784704.0,-0.6067457497119904,-0.5884893951316674,3784704.0,0.2591933069440226,0.30732647529803214,3784704.0,0.39042177191004157,0.41326952783080434,3784704.0,-0.053728841458602496,-0.0616645907886171
3796992.0,-0.6068318504840136,-0.5915942364682754,3796992.0,0.28185947456707555,0.3042312087801595,3796992.0,0.41325018275529146,0.4104154577168326,3796992.0,-0.05229130897593374,-0.06039572544395923
3809280.0,-0.6103390716016293,-0.5945348120294511,3809280.0,0.27740165824070573,0.29959412724711004,3809280.0,0.39633323283245164,0.4073929721334328,3809280.0,-0.063924350310117,-0.06148762971473237
3821568.0,-0.6124649277577797,-0.5980241330650945,3821568.0,0.269662089801083,0.29257602905854585,3821568.0,0.40872743632644415,0.40555325763610506,3821568.0,-0.05336977211603274,-0.06034518365049735
3833856.0,-0.6193955879037579,-0.6013414874052008,3833856.0,0.259986041734616,0.28307947843956444,3833856.0,0.38605448696762323,0.4014411206512401,3833856.0,-0.06373605442543824,-0.06024938228074461
3846144.0,-0.6223966448257366,-0.6053605769760907,3846144.0,0.251916259371986,0.27554582815306883,3846144.0,0.3794052981150647,0.3964375890636196,3846144.0,-0.06366820924449712,-0.06044537540680418
3858432.0,-0.6226573313275973,-0.608968341909349,3858432.0,0.24558238374690214,0.2694004998387148,3858432.0,0.3749095678019027,0.3919196178515752,3858432.0,-0.050707138570336006,-0.059174048085697
3870720.0,-0.6306661178047458,-0.6121757470381757,3870720.0,0.23259736923500896,0.26242526938828326,3870720.0,0.36241036249945563,0.38786536656940973,3870720.0,-0.06350526423193514,-0.05908679898517827
3883008.0,-0.6362256702656547,-0.6162720213954648,3883008.0,0.2285190960392356,0.25803505200892685,3883008.0,0.3635858407554527,0.38549332129769026,3883008.0,-0.06279808767916013,-0.05917473429581151
3895296.0,-0.6449404647573829,-0.6212663416440288,3895296.0,0.23048813051233688,0.25372058101929723,3895296.0,0.3706526368235548,0.3845750816787283,3895296.0,-0.0604698354145512,-0.058819886242660394
3907584.0,-0.6475423223649462,-0.6253459989093243,3907584.0,0.22181681419412294,0.24998293174430725,3907584.0,0.3575656667041282,0.3812894711581369,3907584.0,-0.06316435798847427,-0.059763437895647566
3919872.0,-0.6468479648853341,-0.6293476103494564,3919872.0,0.22263948122660318,0.24406093241026,3919872.0,0.34321143524721265,0.374285596407329,3919872.0,-0.05976761772762984,-0.060511068770817175
3932160.0,-0.6512585934251547,-0.633439562531809,3932160.0,0.23467571381479502,0.239788337967669,3932160.0,0.377073729565988,0.37235964608068267,3932160.0,-0.06302450314008941,-0.06042108405381441
3944448.0,-0.657481844847401,-0.6379412542407711,3944448.0,0.2255007040221244,0.2353721993897731,3944448.0,0.4037288135538499,0.3718597838034232,3944448.0,-0.06292854125301044,-0.061376960967512176
3956736.0,-0.66290899955978,-0.6422925954063732,3956736.0,0.22705883245604733,0.23207947846191623,3956736.0,0.3639564734573166,0.36964998245239256,3956736.0,-0.062181442704362176,-0.061221499795404574
3969024.0,-0.6590111432597041,-0.6459540452497701,3969024.0,0.2393902560385565,0.23082687812857325,3969024.0,0.3828934522656103,0.36999879786744716,3969024.0,-0.04965542759358262,-0.05982022163031313
3981312.0,-0.6628188717489442,-0.6499701992919047,3981312.0,0.24522841830427447,0.23079148158431048,3981312.0,0.3945907079614699,0.37196691188340386,3981312.0,-0.06267162928512941,-0.06101667070179245
3993600.0,-0.6596401318286856,-0.6528676006942987,3993600.0,0.2570112971588969,0.23323287437669932,3993600.0,0.37937080953270197,0.37366295658672855,3993600.0,-0.06257523483751963,-0.060923667762350905
4005888.0,-0.6609262079000473,-0.655337654457738,4005888.0,0.31367379846051335,0.2417483446188271,4005888.0,0.3605470551798741,0.37335907802917057,4005888.0,-0.0593216836762925,-0.06057602736206415
4018176.0,-0.663584646768868,-0.6572020726588865,4018176.0,0.30960384802892804,0.24965991637048618,4018176.0,0.3412704148019354,0.3704208558270087,4018176.0,-0.062383336713537574,-0.06076737749196278
4030464.0,-0.6640895185992122,-0.6588567922823131,4030464.0,0.30336858207980794,0.2578150931590547,4030464.0,0.33538241203253466,0.36820253035984934,4030464.0,-0.06230252612537394,-0.06068119430565274
4042752.0,-0.6757323127239943,-0.6617452270661792,4042752.0,0.27892223217835027,0.2634433682542294,4042752.0,0.36062213871628046,0.36994360070675614,4042752.0,-0.06220741100454082,-0.060925173633343856
4055040.0,-0.6884991104404131,-0.665469278767705,4055040.0,0.2706229280059536,0.26703808967334536,4055040.0,0.3802362472439806,0.37025985247455534,4055040.0,-0.06188814955142637,-0.06081153827447755
4067328.0,-0.6982036400586367,-0.6695414582888286,4067328.0,0.279082740812252,0.27239629335235804,4067328.0,0.40047696760545176,0.3699346678797155,4067328.0,-0.05188986466964707,-0.05970767061614122
4079616.0,-0.705559678375721,-0.6738065261704227,4079616.0,0.27800706463555497,0.2774911165703088,4079616.0,0.3991492244725426,0.3734539429812382,4079616.0,-0.0617944139521569,-0.059668967740920675
4091904.0,-0.7179306658605734,-0.6796984784305097,4091904.0,0.2643657348429163,0.2799886644507448,4091904.0,0.37512920098379254,0.3726775178530564,4091904.0,-0.04955636900073538,-0.05965906188163596
4104192.0,-0.7221779935061932,-0.6856343906062345,4104192.0,0.2740759688119094,0.2828734195015083,4104192.0,0.39214759366586804,0.3724332064234962,4104192.0,-0.06179753477529933,-0.059571652430652954
4116480.0,-0.7213828408469757,-0.6918086615080634,4116480.0,0.24766357258583108,0.2819386470442017,4116480.0,0.3784458253843089,0.3723407080086569,4116480.0,-0.061713915512276195,-0.05948552049812862
4128768.0,-0.7170149659117063,-0.6974175373092293,4128768.0,0.2546894478922089,0.2760402119873713,4128768.0,0.36911648822327453,0.373197651312997,4128768.0,-0.06162166129797697,-0.05971551826029705
4141056.0,-0.7264211121946573,-0.7037011838518082,4141056.0,0.24706081223363677,0.2697859084078421,4141056.0,0.38337178838749725,0.3774077886715531,4141056.0,-0.06152975318642954,-0.059630159907586244
4153344.0,-0.7318591767301162,-0.7104781496648986,4153344.0,0.25245018241306144,0.2646940684411675,4153344.0,0.3652736673442026,0.3803969142027199,4153344.0,-0.04942900404178848,-0.05834280769922771
4165632.0,-0.7327161903182665,-0.716176537424326,4165632.0,0.23426981223747134,0.2602288264470796,4165632.0,0.36371565454949933,0.38070626578604183,4165632.0,-0.061336225170331694,-0.05825568911580679
4177920.0,-0.7316996548324823,-0.7204965918635329,4177920.0,0.2413971545174718,0.2573062490982314,4177920.0,0.3583659512611727,0.378519236187761,4177920.0,-0.061291707679629326,-0.05819604492862709
4190208.0,-0.7269469940414032,-0.7233709272618095,4190208.0,0.263602231318752,0.2557581981488814,4190208.0,0.34549823698277277,0.3730213631254931,4190208.0,-0.054454841961463295,-0.05845254265780871
4202496.0,-0.7217055813719829,-0.7249855175614356,4202496.0,0.25444916465009254,0.2534024081503351,4202496.0,0.35122117508823675,0.36822855818706246,4202496.0,-0.06087057859015962,-0.05836015912160899
4214784.0,-0.7243893121679624,-0.7256313821921745,4214784.0,0.2909261058084667,0.2560584452468902,4214784.0,0.35636180235693854,0.36635181832437713,4214784.0,-0.061042734188959,-0.05950879564043134
4227072.0,-0.7173859352866808,-0.7251521763702233,4227072.0,0.2936427751556039,0.25801512588125963,4227072.0,0.3446544495721658,0.3616025039150069,4227072.0,-0.06095358938910067,-0.05942440110181148
4239360.0,-0.7151876284430424,-0.7245326551298301,4239360.0,0.29136143904179335,0.2623849125268559,4239360.0,0.34878418780863285,0.35863634015743934,4239360.0,-0.04823402474479129,-0.058076412025062994
4251648.0,-0.7107351912806431,-0.7239046776667238,4251648.0,0.3069497970864177,0.2676109474462768,4251648.0,0.3395052117606004,0.3556752125111719,4251648.0,-0.060372952527056135,-0.05795154114797091
4263936.0,-0.7052927426993847,-0.7217918407171966,4263936.0,0.2980184134406348,0.27270670756697657,4263936.0,0.3377644407252471,0.35111447774494686,4263936.0,-0.060723883216269314,-0.057870954150954876
4276224.0,-0.6954692068199316,-0.7181528437261779,4276224.0,0.2983441416484614,0.2772961034905166,4276224.0,0.32931360059107345,0.34751847106963396,4276224.0,-0.059608442320798836,-0.058888897978855916
4288512.0,-0.6880798116326332,-0.7136892058576148,4288512.0,0.2982339706892769,0.2836925193356971,4288512.0,0.32535038112352294,0.3436819437270363,4288512.0,-0.04946826689410955,-0.057702102151233704
4300800.0,-0.6461269191155831,-0.7051319322859249,4300800.0,0.29833427676931024,0.28938623156088095,4300800.0,0.32350699820866186,0.34019604842178525,4300800.0,-0.06047305779065937,-0.057620237162336704
4313088.0,-0.606419570123156,-0.6930791898941,4313088.0,0.3459016061387956,0.2976161690428853,4313088.0,0.33257158457611996,0.33890338318112,4313088.0,-0.06041232403367758,-0.058215985369558146
4325376.0,-0.5788300012548765,-0.6787916318823892,4325376.0,0.3839154050995906,0.31056279308783513,4325376.0,0.33593384036794305,0.33737464970909065,4325376.0,-0.05598243174608797,-0.05772717068515097
4337664.0,-0.5562749213228623,-0.6619801927978793,4337664.0,0.38734098710119724,0.32020428121710814,4337664.0,0.3196804149386783,0.33370651096726456,4337664.0,-0.04804618093961229,-0.056427515360216306
4349952.0,-0.5238834923754135,-0.6426299485067527,4349952.0,0.38765830018868047,0.32960583372041585,4349952.0,0.32414456829428673,0.3316555228394767,4349952.0,-0.06018398061860353,-0.056350554483166594
4362240.0,-0.5122623862698674,-0.6223374242894352,4362240.0,0.39246160273129743,0.3397158500893662,4362240.0,0.32399700426807004,0.3291768044854204,4362240.0,-0.05609837869027009,-0.05713698987771447
4374528.0,-0.492922306060791,-0.6005561357674499,4374528.0,0.3800183483399451,0.34702270521471895,4374528.0,0.32190560378755134,0.32741684368811547,4374528.0,-0.06003035352720568,-0.057102729977729416
4386816.0,-0.5353926590954264,-0.583566127407054,4386816.0,0.38246376362318796,0.35546724023297427,4386816.0,0.3232684909986953,0.32596724871546023,4386816.0,-0.046896720285682626,-0.05572001368467074
4399104.0,-0.6181242906798919,-0.57583163579305,4399104.0,0.3993333609153827,0.3655661621596664,4399104.0,0.31192645290866494,0.3242285339472194,4399104.0,-0.0598975665634498,-0.05574892610893585
4411392.0,-0.7072167185445627,-0.577745326484243,4411392.0,0.4160316820877294,0.37734593329951166,4411392.0,0.29840274977808195,0.32153377081267537,4411392.0,-0.059826890705153346,-0.056784788490040226
4423680.0,-0.7442680721481642,-0.5875594417875012,4423680.0,0.4147822434703509,0.3889907299696157,4423680.0,0.3040735856629908,0.31959042955810824,4423680.0,-0.04714374663308263,-0.05545185737428256
4435968.0,-0.819898696616292,-0.6089073544368147,4435968.0,0.4421953046694398,0.39862009982268015,4435968.0,0.3274150948661069,0.3190747805871069,4435968.0,-0.059649423812516034,-0.0553755673521664
4448256.0,-0.8416582612941662,-0.6351901804407437,4448256.0,0.4504100866615772,0.40526956797887886,4448256.0,0.316579801030457,0.3171393766533583,4448256.0,-0.05281041182267169,-0.055058365359824765
4460544.0,-0.8714890976746877,-0.6667115980759263,4460544.0,0.43623593387504417,0.41015906265626356,4460544.0,0.3094222907287379,0.3161135642323643,4460544.0,-0.05953471870937695,-0.05620721913680125
4472832.0,-0.8447424254069725,-0.6987974913790822,4472832.0,0.45920292381197214,0.41731352501859276,4472832.0,0.31623588626583415,0.3153226960295191,4472832.0,-0.05946649389807135,-0.05613547046474802
4485120.0,-0.8248109817504883,-0.7300523509271444,4485120.0,0.4507766130069892,0.4231450260461619,4485120.0,0.3218731440914174,0.3151103100118538,4485120.0,-0.048457711682810135,-0.055371403764002014
4497408.0,-0.7682926009098688,-0.7575893804120521,4497408.0,0.44209659068534773,0.42935285028070214,4497408.0,0.3124283010450502,0.3141625797376037,4497408.0,-0.059331222476127245,-0.055301490658894184
4509696.0,-0.7248335958768924,-0.7765334740901986,4509696.0,0.44311578168223303,0.4354180520866066,4509696.0,0.3066804201031725,0.3125037726480514,4509696.0,-0.05925163653834412,-0.05653698228416032
4521984.0,-0.6801494710768262,-0.7827359921298921,4521984.0,0.43793164379894733,0.439277880374963,4521984.0,0.30836296702424687,0.3121474240596095,4521984.0,-0.056515188965325557,-0.05619874452434791
4534272.0,-0.6251161660378178,-0.7745259368792177,4534272.0,0.42778526882951456,0.4404532390491416,4534272.0,0.30886892570803565,0.3131940416526049,4534272.0,-0.046414337353780866,-0.05485748918921066
4546560.0,-0.6268537283564607,-0.7627845025000473,4546560.0,0.42917192323754233,0.44189220702586074,4546560.0,0.30614223005250096,0.31340090609155596,4546560.0,-0.05901974478426079,-0.05604508900432846
4558848.0,-0.6558661765108506,-0.7463812504895031,4558848.0,0.42170287886013585,0.4398429644449303,4558848.0,0.29691315970073145,0.3103507125750184,4558848.0,-0.05897145054768771,-0.05597729167784564
4571136.0,-0.6625594909613332,-0.7284713734562198,4571136.0,0.40843251316497725,0.4356452070952703,4571136.0,0.2901132341163854,0.30770405588361116,4571136.0,-0.05889191633711258,-0.05658544212928973
4583424.0,-0.6854323471585909,-0.7098656984046101,4583424.0,0.3886693267462154,0.43088854638238744,4583424.0,0.2994716380101939,0.3067089906117568,4583424.0,-0.048520488412274666,-0.05548401909957949
4595712.0,-0.7110662218183279,-0.6964980780457457,4595712.0,0.39330903394147754,0.4242991573953381,4595712.0,0.2972732703201473,0.30481272901718814,4595712.0,-0.058752687803159155,-0.05541263849008828
4608000.0,-0.7165808019538721,-0.685675060066084,4608000.0,0.36701792494083446,0.4159232885887225,4608000.0,0.2932703426728646,0.30195244887533285,4608000.0,-0.04701743300150459,-0.05526861062195774
4620288.0,-0.6814161688089371,-0.6769874168559908,4620288.0,0.3626110238643984,0.4079747319066276,4620288.0,0.2925221781867246,0.29996183658950026,4620288.0,-0.05820742222325256,-0.055156230596670255
4632576.0,-0.6765403145303329,-0.6721580887213349,4632576.0,0.4128853265816967,0.404951686396574,4632576.0,0.29770511326690513,0.29906430590587363,4632576.0,-0.05781514403255036,-0.05501258134609088
4644864.0,-0.685989731301864,-0.6727421147438386,4644864.0,0.4215947931321959,0.4033180013298988,4644864.0,0.29182824632152915,0.2974108338356018,4644864.0,-0.05847874873628219,-0.05520893732318655
4657152.0,-0.6871681902557611,-0.6789473171656331,4657152.0,0.41548304352909327,0.40208777879985663,4657152.0,0.2878371039405465,0.2953076516588529,4657152.0,-0.05840458639431745,-0.056407962227240205
4669440.0,-0.6892745358248552,-0.6851893979124724,4669440.0,0.3799117353434364,0.3971617600104461,4669440.0,0.28147459030151367,0.29284088768375416,4669440.0,-0.05832731886766851,-0.05633871963558098
4681728.0,-0.6912157845993837,-0.6887243587213258,4681728.0,0.41389304570232827,0.39638077669466537,4681728.0,0.27853379941855866,0.2910029516555369,4681728.0,-0.04569840520465126,-0.05501141510127733
4694016.0,-0.7218016249438127,-0.6946485721195736,4694016.0,0.3982965094037354,0.3953671763185412,4694016.0,0.27798736607655883,0.28979036485155424,4694016.0,-0.05819609221847107,-0.05494183268941318
4706304.0,-0.7231155000627041,-0.6984168874099851,4706304.0,0.4199452241882682,0.3984947660627465,4706304.0,0.2793614117739101,0.2877793422279259,4706304.0,-0.04629429835282887,-0.054719213683468604
4718592.0,-0.7173034710188707,-0.6990406123300393,4718592.0,0.4278835446263353,0.4019522171312323,4718592.0,0.27165295199180645,0.2852173103950918,4718592.0,-0.05802458159935971,-0.054646403063088655
4730880.0,-0.7191299715389808,-0.6992955292885502,4730880.0,0.42647298456480104,0.4078977230936289,4730880.0,0.26557692714656395,0.28244796884246165,4730880.0,-0.058009211478444435,-0.05574558091078265
4743168.0,-0.732312181343635,-0.7043851305420199,4743168.0,0.4128055280695359,0.41291717351414264,4743168.0,0.2710256854382654,0.28029831956761575,4743168.0,-0.05793390058291455,-0.055718228746748845
4755456.0,-0.7394060219327608,-0.7106717012822628,4755456.0,0.395368301620086,0.4111654710179816,4755456.0,0.27409807390843827,0.2779376156317691,4755456.0,-0.05785864040565988,-0.05572257838405979
4767744.0,-0.7486924969901642,-0.7169419778510928,4767744.0,0.3797507720688979,0.4069810689116518,4767744.0,0.2782297519346078,0.27657776619307695,4767744.0,-0.057783671150294445,-0.05565307062546102
4780032.0,-0.7487622642268738,-0.723101385248204,4780032.0,0.36738614660377306,0.4021713792191197,4780032.0,0.2688040911840896,0.27467446491743125,4780032.0,-0.04477536792789275,-0.05429014877881855
4792320.0,-0.760361502567927,-0.7302100819225112,4792320.0,0.3793202377855778,0.4021122294633338,4792320.0,0.2665820613813897,0.2731852120254189,4792320.0,-0.05104614305309951,-0.05356203119736165
4804608.0,-0.7622503812114397,-0.737313541583717,4804608.0,0.3804553913262983,0.3987684640257309,4804608.0,0.26088476832956076,0.2714203089165191,4804608.0,-0.05713795758007715,-0.05470598643490424
4816896.0,-0.7675385475158691,-0.7418872338409226,4816896.0,0.3935569378857811,0.3982945068739355,4816896.0,0.2646161212275426,0.27008318443161744,4816896.0,-0.053936858234616615,-0.05428006303651879
4829184.0,-0.7657550231864055,-0.7461511861532927,4829184.0,0.3936820328235626,0.3956681877374649,4829184.0,0.265622497536242,0.2687092930078506,4829184.0,-0.0574733642473196,-0.055397969625967866
4841472.0,-0.7730192833890518,-0.7517227673903107,4841472.0,0.3965400339414676,0.3925338366689782,4841472.0,0.2597003180223207,0.26751402961090204,4841472.0,-0.05740017913437138,-0.05533552937946903
4853760.0,-0.7722507709016403,-0.7570348473265767,4853760.0,0.4301017640779416,0.3928967146202922,4853760.0,0.26053271427129704,0.2670096083233754,4853760.0,-0.057327229452009,-0.055267331176825495
4866048.0,-0.7611434614906708,-0.7599179753412802,4866048.0,0.3887722158494095,0.39049338339827955,4866048.0,0.26226209693898755,0.26613324947344763,4866048.0,-0.054561679561932884,-0.05493010907472732
4878336.0,-0.7695475108921528,-0.7629321242372196,4878336.0,0.3802994286331038,0.3889864960995813,4878336.0,0.2637065858580172,0.2650941006684055,4878336.0,-0.051880402490496635,-0.05433228528321099
4890624.0,-0.7804061081260443,-0.7661034853508075,4890624.0,0.3866761081541578,0.3896790297081073,4890624.0,0.2562937076824407,0.2629004962431888,4890624.0,-0.04303929052548483,-0.05285784722073004
4902912.0,-0.7910918618241946,-0.7703364451105397,4902912.0,0.3606632463634014,0.3890067396840701,4902912.0,0.2512518377043307,0.26114527089521283,4902912.0,-0.05708357606393596,-0.05408866803433436
4915200.0,-0.7967372524241606,-0.773974020096163,4915200.0,0.3553734407760203,0.38661205998311443,4915200.0,0.2517790721418957,0.2596649719712635,4915200.0,-0.050942924610959985,-0.0540783461901204
4927488.0,-0.8007212268809477,-0.7778211046631138,4927488.0,0.35099792464946705,0.3836663133154313,4927488.0,0.25704359728842974,0.2592808548671504,4927488.0,-0.05695883398099492,-0.05406043383021218
4939776.0,-0.7989285675187906,-0.7809601066634059,4939776.0,0.3436060642513136,0.37867122595198455,4939776.0,0.25495770915100974,0.2583150136594971,4939776.0,-0.05689399433322251,-0.05435614744007278
4952064.0,-0.8084724098443985,-0.7852318453292051,4952064.0,0.35063936064640683,0.37436695873426895,4952064.0,0.2551461906793217,0.2572673829738051,4952064.0,-0.05682303674984723,-0.054291114690325534
4964352.0,-0.8040505591779947,-0.7883349729080995,4964352.0,0.35982486403857666,0.3706954417439799,4964352.0,0.24945092123622695,0.2562424432951957,4964352.0,-0.04267195025264906,-0.05281829180215329
4976640.0,-0.796133058766524,-0.7907232016945879,4976640.0,0.3437535635506113,0.36206062169124686,4976640.0,0.24604319672410688,0.2547934915404767,4976640.0,-0.05513202480506152,-0.052598771337458564
4988928.0,-0.793346763898929,-0.7939435319354137,4988928.0,0.32944376673549414,0.3561277767798553,4988928.0,0.2435812458085517,0.2529254064274331,4988928.0,-0.05663472002682587,-0.05280607538394785
5001216.0,-0.803870332116882,-0.7973758140578866,5001216.0,0.33271500856305164,0.35136933477285004,5001216.0,0.2481251914675037,0.25136726698838174,5001216.0,-0.05657697802719971,-0.053275732937618156
5013504.0,-0.7939054146409035,-0.7987257447093725,5013504.0,0.34910064609721303,0.3476117885671556,5013504.0,0.2586193382740021,0.2515998300475379,5013504.0,-0.05457756016403437,-0.054429559901473114
5025792.0,-0.7907603966693083,-0.7986925981938839,5025792.0,0.3541302302231391,0.34695848695312936,5025792.0,0.2469162723670403,0.2511662735138088,5025792.0,-0.05644102856361618,-0.05436530515144113
5038080.0,-0.7992199435830116,-0.798940867309769,5038080.0,0.36588983749970794,0.34801012662549813,5038080.0,0.24664165390034518,0.2506525316896538,5038080.0,-0.05637677328195423,-0.054908690018540554
5050368.0,-0.7963530663400888,-0.798504051255683,5050368.0,0.36033449166764814,0.34894378332731624,5050368.0,0.24382497277110815,0.24933066923792166,5050368.0,-0.055475966966090105,-0.05476040331705008
5062656.0,-0.7956193443387747,-0.7981731289376814,5062656.0,0.34902523970231414,0.34948570087241626,5062656.0,0.24257925137256584,0.24809282346007727,5062656.0,-0.042532396056534104,-0.05332424348938124
5074944.0,-0.7938196317603191,-0.7967078511292736,5074944.0,0.3425652007572353,0.34867828488349917,5074944.0,0.23960048084457716,0.2465382524766028,5074944.0,-0.053710847084100045,-0.05301302452280652
5087232.0,-0.8035699805865685,-0.7966597932701309,5087232.0,0.348425083172818,0.34753830679692327,5087232.0,0.2479595720457534,0.24638911755755544,5087232.0,-0.056143818655982614,-0.05436021136313988
5099520.0,-0.7911898872504631,-0.796165476118525,5099520.0,0.3400858788130184,0.347171538323164,5099520.0,0.2459263619966805,0.24637743408481277,5099520.0,-0.0426728255309475,-0.053114291435728475
5111808.0,-0.7793718855828047,-0.7947679882869124,5111808.0,0.3321218060639997,0.3474393422560146,5111808.0,0.24189663709451756,0.2462089732134094,5111808.0,-0.05601401060509185,-0.05305222049355507
5124096.0,-0.7835327529658874,-0.792734230371813,5124096.0,0.3180212117731571,0.34596996257702506,5124096.0,0.23536074937631687,0.2449325290042907,5124096.0,-0.05597255495376885,-0.052991778186211994
5136384.0,-0.7854858115315437,-0.7918922700608769,5136384.0,0.34064017112056416,0.3451239150793602,5136384.0,0.2345801986133059,0.2425286150382211,5136384.0,-0.05590272101107985,-0.05312429427091653
5148672.0,-0.7900013085454702,-0.7918163612484932,5148672.0,0.3445608272838096,0.3441669747854272,5148672.0,0.2493698618685206,0.2427739739883691,5148672.0,-0.04657058163623636,-0.05213724957817856
5160960.0,-0.7978888135403395,-0.791683248244226,5160960.0,0.3578034721625348,0.3433583382517099,5160960.0,0.24345452540243664,0.24245526113857827,5160960.0,-0.04969091294333339,-0.051468663544316465
5173248.0,-0.8007271308451891,-0.792120654694736,5173248.0,0.37475130598371226,0.34480001968331636,5173248.0,0.23928095834950605,0.242000859696418,5173248.0,-0.05573855658682684,-0.05149492250639014
5185536.0,-0.8031420695285002,-0.7928729272137086,5185536.0,0.3755431701429188,0.34745181272737685,5185536.0,0.23812129705523452,0.24155506426468493,5185536.0,-0.055673613639858864,-0.05280904426472262
5197824.0,-0.8005134531607231,-0.793542309353749,5197824.0,0.36147437353308004,0.3493427300049613,5197824.0,0.2449241296077768,0.24208742914100484,5197824.0,-0.04168084644091626,-0.05160604420040423
5210112.0,-0.8042223987480005,-0.793607551169892,5210112.0,0.35037462242568534,0.34953768393024803,5210112.0,0.23432872723788023,0.24072434466021755,5210112.0,-0.055553644856748484,-0.051547026820480825
5222400.0,-0.817484961822629,-0.7962370586271088,5222400.0,0.3315036579345663,0.34867946184240284,5222400.0,0.22886682084451118,0.2390183905450006,5222400.0,-0.055510038315939404,-0.05283074809898001
5234688.0,-0.8117926462243,-0.7994791346912582,5234688.0,0.3487489353865385,0.3503421747746567,5234688.0,0.22942075955991945,0.23777080279154084,5234688.0,-0.041366777363388486,-0.051366024774809685
5246976.0,-0.8134401068091393,-0.8024698700755835,5246976.0,0.3706505487983425,0.3556051084771753,5246976.0,0.22876710180814067,0.23711143803472318,5246976.0,-0.05008150489690403,-0.0507769197691232
5259264.0,-0.8114669360220432,-0.8050679825246334,5259264.0,0.3608669006886582,0.35762778143398466,5259264.0,0.23274160316213965,0.23692757848960655,5259264.0,-0.05534433100062112,-0.05072108076807733
5271552.0,-0.8194406082232794,-0.8080119124924143,5271552.0,0.3398425110305349,0.35715594980865717,5271552.0,0.23427352774888277,0.2354179450776428,5271552.0,-0.055294816731475294,-0.05159350427760121
5283840.0,-0.82167524471879,-0.8103905556102593,5283840.0,0.3236158946529031,0.353737192057694,5283840.0,0.2288315105251968,0.23395564358991877,5283840.0,-0.047233220927106835,-0.05134773507597856
5296128.0,-0.8244435967256626,-0.8127622021983069,5296128.0,0.3304171046863,0.3493037719279527,5296128.0,0.23957587638869882,0.23398513539383808,5296128.0,-0.05513895916131636,-0.05128777533342752
5308416.0,-0.8227735906839371,-0.8147253543138504,5308416.0,0.33768546224261325,0.34551800113792214,5308416.0,0.24066552550842366,0.234239558239157,5308416.0,-0.05512018800557902,-0.051232432769999524
5320704.0,-0.8080694961051146,-0.8154809586082896,5320704.0,0.3273235171412428,0.34210291549873845,5320704.0,0.2333062036583821,0.2330777656442175,5320704.0,-0.05505075608380139,-0.05256942373428804
5332992.0,-0.8112114630639553,-0.816179865039885,5332992.0,0.31529219044993323,0.33859467230116325,5332992.0,0.2380353434321781,0.2334484272636473,5332992.0,-0.04122209959314205,-0.051136269207927396
5345280.0,-0.8116003101070722,-0.8155913998683294,5345280.0,0.3099233365307252,0.3364366401607791,5345280.0,0.2319678730952243,0.23375853248871864,5345280.0,-0.054946044770379864,-0.05107986985337145
5357568.0,-0.8093194247533878,-0.8153440777212382,5357568.0,0.31357713711137575,0.33291946033326286,5357568.0,0.22800333860019842,0.2336167903927465,5357568.0,-0.054897205089218915,-0.05243291262595449
5369856.0,-0.8059877368311087,-0.814598840723435,5369856.0,0.3158723618835211,0.32744164164178075,5369856.0,0.2344137018856903,0.23418145040050148,5369856.0,-0.04376117407809943,-0.05180087954407403
5382144.0,-0.8077028809736172,-0.8142224352185925,5382144.0,0.32914764372011024,0.324269715944926,5382144.0,0.23240037759145102,0.23414732784343265,5382144.0,-0.05473964207340032,-0.051740410651351945
5394432.0,-0.8033104514082273,-0.8126094195370873,5394432.0,0.3207208494034906,0.3223575497822216,5394432.0,0.23809378206109008,0.23452935327465338,5394432.0,-0.054733278385053076,-0.051684256816709725
5406720.0,-0.8055375615755717,-0.8109956512227654,5406720.0,0.30505618158107,0.32050157847503824,5406720.0,0.2309190963084499,0.2347381118529787,5406720.0,-0.054671297082677484,-0.052428064432266795
5419008.0,-0.806589987128973,-0.8092102902630967,5419008.0,0.32306977671881515,0.3197668456782898,5419008.0,0.22936664894223213,0.233717189108332,5419008.0,-0.04079679408459924,-0.05099384792459508
5431296.0,-0.8154319251577059,-0.8084761237104733,5431296.0,0.3278838354162872,0.31878668299565716,5431296.0,0.22621977468952537,0.23227261402644217,5431296.0,-0.05272475664969534,-0.05075430478900671
5443584.0,-0.8228536502768596,-0.8099545391276479,5443584.0,0.3192398219058911,0.3179783134721219,5443584.0,0.22752768686041236,0.23169476234664516,5443584.0,-0.05451998176674048,-0.050701227357300614
5455872.0,-0.8216694667935371,-0.811000339500606,5455872.0,0.3312832916465898,0.3195774235917876,5455872.0,0.23019407285998264,0.23091063528942563,5455872.0,-0.05445654507881651,-0.05202467190586807
5468160.0,-0.81919125529627,-0.8117594340195258,5468160.0,0.31488274115448195,0.32007336405416337,5468160.0,0.2246483190295597,0.2301786798828592,5468160.0,-0.051094799962205194,-0.0516395474250506
5480448.0,-0.8189292221019665,-0.8127204137543836,5480448.0,0.3126495963272949,0.3199806099757552,5480448.0,0.21896182745695114,0.2292745287685345,5480448.0,-0.05424972262699157,-0.05157479917882786
5492736.0,-0.824645442267259,-0.8145861842979988,5492736.0,0.2990019546511273,0.31829356925251584,5492736.0,0.22584669943898916,0.22841782852386433,5492736.0,-0.05283655587118119,-0.05248233735813603
5505024.0,-0.8213475154091915,-0.8159506477415561,5505024.0,0.2883308227173984,0.31421188715224463,5505024.0,0.2306702284452816,0.22824481360924742,5505024.0,-0.03966468714255219,-0.05097484186505123
5517312.0,-0.8230251502245665,-0.81792211762319,5517312.0,0.32077709833780926,0.3142175120456765,5517312.0,0.23258156593268117,0.22769359199640654,5517312.0,-0.052869702922180295,-0.05078848431876395
5529600.0,-0.8229332560052475,-0.8196616870661577,5529600.0,0.3207995107707878,0.3157918449646483,5529600.0,0.22877209230015674,0.22747889159557722,5529600.0,-0.05413429027733704,-0.050734783638229905
5541888.0,-0.8274341132491827,-0.8217460996781785,5541888.0,0.3253888321729998,0.31602375051006676,5541888.0,0.22618400833259025,0.22716062753461302,5541888.0,-0.054078434982026614,-0.05206294772797264
5554176.0,-0.8261926174163818,-0.8228221689040464,5554176.0,0.3365151211619377,0.31688687908463176,5554176.0,0.22139371807376543,0.226678021873037,5554176.0,-0.04055159349809401,-0.05084563141281251
5566464.0,-0.8214095576355854,-0.8226777596399188,5566464.0,0.31748295404637855,0.3167111922986805,5566464.0,0.2301673968322575,0.22694199287022152,5566464.0,-0.053972006775438786,-0.050790833913682346
5578752.0,-0.8307849646856388,-0.823589309429129,5578752.0,0.32082355410481495,0.315665218544503,5578752.0,0.22630327831332883,0.22655291341555617,5578752.0,-0.053928312729112804,-0.050738010678711976
5591040.0,-0.8257802221924067,-0.8242482061187427,5591040.0,0.3300097386042277,0.3171779182894776,5591040.0,0.22870333694542447,0.2269584152071426,5591040.0,-0.04087358089357925,-0.049715888771849376
5603328.0,-0.8218652910242478,-0.8245418130109707,5603328.0,0.31095511202389997,0.3170084698591381,5603328.0,0.22011652309447527,0.22707388477089502,5603328.0,-0.044171608227770776,-0.048708077331927294
5615616.0,-0.8189696669578552,-0.8239742354800305,5615616.0,0.301788240360717,0.3172870984300971,5615616.0,0.22609215059007207,0.22709842988600332,5615616.0,-0.05379054528505852,-0.04880347627331503
5627904.0,-0.8188049116482338,-0.8237199751039347,5627904.0,0.2938106204383075,0.31783507820218804,5627904.0,0.2222670183206598,0.22625810887354114,5627904.0,-0.053740900902388,-0.05021109764929861
5640192.0,-0.8146661600718895,-0.8228840760886669,5640192.0,0.29542597724745673,0.31529996609315275,5640192.0,0.2259403207960228,0.22559398435987527,5640192.0,-0.0499362750366951,-0.04991775486075009
5652480.0,-0.8145108297467232,-0.8220418334628146,5652480.0,0.28496627416461706,0.31171664243253566,5652480.0,0.23279572262739143,0.22599634739259883,5652480.0,-0.052200694607260324,-0.04972439529374242
5664768.0,-0.8146980640788873,-0.8207682285457849,5664768.0,0.2976295252641042,0.30894071174164617,5664768.0,0.22566953829179207,0.22594490038851894,5664768.0,-0.05357435982053479,-0.049673987777593236
5677056.0,-0.8134232902278503,-0.8194912958269317,5677056.0,0.2886944729834795,0.30415864692380035,5677056.0,0.2342697256244719,0.22723250114358962,5677056.0,-0.05351780630492916,-0.05097060905827675
5689344.0,-0.8048263726135095,-0.8178329773247242,5689344.0,0.28977290571977693,0.3013876420911402,5689344.0,0.22801494489734372,0.22701725595009825,5689344.0,-0.03942008502781391,-0.04951541688351426
5701632.0,-0.7918873534848293,-0.8139432162046433,5701632.0,0.2887109081881742,0.29817637749947606,5701632.0,0.22710570491229495,0.22709749860999487,5701632.0,-0.0493072250780339,-0.04905330811840637
5713920.0,-0.7909558440248171,-0.8104607783878842,5713920.0,0.2809306257404387,0.29326846621309716,5713920.0,0.22766858308265606,0.22699402322371803,5713920.0,-0.05337001480317364,-0.05030295150936581
5726208.0,-0.7865666871269544,-0.806930917998155,5726208.0,0.28196475546186167,0.2903694305568934,5726208.0,0.23476452426984906,0.22845882334125536,5726208.0,-0.05332565004937351,-0.051218355691526087
5738496.0,-0.7749356962740421,-0.8025275209297735,5738496.0,0.3257056054038306,0.29276116706120475,5738496.0,0.22779857196534672,0.22862946547878282,5738496.0,-0.04135564505122602,-0.04997486566814284
5750784.0,-0.7766967173665762,-0.7983167015016079,5750784.0,0.32157115467513603,0.2955372204848875,5750784.0,0.22242183005437255,0.22864494665215412,5750784.0,-0.05321638728491962,-0.049922414306396
5763072.0,-0.7548163166890541,-0.7923317171633244,5763072.0,0.297356062879165,0.2957302290480584,5763072.0,0.21905586620171866,0.22795650119272373,5763072.0,-0.05317958650023987,-0.05024674545275047
5775360.0,-0.7257708379377922,-0.7834577179824314,5775360.0,0.2929428666830063,0.2965278882998973,5775360.0,0.21861059156556925,0.22653798808654152,5775360.0,-0.03916968785536786,-0.048943644777561225
5787648.0,-0.7228736275186142,-0.7742752743264039,5787648.0,0.2854770584963262,0.2953126416231195,5787648.0,0.21663270145654678,0.225634304403017,5787648.0,-0.0384895867415859,-0.04743516746966634
5799936.0,-0.7174994964152575,-0.7646828949451446,5799936.0,0.3026633127592504,0.2967095256006966,5799936.0,0.21676032602166137,0.2238833644427359,5799936.0,-0.053036317035245396,-0.047387018542697966
5812224.0,-0.6670369853576025,-0.7509039562195539,5812224.0,0.3108777011123796,0.2988200051399569,5812224.0,0.23396807629615068,0.22447867758261664,5812224.0,-0.05301386839710176,-0.048746396879626744
5824512.0,-0.6672445011014739,-0.7384396709812184,5824512.0,0.30295191627616685,0.3002441059487561,5824512.0,0.220213339664042,0.22378944105779128,5824512.0,-0.04591357564398398,-0.04840703193622175
5836800.0,-0.6424957563479742,-0.7235936622135342,5836800.0,0.31333720792705816,0.30348476416741804,5836800.0,0.22124906427537402,0.22314748917706315,5836800.0,-0.05282433443547537,-0.04835246389945193
5849088.0,-0.5657533593475819,-0.7015123294355969,5849088.0,0.30315525953968364,0.30560381457520025,5849088.0,0.21578829176723957,0.22124986592680215,5849088.0,-0.05286060553044081,-0.04830595944755866
5861376.0,-0.45352201970915,-0.6693709617791076,5861376.0,0.2919229098285238,0.3022255450176696,5861376.0,0.21773980325087905,0.22024398905535542,5861376.0,-0.045097404081995286,-0.04868013535063558
5873664.0,-0.3293792308929066,-0.6246392131317408,5873664.0,0.27606568081925315,0.2976749976320813,5873664.0,0.2151163979433477,0.21951344584425292,5873664.0,-0.05268730855702112,-0.048627227477845744
5885952.0,-0.19440015234674016,-0.5685975966975094,5885952.0,0.2779576956915359,0.2957351609133184,5885952.0,0.222166263187925,0.21982448554287354,5885952.0,-0.03749685857716637,-0.04705895468553839
5898240.0,-0.06458522224177916,-0.502479035127908,5898240.0,0.28683231708904106,0.2951241059539219,5898240.0,0.21567177725955844,0.2195306041122725,5898240.0,-0.05268404438781241,-0.04841039033878285
5910528.0,-0.04810369347493785,-0.4350020417235404,5910528.0,0.2859962969087064,0.2951760297951599,5910528.0,0.21150014704714218,0.219017348671332,5910528.0,-0.052632269682362676,-0.04982465863286052
5922816.0,-0.012624292908488618,-0.3645145213728635,5922816.0,0.2894406594956915,0.293853764468804,5922816.0,0.2159623933645586,0.21893755540562174,5922816.0,-0.04447763948701322,-0.04896879087803731
5935104.0,0.01934411253023427,-0.29587641158407985,5935104.0,0.2799556702375412,0.29076156138132014,5935104.0,0.21090728448083004,0.21663147622408965,5935104.0,-0.052526367867055036,-0.04892004082503263
5947392.0,-0.0003840897891980906,-0.22919037045285226,5947392.0,0.2673694770783186,0.2872033174615353,5947392.0,0.21708539935449758,0.21631868219313524,5947392.0,-0.03814531833631918,-0.048143215094266154
5959680.0,0.011906612567448368,-0.16375013356130996,5959680.0,0.2672376452634732,0.28259336119517686,5959680.0,0.21053139974052706,0.21524691573965052,5959680.0,-0.05244622224320968,-0.048105403875039573
5971968.0,0.06690831439724813,-0.10048396618682698,5971968.0,0.27921299869194627,0.28019913511040306,5971968.0,0.2122653528737525,0.21489462185030184,5971968.0,-0.05233599439573785,-0.04805294276156928
5984256.0,0.08827386462750535,-0.046304377753161444,5984256.0,0.27102963424598175,0.2781098075521489,5984256.0,0.21153320030619702,0.21427396155583361,5984256.0,-0.039002393857420735,-0.04744344173911182
5996544.0,0.11610516634148856,-0.0017559380297219192,5996544.0,0.2741916449740529,0.2779224039676289,5996544.0,0.2113236477598548,0.2138946865374843,5996544.0,-0.05232189929423233,-0.04740690081283294
6008832.0,0.11240658280439675,0.028924735485391772,6008832.0,0.26600189895058673,0.27672682429353396,6008832.0,0.21625926702593765,0.2133039869212856,6008832.0,-0.03680107508747218,-0.047337322463863525
6021120.0,0.114695180595542,0.04685277576912389,6021120.0,0.26241406829406816,0.2742849994140367,6021120.0,0.21489422783876458,0.2132262319792062,6021120.0,-0.05224516103044152,-0.047293434128126435
6033408.0,0.11045231786556542,0.06270837690317421,6033408.0,0.2844114367229243,0.2741265133954585,6033408.0,0.2265120407876869,0.21472742135326067,6033408.0,-0.05145988004126897,-0.04717619516401707
6045696.0,0.07390483185493697,0.07136128937951677,6045696.0,0.2842521021763484,0.27360765766352413,6045696.0,0.2422434689166645,0.21735552890847126,6045696.0,-0.052132279107657574,-0.0479416591260815
6057984.0,0.0994220395417263,0.07936908208066598,6057984.0,0.26959648557628196,0.2725717391973982,6057984.0,0.22989983763545752,0.219254784223934,6057984.0,-0.052091720708025,-0.04789819441017849
6070272.0,0.09607553586829454,0.08901504464641524,6070272.0,0.2628015161802371,0.2721149431075901,6070272.0,0.230019419764479,0.22054818626493217,6070272.0,-0.036979762623862676,-0.04778163883893285
6082560.0,0.048057110766724996,0.0926300944663429,6082560.0,0.2606489388272166,0.2714560724639644,6082560.0,0.21244047861546278,0.2207390941524257,6082560.0,-0.05178196309134364,-0.047715212923746246
6094848.0,0.03874540495841453,0.08981380352245953,6094848.0,0.2750445557758212,0.2710392281723519,6094848.0,0.2059012483805418,0.22010268370310468,6094848.0,-0.05195975454989821,-0.04767758893916228
6107136.0,0.04032255112542771,0.08501867217225177,6107136.0,0.2691584086666505,0.27085210561441875,6107136.0,0.2187215614443024,0.22082151981691522,6107136.0,-0.046784771140664816,-0.04845582666748669
6119424.0,0.037785208493005484,0.07718667638740347,6119424.0,0.2704154954602321,0.2704744906630367,6119424.0,0.23683404549956322,0.22337255959088606,6119424.0,-0.046366151926728584,-0.04786025193073632
6131712.0,0.03360254275806559,0.06930627238277036,6131712.0,0.3035876378417015,0.2742330645521482,6131712.0,0.22878586625059447,0.22462521951335174,6131712.0,-0.05173704901244491,-0.0493538493232336
6144000.0,0.054010043172941856,0.06323775864051034,6144000.0,0.3280794780390958,0.28079960552665095,6144000.0,0.22267364570870996,0.22540316130034627,6144000.0,-0.051776343917784594,-0.04930696761196789
6156288.0,0.030473825415053096,0.05523990939545911,6156288.0,0.291975616166989,0.28155602347105735,6156288.0,0.23016990286608538,0.22576894750818616,6156288.0,-0.05098995081304262,-0.04925997468914526
6168576.0,0.046370730735361576,0.052486499283501575,6168576.0,0.2803488499484956,0.28116569824827214,6168576.0,0.22819682816043496,0.22436428343256315,6168576.0,-0.03614205373257088,-0.0476609521516366
6180864.0,0.050640226691029966,0.04760831799843194,6180864.0,0.30711029656231403,0.2849170793468753,6180864.0,0.2299008828898271,0.22436438795800012,6180864.0,-0.047309612040407956,-0.04718274128487489
6193152.0,0.04992482931508372,0.04299324734311086,6193152.0,0.31140622807045776,0.28977755053589743,6193152.0,0.24757894547656178,0.2261203405292084,6193152.0,-0.035875013806313895,-0.04707226640312002
6205440.0,0.06029608694370836,0.04421714496080919,6205440.0,0.30974918386588496,0.2946875750397643,6205440.0,0.2602466493844986,0.23090095760611198,6205440.0,-0.0515462209781011,-0.047048692191795756
6217728.0,0.049169304819467165,0.045259534946914454,6217728.0,0.2863859971985221,0.29582171918203437,6217728.0,0.28309248651688296,0.2386200814197461,6217728.0,-0.051524180880126856,-0.04700513482481862
6230016.0,0.04668296887151276,0.04589557672152296,6230016.0,0.304917189758271,0.29939759729119636,6230016.0,0.28052537702023983,0.24480046297733984,6230016.0,-0.051488763807962336,-0.04747553409154837
6242304.0,0.04720199104243269,0.04683725497646567,6242304.0,0.29960961857189733,0.30231700960236296,6242304.0,0.3096316425750653,0.25208022268489,6242304.0,-0.05143782737043997,-0.047982701635919514
6254592.0,0.054999105884538345,0.04897691128911295,6254592.0,0.29010374161104363,0.30096861997929714,6254592.0,0.3080689716152847,0.26000853322135903,6254592.0,-0.03562566052035739,-0.04637156278671075
6266880.0,0.051640403806231916,0.048739947352441956,6266880.0,0.30731082195416093,0.2988917543708036,6266880.0,0.34878481288130087,0.27261964993861815,6266880.0,-0.0409647542789268,-0.04529040382282498
6279168.0,0.04938213793017591,0.05063077860395424,6279168.0,0.30281990782047313,0.299976183536152,6279168.0,0.3724571708589792,0.28684837673790753,6279168.0,-0.04142654386426633,-0.044334063127947354
6291456.0,0.043958370360390596,0.05038954256645715,6291456.0,0.3194290311075747,0.3038842016520599,6291456.0,0.3683028011582792,0.30085897403769196,6291456.0,-0.050742898524428405,-0.0457941476071331
6303744.0,0.04003025309066288,0.04932854520642043,6303744.0,0.3338552191853523,0.3065586939143638,6303744.0,0.36601781379431486,0.31447066712814076,6303744.0,-0.05125589241894583,-0.0461887756449869
6316032.0,0.04563142229259635,0.04889920450417169,6316032.0,0.32190705416724086,0.3076087765240421,6316032.0,0.3819383936934173,0.3279066119498263,6316032.0,-0.05120740132406354,-0.04772201439676186
6328320.0,0.04434470439931223,0.04730406624973209,6328320.0,0.3106519097151856,0.30769904910897217,6328320.0,0.3908850679484506,0.34097045380622154,6328320.0,-0.05115738033782691,-0.047683130332734434
6340608.0,0.06045371534613272,0.048432507302398634,6340608.0,0.3289930174748103,0.31195975113660096,6340608.0,0.3667995889360706,0.34934116404814025,6340608.0,-0.03724207634998796,-0.04625491987972054
6352896.0,0.0607414966992413,0.049838360085171486,6352896.0,0.3416468946573635,0.31563272162651024,6352896.0,0.36521092941984534,0.3578097192881008,6352896.0,-0.050524500043441854,-0.04615849350326849
6365184.0,0.05496609721255178,0.0506147707021834,6365184.0,0.3205833296912412,0.31773009273844466,6365184.0,0.3587631100478272,0.362722866035377,6365184.0,-0.05011076154187322,-0.04602578692041182
6377472.0,0.057126384655324124,0.050827498579261984,6377472.0,0.305858904030174,0.31930560898035765,6377472.0,0.3608550351733963,0.36800147239118813,6377472.0,-0.041138122226887695,-0.046577033091064854
6389760.0,0.04843374976189807,0.050506833174828604,6389760.0,0.29675913307194907,0.3182504400921365,6389760.0,0.3494067406281829,0.36806366516587635,6389760.0,-0.050886620728609465,-0.04756921973603312
6402048.0,0.04561200258710111,0.050129819640521114,6402048.0,0.292105204736193,0.3171789697837085,6402048.0,0.35268925518418354,0.36608687359839676,6402048.0,-0.05090940825175494,-0.048517506174781976
6414336.0,0.052476779518959425,0.050981660556378,6414336.0,0.3061816729605198,0.31585423396900303,6414336.0,0.3533541769720614,0.364592011179775,6414336.0,-0.05068872213208427,-0.048512088535547566
6426624.0,0.06495187101730455,0.05347382234904217,6426624.0,0.3048939897368352,0.3129581110241512,6426624.0,0.34119596363355714,0.36210982616369924,6426624.0,-0.04465709386082987,-0.047852208679735976
6438912.0,0.07911665396143992,0.05682234551592652,6438912.0,0.3024888595876594,0.3110162915661931,6438912.0,0.35415312089025974,0.3593312988833835,6438912.0,-0.03368417268696552,-0.04609988581602617
6451200.0,0.06773417183042814,0.05916129225903812,6451200.0,0.3008671297381322,0.31003781356848775,6451200.0,0.35433710971847177,0.35567650306038556,6451200.0,-0.050504366401582956,-0.04603458442240178
6463488.0,0.07416811961835872,0.060532732686260714,6463488.0,0.2949397362147768,0.3066324854424844,6463488.0,0.34555770736187696,0.35355231490296624,6463488.0,-0.043945811688899994,-0.04670495795629298
6475776.0,0.09042295417748392,0.06350087843408497,6475776.0,0.2886099237948656,0.30132878835623467,6475776.0,0.35080848820507526,0.3521120707814892,6475776.0,-0.050639844577138625,-0.04671649240966265
6488064.0,0.08520707907155156,0.06652497661998495,6488064.0,0.28918788659696776,0.2981892440468073,6488064.0,0.3393179814641674,0.35016755792312326,6488064.0,-0.05062742317871501,-0.04676815857334683
6500352.0,0.08165672533990194,0.06897801068844275,6500352.0,0.2776480939549704,0.295368163039287,6500352.0,0.33963663612181944,0.3480457180179656,6500352.0,-0.05057947776125123,-0.047712294126783183
6512640.0,0.08106985758058727,0.07224162147031166,6512640.0,0.2820597770623863,0.29389822743833066,6512640.0,0.3410931034013629,0.3472143542952835,6512640.0,-0.04690429389787217,-0.047314061443709456
6524928.0,0.07885264558717608,0.07556568577031915,6524928.0,0.3031323010412355,0.29500093706883496,6524928.0,0.37726957847674686,0.34967238662453987,6524928.0,-0.044678245671093464,-0.04669094518564331
6537216.0,0.0914352103912582,0.07946152885754904,6537216.0,0.30326806132992107,0.29470957590577507,6537216.0,0.378715377766639,0.3522085067039976,6537216.0,-0.035051862379380815,-0.045127259210372965
6549504.0,0.11822557301881413,0.0847888990577,6549504.0,0.28714441709841293,0.29293461864193276,6549504.0,0.3681034962646663,0.3548992599671085,6549504.0,-0.049382523827565215,-0.0455998022070465
6561792.0,0.1108306567184627,0.08796029933340226,6561792.0,0.2921950768989821,0.29190524037306503,6561792.0,0.376142635786285,0.35709821145671106,6561792.0,-0.050388056435622275,-0.047270190581912175
6574080.0,0.09922274151661743,0.0911091563020212,6574080.0,0.2960205296985805,0.2914205803691099,6574080.0,0.37342305791874725,0.35900680627673864,6574080.0,-0.05034271259016047,-0.04725402520076993
6586368.0,0.09900570140841107,0.09359291448102643,6586368.0,0.3032257144028942,0.2922491781879216,6586368.0,0.3694280606384079,0.3613938416043917,6586368.0,-0.05029549267298231,-0.04788899329917816
6598656.0,0.10577344832321008,0.09512796389559905,6598656.0,0.3095329545127849,0.2943414812597135,6598656.0,0.37407978903502226,0.36372097168738643,6598656.0,-0.05024836452988287,-0.04784984529445258
6610944.0,0.12993947137147188,0.09960120312559108,6610944.0,0.288927158806473,0.2943154084806641,6610944.0,0.3743467715879281,0.3672238506997625,6610944.0,-0.050201354819970824,-0.04780723845857816
6623232.0,0.11928934440948069,0.10336446503254895,6623232.0,0.2881332853188117,0.2953639276170482,6623232.0,0.3681313560033838,0.370073322687919,6623232.0,-0.04978250452162077,-0.047727541134615116
6635520.0,0.11108885697710018,0.10636636497220024,6635520.0,0.2938514763178925,0.29654309754259883,6635520.0,0.3904052631308635,0.375004538660869,6635520.0,-0.03476450831415908,-0.046513562576243804
6647808.0,0.12745804634566107,0.11122690504804873,6647808.0,0.3325064495826761,0.2994805123967429,6647808.0,0.4026943074228863,0.3775470115554829,6647808.0,-0.05008162852997581,-0.04705390086213204
6660096.0,0.13044581950331727,0.11512796595925467,6660096.0,0.30177835281938314,0.2993315415456891,6660096.0,0.4045675724434356,0.38013223102316257,6660096.0,-0.05004397542991986,-0.048553112167185955
6672384.0,0.14791303973955414,0.11809671263132863,6672384.0,0.3267626112016539,0.30329336095601317,6672384.0,0.4223862150683999,0.38556050290353594,6672384.0,-0.04999793320894241,-0.04861465310532366
6684672.0,0.15251776894244054,0.12226542385372643,6684672.0,0.30994534290706116,0.3050683875568211,6684672.0,0.4070764658972621,0.3886538859146337,6684672.0,-0.04995192342903465,-0.04857103980466491
6696960.0,0.15173503011465073,0.12751665271352977,6696960.0,0.2997472283119957,0.30544105741816263,6696960.0,0.43343412814040977,0.39465499293679995,6696960.0,-0.04990601617222031,-0.04852737016287089
6709248.0,0.15608351685417196,0.13322443425810584,6709248.0,0.3141205369805296,0.3065305396759262,6709248.0,0.4071561909901599,0.39842780597197514,6709248.0,-0.04986025261071821,-0.04848384615664448
6721536.0,0.18087327977021536,0.14073441740280637,6721536.0,0.3167562902284165,0.30725287324748934,6721536.0,0.39796924373755854,0.4008167514422287,6721536.0,-0.03347919145501995,-0.046806928849158186
6733824.0,0.20131617582713565,0.14787208784837275,6733824.0,0.2945988434366882,0.3078200417105109,6733824.0,0.3799016938234369,0.40137224366577967,6733824.0,-0.04978014912921935,-0.046764808280083045
6746112.0,0.21037136375283202,0.15698028978270787,6746112.0,0.3171290612469117,0.3107196193033208,6746112.0,0.3745011007413268,0.4020092181395739,6746112.0,-0.049753163708373904,-0.04676187419875836
6758400.0,0.2089429528762897,0.1667656993726268,6758400.0,0.31525618163868785,0.31286008983540037,6758400.0,0.3794761919416487,0.4009163110206525,6758400.0,-0.049708291344965495,-0.048256252501839
6770688.0,0.20752360842501125,0.17477225558056184,6770688.0,0.3170717661269009,0.31131662148982286,6770688.0,0.3779395096935332,0.3984408312477171,6770688.0,-0.04966311242120961,-0.048214400890962385
6782976.0,0.21867399585122863,0.183595073215353,6782976.0,0.31153900471205515,0.31229268667909005,6782976.0,0.3717614565975964,0.39516021966313325,6782976.0,-0.04961805716933062,-0.048171809064903454
6795264.0,0.239027162703375,0.19270648551173508,6795264.0,0.31572852780421573,0.31118927833934623,6795264.0,0.3805484965754052,0.3909764478138337,6795264.0,-0.049573153645421066,-0.04812933110855132
6807552.0,0.2165937692237397,0.199114085539865,6807552.0,0.31446107927088934,0.3116408519757291,6807552.0,0.3722470854409039,0.38749350976819796,6807552.0,-0.04776584178519746,-0.047910722944167594
6819840.0,0.21488674388577542,0.20542925691697747,6819840.0,0.30607607184598845,0.31227373632912836,6819840.0,0.37396768961722654,0.38154686591587955,6819840.0,-0.03292095254194768,-0.04621221658114033
6832128.0,0.2223524977453053,0.21205615500609082,6832128.0,0.30510665181403357,0.31137234781247874,6832128.0,0.3853514821579059,0.37936639503265424,6832128.0,-0.04945361447365334,-0.04617155276743384
6844416.0,0.250680123300602,0.2190368393591295,6844416.0,0.30473060176397365,0.3101697789660345,6844416.0,0.3670085233946641,0.3762703229983648,6844416.0,-0.04942743806168437,-0.04776637742810029
6856704.0,0.2563252202235162,0.2245377437987675,6856704.0,0.3003117668752869,0.3107410713098943,6856704.0,0.3652119863157471,0.3748013522475958,6856704.0,-0.04938329531190296,-0.04772669204636865
6868992.0,0.2636909809273978,0.22986970551622413,6868992.0,0.30117449692140025,0.30914561487734316,6868992.0,0.35671155992895365,0.3730223981663585,6868992.0,-0.04933909225898484,-0.047685284901429745
6881280.0,0.27303723338991404,0.23627913356758654,6881280.0,0.3132089269347489,0.3089408894069493,6881280.0,0.355607554782182,0.3706355344504118,6881280.0,-0.04929496196564287,-0.04764395196349748
6893568.0,0.27251231220240396,0.24277800394532578,6893568.0,0.2990873355108003,0.3071424463453392,6893568.0,0.35160018581276137,0.3680016020623346,6893568.0,-0.04919728163319329,-0.04759736888469585
6905856.0,0.27801583676288527,0.24871218803649145,6905856.0,0.30802498012781143,0.3067910438869148,6905856.0,0.3461572267115116,0.36544117907372614,6905856.0,-0.03164368259604089,-0.04579993142736688
6918144.0,0.2877425450521211,0.25358372627136605,6918144.0,0.3486204800816874,0.31008023911466204,6918144.0,0.34016809379681945,0.36140313879586755,6918144.0,-0.0491160611078764,-0.045754222173612406
6930432.0,0.29067986148099106,0.26099233549709117,6930432.0,0.3496024738997221,0.3135943785775453,6930432.0,0.34971180154631537,0.3591496104064087,6930432.0,-0.049149471296307944,-0.04589258512472345
6942720.0,0.29417170335849124,0.2689208314443628,6942720.0,0.3613152396865189,0.31911829536159836,6942720.0,0.3444497212767601,0.356197813572362,6942720.0,-0.0491075887499998,-0.047511248745528666
6955008.0,0.30021904533108074,0.27670748620294033,6955008.0,0.36135826880733174,0.3247434570609281,6955008.0,0.37485567030186456,0.3551482323867579,6955008.0,-0.04906412629255404,-0.047472299927418735
6967296.0,0.3053147781950732,0.2821709516923875,6967296.0,0.35382322454825044,0.3296527193393558,6967296.0,0.3537302593079706,0.35382040597808856,6967296.0,-0.04902082654492309,-0.04743163877574261
6979584.0,0.3156059184111655,0.2880990215111524,6979584.0,0.3281582426279783,0.332437366914625,6979584.0,0.34389309569572407,0.3516885169160863,6979584.0,-0.048977612517774105,-0.04739107049632972
6991872.0,0.30337368402009207,0.2920672918204218,6991872.0,0.39014218080167967,0.34133413530265294,6991872.0,0.33657424912477535,0.34967478583566847,6991872.0,-0.04889482612876842,-0.04734664388330809
7004160.0,0.3088898841912548,0.2956525569005559,7004160.0,0.3658699116980036,0.3466002337789784,7004160.0,0.3242930150590837,0.3465433318633586,7004160.0,-0.03216885359627971,-0.04563403304637177
7016448.0,0.2817553247635563,0.2965768581566711,7016448.0,0.38821550846720737,0.3555130510746191,7016448.0,0.33283497920880717,0.3446668112029632,7016448.0,-0.04246659173319737,-0.04496096405637218
7028736.0,0.288295724739631,0.2976048469543457,7028736.0,0.43162866805990535,0.3678734198678285,7028736.0,0.3478539859255155,0.3448364871243636,7028736.0,-0.048834104905836284,-0.04668000628735172
7041024.0,0.2950699414747457,0.29833758659660814,7041024.0,0.4410255777960022,0.37711392963926,7041024.0,0.32759846017385524,0.3435795237620672,7041024.0,-0.04880389311195662,-0.04664878948775974
7053312.0,0.3116497405183812,0.30043457450034716,7053312.0,0.43850754061713815,0.38600443631100156,7053312.0,0.3354058146166305,0.34214892506909866,7053312.0,-0.048761363684510194,-0.04660997872657996
7065600.0,0.3356796088628471,0.30458536505078276,7065600.0,0.4126596699158351,0.39113887933393315,7065600.0,0.32717215378458303,0.34042116831988095,7065600.0,-0.048718943571050964,-0.04657111420868507
7077888.0,0.35771173099055886,0.3103346336167306,7077888.0,0.4036225858144462,0.3953653110346446,7077888.0,0.3147629597224295,0.3344118972619375,7077888.0,-0.04572561125193412,-0.04623726270462308
7090176.0,0.3581114273207883,0.31561429852930206,7090176.0,0.4204652076587081,0.40202950934569043,7090176.0,0.3195821355717878,0.33099708488831914,7090176.0,-0.031305821083757714,-0.04446576215850655
7102464.0,0.37634670951714116,0.32168837763989966,7102464.0,0.4221798414364457,0.41143166922653707,7102464.0,0.3150880116348465,0.32811657648223147,7102464.0,-0.048590682563371956,-0.04442706916306634
7114752.0,0.38527583113561076,0.3298785923514515,7114752.0,0.3962464213060836,0.41204209327697755,7114752.0,0.3332403847016394,0.32778319003991785,7114752.0,-0.04131969574761266,-0.04366955612495076
7127040.0,0.4020438464358449,0.3391939885759105,7127040.0,0.3841293958636622,0.41386804169354335,7127040.0,0.31846679622928303,0.32720056815693777,7127040.0,-0.048539707087911665,-0.04530664147411396
7139328.0,0.412491772013406,0.3522676333008955,7139328.0,0.37315710928911966,0.41236220177573457,7139328.0,0.31534360023215413,0.3254514302592725,7139328.0,-0.04851422928428898,-0.045911405229223115
7151616.0,0.4265919669220845,0.36609725751914085,7151616.0,0.38703463490431506,0.4079027984601756,7151616.0,0.3148540149753292,0.3221514331642539,7151616.0,-0.04847254763202121,-0.04587524950184161
7163904.0,0.4311197893694043,0.3797022423086067,7163904.0,0.3908732413935165,0.40288756481992705,7163904.0,0.3050705931770305,0.31989864646457133,7163904.0,-0.04843088813746969,-0.04583794900439291
7176192.0,0.4229750133429964,0.3908347695910682,7176192.0,0.3871616809628904,0.3977529788545022,7176192.0,0.3030333900824189,0.3166614040111502,7176192.0,-0.031081127490324434,-0.04406992538497434
7188480.0,0.40907304858167964,0.3981741135629515,7188480.0,0.3743440820835531,0.39392142007127406,7188480.0,0.30264829099178314,0.31420901773187027,7188480.0,-0.04631185007747263,-0.0438292160356165
7200768.0,0.41016895820697147,0.40341983628459277,7200768.0,0.378366194665432,0.3913957809563726,7200768.0,0.29385082283988595,0.3121178040436159,7200768.0,-0.04832195758353919,-0.04408885066877701
7213056.0,0.40408930865426856,0.4080176244179408,7213056.0,0.3755393490816156,0.38690319509866333,7213056.0,0.2974497068983813,0.30990456117627524,7213056.0,-0.04746484092902392,-0.045704752653303635
7225344.0,0.3818458719179034,0.40856754065801704,7225344.0,0.3784541931624214,0.3825306302712609,7225344.0,0.2920205903549989,0.30759781904829053,7225344.0,-0.04791568634876361,-0.045637253031842795
7237632.0,0.3785591845711072,0.4078958760015666,7237632.0,0.3558591265852253,0.37849190079917505,7237632.0,0.30590372051422793,0.30486415262954936,7237632.0,-0.048216831094274916,-0.04632696656650902
7249920.0,0.3736944245174527,0.4050609338097274,7249920.0,0.35584398033097386,0.37566335924590627,7249920.0,0.2934176983932654,0.3023592428459475,7249920.0,-0.04643917770590633,-0.04611691362830849
7262208.0,0.37806350489457446,0.4016181070978443,7262208.0,0.36048868283008534,0.37439651660000284,7262208.0,0.28966169493893784,0.2997910523166259,7262208.0,-0.0412800785076494,-0.045393498550644534
7274496.0,0.37100780848413706,0.39605969125404955,7274496.0,0.3495912430807948,0.3706521774176509,7274496.0,0.2872330836641292,0.29702895918550587,7274496.0,-0.03051482479592475,-0.043597726267034884
7286784.0,0.3613511857887109,0.3890828308959802,7286784.0,0.3348750309087336,0.3650523563691725,7286784.0,0.2872605848436554,0.2952479583521684,7286784.0,-0.04804812049648414,-0.04355944950293633
7299072.0,0.3695389401788513,0.3837392235795657,7299072.0,0.3420597002841532,0.3605421583012988,7299072.0,0.28338748946165043,0.2932833682900916,7299072.0,-0.0480586626023675,-0.04525720301414064
7311360.0,0.3719130127380292,0.3800232199952006,7311360.0,0.34027500574787456,0.35713525066773094,7311360.0,0.28113492935275036,0.2911320321261883,7311360.0,-0.038730816391762346,-0.04449909964556961
7323648.0,0.38121199049055576,0.377127523223559,7323648.0,0.3450745176523924,0.353806082966427,7323648.0,0.27712897087136906,0.2894598469293366,7323648.0,-0.0479894793437173,-0.04446585182158742
7335936.0,0.3846488480145733,0.3751834771595895,7335936.0,0.3417269930553933,0.3504248473638048,7335936.0,0.2754970449022949,0.28726458072972794,7335936.0,-0.04795391325994084,-0.04451475905467911
7348224.0,0.38834022792677086,0.3758329127604762,7348224.0,0.334940352011472,0.3460734632487098,7348224.0,0.26993350218981504,0.2850558719132096,7348224.0,-0.04791384574491531,-0.04451457499429429
7360512.0,0.394260987949868,0.37740309309835235,7360512.0,0.3201318403395514,0.34250073462414243,7360512.0,0.27143882773816586,0.28160938263560337,7360512.0,-0.02995220723581345,-0.04268811260844813
7372800.0,0.37989236041903496,0.3780228866885106,7372800.0,0.3293374562636018,0.3398500822174052,7372800.0,0.2746475433620314,0.27973236713247995,7372800.0,-0.04772873312079658,-0.04281706814993715
7385088.0,0.38314607832580805,0.3785311440316339,7385088.0,0.32443638797849417,0.3362448527322461,7385088.0,0.269603765103966,0.2777265741489827,7385088.0,-0.047792710441475116,-0.043468331343319726
7397376.0,0.38776005773494643,0.38020636895671484,7397376.0,0.3362780444634457,0.3349135328705112,7397376.0,0.26740857570742566,0.2757441233533124,7397376.0,-0.047165521420538425,-0.0451334010057811
7409664.0,0.3943460276350379,0.38350585314134755,7409664.0,0.36663146410137415,0.33808917618977524,7409664.0,0.2654259535484016,0.27356066022378706,7409664.0,-0.03253654555495208,-0.043582243511627886
7421952.0,0.40273602834592265,0.3868255619580547,7421952.0,0.36866170664628345,0.34074937682598827,7421952.0,0.2673344455348949,0.27195535583111147,7421952.0,-0.0477028286162143,-0.04354666011301257
7434240.0,0.4058393829812606,0.39021819898237786,7434240.0,0.3715107459574938,0.3438729508469502,7434240.0,0.26807344146072865,0.2706492070419093,7434240.0,-0.04769198689609766,-0.0444427771634461
7446528.0,0.4127091886475682,0.3933679187980791,7446528.0,0.38692749400312704,0.34805824848202366,7446528.0,0.26569135145594674,0.2695054451003671,7446528.0,-0.030204802625424538,-0.04266430949161683
7458816.0,0.41100090959419805,0.3960031249560416,7458816.0,0.3621826418675482,0.35010381336323915,7458816.0,0.26432887247453135,0.26838862785759077,7458816.0,-0.028618975012553467,-0.04073081566687809
7471104.0,0.40182678991307813,0.39735178115467235,7471104.0,0.3680474478751421,0.3534145229496062,7471104.0,0.2579868254251778,0.26719396018112695,7471104.0,-0.04762237138735751,-0.04070166823112231
7483392.0,0.37811324559152126,0.3957370069188376,7483392.0,0.3622482903301716,0.3576261679486682,7483392.0,0.2544400643867751,0.26549408384598794,7483392.0,-0.04759507765993476,-0.042465955273534445
7495680.0,0.38453185992936295,0.39620095686987045,7495680.0,0.3392646359279752,0.3586188859151055,7495680.0,0.2532574256571631,0.2633550720755011,7495680.0,-0.03094350300792333,-0.04078743226224711
7507968.0,0.38709719634304446,0.396596068671594,7507968.0,0.33371162166198093,0.3595464092834542,7507968.0,0.2529015950858593,0.2616848550736904,7507968.0,-0.047523252200335264,-0.04076048643813313
7520256.0,0.3950112300614516,0.3973211859042446,7520256.0,0.3222127108213802,0.3581398759192477,7520256.0,0.2505226351010303,0.2599962610130509,7520256.0,-0.04750539789286753,-0.04079447408536604
7532544.0,0.393887952901423,0.39727537843088306,7532544.0,0.3233909945314129,0.35381582896225156,7532544.0,0.24909848145519695,0.25836351380373046,7532544.0,-0.0474666046211496,-0.042287479991985795
7544832.0,0.4001917662099004,0.39702095221728084,7544832.0,0.33139756818612415,0.3500894151162356,7544832.0,0.24789997221281132,0.2564200664715221,7544832.0,-0.0291940847140116,-0.04043660560176553
7557120.0,0.40799933796127635,0.39723694771528245,7557120.0,0.3219800889492035,0.3451363494154066,7557120.0,0.24625445498774448,0.25423816782422365,7557120.0,-0.04339126891378934,-0.040006533803534694
7569408.0,0.4080508155748248,0.39677111040800817,7569408.0,0.32842204145466286,0.33928580416056014,7569408.0,0.24395118032892546,0.2520641507115215,7569408.0,-0.04738605123323699,-0.04172465866431594
7581696.0,0.40673719470699626,0.3963447389192879,7581696.0,0.3095321684765319,0.3340207568214585,7581696.0,0.24692224090298018,0.2503234875543664,7581696.0,-0.04734851936033616,-0.04359761309909421
7593984.0,0.4066967113564412,0.3968317310636242,7593984.0,0.29920974808434647,0.3271369868423789,7593984.0,0.2443994626713296,0.2489647512789816,7593984.0,-0.041860461370864264,-0.04302142209744488
7606272.0,0.4044060728823145,0.39946101379270355,7606272.0,0.3328474285081029,0.32419690066017204,7606272.0,0.24142900668084621,0.2476636455083887,7606272.0,-0.04651176556944847,-0.04291309088839625
7618560.0,0.40294859030594427,0.40130268683036174,7618560.0,0.34328826268513996,0.3245992633358886,7618560.0,0.24035180561865369,0.24637308350453774,7618560.0,-0.047237877384759486,-0.04454252832607987
7630848.0,0.4043067942063014,0.4030236466166873,7630848.0,0.3677409465114276,0.3280021958208333,7630848.0,0.23926140135154128,0.24500906413110593,7630848.0,-0.0472056680979828,-0.04451076991584463
7643136.0,0.4013979537412524,0.4036623189846674,7643136.0,0.338980995118618,0.329679024250557,7643136.0,0.2377704392808179,0.2437338445490847,7643136.0,-0.029126970075594727,-0.04267292713411734
7655424.0,0.39817099335292977,0.40409062302981813,7655424.0,0.3385277963243425,0.33119270442985,7655424.0,0.23646805776904026,0.24247080218046904,7655424.0,-0.029625416592656013,-0.040888808331267984
7667712.0,0.39710712525993586,0.4037821589348217,7667712.0,0.3407479841262102,0.3321277460238586,7667712.0,0.2367144051628808,0.24135224547547596,7667712.0,-0.04713133117184043,-0.042682532977050866
7680000.0,0.38279039102296036,0.4012612642409901,7680000.0,0.33874462513873976,0.3338041996428122,7680000.0,0.2362846735243996,0.2403552673291415,7680000.0,-0.04711129081745943,-0.043054535167417876
7692288.0,0.33778331568464637,0.3942345142519722,7692288.0,0.3346974547021091,0.3344317409675568,7692288.0,0.23411138650650778,0.2393712879468997,7692288.0,-0.04707365285139531,-0.043023295329233706
7704576.0,0.29468066431581974,0.3830288612128546,7704576.0,0.3231770309309165,0.3357962272129953,7704576.0,0.23318819406752786,0.23799788326335453,7704576.0,-0.04203194874571636,-0.042491638267771734
7716864.0,0.2746048136614263,0.36981967144335315,7716864.0,0.32082049067442614,0.3379573014720033,7716864.0,0.23219815222546458,0.236777752218768,7716864.0,-0.0469932525496309,-0.04300491738564839
7729152.0,0.2739923258001606,0.3567782967351377,7729152.0,0.3291749345759551,0.3375900520787885,7729152.0,0.23031737127651772,0.23566658867833518,7729152.0,-0.03074054892689067,-0.041427795721392616
7741440.0,0.27043932396918535,0.3435273701014618,7741440.0,0.3377660286302368,0.3370378286732981,7741440.0,0.2303383812929193,0.23466524624576174,7741440.0,-0.03916714171646163,-0.040620722154562826
7753728.0,0.2566582009506722,0.3287625107758989,7753728.0,0.34278395399451256,0.33454212942160666,7753728.0,0.22888126441588005,0.23362723255219559,7753728.0,-0.031555098093425236,-0.03905566515410707
7766016.0,0.24288352454702059,0.3129110678564757,7766016.0,0.3563956771977246,0.3362835976295173,7766016.0,0.22793537626663843,0.23264372625077762,7766016.0,-0.046917500672861934,-0.04083471821383379
7778304.0,0.227918877111127,0.29588585623229546,7778304.0,0.3309951025682191,0.33553032825390494,7778304.0,0.23111148985723654,0.23210806945959725,7778304.0,-0.046882690551380314,-0.042560445609706225
7790592.0,0.18790760605285564,0.2749659043115874,7790592.0,0.33594696735963225,0.33505022657724715,7790592.0,0.23659114524101219,0.2320957434674104,7790592.0,-0.04684582294430584,-0.04253189478695277
7802880.0,0.14423049963079393,0.25110991517237075,7802880.0,0.3339799667398135,0.33457376073735456,7802880.0,0.24194177783404788,0.23266145389837525,7802880.0,-0.04680884908884764,-0.042501650614091585
7815168.0,0.11177580912287037,0.2285091645161932,7815168.0,0.3193593098161121,0.3330399462487549,7815168.0,0.2372699722958108,0.23297731247730558,7815168.0,-0.028153465364691026,-0.04060963186542116
7827456.0,0.12550631359529993,0.21159172944414117,7827456.0,0.3472314248792827,0.3354453856435915,7827456.0,0.23333916797613105,0.23299240986816588,7827456.0,-0.046429380968523525,-0.041049375087701866
7839744.0,0.15160675082976618,0.1992919231609752,7839744.0,0.33126444012547535,0.3364897805886964,7839744.0,0.23381195946907005,0.23315379059252642,7839744.0,-0.0467230836317564,-0.04102235819591442
7852032.0,0.12639011473705372,0.1845317020546645,7852032.0,0.3432792353754242,0.33790021066864334,7852032.0,0.2378032005702456,0.2339023735218992,7852032.0,-0.03770921749916548,-0.041719225053141906
7864320.0,0.11670918428959946,0.16915868808670592,7864320.0,0.3321620722611745,0.33733981503173716,7864320.0,0.23324269258106747,0.23419280465071401,7864320.0,-0.046652358956635,-0.04246774677715924
7876608.0,0.12653671965623894,0.15614653995726258,7876608.0,0.31453056711082655,0.33451447634336856,7876608.0,0.23040441827227673,0.2343451200363537,7876608.0,-0.04663288271209846,-0.043975525239026564
7888896.0,0.13734923846398792,0.1455931113489593,7888896.0,0.30429657455533743,0.3293045660791298,7888896.0,0.24020404679079851,0.23557198708876972,7888896.0,-0.046596564119681716,-0.043943431583708545
7901184.0,0.2297254449222237,0.14577376813006898,7901184.0,0.3255485605138044,0.32875991187368825,7901184.0,0.23473763822888336,0.23593460192593438,7901184.0,-0.044827685477988176,-0.04373793107636932
7913472.0,0.3041542456485331,0.15739843208963672,7913472.0,0.3090335549786687,0.32606857063559197,7913472.0,0.23089018759007254,0.2353645061608404,7913472.0,-0.02834963497540836,-0.041888312279479575
7925760.0,0.2627084432169795,0.1692462264482553,7925760.0,0.30102055286988616,0.32277262924859923,7925760.0,0.24069551347444454,0.23523987972488003,7925760.0,-0.030600231048689846,-0.040267450475463804
7938048.0,0.30617178867881495,0.18868582440384973,7938048.0,0.2940723149416347,0.3202439297611515,7938048.0,0.236525337677449,0.23516541626304388,7938048.0,-0.0463921040451775,-0.042091314343512445
7950336.0,0.35321424606566626,0.21145661765088636,7950336.0,0.2954276512997846,0.3150635524032016,7950336.0,0.23206284983704487,0.23503778444913528,7950336.0,-0.04643486467345307,-0.042091862714005404
7962624.0,0.3725137220074733,0.2335473147686571,7962624.0,0.293564579449594,0.3112935663356135,7962624.0,0.22906948486343026,0.2345635369885713,7962624.0,-0.04643595521338284,-0.04206314987216804
7974912.0,0.4242377520228426,0.26333207849723594,7974912.0,0.2868455240192513,0.30565019519999626,7974912.0,0.23060749347011247,0.233843966278558,7974912.0,-0.046400192698153354,-0.04293224739206683
7987200.0,0.46904461303104955,0.298565621371381,7987200.0,0.28087643689165515,0.30052163166304424,7987200.0,0.22888390549148122,0.23340808756959933,7987200.0,-0.046364436275325716,-0.0429034551239359
7999488.0,0.4610779558618863,0.33201974499194575,7999488.0,0.2965800991902749,0.29872658487098913,7999488.0,0.2289955240363876,0.23326719814601043,7999488.0,-0.02765098497548024,-0.04100526535027409
8011776.0,0.4549237421403329,0.3637771953595802,8011776.0,0.30468184128403664,0.29876511154385904,8011776.0,0.2360498981239895,0.23285178327932948,8011776.0,-0.04631844919640571,-0.040977453857946475
8024064.0,0.4649164183065295,0.38729629269801075,8024064.0,0.3192478612375756,0.29813504161623616,8024064.0,0.24302335502579808,0.233680354959021,8024064.0,-0.040118756354786456,-0.04050656094562631
8036352.0,0.46597020452221233,0.4034778885853787,8036352.0,0.292712208814919,0.2965029069998612,8036352.0,0.2508250290217499,0.23567383910218873,8036352.0,-0.04624924878589809,-0.04229652232667528
8048640.0,0.4854553984478116,0.425752584108462,8048640.0,0.3253135915535192,0.29893221086822447,8048640.0,0.2558459310481946,0.23718888085956374,8048640.0,-0.04622476416019102,-0.0438589756378254
8060928.0,0.47583241295069456,0.4427186465356499,8060928.0,0.32450949726626277,0.30197592910068727,8060928.0,0.2626247735073169,0.23979882444255055,8060928.0,-0.04618986738690486,-0.04383875197199813
8073216.0,0.4714015278344353,0.4545373747125267,8073216.0,0.3182382673646013,0.30425699070716894,8073216.0,0.2452625414977471,0.24111879360862076,8073216.0,-0.046154596765215196,-0.04381072518117435
8085504.0,0.4731015885869662,0.46459616137047605,8085504.0,0.30698356172069907,0.30559888893427944,8085504.0,0.2564518361662825,0.243857028738906,8085504.0,-0.04610123912182947,-0.04377725357201902
8097792.0,0.4792153801148136,0.4700939241796732,8097792.0,0.31128352507948875,0.30804268904030324,8097792.0,0.25909526490916807,0.2467058058828116,8097792.0,-0.027476461478120957,-0.041884880450015774
8110080.0,0.4886908220748107,0.47205854508404926,8110080.0,0.33865075729166466,0.3138201210803042,8110080.0,0.2521196793143948,0.24902938326510293,8110080.0,-0.04606422863435,-0.0418548596859182
8122368.0,0.4895741352811456,0.4749081630259752,8122368.0,0.34384992221991223,0.31854710338326797,8122368.0,0.2536415701421599,0.2514939878756801,8122368.0,-0.031814570063337065,-0.04227121819470388
8134656.0,0.4910632371902466,0.47852211253096655,8134656.0,0.35038942641889054,0.3231178618967533,8134656.0,0.2675132950146993,0.2546403275647511,8134656.0,-0.04597510921303183,-0.042236884196366495
8146944.0,0.4976581120863557,0.4817962819089492,8146944.0,0.369997998389105,0.32819287561190624,8146944.0,0.25751156359910965,0.2560891484220823,8146944.0,-0.045995038390780486,-0.0428245123999659
8159232.0,0.4925695325558384,0.4844562147123118,8159232.0,0.3302547079510987,0.33194712552552424,8159232.0,0.25505941764762,0.2565125872846693,8159232.0,-0.04596052881485472,-0.042795640402861566
8171520.0,0.47487591579556465,0.4833982664470871,8171520.0,0.3146629935751359,0.3308820657276859,8171520.0,0.27115196889887255,0.25804319106973705,8171520.0,-0.04071418514164785,-0.04224458250100725
8183808.0,0.4716563470040758,0.4829806598524252,8183808.0,0.31754130544140935,0.33018524654520054,8183808.0,0.26115047264223296,0.2578957609832287,8183808.0,-0.02863174809802634,-0.040488770572119394
8196096.0,0.4550205295284589,0.48134256002182757,8196096.0,0.3178697316907346,0.3301483929778139,8196096.0,0.25292785015578073,0.25866229184903206,8196096.0,-0.04588859190698713,-0.04046217008629659
8208384.0,0.4355699395140012,0.4775893951145311,8208384.0,0.3129313988611102,0.33074317669185505,8208384.0,0.25382960587739944,0.2584000688201437,8208384.0,-0.029338125554204453,-0.038785858729534085
8220672.0,0.44092549073199433,0.4737604061762492,8220672.0,0.3198631461709738,0.3316011388010035,8220672.0,0.2578396365667383,0.25827450598590074,8220672.0,-0.04529264150187373,-0.04056747673190936
8232960.0,0.4549838410069545,0.47038970806946356,8232960.0,0.31212752452120185,0.3289488155239572,8232960.0,0.2534901142741243,0.25841154948187367,8232960.0,-0.04581070962982873,-0.040542124831457235
8245248.0,0.468465559805433,0.46827885052189233,8245248.0,0.3323254627175629,0.3277963695737223,8245248.0,0.24673148896545172,0.25772054136420286,8245248.0,-0.0457790398504585,-0.04193857181016938
8257536.0,0.47079197069009143,0.46625172387187674,8257536.0,0.310734362496684,0.3238308631815016,8257536.0,0.24720764035979906,0.25568997589871284,8257536.0,-0.04574492713436484,-0.04191555360230268
8269824.0,0.4493545036142071,0.46142136302466186,8269824.0,0.2969866581261158,0.3165297291552027,8269824.0,0.2464750170086821,0.2545863212396701,8269824.0,-0.03639362608858695,-0.04095541237208332
8282112.0,0.4465494758139054,0.45681935735046864,8282112.0,0.3160903950532277,0.31511329786541564,8282112.0,0.2551706829108298,0.25459744776599114,8282112.0,-0.045132115483284,-0.04087257103892625
8294400.0,0.4547638799995184,0.45480815377086403,8294400.0,0.2999103730544448,0.31363803581334654,8294400.0,0.24984677213554582,0.2524669280896584,8294400.0,-0.04294649829777578,-0.041095802354539045
8306688.0,0.4517612485215068,0.45281864392260707,8306688.0,0.2986545180901885,0.31174935707822443,8306688.0,0.24522271659225225,0.2508741524846604,8306688.0,-0.027229987346800044,-0.040955626279416416
8318976.0,0.43507297430187464,0.45082388839994875,8318976.0,0.29352818134551245,0.3093152020437022,8318976.0,0.23823559641217193,0.24940492711029952,8318976.0,-0.045175690785981715,-0.04088433616731587
8331264.0,0.41220940711597603,0.4484878351601462,8331264.0,0.3084749458357692,0.3088695567411681,8331264.0,0.23998159061496457,0.24802012558405603,8331264.0,-0.045586750687410436,-0.04250919868063647
8343552.0,0.42089721622566384,0.44648500770951316,8343552.0,0.31631074333563447,0.30851431645763416,8343552.0,0.24322973145172,0.24655913507255417,8343552.0,-0.04555468579443792,-0.042535403109892886
8355840.0,0.41376270198573667,0.44236289380739136,8355840.0,0.2844800952201088,0.30574957352752485,8355840.0,0.2402407887081305,0.24523420251595476,8355840.0,-0.04125233846328532,-0.04207956599323855
8368128.0,0.4135277767976125,0.43686911550660934,8368128.0,0.2865350862654547,0.301170535882314,8368128.0,0.2404038137756288,0.24460143499697246,8368128.0,-0.027352889388566837,-0.040236950947049384
8380416.0,0.4316193408643206,0.43295185252403223,8380416.0,0.29644590181608993,0.29974168981425464,8380416.0,0.24647282095005116,0.2445279530559977,8380416.0,-0.04545258303793768,-0.04020771653740667
8392704.0,0.44130098167806864,0.43214650033041835,8392704.0,0.29462599211061996,0.299505623212705,8392704.0,0.2524323787850638,0.24512368923363587,8392704.0,-0.02635437357457704,-0.03920379128600568
8404992.0,0.4465383052205046,0.4321453832710782,8404992.0,0.3164486321620643,0.2995414469235887,8404992.0,0.2684398740530014,0.24645060834785304,8404992.0,-0.045426375620688,-0.039233217299746076
8417280.0,0.44612321599076193,0.43128131687020266,8417280.0,0.2984241445859273,0.29939282407673695,8417280.0,0.2569748074747622,0.24716341188177465,8417280.0,-0.04541430211005112,-0.039479997680973614
8429568.0,0.4400778254494071,0.4301129745629927,8429568.0,0.34291419107466936,0.303818791375185,8429568.0,0.2527775438502431,0.24791889460757374,8429568.0,-0.04538244781239579,-0.04129524372753318
8441856.0,0.440145301943024,0.43062020732710754,8441856.0,0.32743573173259694,0.3072095464138935,8441856.0,0.25243829066554707,0.24933916403291123,8441856.0,-0.04534932307433337,-0.041312606956368354
8454144.0,0.4293229542672634,0.43233156204223633,8454144.0,0.3204917732315759,0.30841122915347413,8454144.0,0.2571054184809327,0.25105154681950803,8454144.0,-0.04448603050938497,-0.04120253493856581
8466432.0,0.4115820365647475,0.4314000440761447,8466432.0,0.3029562540662785,0.3070757802265386,8466432.0,0.2574768530515333,0.25247625897948944,8466432.0,-0.04316473938524723,-0.04096354029764673
8478720.0,0.38124942562232417,0.4281487164398034,8478720.0,0.29453741091613966,0.3080815117961417,8478720.0,0.26503952654699486,0.2549561327633758,8478720.0,-0.04339852572108308,-0.04117815902342652
8491008.0,0.3317092906994124,0.4199668678299834,8491008.0,0.29127834597602487,0.3085558377671987,8491008.0,0.26631021763508517,0.25754677314932145,8491008.0,-0.026876840529439505,-0.04113055413751378
8503296.0,0.34451478781799477,0.4112564125253509,8503296.0,0.3274158590162794,0.3116528334872176,8503296.0,0.27163907466456294,0.26006339852077265,8503296.0,-0.044782142310092844,-0.041063510064729296
8515584.0,0.3709740820340812,0.40422372256095207,8515584.0,0.30056518797452253,0.31224675307360783,8515584.0,0.2609625537879765,0.2609164160210639,8515584.0,-0.04518486543868979,-0.04294655925114057
8527872.0,0.3832234883060058,0.39789224086950226,8527872.0,0.3199272907028596,0.3125946189276874,8527872.0,0.26908467678974074,0.26098089629473786,8527872.0,-0.0451541825896129,-0.042919339948033056
8540160.0,0.3633966345029573,0.3896195827207218,8540160.0,0.30369034347434837,0.31312123881652953,8540160.0,0.2699470594525337,0.262278121492515,8540160.0,-0.04512156491788725,-0.04289006622881668
8552448.0,0.33000402447457117,0.37861220262323814,8552448.0,0.2886668181357284,0.30769650152263545,8552448.0,0.2588802990503609,0.2628883970125268,8552448.0,-0.024585497811737394,-0.040810371228750836
8564736.0,0.33610659185796976,0.36820833161473276,8564736.0,0.29302006820216775,0.30425493516959257,8564736.0,0.26313819161926705,0.2639583871078988,8564736.0,-0.045057979645207524,-0.04078123688583825
8577024.0,0.34102574875578284,0.3593786110635847,8577024.0,0.2932752314954996,0.30153328099598486,8577024.0,0.2587789127913614,0.26412573653894167,8577024.0,-0.037038486974779516,-0.0400364825323777
8589312.0,0.3372810085614522,0.3519485082632552,8589312.0,0.27965377131477,0.29920303272083404,8589312.0,0.2520721391774714,0.26358526515153546,8589312.0,-0.02689463181256239,-0.03840947177510922
8601600.0,0.3278049278693895,0.3466040584879617,8601600.0,0.27447192883118987,0.29719648451233904,8601600.0,0.25534833734855056,0.26261614623169105,8601600.0,-0.04495257810534289,-0.0385648770135352
8613888.0,0.326295407799383,0.3460626701979588,8613888.0,0.2764604240655899,0.29571469232129555,8613888.0,0.2756675169803202,0.2635518761662145,8613888.0,-0.04499452235177159,-0.040376645195768404
8626176.0,0.3237179405987263,0.3439829854760319,8626176.0,0.26335812406614423,0.289308918826282,8626176.0,0.2621843631689747,0.2626064050166557,8626176.0,-0.04496246424969286,-0.04039467738972841
8638464.0,0.3023184758300583,0.33711742485562957,8638464.0,0.27014294918626547,0.28626669494745627,8638464.0,0.27054757298901677,0.2635649069367597,8638464.0,-0.043834819768865906,-0.04025967282274602
8650752.0,0.2965928018093109,0.32845435620596014,8650752.0,0.27546182507649064,0.2818201483848194,8650752.0,0.2809106959030032,0.264747508848086,8650752.0,-0.03940931045993542,-0.03968518560977827
8663040.0,0.2954882464061181,0.3216635173962762,8663040.0,0.2762153707444668,0.2790726511118312,8663040.0,0.2746883020736277,0.2652216331101954,8663040.0,-0.02597343177330913,-0.03777037229532046
8675328.0,0.3000851785764098,0.31867163280646005,8675328.0,0.28978030181800324,0.2791839994800588,8675328.0,0.2768036414248248,0.2670139673476418,8675328.0,-0.04485551209654659,-0.039797373723801384
8687616.0,0.2537875055956344,0.31043972418022653,8687616.0,0.2798677422106266,0.27786876688090467,8687616.0,0.27203931255886954,0.267904079441602,8687616.0,-0.02768862616358092,-0.038060438375638724
8699904.0,0.25997983788450557,0.30233513309309884,8699904.0,0.2815541410818696,0.2766966578395416,8699904.0,0.29661816312000155,0.271688004474466,8699904.0,-0.04454227331249664,-0.038810817009410435
8712192.0,0.2597886662309368,0.29458589886004727,8712192.0,0.2870611196073393,0.2774373926687985,8712192.0,0.29633641755208373,0.2761144323119272,8712192.0,-0.04479738305478046,-0.04060109213363224
8724480.0,0.2678312494729956,0.28858853102040793,8724480.0,0.2881216648966074,0.2788023662753403,8724480.0,0.279648673410217,0.2785444659180939,8724480.0,-0.044769139223111175,-0.04058274824540907
8736768.0,0.292175847881784,0.285176575028648,8736768.0,0.2987037861409287,0.2810267024828742,8736768.0,0.2739964604067306,0.2783773602607349,8736768.0,-0.044591273996047676,-0.04054242340983667
8749056.0,0.30159021525954205,0.2829638024947296,8749056.0,0.2969483166622619,0.28438572174248594,8749056.0,0.2868315155307452,0.280842075496912,8749056.0,-0.043440912889006235,-0.04039026827376802
8761344.0,0.2999733976709346,0.28272929467881724,8761344.0,0.2814274742268026,0.2855141742465397,8761344.0,0.2871698699891567,0.282504305196926,8761344.0,-0.025520232103493374,-0.038558809507230764
8773632.0,0.3026458020322025,0.28333459470110633,8773632.0,0.2945409511836867,0.28742208685725923,8773632.0,0.2895062953854601,0.28336386514517165,8773632.0,-0.0446722418613111,-0.03908510264736832
8785920.0,0.2989160070816676,0.2836773707686613,8785920.0,0.2982318998935322,0.2896237397721658,8785920.0,0.29352910242353875,0.2852479451801628,8785920.0,-0.023951319730258547,-0.03888289144306327
8798208.0,0.29810110991820693,0.283478963902841,8798208.0,0.2885918542742729,0.2895048950177928,8798208.0,0.3126110779121518,0.2888286888288955,8798208.0,-0.044627133989706635,-0.03886005363237928
8810496.0,0.2975855713399748,0.28785877047727504,8810496.0,0.27416554916029173,0.2889346757127593,8810496.0,0.3529029628261924,0.2969150538556278,8810496.0,-0.04460746500020226,-0.04055193751604141
8822784.0,0.29646072210744023,0.2915068588995685,8822784.0,0.28455466994394857,0.28923472859896726,8822784.0,0.34008723869919777,0.3012619614135474,8822784.0,-0.03319561553265279,-0.03941727173805702
8835072.0,0.29560525498042506,0.29508851777451733,8835072.0,0.2958300174213946,0.29011161838037275,8835072.0,0.3589794115784268,0.3075262608161817,8835072.0,-0.04453792826582988,-0.03939132625916196
8847360.0,0.29698580751816434,0.2980039735790342,8847360.0,0.2836556266993284,0.28966501456064486,8847360.0,0.37471627552683157,0.3170330210278431,8847360.0,-0.04187226324575022,-0.039101638661425867
8859648.0,0.2968575830260913,0.2984721470934649,8859648.0,0.3003182699903846,0.2898264629455904,8859648.0,0.38407934953769046,0.32804130994093916,8859648.0,-0.044419712969101965,-0.0390844825587313
8871936.0,0.29800297304367024,0.29811342287187775,8871936.0,0.29719646042212844,0.28985127732157706,8871936.0,0.42657473698879284,0.3420156320867439,8871936.0,-0.044472404018354915,-0.03918763167166617
8884224.0,0.29393642473345,0.2975097255781293,8884224.0,0.2931346128073831,0.2910219911796351,8884224.0,0.4189620278775692,0.3551948478755852,8884224.0,-0.026078498616698198,-0.03924345832298665
8896512.0,0.30197902023792267,0.29744304739870137,8896512.0,0.2833363809622824,0.28990153415749476,8896512.0,0.4205392946799596,0.36829814780503517,8896512.0,-0.04427688929717988,-0.03920392306657353
8908800.0,0.302165395890673,0.2977679862796019,8908800.0,0.28889423484603566,0.288967767652745,8908800.0,0.42554687553395826,0.3814999251160771,8908800.0,-0.025886428954133105,-0.03939743398896099
8921088.0,0.2997312140651047,0.2979309966942916,8921088.0,0.2902475882632037,0.2891333410516381,8921088.0,0.3932227762416005,0.38956109494902197,8921088.0,-0.04437464258323113,-0.03937218484831344
8933376.0,0.30166878768553335,0.2983393183288475,8933376.0,0.29911584391569096,0.29162837052717805,8933376.0,0.3925372442851464,0.3935245230949173,8933376.0,-0.043094066165698074,-0.039220844964863014
8945664.0,0.3071292593764762,0.2994061720557511,8945664.0,0.2883985705363254,0.2920127605864157,8945664.0,0.40065733327840763,0.39958153255283835,8945664.0,-0.04380853000717858,-0.040282136412315594
8957952.0,0.30474948650225997,0.3003205952079345,8957952.0,0.27747658484925825,0.2901774173292021,8957952.0,0.39080354074637097,0.40276394546963273,8957952.0,-0.044308777161253,-0.040259221301857905
8970240.0,0.31046564085409045,0.3016685785415272,8970240.0,0.27168776622662943,0.2889806312819322,8970240.0,0.38708797733609873,0.4040011156505594,8970240.0,-0.024687088589416817,-0.03854070383622456
8982528.0,0.3109614825807512,0.3030789684969932,8982528.0,0.28162123293926317,0.28711092757682005,8982528.0,0.3669318330163757,0.402286363998428,8982528.0,-0.043827819327513375,-0.03848151447206571
8994816.0,0.306517381221056,0.30393040931473175,8994816.0,0.2714057856549819,0.2845318601001054,8994816.0,0.36700843445335823,0.3963297337448845,8994816.0,-0.04420910154779752,-0.038455184225009965
9007104.0,0.30749659255767864,0.30528642609715456,9007104.0,0.2777653707501789,0.282994935894385,9007104.0,0.3738405816257,0.39181758911969766,9007104.0,-0.043103548038440444,-0.04015768916718419
9019392.0,0.3075811006128788,0.3058466341346502,9019392.0,0.2902829716913402,0.28368959496729074,9019392.0,0.37111189231897396,0.386874848883599,9019392.0,-0.0441887992589424,-0.04014888016336045
9031680.0,0.3077023783698678,0.30640033238256975,9031680.0,0.27827255288138986,0.28262742677082614,9031680.0,0.3698271761337916,0.38130287894358234,9031680.0,-0.023784187993442174,-0.03993865606729135
12288.0,0.08905605908754903,0.28533281688481416,9043968.0,0.28367860165114206,0.28197052810962,9043968.0,0.38051523578663665,0.380032124898086,9043968.0,-0.04414879282315572,-0.039916071091283804
24576.0,-1.5519305784255266,0.09997288027370814,9056256.0,0.2761648204177618,0.27967542575982707,9056256.0,0.37139390284816426,0.37791779075438775,9056256.0,-0.04412679587646077,-0.04001934406236008
36864.0,-1.548247454687953,-0.08556479113273477,9068544.0,0.2684054888474445,0.27767611759093896,9068544.0,0.3682674832331638,0.3746788057498634,9068544.0,-0.025036381449657103,-0.038142129206607936
49152.0,-1.551298430810372,-0.27116958286399795,9080832.0,0.27045218242953223,0.27697367734896633,9080832.0,0.37826797862847644,0.373425249538074,9080832.0,-0.04408314439933747,-0.03811956593041638
61440.0,-1.6775943736235301,-0.46997558431176,9093120.0,0.26092742507656413,0.2758976432339599,9093120.0,0.37779608213653165,0.37249606001811725,9093120.0,-0.02587915873543049,-0.03823877294501775
73728.0,-1.7167283470431964,-0.6727445672741548,9105408.0,0.28600763839979965,0.2763362837800135,9105408.0,0.3846785981828968,0.37427073653476933,9105408.0,-0.04405805158118407,-0.03826179617038482
86016.0,-1.6673756080369155,-0.870133866199952,9117696.0,0.28601585344100994,0.27779729055861635,9117696.0,0.3992871092632413,0.37749860401575763,9117696.0,-0.04402799698679397,-0.03824368571428447
98304.0,-1.6522642051180203,-1.0661099459675218,9129984.0,0.2948612010416885,0.2795068735877673,9129984.0,0.3978740830595295,0.3799019541591406,9129984.0,-0.025539900382379226,-0.03648732094867834
110592.0,-1.5957150260607402,-1.2564395586348838,9142272.0,0.27645873588820297,0.2781244500074536,9142272.0,0.38382470964764553,0.3811732358920078,9142272.0,-0.04395154615243276,-0.03646359563802738
122880.0,-1.3958881304909785,-1.4267986095209684,9154560.0,0.2695836490020156,0.27725555961951615,9154560.0,0.41771758859977126,0.38596227713860576,9154560.0,-0.043614320418176554,-0.03844660888050081
135168.0,-1.6884478454788525,-1.6045489999776088,9166848.0,0.3273318850745757,0.28162088796185947,9166848.0,0.4376169365520279,0.3916724472151448,9166848.0,-0.03917758906027302,-0.03794948850421254
147456.0,-1.9252218008041382,-1.64187812221547,9179136.0,0.30023626051843166,0.2840280319719265,9179136.0,0.4162768159682552,0.3961607385271539,9179136.0,-0.04391159183190515,-0.03792796809975697
159744.0,-2.0925652608275414,-1.6963099028294284,9191424.0,0.2865827165854474,0.2858457547457268,9191424.0,0.4062648667022586,0.3999604768740634,9191424.0,-0.026512234967716115,-0.03807555345156288
172032.0,-2.1475261015196643,-1.7559326699003577,9203712.0,0.2980096535757184,0.2886015018603454,9203712.0,0.40269167348742485,0.4024028463599582,9203712.0,-0.043798814488885306,-0.038047120460517656
184320.0,-2.1390961284438768,-1.8020828453823925,9216000.0,0.3042075994114081,0.29292951929382977,9216000.0,0.40275711628297967,0.40489894977460306,9216000.0,-0.04384789386919389,-0.039843993973894
196608.0,-2.1009602211415768,-1.8405060327922307,9228288.0,0.2899510997037093,0.29332386542422073,9228288.0,0.4055964016976456,0.40699073012607795,9228288.0,-0.024032483295741258,-0.037841437145349724
208896.0,-2.0196357841293016,-1.875732050401469,9240576.0,0.30471076304093003,0.29519335638421274,9240576.0,0.42227915131176513,0.4092899343309303,9240576.0,-0.04372022188423822,-0.037810659635094154
221184.0,-1.8769798738261063,-1.8982036172722776,9252864.0,0.2927199623857935,0.29497923251862324,9252864.0,0.4282397087663412,0.41232649690161144,9252864.0,-0.04253413279851278,-0.0395100828767075
233472.0,-1.8448754474520683,-1.9231196594114102,9265152.0,0.3113784259185195,0.29847120152165496,9265152.0,0.43600840447470546,0.41754486638431754,9265152.0,-0.0398018101695925,-0.039095109278423475
245760.0,-1.8872601961096127,-1.9722568659732738,9277440.0,0.3107219810287158,0.3025850347243249,9277440.0,0.4350926913321018,0.4192823766575506,9277440.0,-0.0233852809566694,-0.03707220533227276
258048.0,-1.9452262843648593,-1.9979347098618745,9289728.0,0.32144995654622716,0.30199684187149006,9289728.0,0.45635997255643207,0.42115668025799097,9289728.0,-0.0437293832267945,-0.03752738474892491
270336.0,-1.976714118073384,-2.003083941588799,9302016.0,0.3069345805173119,0.3026666738713781,9302016.0,0.4333260543644428,0.42286160409760976,9302016.0,-0.043704539498624705,-0.037506679515596865
282624.0,-1.9863953031599522,-1.9924669458220403,9314304.0,0.3259550111057858,0.3066039033234119,9314304.0,0.4098358641689022,0.423218703844274,9314304.0,-0.04367585220218947,-0.0392230412390442
294912.0,-1.9662067852914333,-1.974335014199217,9326592.0,0.33772806885341805,0.31057574485118183,9326592.0,0.4255831564466159,0.42550785214019315,9326592.0,-0.04362011894894143,-0.03920517168504981
307200.0,-1.926668566962083,-1.9530922580510375,9338880.0,0.34155036384860676,0.31431002129490176,9338880.0,0.42622156751652557,0.4278542972635478,9338880.0,-0.039868415236317865,-0.03880722382176221
319488.0,-1.8875923566520214,-1.9317554716020822,9351168.0,0.33348093104238313,0.31866300442876916,9351168.0,0.404431691703697,0.42773782626415296,9351168.0,-0.024295259142187813,-0.038833501406406866
331776.0,-1.8543958105146885,-1.915231474240621,9363456.0,0.33938396675512195,0.32213032480018833,9363456.0,0.4068581545725465,0.4261957265902311,9363456.0,-0.04357070231344551,-0.0388185494493276
344064.0,-1.8055654702087243,-1.9080900338788827,9375744.0,0.32756064645946026,0.32561439320755503,9375744.0,0.3964548388806482,0.4230172396016617,9375744.0,-0.0435580809523041,-0.03892094426470673
356352.0,-1.7653834410011768,-1.9001408332337935,9388032.0,0.324298790966471,0.3269064297123502,9388032.0,0.38955765636637807,0.41837216479082906,9388032.0,-0.043532745873865984,-0.03929403783513408
368640.0,-1.7291235749920209,-1.8843271711220342,9400320.0,0.3333314342113833,0.32916737503061694,9400320.0,0.39822958254565793,0.4146858539121846,9400320.0,-0.04350560833700001,-0.04130607057316714
380928.0,-1.6576890796422958,-1.8555734506497779,9412608.0,0.31091939797624946,0.32811431917361916,9412608.0,0.37831220279137295,0.4068810769356787,9412608.0,-0.023826074161964545,-0.03931573966668414
393216.0,-1.5860175689061482,-1.8165037957330543,9424896.0,0.3123019589111209,0.32865105701300007,9424896.0,0.37737127315873903,0.4012855988151083,9424896.0,-0.03123502437180529,-0.038068788154002206
405504.0,-1.515018882850806,-1.76936615370214,9437184.0,0.3068727327821155,0.326742829180633,9437184.0,0.38902590423822403,0.3992046028220405,9437184.0,-0.04345796773365388,-0.03804699970714864
417792.0,-1.4761568990846474,-1.7203611650814612,9449472.0,0.32022407340506714,0.32499242963579794,9449472.0,0.3816873735437791,0.3948150245317568,9449472.0,-0.043237167255332075,-0.03800870453778771
430080.0,-1.4506597593426704,-1.67276028431952,9461760.0,0.3165409953022997,0.3224914927811672,9461760.0,0.3793822928952674,0.39013109706963095,9461760.0,-0.042414300745197885,-0.03826329308867571
442368.0,-1.436857885370652,-1.627686837191383,9474048.0,0.3323051842550437,0.32237391810243327,9474048.0,0.37521128946294385,0.3872090568455557,9474048.0,-0.043363222697128855,-0.04017008944416981
454656.0,-1.4205375326176484,-1.584301009401679,9486336.0,0.32333665853366256,0.3207691872802873,9486336.0,0.36544537761559087,0.3830677791498601,9486336.0,-0.04335053979108731,-0.04014807319193399
466944.0,-1.3803396423657734,-1.541778426617384,9498624.0,0.3283959872399767,0.32085272135833903,9498624.0,0.3634878701219956,0.37977108227399486,9498624.0,-0.043322483582111694,-0.04012451345491476
479232.0,-1.2653475385159254,-1.4917748363688588,9510912.0,0.3560832903409998,0.32403117129579184,9510912.0,0.3719202815555036,0.37800734479290743,9510912.0,-0.022555967788017977,-0.03802683564632996
491520.0,-1.2903987715641658,-1.4479023560260733,9523200.0,0.3842580799634258,0.3291238358709961,9523200.0,0.36126031586900353,0.374310418125242,9523200.0,-0.04160257176651309,-0.03783653198928126
503808.0,-1.3681801470617454,-1.418951462768018,9535488.0,0.38182325987145305,0.33621422206051643,9535488.0,0.3541371144043903,0.3718929092865437,9535488.0,-0.026156512217615575,-0.038069575794846364
516096.0,-1.455239124596119,-1.4058736183370153,9547776.0,0.3895477804665764,0.34393880421606204,9547776.0,0.37096304322282475,0.3712520862929523,9547776.0,-0.03314714352988327,-0.038260787710654165
528384.0,-1.5462553116182487,-1.4089972612137596,9560064.0,0.3723698837372164,0.35048851931157216,9560064.0,0.367379950825125,0.3690874909516424,9560064.0,-0.04322409781161696,-0.03823740071845047
540672.0,-1.606133750329415,-1.4219949463382364,9572352.0,0.3537841985623042,0.35384453182729575,9572352.0,0.3557396231529613,0.36649271591256066,9572352.0,-0.04321942571550608,-0.03823562656446787
552960.0,-1.642164457589388,-1.4411454161629078,9584640.0,0.4061748703631262,0.36280791933337847,9584640.0,0.3438463192433119,0.3629391185473651,9584640.0,-0.043191630470876895,-0.03831335953703577
565248.0,-1.6596145344277222,-1.4634210810686152,9596928.0,0.4247176838107407,0.37204916928894816,9596928.0,0.3365518085968991,0.3590731704607606,9596928.0,-0.04316383864109715,-0.038293421131432595
577536.0,-1.6661829265455406,-1.4879856204614044,9609216.0,0.4263889437230925,0.38235439780789116,9609216.0,0.3311014894085626,0.3556387816400578,9609216.0,-0.02299366384856209,-0.03625773353718008
589824.0,-1.6681093188623588,-1.5167625881110627,9621504.0,0.45824772911146283,0.3953395719950398,9621504.0,0.3348054264982541,0.3527705372776836,9621504.0,-0.04306415487856915,-0.03623190066682582
602112.0,-1.6657972087462742,-1.5568075551340979,9633792.0,0.4374643371750911,0.4034776766784489,9633792.0,0.324432038081189,0.3480217129302522,9633792.0,-0.022905568988790037,-0.03626686078690303
614400.0,-1.6590091722706954,-1.5936685952047507,9646080.0,0.4081589359169205,0.4058677622737984,9646080.0,0.32153977019091445,0.3440496583624433,9646080.0,-0.04309156571980566,-0.03641576018223229
626688.0,-1.6500207496186097,-1.621852655460437,9658368.0,0.42490985710173845,0.41017642199682697,9658368.0,0.35504903566713136,0.34414085048871734,9658368.0,-0.04307785478886217,-0.03810789443935695
638976.0,-1.6430181004106998,-1.6406305530418954,9670656.0,0.4152740618834893,0.4127490501385182,9670656.0,0.3433209463643531,0.3413766408028701,9670656.0,-0.04305059334728867,-0.03909823942109748
651264.0,-1.634482021133105,-1.649453223993381,9682944.0,0.4430126086808741,0.41981332263288396,9682944.0,0.3456626511178911,0.33920491083214677,9682944.0,-0.043023229227401316,-0.039078152562675925
663552.0,-1.6227291623751323,-1.6511127651979525,9695232.0,0.43503284826874733,0.4279381876035283,9695232.0,0.333897704569002,0.33702071897375085,9695232.0,-0.022816732927215828,-0.0370378832838469
675840.0,-1.6114009643594425,-1.648036415874958,9707520.0,0.44115226715803146,0.4314359272830188,9707520.0,0.335868947673589,0.33622298181677857,9707520.0,-0.02974065327240775,-0.03569278556399998
688128.0,-1.600772502521674,-1.642152212684353,9719808.0,0.4348418678467472,0.43244834568661944,9719808.0,0.32361803855746984,0.3349296048128356,9719808.0,-0.04127753167025124,-0.03550415486691539
700416.0,-1.5918926782906055,-1.6347231878588595,9732096.0,0.4050965905189514,0.4303191103662053,9732096.0,0.3326864920866986,0.33508810508064923,9732096.0,-0.042452229924189545,-0.03745001147447814
712704.0,-1.5865552574396133,-1.6265677817165851,9744384.0,0.4079963038675487,0.425293967841814,9744384.0,0.33475858345627785,0.3350834207764516,9744384.0,-0.0429271140601486,-0.03743630739263608
724992.0,-1.5811555422842503,-1.618103615070383,9756672.0,0.4223445300012827,0.4237819871244331,9756672.0,0.32814601017162204,0.3354548179854949,9756672.0,-0.04290511917012433,-0.039436262410769515
737280.0,-1.5762275258700054,-1.6098254504303138,9768960.0,0.3900530895528694,0.421971402488028,9768960.0,0.3251383169554174,0.3358146726619452,9768960.0,-0.042878281557932496,-0.039414933994582194
749568.0,-1.5694035316507022,-1.601763728633523,9781248.0,0.3877227595075965,0.4182526927286139,9781248.0,0.3272690265439451,0.3330366717496266,9781248.0,-0.02231596714288268,-0.037338745229984246
761856.0,-1.562405242274205,-1.5937024428198734,9793536.0,0.3677223166450858,0.41349751820477343,9793536.0,0.31512610319380957,0.3302171874325722,9793536.0,-0.04283136664889753,-0.03731682256014513
774144.0,-1.5567987027267616,-1.585934110979239,9805824.0,0.38159270972634357,0.40735552830932037,9805824.0,0.3101228754967451,0.32666320987045766,9805824.0,-0.03456357263106232,-0.03647085690051123
786432.0,-1.5526386586328347,-1.5789250606050094,9818112.0,0.38102726933235925,0.4019549704156816,9818112.0,0.313375079849114,0.32461094739846885,9818112.0,-0.03205577780803045,-0.03739476138859269
798720.0,-1.5477885864675045,-1.5725638228158156,9830400.0,0.36510413807506364,0.3943501575073848,9830400.0,0.30782102638234693,0.32180615526934464,9830400.0,-0.04276375969250997,-0.03869707203060291
811008.0,-1.540997142593066,-1.5665862868229548,9842688.0,0.3823932215260963,0.3891052928753197,9842688.0,0.30560926425581175,0.32000527783917887,9842688.0,-0.04276684353438517,-0.0388460032170163
823296.0,-1.5068684617678325,-1.5580838651706774,9854976.0,0.3670827408010761,0.38530390790353214,9854976.0,0.3068699687719345,0.3174236255077024,9854976.0,-0.04274007002823055,-0.0388747872274204
835584.0,-1.4859367236495018,-1.5480220117916663,9867264.0,0.3567977274457614,0.38018405026135343,9867264.0,0.29858701629564166,0.31380646879163876,9867264.0,-0.042713212741849325,-0.03885339709559048
847872.0,-1.46650701140364,-1.5365571587036053,9879552.0,0.3336997328636547,0.3713195705475907,9879552.0,0.2943108365871012,0.3104229514331867,9879552.0,-0.021503593155406026,-0.03671324449411865
860160.0,-1.45003521318237,-1.523937927434842,9891840.0,0.34185598138719797,0.3664998597310235,9891840.0,0.2902987871008615,0.3069389984477311,9891840.0,-0.022351553079109483,-0.03466057164623635
872448.0,-1.4343841535349686,-1.5104359896232684,9904128.0,0.3744562896899879,0.3651732127492627,9904128.0,0.2890200132193665,0.3031140971152732,9904128.0,-0.04210658555772776,-0.036639633487720855
884736.0,-1.4142398610711098,-1.495619451502959,9916416.0,0.39439152320846915,0.36784013340560096,9916416.0,0.2854389843220512,0.3001453852280974,9916416.0,-0.04256618147095045,-0.036613114969926155
897024.0,-1.3944966693719227,-1.479389248167475,9928704.0,0.39679379963005584,0.3693602423959722,9928704.0,0.28303606032083434,0.29743670371050634,9928704.0,-0.042632224038243294,-0.03741998011064425
909312.0,-1.3781074744959672,-1.4619361297537885,9940992.0,0.37101030551518005,0.3683585460142543,9940992.0,0.28281627238417667,0.2943808229640126,9940992.0,-0.04260719598581394,-0.03847512192842259
921600.0,-1.3668084939320881,-1.4438381205002468,9953280.0,0.3473503574108084,0.36658316794782875,9953280.0,0.2794031739855806,0.291539037724336,9953280.0,-0.04258091693433622,-0.03845683765260523
933888.0,-1.3519286786516507,-1.4249312741061053,9965568.0,0.34793617110699415,0.3631374629059186,9965568.0,0.2868801249812047,0.2896661237968753,9965568.0,-0.022102439797890838,-0.036390397278955794
946176.0,-1.3359892753263314,-1.4078433554619552,9977856.0,0.3488301350735128,0.36131220233316225,9977856.0,0.2800415490443508,0.28698328182411686,9977856.0,-0.04253051620131979,-0.03636944189626472
958464.0,-1.3260947993646066,-1.3918591630334656,9990144.0,0.35410913654292625,0.3610433432428787,9990144.0,0.28183675759161514,0.28530825595371423,9990144.0,-0.03734120507336532,-0.03583224112941631
970752.0,-1.3198929199328024,-1.3771977538863818,10002432.0,0.3941520169998209,0.36708857165649533,10002432.0,0.28215256131564576,0.28409242842656873,10002432.0,-0.03954906100019192,-0.037636787913894895
983040.0,-1.311709084858497,-1.3633651410539946,10014720.0,0.38607401416326564,0.3715103749341021,10014720.0,0.28136775037273765,0.28319932475375637,10014720.0,-0.04247039901868751,-0.0396486725078527
995328.0,-1.3012894360969465,-1.3500556693101922,10027008.0,0.4011239040022095,0.37417713636532424,10027008.0,0.2738155520831545,0.28167887864013513,10027008.0,-0.042458961135707796,-0.0396839100656507
1007616.0,-1.2941466712703307,-1.3380463503301143,10039296.0,0.3894281463387112,0.37368079867834847,10039296.0,0.28205696974570554,0.28134067718250055,10039296.0,-0.042432876536622643,-0.03967057957221793
1019904.0,-1.2842069442073505,-1.327017377813657,10051584.0,0.38447796429196995,0.3724492151445399,10051584.0,0.2778090969659388,0.280817980847011,10051584.0,-0.04240631917491555,-0.03964798908588515
1032192.0,-1.280925028026104,-1.3172991331666706,10063872.0,0.39253125463922817,0.3746013100569447,10063872.0,0.2739313861044745,0.2799294922190408,10063872.0,-0.02163948557184388,-0.03755121804448815
1044480.0,-1.275654638806979,-1.3081837476541598,10076160.0,0.3784095145141085,0.3777072257672748,10076160.0,0.27211218792945147,0.27920039361342786,10076160.0,-0.022850344406227425,-0.03557816079167726
1056768.0,-1.2720528282225132,-1.300196162611246,10088448.0,0.3601087626690666,0.37892448492348196,10088448.0,0.2910383379397293,0.27961621490928035,10088448.0,-0.02694535944222783,-0.03606245275611096
1069056.0,-1.2664684988558292,-1.293244084964196,10100736.0,0.3645847903875013,0.38049995045488083,10100736.0,0.2736910958774388,0.2789811695925892,10100736.0,-0.042338811326771975,-0.03604328226865618
1081344.0,-1.2583598370353382,-1.286470588731269,10113024.0,0.34923563168073696,0.3800125999686619,10113024.0,0.27112224558368325,0.2779097183917959,10113024.0,-0.04234591929707676,-0.03654375369102733
1093632.0,-1.2526012926052015,-1.279741425998509,10125312.0,0.330904355738312,0.373687833842511,10125312.0,0.26784200640395284,0.27647866290062667,10125312.0,-0.04232047211068372,-0.036820894802076516
1105920.0,-1.2467512525618076,-1.27324564276884,10137600.0,0.3517476877508064,0.3702552012012651,10137600.0,0.26757728044564527,0.2750996159079174,10137600.0,-0.042294782625200845,-0.036803333162727846
1118208.0,-1.2407587667306264,-1.267192575832208,10149888.0,0.3378050089813769,0.36392331169918185,10149888.0,0.2654527951963246,0.27426334021923443,10149888.0,-0.022494468683968687,-0.03480688391755393
1130496.0,-1.2332654452572267,-1.2611044532308977,10162176.0,0.32372941200931865,0.35735343826624255,10162176.0,0.26462206508343417,0.27251984975300736,10162176.0,-0.025170849226318143,-0.03308068118652348
1142784.0,-1.2242330703884363,-1.255107065849006,10174464.0,0.314486567551891,0.35035429859223466,10174464.0,0.2628995811877151,0.271028898175185,10174464.0,-0.03794824983924627,-0.03263487425295655
1155072.0,-1.219896910712123,-1.249004254117608,10186752.0,0.3083160592553516,0.341932779053847,10186752.0,0.2700971655237178,0.2706454761171092,10186752.0,-0.029067125006501254,-0.033377638196422296
1167360.0,-1.2164177695910137,-1.2430805671960115,10199040.0,0.3341909176670015,0.3375109193691363,10199040.0,0.2787174467618267,0.27130600200034677,10199040.0,-0.04220349702518433,-0.03531295345831798
1179648.0,-1.2092142564555008,-1.2367967100193105,10211328.0,0.335889912986507,0.33508903440088034,10211328.0,0.2685879869386554,0.2690609669002394,10211328.0,-0.04220722650643438,-0.03683914016473864
1191936.0,-1.2011318647613127,-1.2302630466098587,10223616.0,0.3499049791134894,0.33362105327347913,10223616.0,0.2610916718840599,0.26780102450090154,10223616.0,-0.04218167889242371,-0.03682342692130381
1204224.0,-1.1955806848903496,-1.22398513139536,10235904.0,0.3311627303871016,0.3318137631441156,10235904.0,0.2599708588483433,0.2666858858273675,10235904.0,-0.021465290597310133,-0.03473536405132714
1216512.0,-1.1924020933608215,-1.2179652114709218,10248192.0,0.3331622101056079,0.33203954858084517,10248192.0,0.25957787766431767,0.265859472953404,10248192.0,-0.029595885454909876,-0.03346290538574976
1228800.0,-1.192460808282097,-1.2125361670429506,10260480.0,0.31850660825148225,0.32871544063091274,10260480.0,0.2538299468966822,0.2644847395985077,10260480.0,-0.042110678972676396,-0.033444495020497324
1241088.0,-1.1809430463860433,-1.2065545950084924,10272768.0,0.3101634507377942,0.32595128480655455,10272768.0,0.25026512145996094,0.2629659722248713,10272768.0,-0.03582705023776119,-0.03477775317587657
1253376.0,-1.1133523682753246,-1.194563287310302,10285056.0,0.31053910513098043,0.3246322541187207,10285056.0,0.2558378848868112,0.262087554205209,10285056.0,-0.03176657931180671,-0.035437326184425424
1265664.0,-1.1053558482478063,-1.1826755650962393,10297344.0,0.29333287679279846,0.3225168850428114,10297344.0,0.2702090833336115,0.26281850441979865,10297344.0,-0.04208160211176922,-0.03585066141167772
1277952.0,-1.1146303502221901,-1.172148909047246,10309632.0,0.29475483236213523,0.32116076235348984,10309632.0,0.26784227741882205,0.2625930156093091,10309632.0,-0.04206509682505081,-0.03715045859353268
1290240.0,-1.1846666814138491,-1.1689738002295296,10321920.0,0.3178284301732977,0.31952451360411943,10321920.0,0.2636463581584394,0.26108590674897036,10321920.0,-0.03844985396911701,-0.03677509428792595
1302528.0,-1.223860136543711,-1.1704383882383507,10334208.0,0.33040551049634814,0.3189760733551036,10334208.0,0.2715565479981403,0.26138276285491885,10334208.0,-0.021230085445495206,-0.03467738018183202
1314816.0,-1.2465123515576124,-1.1749764369179805,10346496.0,0.3174420758150518,0.3157297830252598,10346496.0,0.26345463609322906,0.26161905927583573,10346496.0,-0.041969797651593886,-0.034656192057749044
1327104.0,-1.2652427448580663,-1.1819426429147522,10358784.0,0.3198861815035343,0.314602128136903,10358784.0,0.260570222667108,0.26167899565771224,10358784.0,-0.04199430835433304,-0.036709093833451334
1339392.0,-1.280973415200909,-1.190799775098761,10371072.0,0.3216390341209869,0.3134498105384409,10371072.0,0.25728478794917464,0.2614496866861979,10371072.0,-0.023660985604995705,-0.036115603848459917
1351680.0,-1.2955582501987617,-1.2011095192904275,10383360.0,0.3272567324650784,0.3143248229598005,10383360.0,0.2587934929567079,0.26194604129220045,10383360.0,-0.04017667198786512,-0.035922203149978786
1363968.0,-1.2925346133609612,-1.212268675987919,10395648.0,0.3058164074706535,0.3138901186330865,10395648.0,0.24994296968604127,0.2619138261148085,10395648.0,-0.04184133023954928,-0.036523631150157596
1376256.0,-1.2853292984267075,-1.2294663690030574,10407936.0,0.3197720452832679,0.3148134126483152,10407936.0,0.2511057968561848,0.2614406173117459,10407936.0,-0.04191540332976729,-0.03753851355195366
1388544.0,-1.2722149280210335,-1.2461522769803803,10420224.0,0.32463828396673006,0.31794395336570835,10420224.0,0.2498027547262609,0.25939998445101087,10420224.0,-0.01896139423539959,-0.03522649276431669
1400832.0,-1.2546170173833768,-1.2601509436964988,10432512.0,0.31672950244198245,0.3201414203736931,10432512.0,0.2521667346979181,0.25783243017892044,10432512.0,-0.041812902122425534,-0.03520127329405417
1413120.0,-1.241661489630739,-1.2658504245181876,10444800.0,0.31252777654056746,0.3196113550104201,10444800.0,0.24702180890987316,0.25616997525406376,10444800.0,-0.041871447154941656,-0.035543432612636636
1425408.0,-1.2340724964936574,-1.2668716605131825,10457088.0,0.298455573618412,0.3164163613226265,10457088.0,0.2490068858799835,0.2539150090422481,10457088.0,-0.04184722756811728,-0.037605146824898836
1437696.0,-1.2251755433777969,-1.264737979695201,10469376.0,0.28441327686111134,0.3131134814272324,10469376.0,0.24871511198580265,0.2524410566315055,10469376.0,-0.026435624805647723,-0.036051729540304216
1449984.0,-1.2178661512831848,-1.2600003203377126,10481664.0,0.27827617929627496,0.3089524812065065,10481664.0,0.25282636331394315,0.25166667069618903,10481664.0,-0.02952958948056524,-0.034805257652927434
1462272.0,-1.2095831856131554,-1.2528612973789373,10493952.0,0.28832423066099483,0.3056210008605073,10493952.0,0.2500678470047812,0.25094497660174964,10493952.0,-0.041100029135122895,-0.03654916200594016
1474560.0,-1.1989440216372411,-1.2431998745227852,10506240.0,0.27671955960492295,0.30056728357449175,10506240.0,0.2461960477133592,0.24968523207741483,10506240.0,-0.041773225219609834,-0.036708817329114636
1486848.0,-1.1895462206254404,-1.2329010352492333,10518528.0,0.2785299237196644,0.29783863519939285,10518528.0,0.24716177334388098,0.24940711244319877,10518528.0,-0.02310003756065271,-0.03483468806122498
1499136.0,-1.1815194332351286,-1.2225200487300754,10530816.0,0.2871547834947705,0.2945769090205431,10530816.0,0.2420611777342856,0.24850265053100884,10530816.0,-0.041744739981368184,-0.03481762172638506
1511424.0,-1.1718343514949083,-1.212481991077463,10543104.0,0.2742273439653218,0.28953581502040227,10543104.0,0.24530138354748487,0.24805251341313123,10543104.0,-0.04173088461781541,-0.03709457076462665
1523712.0,-1.165297317629059,-1.2035500211020311,10555392.0,0.26364697872971493,0.28422756264917554,10555392.0,0.2474645501933992,0.24758229496267936,10555392.0,-0.041217338177375495,-0.03703501437012165
1536000.0,-1.1522259122381608,-1.194606463362773,10567680.0,0.2644236912019551,0.2794171541153143,10567680.0,0.25090051007767517,0.2479701650794596,10567680.0,-0.02095327203520962,-0.03494319685814844
1548288.0,-1.1419551031043131,-1.1853947240238387,10579968.0,0.2583721320455273,0.2754088099580258,10579968.0,0.24670786783099174,0.2477402632745604,10579968.0,-0.01982330857087315,-0.03274080495842403
1560576.0,-1.1321882133682568,-1.1760959910228848,10592256.0,0.2646706846232216,0.27343455073423684,10592256.0,0.25410695436100167,0.24827944751208028,10592256.0,-0.04167745991920432,-0.034264988469779684
1572864.0,-1.1239945720881224,-1.1667088331033786,10604544.0,0.2837894254674514,0.2739858753513545,10604544.0,0.26428250471750897,0.2494250616524368,10604544.0,-0.041028621121464916,-0.03541489163386965
1585152.0,-1.1122297439724207,-1.156973488939305,10616832.0,0.2706936253234744,0.2722228148176024,10616832.0,0.2637865701690316,0.25079693396886193,10616832.0,-0.03978621290298179,-0.03528351001065554
1597440.0,-1.0990401754776637,-1.1469831043233474,10629120.0,0.2653102856129408,0.2710818874184042,10629120.0,0.27792816950629157,0.2539701461481551,10629120.0,-0.041612058819737285,-0.03526739337066829
1609728.0,-1.0880485319842894,-1.1368333354592324,10641408.0,0.30752098311980564,0.27398099335841836,10641408.0,0.28467632209261257,0.2577216010230283,10641408.0,-0.04158939469683295,-0.03711632908428631
1622016.0,-1.0755643285810947,-1.126237824993829,10653696.0,0.2958931705603997,0.27485483206498124,10653696.0,0.27051862437898916,0.2605673456874986,10653696.0,-0.020147876739429194,-0.03495664276009241
1634304.0,-1.063946965460976,-1.1154490863904356,10665984.0,0.30532160323734087,0.27796425799218316,10665984.0,0.2649297973451515,0.26253018706726533,10665984.0,-0.041549971618223935,-0.03493855146013326
1646592.0,-1.0521726987014215,-1.1041366244976718,10678272.0,0.285354140214622,0.28013497414067384,10678272.0,0.2692353649375339,0.2647072685416788,10678272.0,-0.030981278861872852,-0.033914945528583
1658880.0,-1.0337965146948893,-1.0922936847433449,10690560.0,0.2922919640938441,0.2829218014298628,10690560.0,0.2556952862069011,0.2651867461546014,10690560.0,-0.03156612483629336,-0.034976230808691375
1671168.0,-1.0321855215976636,-1.0813167265926797,10702848.0,0.315022696275264,0.28858685785283644,10702848.0,0.2748159960222741,0.2679975589737296,10702848.0,-0.04149505301999549,-0.037143405253603615
1683456.0,-1.0135955816755693,-1.0694574634234109,10715136.0,0.32474705421676237,0.2945944948121905,10715136.0,0.2663062196224928,0.26921748549987873,10715136.0,-0.025755283068671513,-0.03555118756855034
1695744.0,-0.9583705378075441,-1.0528950599953533,10727424.0,0.3063801839016378,0.2968535706556092,10727424.0,0.27598774153739214,0.27038800918186706,10727424.0,-0.041474981155867376,-0.03559582357199058
1708032.0,-0.958261938765645,-1.0374982794746759,10739712.0,0.35172387631610036,0.3049565957548718,10739712.0,0.2984592413219313,0.273855276297157,10739712.0,-0.04146611659477154,-0.03576381394116955
1720320.0,-0.982117706288894,-1.0258060325557987,10752000.0,0.3139484634933372,0.30982041354291145,10752000.0,0.2834363339158396,0.2744060927381118,10752000.0,-0.01794918448649696,-0.03339752650784551
1732608.0,-0.9895561914891005,-1.0159567985062798,10764288.0,0.3037749887444079,0.30944581410537164,10764288.0,0.28330947101737064,0.27426940763058755,10764288.0,-0.04139000978708888,-0.033377588016871115
1744896.0,-1.0428658562401931,-1.0126869512721897,10776576.0,0.30092886555939913,0.3099493836052716,10776576.0,0.2706491358888646,0.2742824587815752,10776576.0,-0.022175081862466566,-0.03358030852917485
1757184.0,-1.090596579015255,-1.0153519126276174,10788864.0,0.29404661369820434,0.3088218846513579,10788864.0,0.26267566190411645,0.27405704523747165,10788864.0,-0.04139648533115784,-0.03356495990046825
1769472.0,-1.1020018681883812,-1.0203348295763135,10801152.0,0.3155322779590885,0.31183969842580456,10801152.0,0.25116405201454955,0.2722499139451733,10801152.0,-0.04137867815249289,-0.034604699829530246
1781760.0,-1.14117828818659,-1.0310730069254836,10813440.0,0.3022277106841405,0.3128332730848342,10813440.0,0.2793773845769465,0.27461812378217776,10813440.0,-0.038326911065572254,-0.035280778452458125
1794048.0,-1.179267938559254,-1.0457812486216427,10825728.0,0.28875461174175143,0.31020646463148294,10825728.0,0.28338517947122455,0.2754750421270728,10825728.0,-0.041340082903237395,-0.035265281440782316
1806336.0,-1.2072014131893714,-1.065141831773023,10838016.0,0.273852549182872,0.3051170141280939,10838016.0,0.2784425353941818,0.2766886737042417,10838016.0,-0.04132958910971259,-0.03682271204488642
1818624.0,-1.2259605452418327,-1.0919008325164516,10850304.0,0.26293369149789214,0.3007723648877193,10850304.0,0.27113074095298845,0.2762029736458014,10850304.0,-0.01816928928262011,-0.034492142857561706
1830912.0,-1.227848555892706,-1.1188594942291579,10862592.0,0.25763112617035705,0.291363089873145,10862592.0,0.2619391886206965,0.2725509683756778,10862592.0,-0.03359105381726598,-0.03370463657981115
1843200.0,-1.2357769093165796,-1.1442254145319262,10874880.0,0.2755460790358484,0.28752285142739614,10874880.0,0.2635724622135361,0.27056458120544746,10874880.0,-0.04128220526035875,-0.03603793865719733
1855488.0,-1.2377934337904055,-1.1690491387620567,10887168.0,0.25855262065306306,0.28300061461826165,10887168.0,0.2648381358012557,0.268717447683836,10887168.0,-0.04127095113896454,-0.03602603279238489
1867776.0,-1.263256262987852,-1.1910881794368229,10899456.0,0.2462143770729502,0.2775291657696167,10899456.0,0.2550220477084319,0.2671547388657927,10899456.0,-0.028999715655421216,-0.03670849617168036
1880064.0,-1.2644331641495228,-1.2084718379502495,10911744.0,0.2583356077472369,0.27395806517452004,10911744.0,0.2526283136879404,0.26615000404417516,10911744.0,-0.0412371457205154,-0.03669256221061611
1892352.0,-1.292000277588765,-1.2274716788902877,10924032.0,0.26083315117284656,0.2684881524958958,10924032.0,0.27713682129979134,0.2687472809726993,10924032.0,-0.041214588893732675,-0.036676153284740096
1904640.0,-1.2935867949078481,-1.2427125295624135,10936320.0,0.2692675961491962,0.2651921410424014,10936320.0,0.27295544060568017,0.26810508657557264,10936320.0,-0.04119207145413384,-0.03696266932359625
1916928.0,-1.284095977122585,-1.2531953334187467,10948608.0,0.2561031624985238,0.2619269961180787,10948608.0,0.2780810010929902,0.26757466873774927,10948608.0,-0.017713932568464468,-0.03460005429011896
1929216.0,-1.2653532388309638,-1.259010515982906,10960896.0,0.24333337120090923,0.2588750783198824,10960896.0,0.27395139650131267,0.26712555484846234,10960896.0,-0.04101270999914656,-0.034568366379062354
1941504.0,-1.272365102544427,-1.2636509717131654,10973184.0,0.2536383549061914,0.2579455446607123,10973184.0,0.27240189677104354,0.26725267043026785,10973184.0,-0.041147715819533914,-0.036866209032753734
1953792.0,-1.2622108198702335,-1.2670871981109184,10985472.0,0.27093642655139166,0.25927607469881575,10985472.0,0.27629689654956263,0.26868844122315444,10985472.0,-0.017658590471304098,-0.035272962698157544
1966080.0,-1.2080741412937641,-1.2643169213086367,10997760.0,0.2782290889881551,0.2595443756940464,10997760.0,0.2807164870512982,0.2704028437069307,10997760.0,-0.0411256201332435,-0.03525730418544602
1978368.0,-1.2233105686803658,-1.2628686347976328,11010048.0,0.26637885021045804,0.2603269986497859,11010048.0,0.2806762303225696,0.2719866531590621,11010048.0,-0.041106517640097685,-0.035240860835559336
1990656.0,-1.1657298753658931,-1.253115996035437,11022336.0,0.30518405123924214,0.26622396606641513,11022336.0,0.2788078774077197,0.2743652361289909,11022336.0,-0.04108371661277488,-0.036449260931294705
2002944.0,-1.1751328607400258,-1.2441859656944871,11034624.0,0.2977636170883973,0.27016676700053116,11034624.0,0.2847160065236191,0.2775740054125587,11034624.0,-0.04106084841381138,-0.0364316312006243
2015232.0,-1.1539445122083027,-1.230380389156441,11046912.0,0.28310855648790795,0.2723943075320373,11046912.0,0.2841676122819384,0.27827708451077343,11046912.0,-0.018262715436624905,-0.03413644385491352
2027520.0,-1.107707379385829,-1.2117924476042392,11059200.0,0.26983172151570517,0.2724507200686882,11059200.0,0.29678339480112,0.2806598799303174,11059200.0,-0.0410300107129539,-0.03412023778079552
2039808.0,-1.0841199246545632,-1.1917948423574367,11071488.0,0.28565214822689694,0.2754056186415255,11071488.0,0.304793165375789,0.28333109635859727,11071488.0,-0.04101689608069137,-0.03645053413201822
2052096.0,-1.0189321630944808,-1.1671527347837887,11083776.0,0.28471150745948154,0.27954343226738276,11083776.0,0.30130838400994736,0.28606679510946076,11083776.0,-0.03791251580696553,-0.03614051471280012
2064384.0,-0.9405196240792671,-1.1339681869372726,11096064.0,0.28657154257719714,0.2828367510344833,11096064.0,0.29598477948457,0.2884250833808134,11096064.0,-0.04096631152788177,-0.0361223742836349
2076672.0,-0.827847059816122,-1.0905318109318611,11108352.0,0.2870439065930744,0.2844474990386516,11108352.0,0.28749460525189835,0.289544854251047,11108352.0,-0.04095283930655569,-0.03845179916716006
2088960.0,-0.8043866970886787,-1.0501630665113528,11120640.0,0.3218274445583423,0.2888073345956703,11120640.0,0.29037921053046983,0.2905111265989641,11120640.0,-0.040930207760538906,-0.0384322579298896
2101248.0,-0.7999684698879719,-1.0078288566321134,11132928.0,0.29009947103137773,0.29117939667776227,11132928.0,0.3054284307484825,0.29298634664155543,11132928.0,-0.016707760182422742,-0.03599238218412211
2113536.0,-0.7354278732091188,-0.9647986564164361,11145216.0,0.2743863131230076,0.2880996228661388,11145216.0,0.3106789087566237,0.2961734497764458,11145216.0,-0.040051836733861514,-0.035889194196230774
2125824.0,-0.6824758540218075,-0.9155329557446142,11157504.0,0.2669142954982817,0.28501469070712726,11157504.0,0.30171283101662993,0.2978731322257469,11157504.0,-0.04088981459305311,-0.03587209081415495
2138112.0,-0.6597687335064014,-0.8661153778744242,11169792.0,0.25295144350578386,0.28199897940891483,11169792.0,0.286224945448339,0.29807886554238694,11169792.0,-0.0331363560205015,-0.03735945487254261
2150400.0,-0.6086406263833245,-0.8162087025741736,11182080.0,0.2802738325359921,0.2830431905109435,11182080.0,0.2770991971095403,0.29611044577322904,11182080.0,-0.04085316025884822,-0.03734176982713204
2162688.0,-0.5597052657976747,-0.7637672366884847,11194368.0,0.26845065830275416,0.2813230415185292,11194368.0,0.29206945234909654,0.29483807447055976,11194368.0,-0.04083122534211725,-0.03732320275327462
2174976.0,-0.4766669711098075,-0.7095407174900175,11206656.0,0.2606243131061395,0.27891432208319505,11206656.0,0.2959013084570567,0.29429736691527064,11206656.0,-0.040808950104595475,-0.03761284618303762
2187264.0,-0.4550318969413638,-0.6609919447762271,11218944.0,0.24670830043032765,0.2749279978685081,11218944.0,0.2998743234202266,0.2946863213088363,11218944.0,-0.040786272555124015,-0.037594842285761834
2199552.0,-0.458386929705739,-0.6240459317651889,11231232.0,0.24515466826657453,0.27073907403585806,11231232.0,0.3011999962230523,0.2960568604059518,11231232.0,-0.018779644177508697,-0.03537752277285715
2211840.0,-0.43655587919056416,-0.5872628499753774,11243520.0,0.23889224184677005,0.26244555376470086,11243520.0,0.29359191671634716,0.29637813102453947,11243520.0,-0.040698307081280895,-0.035354332704931345
2224128.0,-0.4582763866831859,-0.5530936416548987,11255808.0,0.23615215548003712,0.25705082220956676,11255808.0,0.2851834795437753,0.2943536359040687,11255808.0,-0.03972750386067977,-0.03765630707275704
2236416.0,-0.4644525038699309,-0.5259961047209799,11268096.0,0.23171604533369342,0.2527837954306354,11268096.0,0.29444257464880746,0.2927300024932871,11268096.0,-0.038206136028748006,-0.037471737002245695
2248704.0,-0.4436148824170232,-0.5021100075605015,11280384.0,0.2321703227547308,0.2493093981562803,11280384.0,0.28622075729072094,0.2911807951206962,11280384.0,-0.04069207028563445,-0.03745196257150383
2260992.0,-0.44830225811650354,-0.48096336002151174,11292672.0,0.24400275122995177,0.24841452892869711,11292672.0,0.3011566268590589,0.29267396326176826,11292672.0,-0.0406806783673043,-0.03820639480618411
2273280.0,-0.4595005949959159,-0.4660493568827708,11304960.0,0.2541766754972438,0.24580481322482223,11304960.0,0.29736298803860944,0.2947003423546751,11304960.0,-0.04065836609030763,-0.038186915389330056
2285568.0,-0.4533595473815997,-0.4554147850411633,11317248.0,0.256603055788825,0.2446200529734293,11317248.0,0.29394127304355305,0.2948875244241208,11317248.0,-0.017279965695706778,-0.035831789424689
2297856.0,-0.45632653776556253,-0.4533807417067388,11329536.0,0.2444608317067226,0.24300370483348765,11329536.0,0.2919579427689314,0.29449318785530826,11329536.0,-0.040575950037843235,-0.03580848941801378
2310144.0,-0.4636640890190999,-0.45424396091451247,11341824.0,0.24014793491611877,0.2423476682820668,11341824.0,0.30098929644251865,0.2946046851575374,11341824.0,-0.04053467803169042,-0.03578332996567042
2322432.0,-0.46896055806428194,-0.45530132375036675,11354112.0,0.22957955099021396,0.24079015655443073,11354112.0,0.310444386365513,0.2955291241717835,11354112.0,-0.01917431457695784,-0.03582279700561534
2334720.0,-0.47588607544700307,-0.45923434337601066,11366400.0,0.2551259469861786,0.24241352706837155,11366400.0,0.3027693342107038,0.29644686592121916,11366400.0,-0.04059496523890024,-0.03581246282137726
2347008.0,-0.48523209895938635,-0.46192991460363075,11378688.0,0.261677829703937,0.24496609449076154,11378688.0,0.32644939810658496,0.30057345777750016,11378688.0,-0.040574780374299735,-0.03589719047273927
2359296.0,-0.4978062541534503,-0.4652652896319826,11390976.0,0.25310472088555497,0.2471049620459477,11390976.0,0.3534777571136753,0.3064769760239869,11390976.0,-0.040552757874441646,-0.03613185265730862
2371584.0,-0.514326243661344,-0.4723364257564147,11403264.0,0.26493666181340814,0.25038159595181547,11403264.0,0.3906302334119876,0.3169179236361136,11403264.0,-0.04051363873683537,-0.036114009502428726
2383872.0,-0.5165526655813059,-0.47916146650289493,11415552.0,0.28067520043502253,0.25404884087232255,11415552.0,0.3610633675319453,0.3229085977034023,11415552.0,-0.01763862393030043,-0.033809804058728334
2396160.0,-0.5295297177508473,-0.4861643787783881,11427840.0,0.26006931423520047,0.2546381047461182,11427840.0,0.3684145261843999,0.33001375151798135,11427840.0,-0.040509685776972525,-0.03379493602739482
2408448.0,-0.5167666754374901,-0.49250509158397715,11440128.0,0.28147044172510505,0.2571248433397462,11440128.0,0.41227909456938505,0.34184753367056453,11440128.0,-0.03743574240555366,-0.03581051369837951
2420736.0,-0.5375381577759981,-0.5006262535850208,11452416.0,0.29100531168902916,0.26177929133797684,11452416.0,0.4228512216359377,0.3549368615572651,11452416.0,-0.04018202034058049,-0.03577112072865323
2433024.0,-0.5677645225077868,-0.5110362969338894,11464704.0,0.29957319842651486,0.2677218176890165,11464704.0,0.47257424766818684,0.37209535667983196,11464704.0,-0.04032653523609042,-0.03575030644909324
2445312.0,-0.5985048543661833,-0.5239907265640795,11476992.0,0.2888888550611834,0.2736527480961134,11476992.0,0.45458809938281775,0.3865097279815624,11476992.0,-0.040428925033969186,-0.03787576749479437
2457600.0,-0.6334057714169224,-0.5397426961610715,11489280.0,0.2763602330038945,0.27577617669788496,11489280.0,0.45885982892165583,0.40211877745265767,11489280.0,-0.03997598206236338,-0.03781386917714068
2469888.0,-0.679274657741189,-0.5591469520392518,11501568.0,0.2801776675817867,0.27762616048566996,11501568.0,0.4568660268560052,0.41516044032759963,11501568.0,-0.019079497672161477,-0.03566434090692686
2482176.0,-0.7169997536887726,-0.581066301992784,11513856.0,0.279709539997081,0.28028664239682255,11513856.0,0.4317119487871726,0.42298385949494943,11513856.0,-0.020997442693745445,-0.033708809388857244
2494464.0,-0.7544202357530594,-0.6050757012019555,11526144.0,0.2646729590681692,0.2802602721222987,11526144.0,0.44276278279721737,0.4281971144334724,11526144.0,-0.04029611044097692,-0.03368705655927139
2506752.0,-0.8074631138394276,-0.6341667460277678,11538432.0,0.2731160647235811,0.2795043585511546,11538432.0,0.4374871908997496,0.43583949677025274,11538432.0,-0.017814419751933503,-0.0337046361414347
2519040.0,-0.8524663789818684,-0.6664604121508699,11550720.0,0.26302652806043625,0.2798000799336781,11550720.0,0.41809674942245084,0.4408077190940579,11550720.0,-0.03922069433610886,-0.03357573699734833
2531328.0,-0.8949265237897635,-0.7042763969860972,11563008.0,0.25251369876787066,0.27690440563795465,11563008.0,0.4116820430693527,0.44074801394405466,11563008.0,-0.04034619535862779,-0.033866782292655745
2543616.0,-0.9294338636100292,-0.7434659675695002,11575296.0,0.2835899206499259,0.27616286653404437,11575296.0,0.40030053242420155,0.43849294502288105,11575296.0,-0.04032614437164739,-0.03388119469576244
2555904.0,-0.9545543740193049,-0.7821449527206521,11587584.0,0.27177189104259014,0.27338273579565187,11587584.0,0.39447534270584583,0.430683054526647,11587584.0,-0.015460596455037981,-0.0313946008176572
2568192.0,-0.9667160641402006,-0.8189660736980539,11599872.0,0.2744136746041477,0.27193521774994833,11599872.0,0.39897057383010787,0.42512130197137593,11599872.0,-0.04027396256181722,-0.031379104570442
2580480.0,-0.971494946628809,-0.8527749912192423,11612160.0,0.2596968086436391,0.27026887531392274,11612160.0,0.38972489985947806,0.4182078090651581,11612160.0,-0.030893350718542933,-0.030470841436059947
2592768.0,-0.9682209404806296,-0.8816696194931865,11624448.0,0.25580957097311813,0.26783206565305595,11624448.0,0.3955756922562917,0.4120787756051868,11624448.0,-0.018935726226724608,-0.030456464291516265
2605056.0,-0.9689525937040647,-0.9068649034947157,11636736.0,0.2644607378169894,0.2663071854350468,11636736.0,0.39841912779957056,0.40874949350642653,11636736.0,-0.03890077470956991,-0.032246797493098715
2617344.0,-0.9778058758626381,-0.9292034675056735,11649024.0,0.24830727760369578,0.2646706172885994,11649024.0,0.397197706780086,0.40419298590471353,11649024.0,-0.04025836989361172,-0.032243023438362196
2629632.0,-0.9819268633921941,-0.9466498424609503,11661312.0,0.24872382823377848,0.2622313936396191,11661312.0,0.38808231242001057,0.3992524980567395,11661312.0,-0.04023741203127429,-0.03448532266629627
2641920.0,-0.9934922183553377,-0.960752426398297,11673600.0,0.26143574093778926,0.2620723149273545,11673600.0,0.3981499147290985,0.39725781458740433,11673600.0,-0.016852594211134903,-0.03224851265379887
2654208.0,-0.999678460881114,-0.9712276201074321,11685888.0,0.26545865771671134,0.26336681082223856,11685888.0,0.385954312980175,0.3946850415784865,11685888.0,-0.04020623670658097,-0.032234516788594195
2666496.0,-1.004028158262372,-0.9786870495726664,11698176.0,0.2837915316534539,0.2633869719225913,11698176.0,0.4038044929814835,0.3950354376342148,11698176.0,-0.020137233645073138,-0.030215625715936768
2678784.0,-1.0045182878772418,-0.98368344095846,11710464.0,0.28692995027328533,0.26490277784566085,11710464.0,0.4181911339983344,0.3974070167634637,11710464.0,-0.04018075542990118,-0.032687641613423093
2691072.0,-1.0066717099398375,-0.9876790055384237,11722752.0,0.2784667027493318,0.26530808066017925,11722752.0,0.4253088493521015,0.400040844315663,11722752.0,-0.022261948317463975,-0.030886440188987764
2703360.0,-0.9992989916354418,-0.9904594100390872,11735040.0,0.29016301811983186,0.26835470160779856,11735040.0,0.4255358825127284,0.403621942580988,11735040.0,-0.040174875660644226,-0.03181459268319789
2715648.0,-0.9999719578772783,-0.9936345117787522,11747328.0,0.3093527159653604,0.27370901610702275,11747328.0,0.46462482555458945,0.41052685591081783,11747328.0,-0.04015388848104825,-0.03393640890863025
2727936.0,-1.00806671132644,-0.9975459235409897,11759616.0,0.30202439504986006,0.27746538183030983,11759616.0,0.4725811068589489,0.41794305381675556,11759616.0,-0.023592474088218296,-0.032405578846495094
2740224.0,-1.0048438652108114,-1.000249722475807,11771904.0,0.29354987184827525,0.2819896412547678,11771904.0,0.4429259253665805,0.422515875675405,11771904.0,-0.04012560068319241,-0.032392301925453164
2752512.0,-1.0018035490065813,-1.0022373910372457,11784192.0,0.28726255785052973,0.28584351421644294,11784192.0,0.45238132247080404,0.4289457766804844,11784192.0,-0.04005312927377721,-0.032373873649703455
2764800.0,-0.9993739364047846,-1.0028255628421905,11796480.0,0.2949396708669762,0.28919390720936156,11796480.0,0.4330572585264842,0.43243651106022296,11796480.0,-0.026077284176911537,-0.03329634264628111
2777088.0,-0.9938465176771084,-1.0022423685217898,11808768.0,0.2882430187116067,0.2914723433088511,11808768.0,0.42345285989965004,0.4361863657521704,11808768.0,-0.01696715969471067,-0.03097243494509409
2789376.0,-0.9884106113264958,-1.000680613828202,11821056.0,0.2797576373753448,0.2910689538810402,11821056.0,0.4541466059163213,0.4412205770456543,11821056.0,-0.03940179001074284,-0.03289889058166106
2801664.0,-0.9804944166292747,-0.9982782267034054,11833344.0,0.306413849350065,0.2930173437887182,11833344.0,0.46314430081595975,0.4457158937274167,11833344.0,-0.040063521397920944,-0.03288716717846304
2813952.0,-0.9826154845456282,-0.9958726041639844,11845632.0,0.28723802510648966,0.29389447602443397,11845632.0,0.46446886472404003,0.44963189526461067,11845632.0,-0.018397423179218702,-0.03250071466463851
2826240.0,-0.9757100834200779,-0.993513713342448,11857920.0,0.3134512266454597,0.2962232968769968,11857920.0,0.4550211913883686,0.45258042615217464,11857920.0,-0.040034233359619975,-0.032486650434536087
2838528.0,-0.9615024396528801,-0.9896667615200083,11870208.0,0.3039800366386771,0.29568602894432844,11870208.0,0.4430860240633289,0.45042654600304866,11870208.0,-0.04002431522045905,-0.03247369310847716
2850816.0,-0.9537446604420742,-0.9842345564315718,11882496.0,0.32182802477230626,0.29766639191657307,11882496.0,0.46282195796569187,0.4494506311137229,11882496.0,-0.019626479008972336,-0.03207709360055257
2863104.0,-0.947109509880344,-0.9784611208985249,11894784.0,0.3088359340714912,0.2991949981388946,11894784.0,0.4543330501765013,0.450591343594715,11894784.0,-0.020318624254286988,-0.03009639595766203
2875392.0,-0.9390534516423941,-0.9721861111621062,11907072.0,0.30595509071523946,0.3010642514253655,11907072.0,0.4407245824113488,0.4494256695887694,11907072.0,-0.0394579135075522,-0.030036874381039518
2887680.0,-0.9268057718873024,-0.9649292947103578,11919360.0,0.31731778631607693,0.3033020629702756,11919360.0,0.42599777691066265,0.4487197214271873,11919360.0,-0.03996526079329973,-0.031425672042678335
2899968.0,-0.9119792009393374,-0.9567425630365808,11931648.0,0.31598028633743525,0.3060757897328585,11931648.0,0.43230067534993094,0.44960450297221544,11931648.0,-0.01507246627867668,-0.031236202701074946
2912256.0,-0.8979761525988579,-0.947699117163817,11943936.0,0.3104364355094731,0.30914366954627137,11943936.0,0.41478252162535983,0.44566809454311923,11943936.0,-0.03996220405679196,-0.031292244105679864
2924544.0,-0.889616891120871,-0.9386113646129767,11956224.0,0.3214484139656027,0.3106471260078251,11956224.0,0.4237830014899373,0.441731964610517,11956224.0,-0.03994767336795727,-0.03128065930268349
2936832.0,-0.8835885102550188,-0.9287086671839158,11968512.0,0.30622308670232695,0.3125456321674089,11968512.0,0.4020026695604126,0.4354853450941543,11968512.0,-0.021297305802969884,-0.03157064756505861
2949120.0,-0.8766491239269575,-0.9188025712346037,11980800.0,0.3257625447586179,0.31377676397872467,11980800.0,0.4131017637749513,0.43129340233281255,11980800.0,-0.03841102660711234,-0.03140832688980784
2961408.0,-0.8816730094452699,-0.9108196282138428,11993088.0,0.30655241400624317,0.3140340017154813,11993088.0,0.3987918170168996,0.4268639816281697,11993088.0,-0.019756922947029427,-0.029381587662464882
2973696.0,-0.8729067364086708,-0.9027358358105024,12005376.0,0.2984757162630558,0.3116987708645562,12005376.0,0.3886173822296162,0.41944352405456203,12005376.0,-0.039845358328117676,-0.031403475594379414
2985984.0,-0.8676035137226185,-0.8947852361947299,12017664.0,0.2938766535371542,0.31020284281112254,12017664.0,0.3967318534851074,0.4136834043854227,12017664.0,-0.03988604144736504,-0.03336021731368723
2998272.0,-0.8388732944925626,-0.8847672204797468,12029952.0,0.27972883808737,0.30758021754833564,12029952.0,0.3978211145537595,0.4093930575996637,12029952.0,-0.03977257795243835,-0.033391683758175826
3010560.0,-0.8338508146504561,-0.875471724756062,12042240.0,0.29612482090791065,0.30546092100751904,12042240.0,0.3786178786928455,0.40465506777788196,12042240.0,-0.03974097165822362,-0.033369254844668225
3022848.0,-0.827006824935476,-0.8669744871556759,12054528.0,0.3042561972203354,0.304288512095809,12054528.0,0.39550504523019,0.4009755047659079,12054528.0,-0.015389869178761728,-0.03340099513467673
3035136.0,-0.828065383558472,-0.8599834102516374,12066816.0,0.30280448279033106,0.3035253168238947,12066816.0,0.37816355656832457,0.39731360826020434,12066816.0,-0.03955773301034545,-0.03336054803003208
3047424.0,-0.8448167822013298,-0.8555033993596831,12079104.0,0.28815710839505,0.3001961862668395,12079104.0,0.3767546471208334,0.392610772823294,12079104.0,-0.03887674427824095,-0.03325345512106044
3059712.0,-0.8614626048753659,-0.853290808821718,12091392.0,0.2944526627349357,0.29901914387010037,12091392.0,0.376224930708607,0.39003299893811344,12091392.0,-0.03395058055563519,-0.03451878259632698
3072000.0,-0.8717289548367262,-0.8527987919126947,12103680.0,0.3610687314843138,0.30254976254266996,12103680.0,0.3816156038083136,0.3868843829414497,12103680.0,-0.03957266812600816,-0.034634946748216565
3084288.0,-0.8684607775261005,-0.8514775687207778,12115968.0,0.38209814329942066,0.31010433547198774,12115968.0,0.37134949630126357,0.38414015086988607,12115968.0,-0.016277534227810975,-0.03428700787629472
3096576.0,-0.8601162228733301,-0.8501985173672437,12128256.0,0.3904009584027032,0.3192968596859525,12128256.0,0.3810189456368486,0.3833803072106093,12128256.0,-0.039731627116755895,-0.03427563475515853
3108864.0,-0.8502541240304708,-0.8484635783980291,12140544.0,0.38019305855656665,0.32792850018789366,12140544.0,0.4069988421785335,0.3844070060799519,12140544.0,-0.03974011125198255,-0.034261041735620286
3121152.0,-0.8323754413674275,-0.8478137930855155,12152832.0,0.3531004992934565,0.33526566630850235,12152832.0,0.38215512270107865,0.38284040689468385,12152832.0,-0.025662855701132987,-0.03285006951048976
3133440.0,-0.8226514762888352,-0.8466938592493534,12165120.0,0.35516307363286614,0.3411694915809979,12165120.0,0.3688287635644277,0.3818614953818421,12165120.0,-0.03797267916767547,-0.032673240261434935
3145728.0,-0.8186894369622072,-0.8458621204520265,12177408.0,0.39607929314176243,0.35035180117314063,12177408.0,0.359461204148829,0.378257111273706,12177408.0,-0.039563713517660894,-0.035090624695324854
3158016.0,-0.7954229451715946,-0.8425978766133386,12189696.0,0.3906825492158532,0.3591396078156928,12189696.0,0.3442884542358418,0.3748696010404577,12189696.0,-0.0324204905385462,-0.034376900448144926
3170304.0,-0.7942505236715078,-0.8375412507603566,12201984.0,0.4078995532666643,0.37111385230285426,12201984.0,0.35882204817608,0.37307634114598237,12201984.0,-0.03962073263634617,-0.03445129928395545
3182592.0,-0.7687726989388466,-0.8282722601667046,12214272.0,0.4510987006748716,0.38677845609684786,12214272.0,0.3585415668785572,0.3713080047629774,12214272.0,-0.020030113910858443,-0.03305925261947777
3194880.0,-0.7693492112060388,-0.818034285803636,12226560.0,0.4583159795341392,0.3965031809018304,12226560.0,0.3434296928656598,0.367489413668712,12226560.0,-0.039561790821608156,-0.033058164889037775
3207168.0,-0.7339514338721832,-0.8045833514382441,12238848.0,0.4462266673023502,0.4029160333021234,12238848.0,0.36348411487415433,0.36670287552600106,12238848.0,-0.039218698492428906,-0.03535228131549957
3219456.0,-0.7329446487128735,-0.7918661940221985,12251136.0,0.4247925959837933,0.4063551970602323,12251136.0,0.3695122649272283,0.365552207455039,12251136.0,-0.01548878719950153,-0.03292799732377413
3231744.0,-0.7312056490530571,-0.7799613465244571,12263424.0,0.4406595736121138,0.4124018485657871,12263424.0,0.36672430609663326,0.361524753846849,12263424.0,-0.03957263502525166,-0.03291124970110104
3244032.0,-0.7125944222013155,-0.767983244607846,12275712.0,0.45359531914194423,0.4224513305506359,12275712.0,0.35684673860669136,0.35899391543741027,12275712.0,-0.01719056870691323,-0.03206402100167906
3256320.0,-0.7132896023492018,-0.7570470572138828,12288000.0,0.43310136751582223,0.4302451599389315,12288000.0,0.35807359497994184,0.3579183985789617,12288000.0,-0.03916538101232921,-0.032183291186144436
3268608.0,-0.6904226609816154,-0.7442203796158234,,,,,,,,,
3280896.0,-0.6933354487021764,-0.7340116299688816,,,,,,,,,
3293184.0,-0.6835177155832449,-0.7229383491600554,,,,,,,,,
3305472.0,-0.6787671335041523,-0.713937792616586,,,,,,,,,
3317760.0,-0.6535153575241566,-0.7023544072483977,,,,,,,,,
3330048.0,-0.6548545106003681,-0.6944447149212162,,,,,,,,,
3342336.0,-0.6455462540810307,-0.6857048754580319,,,,,,,,,
3354624.0,-0.6316053662449121,-0.6757448471772174,,,,,,,,,
3366912.0,-0.6199665733923515,-0.666482062296321,,,,,,,,,
3379200.0,-0.6142922369763255,-0.6565823257590333,,,,,,,,,
3391488.0,-0.5934730020041267,-0.6468873598612845,,,,,,,,,
3403776.0,-0.5933336885645986,-0.6368871838475267,,,,,,,,,
3416064.0,-0.5782948943475882,-0.6263649017239611,,,,,,,,,
3428352.0,-0.5732675629357497,-0.6158149446671208,,,,,,,,,
3440640.0,-0.5554175727690259,-0.6060051661916077,,,,,,,,,
3452928.0,-0.550099128857255,-0.5955296280172965,,,,,,,,,
3465216.0,-0.547096231020987,-0.585684625711292,,,,,,,,,
3477504.0,-0.5519185836116473,-0.5777159474479656,,,,,,,,,
3489792.0,-0.5463284042974313,-0.5703521305384734,,,,,,,,,
3502080.0,-0.5440990754092733,-0.5633328143817683,,,,,,,,,
3514368.0,-0.5487641117845973,-0.5588619253598154,,,,,,,,,
3526656.0,-0.5446498806898793,-0.5539935445723433,,,,,,,,,
3538944.0,-0.5529549652710557,-0.5514595516646901,,,,,,,,,
3551232.0,-0.5613999577860037,-0.5502727911497156,,,,,,,,,
3563520.0,-0.559289701593419,-0.550660004032155,,,,,,,,,
3575808.0,-0.5563784095769128,-0.5512879321041206,,,,,,,,,
3588096.0,-0.5616076905280352,-0.5527390780548255,,,,,,,,,
3600384.0,-0.5646646802003185,-0.5540136877136926,,,,,,,,,
3612672.0,-0.5665465208391348,-0.556035499367863,,,,,,,,,
3624960.0,-0.5690651626015703,-0.5585321080870926,,,,,,,,,
3637248.0,-0.573576821324726,-0.5610133790411055,,,,,,,,,
3649536.0,-0.5851824516430497,-0.5650666361364225,,,,,,,,,
3661824.0,-0.5840020372221867,-0.5681713433315356,,,,,,,,,
3674112.0,-0.5757834371179342,-0.5696096912647287,,,,,,,,,
3686400.0,-0.5809333159898719,-0.571774052704374,,,,,,,,,
3698688.0,-0.5775717174013456,-0.5738933834868172,,,,,,,,,
3710976.0,-0.5862220445026954,-0.5763548188842832,,,,,,,,,
3723264.0,-0.582205749116838,-0.5781089257759352,,,,,,,,,
3735552.0,-0.5865796819950143,-0.5801122418915232,,,,,,,,,
3747840.0,-0.5985920665164789,-0.583064932283014,,,,,,,,,
3760128.0,-0.5952629266927639,-0.5852335428198179,,,,,,,,,
3772416.0,-0.594997262271742,-0.5862150238826871,,,,,,,,,
3784704.0,-0.6067457497119904,-0.5884893951316674,,,,,,,,,
3796992.0,-0.6068318504840136,-0.5915942364682754,,,,,,,,,
3809280.0,-0.6103390716016293,-0.5945348120294511,,,,,,,,,
3821568.0,-0.6124649277577797,-0.5980241330650945,,,,,,,,,
3833856.0,-0.6193955879037579,-0.6013414874052008,,,,,,,,,
3846144.0,-0.6223966448257366,-0.6053605769760907,,,,,,,,,
3858432.0,-0.6226573313275973,-0.608968341909349,,,,,,,,,
3870720.0,-0.6306661178047458,-0.6121757470381757,,,,,,,,,
3883008.0,-0.6362256702656547,-0.6162720213954648,,,,,,,,,
3895296.0,-0.6449404647573829,-0.6212663416440288,,,,,,,,,
3907584.0,-0.6475423223649462,-0.6253459989093243,,,,,,,,,
3919872.0,-0.6468479648853341,-0.6293476103494564,,,,,,,,,
3932160.0,-0.6512585934251547,-0.633439562531809,,,,,,,,,
3944448.0,-0.657481844847401,-0.6379412542407711,,,,,,,,,
3956736.0,-0.66290899955978,-0.6422925954063732,,,,,,,,,
3969024.0,-0.6590111432597041,-0.6459540452497701,,,,,,,,,
3981312.0,-0.6628188717489442,-0.6499701992919047,,,,,,,,,
3993600.0,-0.6596401318286856,-0.6528676006942987,,,,,,,,,
4005888.0,-0.6609262079000473,-0.655337654457738,,,,,,,,,
4018176.0,-0.663584646768868,-0.6572020726588865,,,,,,,,,
4030464.0,-0.6640895185992122,-0.6588567922823131,,,,,,,,,
4042752.0,-0.6757323127239943,-0.6617452270661792,,,,,,,,,
4055040.0,-0.6884991104404131,-0.665469278767705,,,,,,,,,
4067328.0,-0.6982036400586367,-0.6695414582888286,,,,,,,,,
4079616.0,-0.705559678375721,-0.6738065261704227,,,,,,,,,
4091904.0,-0.7179306658605734,-0.6796984784305097,,,,,,,,,
4104192.0,-0.7221779935061932,-0.6856343906062345,,,,,,,,,
4116480.0,-0.7213828408469757,-0.6918086615080634,,,,,,,,,
4128768.0,-0.7170149659117063,-0.6974175373092293,,,,,,,,,
4141056.0,-0.7264211121946573,-0.7037011838518082,,,,,,,,,
4153344.0,-0.7318591767301162,-0.7104781496648986,,,,,,,,,
4165632.0,-0.7327161903182665,-0.716176537424326,,,,,,,,,
4177920.0,-0.7316996548324823,-0.7204965918635329,,,,,,,,,
4190208.0,-0.7269469940414032,-0.7233709272618095,,,,,,,,,
4202496.0,-0.7217055813719829,-0.7249855175614356,,,,,,,,,
4214784.0,-0.7243893121679624,-0.7256313821921745,,,,,,,,,
4227072.0,-0.7173859352866808,-0.7251521763702233,,,,,,,,,
4239360.0,-0.7151876284430424,-0.7245326551298301,,,,,,,,,
4251648.0,-0.7107351912806431,-0.7239046776667238,,,,,,,,,
4263936.0,-0.7052927426993847,-0.7217918407171966,,,,,,,,,
4276224.0,-0.6954692068199316,-0.7181528437261779,,,,,,,,,
4288512.0,-0.6880798116326332,-0.7136892058576148,,,,,,,,,
4300800.0,-0.6461269191155831,-0.7051319322859249,,,,,,,,,
4313088.0,-0.606419570123156,-0.6930791898941,,,,,,,,,
4325376.0,-0.5788300012548765,-0.6787916318823892,,,,,,,,,
4337664.0,-0.5562749213228623,-0.6619801927978793,,,,,,,,,
4349952.0,-0.5238834923754135,-0.6426299485067527,,,,,,,,,
4362240.0,-0.5122623862698674,-0.6223374242894352,,,,,,,,,
4374528.0,-0.492922306060791,-0.6005561357674499,,,,,,,,,
4386816.0,-0.5353926590954264,-0.583566127407054,,,,,,,,,
4399104.0,-0.6181242906798919,-0.57583163579305,,,,,,,,,
4411392.0,-0.7072167185445627,-0.577745326484243,,,,,,,,,
4423680.0,-0.7442680721481642,-0.5875594417875012,,,,,,,,,
4435968.0,-0.819898696616292,-0.6089073544368147,,,,,,,,,
4448256.0,-0.8416582612941662,-0.6351901804407437,,,,,,,,,
4460544.0,-0.8714890976746877,-0.6667115980759263,,,,,,,,,
4472832.0,-0.8447424254069725,-0.6987974913790822,,,,,,,,,
4485120.0,-0.8248109817504883,-0.7300523509271444,,,,,,,,,
4497408.0,-0.7682926009098688,-0.7575893804120521,,,,,,,,,
4509696.0,-0.7248335958768924,-0.7765334740901986,,,,,,,,,
4521984.0,-0.6801494710768262,-0.7827359921298921,,,,,,,,,
4534272.0,-0.6251161660378178,-0.7745259368792177,,,,,,,,,
4546560.0,-0.6268537283564607,-0.7627845025000473,,,,,,,,,
4558848.0,-0.6558661765108506,-0.7463812504895031,,,,,,,,,
4571136.0,-0.6625594909613332,-0.7284713734562198,,,,,,,,,
4583424.0,-0.6854323471585909,-0.7098656984046101,,,,,,,,,
4595712.0,-0.7110662218183279,-0.6964980780457457,,,,,,,,,
4608000.0,-0.7165808019538721,-0.685675060066084,,,,,,,,,
4620288.0,-0.6814161688089371,-0.6769874168559908,,,,,,,,,
4632576.0,-0.6765403145303329,-0.6721580887213349,,,,,,,,,
4644864.0,-0.685989731301864,-0.6727421147438386,,,,,,,,,
4657152.0,-0.6871681902557611,-0.6789473171656331,,,,,,,,,
4669440.0,-0.6892745358248552,-0.6851893979124724,,,,,,,,,
4681728.0,-0.6912157845993837,-0.6887243587213258,,,,,,,,,
4694016.0,-0.7218016249438127,-0.6946485721195736,,,,,,,,,
4706304.0,-0.7231155000627041,-0.6984168874099851,,,,,,,,,
4718592.0,-0.7173034710188707,-0.6990406123300393,,,,,,,,,
4730880.0,-0.7191299715389808,-0.6992955292885502,,,,,,,,,
4743168.0,-0.732312181343635,-0.7043851305420199,,,,,,,,,
4755456.0,-0.7394060219327608,-0.7106717012822628,,,,,,,,,
4767744.0,-0.7486924969901642,-0.7169419778510928,,,,,,,,,
4780032.0,-0.7487622642268738,-0.723101385248204,,,,,,,,,
4792320.0,-0.760361502567927,-0.7302100819225112,,,,,,,,,
4804608.0,-0.7622503812114397,-0.737313541583717,,,,,,,,,
4816896.0,-0.7675385475158691,-0.7418872338409226,,,,,,,,,
4829184.0,-0.7657550231864055,-0.7461511861532927,,,,,,,,,
4841472.0,-0.7730192833890518,-0.7517227673903107,,,,,,,,,
4853760.0,-0.7722507709016403,-0.7570348473265767,,,,,,,,,
4866048.0,-0.7611434614906708,-0.7599179753412802,,,,,,,,,
4878336.0,-0.7695475108921528,-0.7629321242372196,,,,,,,,,
4890624.0,-0.7804061081260443,-0.7661034853508075,,,,,,,,,
4902912.0,-0.7910918618241946,-0.7703364451105397,,,,,,,,,
4915200.0,-0.7967372524241606,-0.773974020096163,,,,,,,,,
4927488.0,-0.8007212268809477,-0.7778211046631138,,,,,,,,,
4939776.0,-0.7989285675187906,-0.7809601066634059,,,,,,,,,
4952064.0,-0.8084724098443985,-0.7852318453292051,,,,,,,,,
4964352.0,-0.8040505591779947,-0.7883349729080995,,,,,,,,,
4976640.0,-0.796133058766524,-0.7907232016945879,,,,,,,,,
4988928.0,-0.793346763898929,-0.7939435319354137,,,,,,,,,
5001216.0,-0.803870332116882,-0.7973758140578866,,,,,,,,,
5013504.0,-0.7939054146409035,-0.7987257447093725,,,,,,,,,
5025792.0,-0.7907603966693083,-0.7986925981938839,,,,,,,,,
5038080.0,-0.7992199435830116,-0.798940867309769,,,,,,,,,
5050368.0,-0.7963530663400888,-0.798504051255683,,,,,,,,,
5062656.0,-0.7956193443387747,-0.7981731289376814,,,,,,,,,
5074944.0,-0.7938196317603191,-0.7967078511292736,,,,,,,,,
5087232.0,-0.8035699805865685,-0.7966597932701309,,,,,,,,,
5099520.0,-0.7911898872504631,-0.796165476118525,,,,,,,,,
5111808.0,-0.7793718855828047,-0.7947679882869124,,,,,,,,,
5124096.0,-0.7835327529658874,-0.792734230371813,,,,,,,,,
5136384.0,-0.7854858115315437,-0.7918922700608769,,,,,,,,,
5148672.0,-0.7900013085454702,-0.7918163612484932,,,,,,,,,
5160960.0,-0.7978888135403395,-0.791683248244226,,,,,,,,,
5173248.0,-0.8007271308451891,-0.792120654694736,,,,,,,,,
5185536.0,-0.8031420695285002,-0.7928729272137086,,,,,,,,,
5197824.0,-0.8005134531607231,-0.793542309353749,,,,,,,,,
5210112.0,-0.8042223987480005,-0.793607551169892,,,,,,,,,
5222400.0,-0.817484961822629,-0.7962370586271088,,,,,,,,,
5234688.0,-0.8117926462243,-0.7994791346912582,,,,,,,,,
5246976.0,-0.8134401068091393,-0.8024698700755835,,,,,,,,,
5259264.0,-0.8114669360220432,-0.8050679825246334,,,,,,,,,
5271552.0,-0.8194406082232794,-0.8080119124924143,,,,,,,,,
5283840.0,-0.82167524471879,-0.8103905556102593,,,,,,,,,
5296128.0,-0.8244435967256626,-0.8127622021983069,,,,,,,,,
5308416.0,-0.8227735906839371,-0.8147253543138504,,,,,,,,,
5320704.0,-0.8080694961051146,-0.8154809586082896,,,,,,,,,
5332992.0,-0.8112114630639553,-0.816179865039885,,,,,,,,,
5345280.0,-0.8116003101070722,-0.8155913998683294,,,,,,,,,
5357568.0,-0.8093194247533878,-0.8153440777212382,,,,,,,,,
5369856.0,-0.8059877368311087,-0.814598840723435,,,,,,,,,
5382144.0,-0.8077028809736172,-0.8142224352185925,,,,,,,,,
5394432.0,-0.8033104514082273,-0.8126094195370873,,,,,,,,,
5406720.0,-0.8055375615755717,-0.8109956512227654,,,,,,,,,
5419008.0,-0.806589987128973,-0.8092102902630967,,,,,,,,,
5431296.0,-0.8154319251577059,-0.8084761237104733,,,,,,,,,
5443584.0,-0.8228536502768596,-0.8099545391276479,,,,,,,,,
5455872.0,-0.8216694667935371,-0.811000339500606,,,,,,,,,
5468160.0,-0.81919125529627,-0.8117594340195258,,,,,,,,,
5480448.0,-0.8189292221019665,-0.8127204137543836,,,,,,,,,
5492736.0,-0.824645442267259,-0.8145861842979988,,,,,,,,,
5505024.0,-0.8213475154091915,-0.8159506477415561,,,,,,,,,
5517312.0,-0.8230251502245665,-0.81792211762319,,,,,,,,,
5529600.0,-0.8229332560052475,-0.8196616870661577,,,,,,,,,
5541888.0,-0.8274341132491827,-0.8217460996781785,,,,,,,,,
5554176.0,-0.8261926174163818,-0.8228221689040464,,,,,,,,,
5566464.0,-0.8214095576355854,-0.8226777596399188,,,,,,,,,
5578752.0,-0.8307849646856388,-0.823589309429129,,,,,,,,,
5591040.0,-0.8257802221924067,-0.8242482061187427,,,,,,,,,
5603328.0,-0.8218652910242478,-0.8245418130109707,,,,,,,,,
5615616.0,-0.8189696669578552,-0.8239742354800305,,,,,,,,,
5627904.0,-0.8188049116482338,-0.8237199751039347,,,,,,,,,
5640192.0,-0.8146661600718895,-0.8228840760886669,,,,,,,,,
5652480.0,-0.8145108297467232,-0.8220418334628146,,,,,,,,,
5664768.0,-0.8146980640788873,-0.8207682285457849,,,,,,,,,
5677056.0,-0.8134232902278503,-0.8194912958269317,,,,,,,,,
5689344.0,-0.8048263726135095,-0.8178329773247242,,,,,,,,,
5701632.0,-0.7918873534848293,-0.8139432162046433,,,,,,,,,
5713920.0,-0.7909558440248171,-0.8104607783878842,,,,,,,,,
5726208.0,-0.7865666871269544,-0.806930917998155,,,,,,,,,
5738496.0,-0.7749356962740421,-0.8025275209297735,,,,,,,,,
5750784.0,-0.7766967173665762,-0.7983167015016079,,,,,,,,,
5763072.0,-0.7548163166890541,-0.7923317171633244,,,,,,,,,
5775360.0,-0.7257708379377922,-0.7834577179824314,,,,,,,,,
5787648.0,-0.7228736275186142,-0.7742752743264039,,,,,,,,,
5799936.0,-0.7174994964152575,-0.7646828949451446,,,,,,,,,
5812224.0,-0.6670369853576025,-0.7509039562195539,,,,,,,,,
5824512.0,-0.6672445011014739,-0.7384396709812184,,,,,,,,,
5836800.0,-0.6424957563479742,-0.7235936622135342,,,,,,,,,
5849088.0,-0.5657533593475819,-0.7015123294355969,,,,,,,,,
5861376.0,-0.45352201970915,-0.6693709617791076,,,,,,,,,
5873664.0,-0.3293792308929066,-0.6246392131317408,,,,,,,,,
5885952.0,-0.19440015234674016,-0.5685975966975094,,,,,,,,,
5898240.0,-0.06458522224177916,-0.502479035127908,,,,,,,,,
5910528.0,-0.04810369347493785,-0.4350020417235404,,,,,,,,,
5922816.0,-0.012624292908488618,-0.3645145213728635,,,,,,,,,
5935104.0,0.01934411253023427,-0.29587641158407985,,,,,,,,,
5947392.0,-0.0003840897891980906,-0.22919037045285226,,,,,,,,,
5959680.0,0.011906612567448368,-0.16375013356130996,,,,,,,,,
5971968.0,0.06690831439724813,-0.10048396618682698,,,,,,,,,
5984256.0,0.08827386462750535,-0.046304377753161444,,,,,,,,,
5996544.0,0.11610516634148856,-0.0017559380297219192,,,,,,,,,
6008832.0,0.11240658280439675,0.028924735485391772,,,,,,,,,
6021120.0,0.114695180595542,0.04685277576912389,,,,,,,,,
6033408.0,0.11045231786556542,0.06270837690317421,,,,,,,,,
6045696.0,0.07390483185493697,0.07136128937951677,,,,,,,,,
6057984.0,0.0994220395417263,0.07936908208066598,,,,,,,,,
6070272.0,0.09607553586829454,0.08901504464641524,,,,,,,,,
6082560.0,0.048057110766724996,0.0926300944663429,,,,,,,,,
6094848.0,0.03874540495841453,0.08981380352245953,,,,,,,,,
6107136.0,0.04032255112542771,0.08501867217225177,,,,,,,,,
6119424.0,0.037785208493005484,0.07718667638740347,,,,,,,,,
6131712.0,0.03360254275806559,0.06930627238277036,,,,,,,,,
6144000.0,0.054010043172941856,0.06323775864051034,,,,,,,,,
6156288.0,0.030473825415053096,0.05523990939545911,,,,,,,,,
6168576.0,0.046370730735361576,0.052486499283501575,,,,,,,,,
6180864.0,0.050640226691029966,0.04760831799843194,,,,,,,,,
6193152.0,0.04992482931508372,0.04299324734311086,,,,,,,,,
6205440.0,0.06029608694370836,0.04421714496080919,,,,,,,,,
6217728.0,0.049169304819467165,0.045259534946914454,,,,,,,,,
6230016.0,0.04668296887151276,0.04589557672152296,,,,,,,,,
6242304.0,0.04720199104243269,0.04683725497646567,,,,,,,,,
6254592.0,0.054999105884538345,0.04897691128911295,,,,,,,,,
6266880.0,0.051640403806231916,0.048739947352441956,,,,,,,,,
6279168.0,0.04938213793017591,0.05063077860395424,,,,,,,,,
6291456.0,0.043958370360390596,0.05038954256645715,,,,,,,,,
6303744.0,0.04003025309066288,0.04932854520642043,,,,,,,,,
6316032.0,0.04563142229259635,0.04889920450417169,,,,,,,,,
6328320.0,0.04434470439931223,0.04730406624973209,,,,,,,,,
6340608.0,0.06045371534613272,0.048432507302398634,,,,,,,,,
6352896.0,0.0607414966992413,0.049838360085171486,,,,,,,,,
6365184.0,0.05496609721255178,0.0506147707021834,,,,,,,,,
6377472.0,0.057126384655324124,0.050827498579261984,,,,,,,,,
6389760.0,0.04843374976189807,0.050506833174828604,,,,,,,,,
6402048.0,0.04561200258710111,0.050129819640521114,,,,,,,,,
6414336.0,0.052476779518959425,0.050981660556378,,,,,,,,,
6426624.0,0.06495187101730455,0.05347382234904217,,,,,,,,,
6438912.0,0.07911665396143992,0.05682234551592652,,,,,,,,,
6451200.0,0.06773417183042814,0.05916129225903812,,,,,,,,,
6463488.0,0.07416811961835872,0.060532732686260714,,,,,,,,,
6475776.0,0.09042295417748392,0.06350087843408497,,,,,,,,,
6488064.0,0.08520707907155156,0.06652497661998495,,,,,,,,,
6500352.0,0.08165672533990194,0.06897801068844275,,,,,,,,,
6512640.0,0.08106985758058727,0.07224162147031166,,,,,,,,,
6524928.0,0.07885264558717608,0.07556568577031915,,,,,,,,,
6537216.0,0.0914352103912582,0.07946152885754904,,,,,,,,,
6549504.0,0.11822557301881413,0.0847888990577,,,,,,,,,
6561792.0,0.1108306567184627,0.08796029933340226,,,,,,,,,
6574080.0,0.09922274151661743,0.0911091563020212,,,,,,,,,
6586368.0,0.09900570140841107,0.09359291448102643,,,,,,,,,
6598656.0,0.10577344832321008,0.09512796389559905,,,,,,,,,
6610944.0,0.12993947137147188,0.09960120312559108,,,,,,,,,
6623232.0,0.11928934440948069,0.10336446503254895,,,,,,,,,
6635520.0,0.11108885697710018,0.10636636497220024,,,,,,,,,
6647808.0,0.12745804634566107,0.11122690504804873,,,,,,,,,
6660096.0,0.13044581950331727,0.11512796595925467,,,,,,,,,
6672384.0,0.14791303973955414,0.11809671263132863,,,,,,,,,
6684672.0,0.15251776894244054,0.12226542385372643,,,,,,,,,
6696960.0,0.15173503011465073,0.12751665271352977,,,,,,,,,
6709248.0,0.15608351685417196,0.13322443425810584,,,,,,,,,
6721536.0,0.18087327977021536,0.14073441740280637,,,,,,,,,
6733824.0,0.20131617582713565,0.14787208784837275,,,,,,,,,
6746112.0,0.21037136375283202,0.15698028978270787,,,,,,,,,
6758400.0,0.2089429528762897,0.1667656993726268,,,,,,,,,
6770688.0,0.20752360842501125,0.17477225558056184,,,,,,,,,
6782976.0,0.21867399585122863,0.183595073215353,,,,,,,,,
6795264.0,0.239027162703375,0.19270648551173508,,,,,,,,,
6807552.0,0.2165937692237397,0.199114085539865,,,,,,,,,
6819840.0,0.21488674388577542,0.20542925691697747,,,,,,,,,
6832128.0,0.2223524977453053,0.21205615500609082,,,,,,,,,
6844416.0,0.250680123300602,0.2190368393591295,,,,,,,,,
6856704.0,0.2563252202235162,0.2245377437987675,,,,,,,,,
6868992.0,0.2636909809273978,0.22986970551622413,,,,,,,,,
6881280.0,0.27303723338991404,0.23627913356758654,,,,,,,,,
6893568.0,0.27251231220240396,0.24277800394532578,,,,,,,,,
6905856.0,0.27801583676288527,0.24871218803649145,,,,,,,,,
6918144.0,0.2877425450521211,0.25358372627136605,,,,,,,,,
6930432.0,0.29067986148099106,0.26099233549709117,,,,,,,,,
6942720.0,0.29417170335849124,0.2689208314443628,,,,,,,,,
6955008.0,0.30021904533108074,0.27670748620294033,,,,,,,,,
6967296.0,0.3053147781950732,0.2821709516923875,,,,,,,,,
6979584.0,0.3156059184111655,0.2880990215111524,,,,,,,,,
6991872.0,0.30337368402009207,0.2920672918204218,,,,,,,,,
7004160.0,0.3088898841912548,0.2956525569005559,,,,,,,,,
7016448.0,0.2817553247635563,0.2965768581566711,,,,,,,,,
7028736.0,0.288295724739631,0.2976048469543457,,,,,,,,,
7041024.0,0.2950699414747457,0.29833758659660814,,,,,,,,,
7053312.0,0.3116497405183812,0.30043457450034716,,,,,,,,,
7065600.0,0.3356796088628471,0.30458536505078276,,,,,,,,,
7077888.0,0.35771173099055886,0.3103346336167306,,,,,,,,,
7090176.0,0.3581114273207883,0.31561429852930206,,,,,,,,,
7102464.0,0.37634670951714116,0.32168837763989966,,,,,,,,,
7114752.0,0.38527583113561076,0.3298785923514515,,,,,,,,,
7127040.0,0.4020438464358449,0.3391939885759105,,,,,,,,,
7139328.0,0.412491772013406,0.3522676333008955,,,,,,,,,
7151616.0,0.4265919669220845,0.36609725751914085,,,,,,,,,
7163904.0,0.4311197893694043,0.3797022423086067,,,,,,,,,
7176192.0,0.4229750133429964,0.3908347695910682,,,,,,,,,
7188480.0,0.40907304858167964,0.3981741135629515,,,,,,,,,
7200768.0,0.41016895820697147,0.40341983628459277,,,,,,,,,
7213056.0,0.40408930865426856,0.4080176244179408,,,,,,,,,
7225344.0,0.3818458719179034,0.40856754065801704,,,,,,,,,
7237632.0,0.3785591845711072,0.4078958760015666,,,,,,,,,
7249920.0,0.3736944245174527,0.4050609338097274,,,,,,,,,
7262208.0,0.37806350489457446,0.4016181070978443,,,,,,,,,
7274496.0,0.37100780848413706,0.39605969125404955,,,,,,,,,
7286784.0,0.3613511857887109,0.3890828308959802,,,,,,,,,
7299072.0,0.3695389401788513,0.3837392235795657,,,,,,,,,
7311360.0,0.3719130127380292,0.3800232199952006,,,,,,,,,
7323648.0,0.38121199049055576,0.377127523223559,,,,,,,,,
7335936.0,0.3846488480145733,0.3751834771595895,,,,,,,,,
7348224.0,0.38834022792677086,0.3758329127604762,,,,,,,,,
7360512.0,0.394260987949868,0.37740309309835235,,,,,,,,,
7372800.0,0.37989236041903496,0.3780228866885106,,,,,,,,,
7385088.0,0.38314607832580805,0.3785311440316339,,,,,,,,,
7397376.0,0.38776005773494643,0.38020636895671484,,,,,,,,,
7409664.0,0.3943460276350379,0.38350585314134755,,,,,,,,,
7421952.0,0.40273602834592265,0.3868255619580547,,,,,,,,,
7434240.0,0.4058393829812606,0.39021819898237786,,,,,,,,,
7446528.0,0.4127091886475682,0.3933679187980791,,,,,,,,,
7458816.0,0.41100090959419805,0.3960031249560416,,,,,,,,,
7471104.0,0.40182678991307813,0.39735178115467235,,,,,,,,,
7483392.0,0.37811324559152126,0.3957370069188376,,,,,,,,,
7495680.0,0.38453185992936295,0.39620095686987045,,,,,,,,,
7507968.0,0.38709719634304446,0.396596068671594,,,,,,,,,
7520256.0,0.3950112300614516,0.3973211859042446,,,,,,,,,
7532544.0,0.393887952901423,0.39727537843088306,,,,,,,,,
7544832.0,0.4001917662099004,0.39702095221728084,,,,,,,,,
7557120.0,0.40799933796127635,0.39723694771528245,,,,,,,,,
7569408.0,0.4080508155748248,0.39677111040800817,,,,,,,,,
7581696.0,0.40673719470699626,0.3963447389192879,,,,,,,,,
7593984.0,0.4066967113564412,0.3968317310636242,,,,,,,,,
7606272.0,0.4044060728823145,0.39946101379270355,,,,,,,,,
7618560.0,0.40294859030594427,0.40130268683036174,,,,,,,,,
7630848.0,0.4043067942063014,0.4030236466166873,,,,,,,,,
7643136.0,0.4013979537412524,0.4036623189846674,,,,,,,,,
7655424.0,0.39817099335292977,0.40409062302981813,,,,,,,,,
7667712.0,0.39710712525993586,0.4037821589348217,,,,,,,,,
7680000.0,0.38279039102296036,0.4012612642409901,,,,,,,,,
7692288.0,0.33778331568464637,0.3942345142519722,,,,,,,,,
7704576.0,0.29468066431581974,0.3830288612128546,,,,,,,,,
7716864.0,0.2746048136614263,0.36981967144335315,,,,,,,,,
7729152.0,0.2739923258001606,0.3567782967351377,,,,,,,,,
7741440.0,0.27043932396918535,0.3435273701014618,,,,,,,,,
7753728.0,0.2566582009506722,0.3287625107758989,,,,,,,,,
7766016.0,0.24288352454702059,0.3129110678564757,,,,,,,,,
7778304.0,0.227918877111127,0.29588585623229546,,,,,,,,,
7790592.0,0.18790760605285564,0.2749659043115874,,,,,,,,,
7802880.0,0.14423049963079393,0.25110991517237075,,,,,,,,,
7815168.0,0.11177580912287037,0.2285091645161932,,,,,,,,,
7827456.0,0.12550631359529993,0.21159172944414117,,,,,,,,,
7839744.0,0.15160675082976618,0.1992919231609752,,,,,,,,,
7852032.0,0.12639011473705372,0.1845317020546645,,,,,,,,,
7864320.0,0.11670918428959946,0.16915868808670592,,,,,,,,,
7876608.0,0.12653671965623894,0.15614653995726258,,,,,,,,,
7888896.0,0.13734923846398792,0.1455931113489593,,,,,,,,,
7901184.0,0.2297254449222237,0.14577376813006898,,,,,,,,,
7913472.0,0.3041542456485331,0.15739843208963672,,,,,,,,,
7925760.0,0.2627084432169795,0.1692462264482553,,,,,,,,,
7938048.0,0.30617178867881495,0.18868582440384973,,,,,,,,,
7950336.0,0.35321424606566626,0.21145661765088636,,,,,,,,,
7962624.0,0.3725137220074733,0.2335473147686571,,,,,,,,,
7974912.0,0.4242377520228426,0.26333207849723594,,,,,,,,,
7987200.0,0.46904461303104955,0.298565621371381,,,,,,,,,
7999488.0,0.4610779558618863,0.33201974499194575,,,,,,,,,
8011776.0,0.4549237421403329,0.3637771953595802,,,,,,,,,
8024064.0,0.4649164183065295,0.38729629269801075,,,,,,,,,
8036352.0,0.46597020452221233,0.4034778885853787,,,,,,,,,
8048640.0,0.4854553984478116,0.425752584108462,,,,,,,,,
8060928.0,0.47583241295069456,0.4427186465356499,,,,,,,,,
8073216.0,0.4714015278344353,0.4545373747125267,,,,,,,,,
8085504.0,0.4731015885869662,0.46459616137047605,,,,,,,,,
8097792.0,0.4792153801148136,0.4700939241796732,,,,,,,,,
8110080.0,0.4886908220748107,0.47205854508404926,,,,,,,,,
8122368.0,0.4895741352811456,0.4749081630259752,,,,,,,,,
8134656.0,0.4910632371902466,0.47852211253096655,,,,,,,,,
8146944.0,0.4976581120863557,0.4817962819089492,,,,,,,,,
8159232.0,0.4925695325558384,0.4844562147123118,,,,,,,,,
8171520.0,0.47487591579556465,0.4833982664470871,,,,,,,,,
8183808.0,0.4716563470040758,0.4829806598524252,,,,,,,,,
8196096.0,0.4550205295284589,0.48134256002182757,,,,,,,,,
8208384.0,0.4355699395140012,0.4775893951145311,,,,,,,,,
8220672.0,0.44092549073199433,0.4737604061762492,,,,,,,,,
8232960.0,0.4549838410069545,0.47038970806946356,,,,,,,,,
8245248.0,0.468465559805433,0.46827885052189233,,,,,,,,,
8257536.0,0.47079197069009143,0.46625172387187674,,,,,,,,,
8269824.0,0.4493545036142071,0.46142136302466186,,,,,,,,,
8282112.0,0.4465494758139054,0.45681935735046864,,,,,,,,,
8294400.0,0.4547638799995184,0.45480815377086403,,,,,,,,,
8306688.0,0.4517612485215068,0.45281864392260707,,,,,,,,,
8318976.0,0.43507297430187464,0.45082388839994875,,,,,,,,,
8331264.0,0.41220940711597603,0.4484878351601462,,,,,,,,,
8343552.0,0.42089721622566384,0.44648500770951316,,,,,,,,,
8355840.0,0.41376270198573667,0.44236289380739136,,,,,,,,,
8368128.0,0.4135277767976125,0.43686911550660934,,,,,,,,,
8380416.0,0.4316193408643206,0.43295185252403223,,,,,,,,,
8392704.0,0.44130098167806864,0.43214650033041835,,,,,,,,,
8404992.0,0.4465383052205046,0.4321453832710782,,,,,,,,,
8417280.0,0.44612321599076193,0.43128131687020266,,,,,,,,,
8429568.0,0.4400778254494071,0.4301129745629927,,,,,,,,,
8441856.0,0.440145301943024,0.43062020732710754,,,,,,,,,
8454144.0,0.4293229542672634,0.43233156204223633,,,,,,,,,
8466432.0,0.4115820365647475,0.4314000440761447,,,,,,,,,
8478720.0,0.38124942562232417,0.4281487164398034,,,,,,,,,
8491008.0,0.3317092906994124,0.4199668678299834,,,,,,,,,
8503296.0,0.34451478781799477,0.4112564125253509,,,,,,,,,
8515584.0,0.3709740820340812,0.40422372256095207,,,,,,,,,
8527872.0,0.3832234883060058,0.39789224086950226,,,,,,,,,
8540160.0,0.3633966345029573,0.3896195827207218,,,,,,,,,
8552448.0,0.33000402447457117,0.37861220262323814,,,,,,,,,
8564736.0,0.33610659185796976,0.36820833161473276,,,,,,,,,
8577024.0,0.34102574875578284,0.3593786110635847,,,,,,,,,
8589312.0,0.3372810085614522,0.3519485082632552,,,,,,,,,
8601600.0,0.3278049278693895,0.3466040584879617,,,,,,,,,
8613888.0,0.326295407799383,0.3460626701979588,,,,,,,,,
8626176.0,0.3237179405987263,0.3439829854760319,,,,,,,,,
8638464.0,0.3023184758300583,0.33711742485562957,,,,,,,,,
8650752.0,0.2965928018093109,0.32845435620596014,,,,,,,,,
8663040.0,0.2954882464061181,0.3216635173962762,,,,,,,,,
8675328.0,0.3000851785764098,0.31867163280646005,,,,,,,,,
8687616.0,0.2537875055956344,0.31043972418022653,,,,,,,,,
8699904.0,0.25997983788450557,0.30233513309309884,,,,,,,,,
8712192.0,0.2597886662309368,0.29458589886004727,,,,,,,,,
8724480.0,0.2678312494729956,0.28858853102040793,,,,,,,,,
8736768.0,0.292175847881784,0.285176575028648,,,,,,,,,
8749056.0,0.30159021525954205,0.2829638024947296,,,,,,,,,
8761344.0,0.2999733976709346,0.28272929467881724,,,,,,,,,
8773632.0,0.3026458020322025,0.28333459470110633,,,,,,,,,
8785920.0,0.2989160070816676,0.2836773707686613,,,,,,,,,
8798208.0,0.29810110991820693,0.283478963902841,,,,,,,,,
8810496.0,0.2975855713399748,0.28785877047727504,,,,,,,,,
8822784.0,0.29646072210744023,0.2915068588995685,,,,,,,,,
8835072.0,0.29560525498042506,0.29508851777451733,,,,,,,,,
8847360.0,0.29698580751816434,0.2980039735790342,,,,,,,,,
8859648.0,0.2968575830260913,0.2984721470934649,,,,,,,,,
8871936.0,0.29800297304367024,0.29811342287187775,,,,,,,,,
8884224.0,0.29393642473345,0.2975097255781293,,,,,,,,,
8896512.0,0.30197902023792267,0.29744304739870137,,,,,,,,,
8908800.0,0.302165395890673,0.2977679862796019,,,,,,,,,
8921088.0,0.2997312140651047,0.2979309966942916,,,,,,,,,
8933376.0,0.30166878768553335,0.2983393183288475,,,,,,,,,
8945664.0,0.3071292593764762,0.2994061720557511,,,,,,,,,
8957952.0,0.30474948650225997,0.3003205952079345,,,,,,,,,
8970240.0,0.31046564085409045,0.3016685785415272,,,,,,,,,
8982528.0,0.3109614825807512,0.3030789684969932,,,,,,,,,
8994816.0,0.306517381221056,0.30393040931473175,,,,,,,,,
9007104.0,0.30749659255767864,0.30528642609715456,,,,,,,,,
9019392.0,0.3075811006128788,0.3058466341346502,,,,,,,,,
9031680.0,0.3077023783698678,0.30640033238256975,,,,,,,,,
9043968.0,0.3095178850926459,0.3073789994853239,,,,,,,,,
9056256.0,0.3073609587736428,0.3079482165941348,,,,,,,,,
9068544.0,0.3050814322195947,0.30774343387844666,,,,,,,,,
9080832.0,0.3027948883051674,0.30754797405873735,,,,,,,,,
9093120.0,0.3004411516400675,0.3065455251373351,,,,,,,,,
9105408.0,0.2793376026675105,0.303383137146011,,,,,,,,,
9117696.0,0.27883007703348994,0.30061440672725437,,,,,,,,,
9129984.0,0.27864447872464854,0.2977291953439514,,,,,,,,,
9142272.0,0.2811260186135769,0.2950836871440212,,,,,,,,,
9154560.0,0.28247961929688853,0.2925614112367233,,,,,,,,,
9166848.0,0.26180231012403965,0.28778985373986266,,,,,,,,,
9179136.0,0.2558703383741279,0.2826407916999112,,,,,,,,,
9191424.0,0.2591834453245004,0.27805099301040176,,,,,,,,,
9203712.0,0.2515101763419807,0.27292252181408305,,,,,,,,,
9216000.0,0.24932738300412893,0.26781114495048924,,,,,,,,,
9228288.0,0.23016115448748073,0.26289350013248625,,,,,,,,,
9240576.0,0.22985149702678123,0.25799564213181536,,,,,,,,,
9252864.0,0.22829483775421977,0.25296067803477246,,,,,,,,,
9265152.0,0.22253561842565736,0.24710163801598056,,,,,,,,,
9277440.0,0.2154835721788307,0.24040203330417476,,,,,,,,,
9289728.0,0.16941458731889725,0.23116326102366053,,,,,,,,,
9302016.0,0.17106192900488773,0.22268242008673647,,,,,,,,,
9314304.0,0.17518862383440137,0.2142829379377266,,,,,,,,,
9326592.0,0.1716143611508111,0.20629335641860963,,,,,,,,,
9338880.0,0.16925010566289225,0.198285628684486,,,,,,,,,
9351168.0,0.14652516848097244,0.18992203008383512,,,,,,,,,
9363456.0,0.1529007621575147,0.1822269565969085,,,,,,,,,
9375744.0,0.14369127022412917,0.1737665998438994,,,,,,,,,
9388032.0,0.1493319522899886,0.16644623323033253,,,,,,,,,
9400320.0,0.14736393311371407,0.15963426932382085,,,,,,,,,
9412608.0,0.16644989714647332,0.15933780030657846,,,,,,,,,
9424896.0,0.16426169903328022,0.1586577773094177,,,,,,,,,
9437184.0,0.16677377287608883,0.15781629221358645,,,,,,,,,
9449472.0,0.17720700590871274,0.15837555668937664,,,,,,,,,
9461760.0,0.18852749249587455,0.16030329537267488,,,,,,,,,
9474048.0,0.1969579163317879,0.16534657015775642,,,,,,,,,
9486336.0,0.17986183318619928,0.16804267726062486,,,,,,,,,
9498624.0,0.18030417120705047,0.171703967358917,,,,,,,,,
9510912.0,0.17526564141735435,0.17429733627165359,,,,,,,,,
9523200.0,0.18386442074552178,0.17794738503483437,,,,,,,,,
9535488.0,0.17916907890078923,0.1792193032102659,,,,,,,,,
9547776.0,0.18147674094264707,0.1809408074012026,,,,,,,,,
9560064.0,0.1809833381945888,0.18236176393305262,,,,,,,,,
9572352.0,0.1761696853209287,0.18225803187427422,,,,,,,,,
9584640.0,0.16156896258083484,0.1795621788827702,,,,,,,,,
9596928.0,0.17094241773399213,0.17696062902299065,,,,,,,,,
9609216.0,0.14484212175011635,0.1734586578793824,,,,,,,,,
9621504.0,0.13321262722214064,0.1687495034808914,,,,,,,,,
9633792.0,0.12286311279361446,0.1635092506185174,,,,,,,,,
9646080.0,0.13546279716926315,0.15866908826089152,,,,,,,,,
9658368.0,0.16104696209852895,0.1568568765806655,,,,,,,,,
9670656.0,0.1964971974181632,0.15835892222821712,,,,,,,,,
9682944.0,0.18654222103456655,0.15891481051221493,,,,,,,,,
9695232.0,0.17828197909208635,0.1591260398893307,,,,,,,,,
9707520.0,0.19049087694535652,0.16201823132578283,,,,,,,,,
9719808.0,0.20253404959415397,0.165177394511799,,,,,,,,,
9732096.0,0.20300813236584267,0.17099399557337164,,,,,,,,,
9744384.0,0.21794944644595185,0.17946767749575276,,,,,,,,,
9756672.0,0.22078636335209012,0.18926000255160033,,,,,,,,,
9768960.0,0.220737357934316,0.1977874586281056,,,,,,,,,
9781248.0,0.22261886158958077,0.20394464857721079,,,,,,,,,
9793536.0,0.2251155849856635,0.20680648733396084,,,,,,,,,
9805824.0,0.22368324858446917,0.21052059008895108,,,,,,,,,
9818112.0,0.2269931483703355,0.21539170701677599,,,,,,,,,
9830400.0,0.2237189457130929,0.21871451389354965,,,,,,,,,
9842688.0,0.22766283542538682,0.22122739247667292,,,,,,,,,
9854976.0,0.2245411059508721,0.22338068983517587,,,,,,,,,
9867264.0,0.2241585641168058,0.2240016016022613,,,,,,,,,
9879552.0,0.22997944662347436,0.22492090992939967,,,,,,,,,
9891840.0,0.2247515042933325,0.22532232456530132,,,,,,,,,
9904128.0,0.22826696280390024,0.22588713468673327,,,,,,,,,
9916416.0,0.23229080283393463,0.2266046564715604,,,,,,,,,
9928704.0,0.22981699571634331,0.22721803118474782,,,,,,,,,
9940992.0,0.22609622046972314,0.22712833839468655,,,,,,,,,
9953280.0,0.2310691874784728,0.22786336257122458,,,,,,,,,
9965568.0,0.22869220903764167,0.22796629993245004,,,,,,,,,
9977856.0,0.22561190541212758,0.2280733798785756,,,,,,,,,
9990144.0,0.22733949047202864,0.22839147251409786,,,,,,,,,
10002432.0,0.22781911306083202,0.22817543915783361,,,,,,,,,
10014720.0,0.23751995045070848,0.2294522837735713,,,,,,,,,
10027008.0,0.23414135615651807,0.23003972310883306,,,,,,,,,
10039296.0,0.2361939043427507,0.23043003325971462,,,,,,,,,
10051584.0,0.23841885880877575,0.2312902195689579,,,,,,,,,
10063872.0,0.23416088335216045,0.23209668585720164,,,,,,,,,
10076160.0,0.23941606500496468,0.23293137360985083,,,,,,,,,
10088448.0,0.23242170317098498,0.23330432302318513,,,,,,,,,
10100736.0,0.23700862331315875,0.23444399481328823,,,,,,,,,
10113024.0,0.24041873775422573,0.23575191954150795,,,,,,,,,
10125312.0,0.23554632890348634,0.2365246411257734,,,,,,,,,
10137600.0,0.23389894872282943,0.2361625409529855,,,,,,,,,
10149888.0,0.23726437225316963,0.23647484256265067,,,,,,,,,
10162176.0,0.23367950490986308,0.23622340261936192,,,,,,,,,
10174464.0,0.24123907291019955,0.23650542402950428,,,,,,,,,
10186752.0,0.24029674008488655,0.23711900970277688,,,,,,,,,
10199040.0,0.24242212002476057,0.23741961520475646,,,,,,,,,
10211328.0,0.24397451244294643,0.23857489613195262,,,,,,,,,
10223616.0,0.2484197059335808,0.23971600439399482,,,,,,,,,
10235904.0,0.2233025087043643,0.23800438148900865,,,,,,,,,
10248192.0,0.22861175999666253,0.2373109245983263,,,,,,,,,
10260480.0,0.23966620319212475,0.2378876500452558,,,,,,,,,
10272768.0,0.25039985092977685,0.2392011979129165,,,,,,,,,
10285056.0,0.25078290700912476,0.2409115381228427,,,,,,,,,
10297344.0,0.24980754281083742,0.2417683851129065,,,,,,,,,
10309632.0,0.25053902389481664,0.2427926134938995,,,,,,,,,
10321920.0,0.2532243497359256,0.24387283646501595,,,,,,,,,
10334208.0,0.2530284356325865,0.24477822878398,,,,,,,,,
10346496.0,0.25233537176003057,0.24516979536662503,,,,,,,,,
10358784.0,0.25380017297963303,0.2482195617941519,,,,,,,,,
10371072.0,0.25615493580698967,0.25097387937518456,,,,,,,,,
10383360.0,0.24683954644327363,0.25169121370029945,,,,,,,,,
10395648.0,0.2266214999059836,0.24931337859792016,,,,,,,,,
10407936.0,0.23232461092993617,0.24746754899000128,,,,,,,,,
10420224.0,0.2148043680936098,0.24396723151827854,,,,,,,,,
10432512.0,0.15042574090572694,0.23395590321936957,,,,,,,,,
10444800.0,0.10965886576256405,0.21959935482203335,,,,,,,,,
10457088.0,0.049724717682693154,0.19926898302704407,,,,,,,,,
10469376.0,0.08892116521019489,0.18292756237206048,,,,,,,,,
10481664.0,0.08880500933931519,0.16642804600802868,,,,,,,,,
10493952.0,0.11218982942712803,0.15203153537004252,,,,,,,,,
10506240.0,0.1112347465629379,0.13847105538200896,,,,,,,,,
10518528.0,0.03690497958450578,0.1194994033498612,,,,,,,,,
10530816.0,0.030329243299396087,0.09929986658680717,,,,,,,,,
10543104.0,0.0745033694547601,0.08526976672292222,,,,,,,,,
10555392.0,0.1071999534809341,0.08094718798044293,,,,,,,,,
10567680.0,0.13972573028877378,0.0839538744330639,,,,,,,,,
10579968.0,0.13992136111482978,0.09297353877627756,,,,,,,,,
10592256.0,0.12878985369267562,0.09696040762452564,,,,,,,,,
10604544.0,0.12909800776590905,0.10098970746718501,,,,,,,,,
10616832.0,0.1504239682884266,0.10481312135331489,,,,,,,,,
10629120.0,0.1621914120235791,0.109908787899379,,,,,,,,,
10641408.0,0.18305482723129293,0.1245237726640577,,,,,,,,,
10653696.0,0.20377762615680695,0.1418686109497988,,,,,,,,,
10665984.0,0.2066555100803574,0.15508382501235854,,,,,,,,,
10678272.0,0.22165450810765228,0.16652928047503032,,,,,,,,,
10690560.0,0.22735789030169448,0.1752924964763224,,,,,,,,,
10702848.0,0.2358880126848817,0.1848891616333276,,,,,,,,,
10715136.0,0.24227569966266552,0.1962377462303266,,,,,,,,,
10727424.0,0.23443653341382742,0.20677159879511847,,,,,,,,,
10739712.0,0.2185509376383076,0.21358429573010654,,,,,,,,,
10752000.0,0.19758867596586546,0.21712402212433518,,,,,,,,,
10764288.0,0.163184503869464,0.21513698978815227,,,,,,,,,
10776576.0,0.16509788444576165,0.21126901561704772,,,,,,,,,
10788864.0,0.15148294569614032,0.20575175917862604,,,,,,,,,
10801152.0,0.16178928432054818,0.19976523679991565,,,,,,,,,
10813440.0,0.1609604776992152,0.1931254955396677,,,,,,,,,
10825728.0,0.18079547196005782,0.1876162414671853,,,,,,,,,
10838016.0,0.20786074502393603,0.18417474600331235,,,,,,,,,
10850304.0,0.22605880768969655,0.1833369734308993,,,,,,,,,
10862592.0,0.22109733692680797,0.18359161335974933,,,,,,,,,
10874880.0,0.22978687565773726,0.1868114333289365,,,,,,,,,
10887168.0,0.25884437033285695,0.1963774199752758,,,,,,,,,
10899456.0,0.24910319301610193,0.20477795083230982,,,,,,,,,
10911744.0,0.21838992089033127,0.2114686483517289,,,,,,,,,
10924032.0,0.21807230884830156,0.21709695080450425,,,,,,,,,
10936320.0,0.2540275777379672,0.22640366080837943,,,,,,,,,
10948608.0,0.23713874847938618,0.23203798846031226,,,,,,,,,
10960896.0,0.23938297169903913,0.23519021112782262,,,,,,,,,
10973184.0,0.22790100378915668,0.2353744307377686,,,,,,,,,
10985472.0,0.23373076366260648,0.23663777341134845,,,,,,,,,
10997760.0,0.2348582943280538,0.23714491527838014,,,,,,,,,
11010048.0,0.23550291794041792,0.2348107700391362,,,,,,,,,
11022336.0,0.23625706151748696,0.23352615688927467,,,,,,,,,
11034624.0,0.24279898715515932,0.23596706351575752,,,,,,,,,
11046912.0,0.2533967496516804,0.23949950759609542,,,,,,,,,
11059200.0,0.2352259218071898,0.23761934200301765,,,,,,,,,
11071488.0,0.21687460023288926,0.23559292717836797,,,,,,,,,
11083776.0,0.13309621391817927,0.224964251400282,,,,,,,,,
11096064.0,0.15479069055678943,0.21765322007704527,,,,,,,,,
11108352.0,0.14717023400589824,0.20899716711137445,,,,,,,,,
11120640.0,0.12222353182733059,0.1977336908613021,,,,,,,,,
11132928.0,0.08438724104780704,0.18262212317204102,,,,,,,,,
11145216.0,0.08428526636756335,0.16742494365704869,,,,,,,,,
11157504.0,0.12959502493807426,0.15610454743534014,,,,,,,,,
11169792.0,0.17508825760645172,0.14827369823081726,,,,,,,,,
11182080.0,0.1566242287711551,0.14041352892721382,,,,,,,,,
11194368.0,0.16235455156614384,0.13496152406053924,,,,,,,,,
11206656.0,0.20938781074558696,0.14259068374328004,,,,,,,,,
11218944.0,0.21731209118540087,0.1488428238061412,,,,,,,,,
11231232.0,0.22498726099729538,0.15662452650528091,,,,,,,,,
11243520.0,0.22068305841336647,0.16647047916388452,,,,,,,,,
11255808.0,0.23308767999211946,0.18134052305831574,,,,,,,,,
11268096.0,0.24737941365068158,0.19764993778662757,,,,,,,,,
11280384.0,0.19594097362520793,0.20428453265534094,,,,,,,,,
11292672.0,0.2128844178902606,0.20806414868372186,,,,,,,,,
11304960.0,0.22101200573767224,0.21450292638037355,,,,,,,,,
11317248.0,0.24495647490645447,0.22276311871440463,,,,,,,,,
11329536.0,0.26252462559690076,0.228076800199536,,,,,,,,,
11341824.0,0.2668074670558174,0.23302633778657764,,,,,,,,,
11354112.0,0.2661884843061368,0.23714646011746177,,,,,,,,,
11366400.0,0.26561554583410424,0.24163970885953553,,,,,,,,,
11378688.0,0.27845078986138105,0.2461760198464617,,,,,,,,,
11390976.0,0.29312251570324105,0.25075033005171765,,,,,,,,,
11403264.0,0.30396295509611565,0.2615525281988084,,,,,,,,,
11415552.0,0.30923113335544866,0.27118719974532723,,,,,,,,,
11427840.0,0.3183179651387036,0.2809177956854304,,,,,,,,,
11440128.0,0.3251453771566351,0.28893668591044847,,,,,,,,,
11452416.0,0.3280869978480041,0.2954929231355588,,,,,,,,,
11464704.0,0.33477417938411236,0.3022895943683882,,,,,,,,,
11476992.0,0.3356944729263584,0.3092401932304104,,,,,,,,,
11489280.0,0.3416371922940016,0.31684235787640014,,,,,,,,,
11501568.0,0.3445196157942216,0.3234492404696842,,,,,,,,,
11513856.0,0.3467091138785084,0.32880790028721096,,,,,,,,,
11526144.0,0.34589625305185717,0.3330012300827851,,,,,,,,,
11538432.0,0.350895997757713,0.3371677165230115,,,,,,,,,
11550720.0,0.35553412496422726,0.3408893325055639,,,,,,,,,
11563008.0,0.35546100077529746,0.34392089486743016,,,,,,,,,
11575296.0,0.35587559221312404,0.3466997543039422,,,,,,,,,
11587584.0,0.3583938926458359,0.3490617256301145,,,,,,,,,
11599872.0,0.35873598667482537,0.35136587700496114,,,,,,,,,
11612160.0,0.35930098375926417,0.3531322561514874,,,,,,,,,
11624448.0,0.3636603004609545,0.3550463246181607,,,,,,,,,
11636736.0,0.3638070148105423,0.35675611471136415,,,,,,,,,
11649024.0,0.3620967185124755,0.35837616125742594,,,,,,,,,
11661312.0,0.35902677693714696,0.3591892391753694,,,,,,,,,
11673600.0,0.36067348532378674,0.35970317521132533,,,,,,,,,
11685888.0,0.3614963637664914,0.3603067115104447,,,,,,,,,
11698176.0,0.3328312866700192,0.35800228095613423,,,,,,,,,
11710464.0,0.34032371593639255,0.3561952632851899,,,,,,,,,
11722752.0,0.3635580345677833,0.35667746807448564,,,,,,,,,
11735040.0,0.365966181581219,0.35734398785668114,,,,,,,,,
11747328.0,0.3702886250490944,0.35800682031549513,,,,,,,,,
11759616.0,0.33747114582608145,0.355373233417049,,,,,,,,,
11771904.0,0.33587945625185966,0.3527515071909874,,,,,,,,,
11784192.0,0.3559965854510665,0.35244848804237944,,,,,,,,,
11796480.0,0.3343198980825643,0.3498131293182572,,,,,,,,,
11808768.0,0.3562260994998117,0.34928610289158923,,,,,,,,,
11821056.0,0.3580069215968251,0.3518036663842698,,,,,,,,,
11833344.0,0.35477784431229037,0.35324907922185955,,,,,,,,,
11845632.0,0.35124540391067666,0.3520178161561489,,,,,,,,,
11857920.0,0.349625490916272,0.3503837470896542,,,,,,,,,
11870208.0,0.3524860314403971,0.3486034877287845,,,,,,,,,
11882496.0,0.359567125638326,0.350813085710009,,,,,,,,,
11894784.0,0.3604366568227609,0.35326880576709907,,,,,,,,,
11907072.0,0.3643937812497218,0.3541085253469646,,,,,,,,,
11919360.0,0.3638277817517519,0.3570593137138834,,,,,,,,,
11931648.0,0.3569278058906396,0.35712948435296615,,,,,,,,,
11943936.0,0.31323450338095427,0.35265224253137906,,,,,,,,,
11956224.0,0.35695810864369076,0.35287026896451906,,,,,,,,,
11968512.0,0.3633826896548271,0.35408399753893416,,,,,,,,,
11980800.0,0.3445658207250138,0.3535780305198083,,,,,,,,,
11993088.0,0.28970810243239004,0.34730023761900763,,,,,,,,,
12005376.0,0.29659961148475605,0.3410034862036507,,,,,,,,,
12017664.0,0.27745225684096414,0.332705046205471,,,,,,,,,
12029952.0,0.3054741170878212,0.32681307978928087,,,,,,,,,
12042240.0,0.312616809271276,0.32169198254123327,,,,,,,,,
12054528.0,0.319396714369456,0.3179388733891149,,,,,,,,,
12066816.0,0.33170075512801606,0.31978549856382116,,,,,,,,,
12079104.0,0.3051894536862771,0.3146086330680798,,,,,,,,,
12091392.0,0.32475447670246166,0.31074581177284316,,,,,,,,,
12103680.0,0.35409371368587017,0.31169860106892877,,,,,,,,,
12115968.0,0.3569572639341156,0.3184235172191014,,,,,,,,,
12128256.0,0.35594880767166615,0.3243584368377924,,,,,,,,,
12140544.0,0.3613838870078325,0.3327515998544793,,,,,,,,,
12152832.0,0.3642947804182768,0.3386336661875248,,,,,,,,,
12165120.0,0.3657900635153055,0.34395099161192777,,,,,,,,,
12177408.0,0.3692870335653424,0.34894002353151643,,,,,,,,,
12189696.0,0.32503974266971153,0.34827392228568593,,,,,,,,,
12201984.0,0.30224075571944314,0.34797905248900257,,,,,,,,,
12214272.0,0.257999238713334,0.3413035286900898,,,,,,,,,
12226560.0,0.2597998796651761,0.3318741452880204,,,,,,,,,
12238848.0,0.2798735802061856,0.3241657769152274,,,,,,,,,
12251136.0,0.3335094175611933,0.3219218379041801,,,,,,,,,
12263424.0,0.3231656397692859,0.31810001318032544,,,,,,,,,
12275712.0,0.2906921114772558,0.3107397462862233,,,,,,,,,
12288000.0,0.28844202728942037,0.30300494266363487,,,,,,,,,
