v2_latent_discrepancy_timesteps,v2_latent_discrepancy_score,v2_latent_discrepancy_score_mean,v3_latent_plus_clamped_eme_timesteps,v3_latent_plus_clamped_eme_score,v3_latent_plus_clamped_eme_score_mean,v4_latent_plus_normalised_eme_timesteps,v4_latent_plus_normalised_eme_score,v4_latent_plus_normalised_eme_score_mean
12288.0,2.4044265213112035,2.4044265213112035,12288.0,2.4044265213112035,2.4044265213112035,12288.0,2.4044265213112035,2.4044265213112035
24576.0,0.21141749853268266,1.307922009921943,24576.0,0.21141749853268266,1.307922009921943,24576.0,0.21173727170874676,1.3080818965099752
36864.0,0.11395427103464802,0.9099327636261781,36864.0,0.11395427103464802,0.9099327636261781,36864.0,0.11464278764712314,0.9102688602223578
49152.0,0.07018302850580464,0.6999953298460847,49152.0,0.07018302850580464,0.6999953298460847,49152.0,0.0707411450566724,0.7003869314309364
61440.0,0.048006737139075994,0.569597611304683,61440.0,0.048006737139075994,0.569597611304683,61440.0,0.04863857706853499,0.5700372605584562
73728.0,0.035606075272274516,0.4805990219659482,73728.0,0.035606075272274516,0.4805990219659482,73728.0,0.03618792267904306,0.4810623709118873
86016.0,0.025243975066890318,0.41554830098036855,86016.0,0.025243975066890318,0.41554830098036855,86016.0,0.026262392794402938,0.41609094546653236
98304.0,0.018741789739578962,0.3659474870752698,98304.0,0.018741789739578962,0.3659474870752698,98304.0,0.01988417378743179,0.3665650990066448
110592.0,0.01377349579706788,0.32681704359991404,110592.0,0.01377349579706788,0.32681704359991404,110592.0,0.01511041359238637,0.32751457840506054
122880.0,0.010566684902490428,0.2951920077301717,122880.0,0.010566684902490428,0.2951920077301717,122880.0,0.012653967181298261,0.2960285172826843
135168.0,0.00880577516121169,0.05562993311517252,135168.0,0.00880577516121169,0.05562993311517252,135168.0,0.010090735134629844,0.05659493866502696
147456.0,0.008368102683258863,0.03532499353023013,147456.0,0.008368102683258863,0.03532499353023013,147456.0,0.009717125649331138,0.03639292405908539
159744.0,0.008187595982841836,0.024748326025049512,159744.0,0.008187595982841836,0.024748326025049512,159744.0,0.00914039186318405,0.025842684480691484
172032.0,0.00846406138346841,0.018576429312815893,172032.0,0.00846406138346841,0.018576429312815893,172032.0,0.008773065914283507,0.019645876566452596
184320.0,0.008425848398474045,0.014618340438755697,184320.0,0.008425848398474045,0.014618340438755697,184320.0,0.007211728089411433,0.015503191668540237
196608.0,0.008323616260895506,0.011890094537617793,196608.0,0.008323616260895506,0.011890094537617793,196608.0,0.006745614320000944,0.012558960832636029
208896.0,0.007536576464190148,0.010119354677347777,208896.0,0.007477307925000787,0.010113427823428842,208896.0,0.006678895525207433,0.010600611105716477
221184.0,0.007089414109941572,0.008954117114384038,221184.0,0.007144873598008417,0.008953736209271788,221184.0,0.006597412342671305,0.009271934961240428
233472.0,0.006550406746100634,0.008231808209287313,233472.0,0.006693929889782642,0.008245779618543263,233472.0,0.006572763576211098,0.008418169959622902
245760.0,0.006283034049071527,0.0078034431239454236,245760.0,0.006316744385306568,0.007820785566824875,245760.0,0.006992679457956304,0.007852041187288706
258048.0,0.006254154339937183,0.007548281041817974,258048.0,0.00619333907282756,0.007559541957986462,258048.0,0.006969136113184504,0.007539881285144172
270336.0,0.0066458764631533995,0.007376058419807427,270336.0,0.006832209973557231,0.0074059526870163,270336.0,0.006943733358639292,0.007262542056074987
282624.0,0.007970027460639054,0.007354301567587149,282624.0,0.007919420478477454,0.007379135136579862,282624.0,0.007357367964383836,0.007084239666194966
294912.0,0.009581742977995114,0.007466069727039819,294912.0,0.009129452218379205,0.00744567422007094,294912.0,0.0071919004355246825,0.006926123118319083
307200.0,0.010136259792489,0.0076371108664413144,307200.0,0.01025741227689044,0.00762883060791258,307200.0,0.006243694445098906,0.00682931975388783
319488.0,0.011590423678474812,0.007963791608199244,319488.0,0.012106879206839949,0.008007156902507025,319488.0,0.00541611483640736,0.006696369805528471
331776.0,0.01323101541493088,0.008533235503273317,331776.0,0.0138540140275533,0.008644827512762278,331776.0,0.005208130273482918,0.006549293280356021
344064.0,0.015400543556703875,0.009364348447949549,344064.0,0.015097923945480337,0.009440132547509469,344064.0,0.005210577153775375,0.006410609761466427
356352.0,0.01820810924982652,0.010530118698322138,356352.0,0.014742999745067209,0.010245039533037924,356352.0,0.004918327673901028,0.00624516617123542
368640.0,0.018492157260576885,0.011751031019472672,368640.0,0.0129732497734949,0.010910690071856759,368640.0,0.004678211807913613,0.006013719406231152
380928.0,0.016333090607076883,0.012758924646186642,380928.0,0.01014125118672382,0.011305481283246386,380928.0,0.004496363323899762,0.005766442127302677
393216.0,0.015707755044180278,0.013665112504289331,393216.0,0.010100826684113903,0.011632342954302051,393216.0,0.004520115221869976,0.005524080313625746
405504.0,0.01582091338544463,0.01445020109676989,405504.0,0.010291474512390172,0.011869548357693322,405504.0,0.0045258351795685785,0.00524092703514422
417792.0,0.016008758238361526,0.01509290262280653,417792.0,0.01024617136378462,0.011981220272233865,417792.0,0.004530549561119794,0.004974791947703732
430080.0,0.015871838288148865,0.015666460472372516,430080.0,0.010201037570368499,0.011975582801581671,430080.0,0.004508434363136378,0.004801265939507479
442368.0,0.015784154946838196,0.016085833599208853,442368.0,0.01017214811387627,0.011782109692285304,442368.0,0.004447138865846985,0.004704368342451441
454656.0,0.01588873704895377,0.016351605762611143,454656.0,0.010280499637398558,0.011424758253269829,454656.0,0.004526326978520956,0.004636188012955245
466944.0,0.015705350670032203,0.01638208647394398,466944.0,0.010142421126753712,0.010929207971397167,466944.0,0.004559211093389119,0.004571051406916619
479232.0,0.01563857594737783,0.016125133143699108,479232.0,0.01016877350533226,0.010471785347423672,479232.0,0.004498566192827032,0.004529075258809219
491520.0,0.015459253375108043,0.015821842755152225,491520.0,0.010169123474042863,0.010191372717478468,491520.0,0.004464786213551027,0.004507732699372961
503808.0,0.015017084845264131,0.01569024217897095,503808.0,0.010125521725664536,0.010189799771372538,503808.0,0.0045462783018592745,0.004512724197168912
516096.0,0.014958715755104398,0.01561533825006336,516096.0,0.010161263387999497,0.0101958434417611,516096.0,0.0045701702595882425,0.004517729700940739
528384.0,0.014499221220224475,0.015483169033541345,528384.0,0.010184814556851052,0.010185177446207186,528384.0,0.004577899118885398,0.004522936094872421
540672.0,0.013807374857909357,0.01526303069549613,540672.0,0.010163437570251213,0.010176904066853846,540672.0,0.00454108536359854,0.004523989675120296
552960.0,0.013542042065334195,0.01503005107321466,552960.0,0.010186227305287806,0.010175423040345776,552960.0,0.0045407832294586115,0.0045272245617525185
565248.0,0.013138692476786673,0.014765504826209508,565248.0,0.010180128190161971,0.010176221047974346,565248.0,0.004527927344800749,0.0045353034096478955
577536.0,0.012667607962309072,0.014443391917545036,577536.0,0.01021237978420686,0.010169409062655175,577536.0,0.004545702113925169,0.004537240923188316
589824.0,0.012507479725172743,0.014123604823059091,589824.0,0.010165401792619377,0.010171707129241743,589824.0,0.004539248967679062,0.0045352447106173106
602112.0,0.01232280841213651,0.013792028069534959,602112.0,0.010196615738095716,0.010174491352518088,602112.0,0.004574341250796958,0.004542822216414303
614400.0,0.012328194153572744,0.01347892214738143,614400.0,0.010060068704963973,0.0101635858756102,614400.0,0.004586478535202332,0.004554991448579434
626688.0,0.012387695266321922,0.01321598318948721,626688.0,0.01018094053142704,0.01016912775618645,626688.0,0.004554363894082296,0.004555800007801735
638976.0,0.012209280704458555,0.012941039684422626,638976.0,0.010021632396577237,0.010155164657044222,638976.0,0.004518435942979219,0.004550626576140833
651264.0,0.01220052315814731,0.012711169878214907,651264.0,0.010065108057460748,0.010143194007105194,651264.0,0.004549209268589038,0.004547757591111198
663552.0,0.01229427321231924,0.012559859713655896,663552.0,0.010016867987966785,0.010128537048876753,663552.0,0.004545997338330683,0.004548248788584412
675840.0,0.01221405494531306,0.012427061001653784,675840.0,0.010138281567681892,0.01012374247511616,675840.0,0.00459915102449789,0.0045540855680883405
688128.0,0.012100730925643196,0.012323264846539436,688128.0,0.009885039345438903,0.010094233590643853,688128.0,0.004498128953855485,0.004551105728993813
700416.0,0.012221813948902613,0.012278685445198789,700416.0,0.009998388331344662,0.010072834445357632,700416.0,0.004551489767133414,0.004551684494314637
712704.0,0.012227989772024253,0.01225073644988394,712704.0,0.009941591585326629,0.010050453424628358,712704.0,0.004580758182176699,0.0045558354157644015
724992.0,0.01224040231318213,0.012242495839988503,724992.0,0.009993482856467987,0.010030140136465587,724992.0,0.004599622686024911,0.0045583635592871975
737280.0,0.01219841922284104,0.012229518346915333,737280.0,0.009781092521734536,0.010002242518142643,737280.0,0.004574346101435367,0.0045571503159105
749568.0,0.012261836847756058,0.012216932505058745,749568.0,0.009795496836886741,0.009963698148688614,749568.0,0.004596387489679425,0.004561352675470213
761856.0,0.012130335565113151,0.012209037991124206,761856.0,0.009740351859363727,0.009935570094967261,761856.0,0.004581790866116838,0.0045676881677839745
774144.0,0.012125328968977556,0.012201518572207231,774144.0,0.009821877727517858,0.009911247061972972,774144.0,0.004526657629564094,0.004565433003881481
786432.0,0.01223122804852513,0.012195214055827817,786432.0,0.009667717148355829,0.009876331978011878,786432.0,0.004611931244047203,0.004572026394453132
798720.0,0.012287696338413904,0.012202578195137903,798720.0,0.009786773798017142,0.009841181201045402,798720.0,0.00449611627603493,0.0045617229196068376
811008.0,0.012076349647638077,0.012200140067337393,811008.0,0.00981501282270377,0.009834178548771886,811008.0,0.004494690040398079,0.0045613790282610965
823296.0,0.012080125336069614,0.01218597120605409,823296.0,0.00989097230679666,0.009823436946317087,823296.0,0.004513425936844821,0.004557572645232236
835584.0,0.012067347260502478,0.012169906954901914,835584.0,0.00997631020436529,0.009826908808220954,835584.0,0.0045005269785178825,0.004549549524866355
847872.0,0.012069482880178839,0.012152815011601583,847872.0,0.009939208869279051,0.00982148140950206,847872.0,0.004531253090438743,0.004542712565307739
860160.0,0.0122483206311396,0.012157805152431441,860160.0,0.010035234682921631,0.009846895625620768,860160.0,0.0045348776354027604,0.004538765718704478
872448.0,0.01225592764482523,0.012157214232138358,872448.0,0.009991557347044969,0.009866501676636592,872448.0,0.004536073164975581,0.004532734286234093
884736.0,0.012218932446558028,0.012166073920282846,884736.0,0.009993470671664303,0.00989181355786665,884736.0,0.004529489422566257,0.004527504141879036
897024.0,0.012438124579299862,0.012197353481315077,897024.0,0.009915177773412628,0.009901143562456128,897024.0,0.004532802532291195,0.004528118632151744
909312.0,0.012376423255773261,0.01221187300203989,909312.0,0.009976496672607027,0.009932021514881246,909312.0,0.004529580549084737,0.004519883562655498
921600.0,0.0123000288537393,0.01221310625357243,921600.0,0.010029458746430464,0.00995629000972258,921600.0,0.004552703338655799,0.004525542268917585
933888.0,0.012191122805234045,0.012224583569332027,933888.0,0.009990827510288606,0.009973871478481064,933888.0,0.0044966351803547395,0.0045257367829132505
946176.0,0.012176698743132874,0.012234240910038352,946176.0,0.010076345303483928,0.009992408778149792,946176.0,0.004495219817423883,0.004523916170971157
958464.0,0.011955289694014937,0.012223035153389596,958464.0,0.00999661449653407,0.009994439207366668,958464.0,0.004463302015210502,0.0045201936746404195
970752.0,0.011984321288764477,0.01221451899424816,970752.0,0.009967688291605251,0.009997287149599288,970752.0,0.0045795090845786035,0.004525019274054406
983040.0,0.0118794047642344,0.01217762740755764,983040.0,0.009985157991953505,0.009992279480502474,983040.0,0.00445840299653355,0.004517371810167484
995328.0,0.011960127584946653,0.012148047401569783,995328.0,0.009970698195199171,0.009990193565317895,995328.0,0.004521870837682703,0.004515951577438197
1007616.0,0.011981652971977988,0.01212431945411178,1007616.0,0.010025258821163638,0.009993372380267828,1007616.0,0.00452595859678695,0.0045155984948602665
1019904.0,0.012048894413358843,0.012085396437517678,1019904.0,0.009899087871114412,0.009991763390038006,1019904.0,0.004427779548374626,0.004505096196468609
1032192.0,0.011769250394233191,0.012024679151363672,1032192.0,0.009957216840120964,0.0099898354067894,1032192.0,0.004497676430522309,0.004501905784612366
1044480.0,0.011663284880341962,0.011961004754023938,1044480.0,0.009969129256205633,0.009983802457766918,1044480.0,0.004470919239489983,0.004493727374695785
1056768.0,0.011773413027791927,0.011919233776279726,1056768.0,0.00986870824029514,0.00997159053076757,1056768.0,0.004427482538934176,0.004486812110553728
1069056.0,0.011769183484526971,0.011878482250419136,1069056.0,0.009980681978049688,0.009962024198224147,1069056.0,0.0045112270236131735,0.004488412831172657
1081344.0,0.011696889666685214,0.011852642247686163,1081344.0,0.009964842198921057,0.009958846968462847,1081344.0,0.004494926720023311,0.004491575301653937
1093632.0,0.011697740400753295,0.011823984158885043,1093632.0,0.010012674164803078,0.00996334555578263,1093632.0,0.004397242337290663,0.004473348626925144
1105920.0,0.01168319271528162,0.011804362953989764,1105920.0,0.009931138891261071,0.009957943645713384,1105920.0,0.0043671023498366894,0.004464218562255458
1118208.0,0.01164043897491259,0.011772394092986358,1118208.0,0.0100244261896781,0.00996331644516128,1118208.0,0.004458043760678265,0.0044578358545550156
1130496.0,0.011779849242884666,0.011752213720077027,1130496.0,0.009966768649367927,0.009957467427981707,1130496.0,0.0044426707487825,0.004449507069754569
1142784.0,0.011832262457270796,0.011730550524468223,1142784.0,0.00987804145067154,0.00995536278593742,1142784.0,0.004513713312917389,0.0044581004462088455
1155072.0,0.01179014315130189,0.011732639800175094,1155072.0,0.010002069175243378,0.009959848019449661,1155072.0,0.0044886331355276825,0.0044571961167093836
1167360.0,0.011930584567987049,0.011759369768939602,1167360.0,0.010067688175089037,0.009969703911338001,1167360.0,0.004493427530784781,0.004459446945838863
1179648.0,0.01185977216421937,0.011768005682582346,1179648.0,0.010076270841333704,0.009990460171441857,1179648.0,0.0044675517759363475,0.0044634538695390805
1191936.0,0.011808595047720397,0.011771946838901688,1191936.0,0.009899940036120825,0.009982385977248973,1191936.0,0.00452872193515456,0.004465203360693219
1204224.0,0.01202983571177659,0.011805241443410826,1204224.0,0.010039237022283487,0.009989825459585214,1204224.0,0.004494221311081977,0.004465132819799085
1216512.0,0.012064320074083904,0.011841899410743886,1216512.0,0.00997449894687937,0.009986007937792845,1216512.0,0.004460379517695401,0.00447144653783956
1228800.0,0.012196941893004501,0.011893274328516177,1228800.0,0.01010500019765459,0.010003394068432194,1228800.0,0.004411910333146807,0.004475927336170571
1241088.0,0.012226236246836683,0.011951854055708585,1241088.0,0.009976432668433214,0.009998594716307709,1241088.0,0.00441494462332533,0.0044716174224352775
1253376.0,0.012665494868997484,0.012040418618319866,1253376.0,0.00997202706154591,0.009999120557525507,1253376.0,0.004440929228924991,0.004471443270449527
1265664.0,0.012651984026888385,0.012122390775281624,1265664.0,0.00989498973164397,0.010000815385622749,1265664.0,0.004378710747308408,0.004457943013888629
1277952.0,0.01296389383302691,0.012239765843454129,1277952.0,0.01002245079628968,0.01000285354772738,1277952.0,0.004376300443254877,0.004446709744661348
1290240.0,0.01340208425729846,0.012386915812385269,1290240.0,0.009832814529848596,0.009979366183203334,1290240.0,0.004439374885502427,0.004441304480133112
1302528.0,0.01361907032939295,0.012562845628902624,1302528.0,0.009886179386133639,0.009960357037683326,1302528.0,0.004465134336593716,0.004441062736198849
1314816.0,0.013628132146550342,0.012744799338785622,1314816.0,0.009643108700402081,0.009934673904111454,1314816.0,0.004444530978313803,0.004432643640514773
1327104.0,0.014123178455823412,0.012954133613190305,1327104.0,0.009875255389488302,0.009918275740831936,1327104.0,0.004524854271342822,0.004435706936540858
1339392.0,0.014394688720737273,0.013187170477855639,1339392.0,0.009804550495270329,0.009901280895671032,1339392.0,0.0045356279612557655,0.004443231780896895
1351680.0,0.01472368964459747,0.013439845253014938,1351680.0,0.009944307355908677,0.00988521161149644,1351680.0,0.004482205945047705,0.004450261342086984
1363968.0,0.015284341294318438,0.013745655757763112,1363968.0,0.00972803660260979,0.009860372004914098,1363968.0,0.004479799797991291,0.00445674685955358
1376256.0,0.015615797465822348,0.014040686017445597,1376256.0,0.00983675051732765,0.009846844350492271,1376256.0,0.004491390454253026,0.0044617929820863845
1388544.0,0.015735029922022175,0.014348990606958975,1388544.0,0.009676669059748141,0.009825012283302686,1388544.0,0.004544630877110952,0.0044783849950666395
1400832.0,0.01587234254111536,0.01463983547776782,1400832.0,0.00979107194871176,0.009801874398544897,1400832.0,0.004470582214707974,0.004487813172211948
1413120.0,0.01588958130256894,0.01488858518229487,1413120.0,0.009876804877421819,0.00980627343330222,1413120.0,0.0045418229152952945,0.004498057975191235
1425408.0,0.016112543797741335,0.015137932529129709,1425408.0,0.010048566298792139,0.00982251212456807,1425408.0,0.004512861113956508,0.004502830652927514
1437696.0,0.016036616599497695,0.015378780974424444,1437696.0,0.009708997284178622,0.009829100982945723,1437696.0,0.004456800098220508,0.004504057564918185
1449984.0,0.01635940685324992,0.015602403814167092,1449984.0,0.009474829731819531,0.009789058417178847,1449984.0,0.004523909083218314,0.0045039630461057335
1462272.0,0.016041391587350518,0.015767074100828418,1462272.0,0.009631603412951032,0.009771763708946916,1462272.0,0.004446928707087257,0.004495093120688883
1474560.0,0.016346083556224283,0.0159293134919911,1474560.0,0.009457561429978037,0.009723089116353853,1474560.0,0.004493437452765647,0.004496216271460677
1486848.0,0.016323569221034024,0.01603323628466266,1486848.0,0.009328104259717898,0.009683095882064664,1486848.0,0.004472656796375911,0.004495501971299139
1499136.0,0.016122393572004512,0.016083895895280878,1499136.0,0.010136008233530447,0.009713021653684943,1499136.0,0.004475435644659835,0.004493906490339819
1511424.0,0.01608171422655384,0.016118564325734042,1511424.0,0.01003527204253866,0.009748881951963995,1511424.0,0.0044698750716634095,0.004486430909795066
1523712.0,0.015990090449728694,0.016130339116595373,1523712.0,0.010355236765462905,0.009805298433639111,1523712.0,0.004491381839519211,0.004488510872276189
1536000.0,0.015904127115694184,0.0161317936979079,1536000.0,0.010018888031481765,0.009819506749045104,1536000.0,0.0045146710447928244,0.004485795685225944
1548288.0,0.01556339745487397,0.016076879063621163,1548288.0,0.011285093292826787,0.009943159448448568,1548288.0,0.004457112341090881,0.00448022080793938
1560576.0,0.01541680899875549,0.016014898303546944,1560576.0,0.010005796973321898,0.009972839417362895,1560576.0,0.004425760331893495,0.004477116831306679
1572864.0,0.014997723007885119,0.015878729919010466,1572864.0,0.011040613312313022,0.010129417775412245,1572864.0,0.004434639774747969,0.0044681899004596435
1585152.0,0.015016166609711945,0.015776207421246607,1585152.0,0.01143078501142251,0.010309335935259395,1585152.0,0.0044626861830086755,0.004469765648051786
1597440.0,0.014545158453984186,0.015596114911022595,1597440.0,0.013213992856132487,0.01068497907787484,1597440.0,0.004422285603747393,0.00446265046314996
1609728.0,0.01481470765429549,0.015445228754348745,1609728.0,0.013046499603660777,0.011056818612269127,1609728.0,0.004499553935602307,0.0044653401770726
1622016.0,0.014940878580091521,0.015327077255157445,1622016.0,0.01513519169141849,0.01155673695805793,1622016.0,0.0044540915672162855,0.004463205769328246
1634304.0,0.01529641728848219,0.015248547561350278,1634304.0,0.01665482663762911,0.012218692417566976,1634304.0,0.004538951720557331,0.004470113434217637
1646592.0,0.015625513003518183,0.015212089816729227,1646592.0,0.016916975931962952,0.012874866334216981,1646592.0,0.004501957958079099,0.004471171046073625
1658880.0,0.015867016850582633,0.015208378790218075,1658880.0,0.03249264421659367,0.015122241952728172,1658880.0,0.004479423614005403,0.004467646302994883
1671168.0,0.016171477841756616,0.01526918682890634,1671168.0,0.03453456758870743,0.017447189382316236,1671168.0,0.004400883891018263,0.004462023457987622
1683456.0,0.016058194654760882,0.015333325394506877,1683456.0,0.04050654141853253,0.020497263826837298,1683456.0,0.004410870994130771,0.004460534524211349
1695744.0,0.016167909566623468,0.015450344050380713,1695744.0,0.0486521422668981,0.024258416722295804,1695744.0,0.004472470657977586,0.004464317612534312
1708032.0,0.016113565371294197,0.015560083926538936,1708032.0,0.06482320106200253,0.029597658327353803,1708032.0,0.004549168203084264,0.00447296581454187
1720320.0,0.016054892107301082,0.015711057291870625,1720320.0,0.08509476795249309,0.036785735836989866,1720320.0,0.004505777309532277,0.004481314985120359
1732608.0,0.01589568142662756,0.015819154669103833,1732608.0,0.11220534429109345,0.04670162030573314,1732608.0,0.00441530823688178,0.0044728904152483056
1744896.0,0.016167955929025386,0.01594186240399722,1744896.0,0.1257568203145638,0.057763783168047665,1744896.0,0.004471883117124283,0.004474669570239106
1757184.0,0.016168202651897445,0.01602904094033875,1757184.0,0.145488082508867,0.07064710875517147,1757184.0,0.004480152240527484,0.004468789622236121
1769472.0,0.016077194954656687,0.016074209135452593,1769472.0,0.18011900580798587,0.08696731174277375,1769472.0,0.004551233464250497,0.00447371717285326
1781760.0,0.016172688541701064,0.016104776304564437,1781760.0,0.190042497512574,0.1027222970723718,1781760.0,0.004466993360741374,0.004472474147526858
1794048.0,0.016214497717252623,0.016109078292114037,1794048.0,0.20848870331731936,0.12011771064523298,1794048.0,0.004472097112738993,0.004479595469698931
1806336.0,0.016254692115277674,0.01612872803816572,1806336.0,0.22668546352845928,0.13873560285622563,1806336.0,0.00441199574318792,0.004479707944604646
1818624.0,0.016075542448864628,0.016119491326389835,1818624.0,0.2534286097312967,0.15921324960266553,1818624.0,0.004467929611564614,0.004479253839963349
1830912.0,0.01627329389642303,0.01613546417890272,1830912.0,0.27109962531055015,0.1798408920275203,1830912.0,0.004486114662237621,0.004472948485878684
1843200.0,0.01630744321543413,0.016160719289716026,1843200.0,0.2953737804976602,0.200868793282037,1843200.0,0.004463770446212341,0.0044687477995466905
1855488.0,0.01623923549777828,0.016195074696831093,1855488.0,0.31601679511368275,0.22124993836429593,1855488.0,0.004515595532817922,0.004478776529140305
1867776.0,0.016031882182384532,0.01618146732216701,1867776.0,0.3431788426823914,0.2429921406010787,1867776.0,0.0044951459737300565,0.004481102814800882
1880064.0,0.016044636256992817,0.016169110682676548,1880064.0,0.3627890163722138,0.2647222339874133,1880064.0,0.004558070994486722,0.004488894690196805
1892352.0,0.01604135854480167,0.016165527041691045,1892352.0,0.3902196927616994,0.28573230268278466,1892352.0,0.004534319579155029,0.004487203301687259
1904640.0,0.016137950762640685,0.01616205326378501,1904640.0,0.41092815281202394,0.3078208682127297,1904640.0,0.004502578218913793,0.004490761787504501
1916928.0,0.016141613305080682,0.016154764822567814,1916928.0,0.4293585593501727,0.32990785381601506,1916928.0,0.0044744376330830464,0.0044909958395389065
1929216.0,0.016167184735725943,0.016146014084612643,1929216.0,0.4455369474987189,0.35179300221304094,1929216.0,0.004472420281672385,0.004497038293387353
1941504.0,0.01614540545657898,0.016153000385384076,1941504.0,0.45792192437996465,0.3722423336779078,1941504.0,0.0045357289830765994,0.0045038182305385515
1953792.0,0.01620920217828825,0.016146591213570597,1953792.0,0.46807608629266423,0.3919399797761192,1953792.0,0.004468155949628756,0.004502022359277666
1966080.0,0.016828733573978145,0.016198720249425,1966080.0,0.45619004126638174,0.40802160585299135,1966080.0,0.004436865133660224,0.004499331828022454
1978368.0,0.016351091811278213,0.016209905880774995,1978368.0,0.4731299782482286,0.4237329241664459,1978368.0,0.004465922458621208,0.004494364520602782
1990656.0,0.01606243565523376,0.016212961228059916,1990656.0,0.48488335714985925,0.43790337561319276,1990656.0,0.004456294487075259,0.0044904793719373025
2002944.0,0.01593432586135653,0.016201930188496288,2002944.0,0.4825302790850401,0.44987750188447534,2002944.0,0.0045058794688278185,0.004485260219371412
2015232.0,0.015936130890622735,0.016191407423078393,2015232.0,0.48502908181399107,0.45935844078970456,2015232.0,0.0044613959519968676,0.004477967856655596
2027520.0,0.01560417864432869,0.01613803021124719,2027520.0,0.48776067545016605,0.4670416930535187,2027520.0,0.004473691828025039,0.004475079217566721
2039808.0,0.01579442296254759,0.016103311176993883,2039808.0,0.4886463386937976,0.47297047098788114,2039808.0,0.0045126137071444345,0.004478896824972859
2052096.0,0.015749797894386575,0.01606157249285995,2052096.0,0.49793409028400976,0.4782101852664103,2052096.0,0.004511183108358334,0.004482773107641454
2064384.0,0.015523321965398887,0.015999364143741937,2064384.0,0.5021993095676104,0.4826379237851749,2064384.0,0.004431968161952682,0.004472397025529063
2076672.0,0.015708361626214657,0.01594928008853458,2076672.0,0.4896592538182934,0.4847962405377378,2076672.0,0.0043795858121787505,0.004463540011784062
2088960.0,0.01683353097178042,0.015949759828314806,2088960.0,0.4834747835993767,0.48752471477103726,2088960.0,0.004417006833440003,0.004461554181762041
2101248.0,0.01813737537789469,0.01612838818497645,2101248.0,0.48872206918895245,0.4890839238651097,2101248.0,0.0045126007025828585,0.004466222006158205
2113536.0,0.01854844012026054,0.016376988631479135,2113536.0,0.48700531432405114,0.48929611958252883,2113536.0,0.0044548931837198325,0.004466081875822663
2125824.0,0.01674484967952594,0.016458041013296072,2125824.0,0.49750994704663754,0.49079408637868854,2125824.0,0.004445969985681586,0.004460090927508038
2138112.0,0.015327164476426939,0.01639714437187649,2138112.0,0.4840356331939499,0.49069474151668446,2138112.0,0.004487267203027538,0.004462678052611106
2150400.0,0.015383106093698492,0.016375037116813474,2150400.0,0.5040782255431017,0.49232649652597804,2150400.0,0.004488019248431859,0.004464110794651787
2162688.0,0.015430689391602451,0.016338663759718958,2162688.0,0.5143109957377116,0.49489296223036944,2162688.0,0.00452552990221496,0.004465402414158841
2174976.0,0.016020990151446313,0.01636578298542493,2174976.0,0.5091786145543059,0.49601741465739907,2174976.0,0.0044005227100569755,0.004454336374328705
2187264.0,0.016050081447853397,0.01641845893367038,2187264.0,0.5180047741159797,0.497597961112236,2187264.0,0.0044648643233813345,0.00445762599047157
2199552.0,0.014519949317521727,0.01629961770280109,2199552.0,0.5367280120650927,0.502304836936916,2199552.0,0.004427861228274803,0.004462453532081174
2211840.0,0.01728812496488293,0.016345077102111343,2211840.0,0.5411565341055393,0.5080730119875322,2211840.0,0.004431229162340363,0.0044638757649712105
2224128.0,0.015182542983287325,0.016049593862650608,2224128.0,0.53535206678013,0.51273601174665,2224128.0,0.004425910015318853,0.004455206696244811
2236416.0,0.019990488324159134,0.016193798683040467,2236416.0,0.5592372724786401,0.5199592075621089,2236416.0,0.004455839361374577,0.004455301314010286
2248704.0,0.02214484611370911,0.01673379832645878,2248704.0,0.5615227796758214,0.5263604908250272,2248704.0,0.0044505240536333686,0.004455756720805464
2260992.0,0.02072623131486277,0.017273705010302363,2260992.0,0.5763598550111055,0.5355929130067427,2260992.0,0.004462101317282456,0.004453240132230954
2273280.0,0.02089835436587843,0.017825229837520357,2273280.0,0.5724732841675481,0.5424324188691874,2273280.0,0.004490510820081302,0.004453489289395899
2285568.0,0.0198926587375657,0.018271426772116683,2285568.0,0.5751080472643176,0.548512124021848,2285568.0,0.004503662169251281,0.004451302516099531
2297856.0,0.03604449594665008,0.02027377735163706,2297856.0,0.5711270589381456,0.554706968460232,2297856.0,0.00444636130850995,0.004455886375944828
2310144.0,0.05903684276078517,0.024572453482930235,2310144.0,0.5893350774422288,0.561839998792857,2310144.0,0.004453962093975861,0.004454796153004282
2322432.0,0.08126680483110249,0.03124713903428832,2322432.0,0.5806291609381636,0.566230113680164,2322432.0,0.004558903203966717,0.004467900350573472
2334720.0,0.10635259107220918,0.04015358564502094,2334720.0,0.5705845138678948,0.5691729116563995,2334720.0,0.00446227836800972,0.004471005271140408
2347008.0,0.14953969217215976,0.053589300563908183,2347008.0,0.5809998021771511,0.5737376851961017,2347008.0,0.004544809021657177,0.004482895171774241
2359296.0,0.1822420530176411,0.06981445703325637,2359296.0,0.5773709382240971,0.5755510517706472,2359296.0,0.0044433645404448425,0.004481647689681267
2371584.0,0.22271585992226997,0.08987155841411246,2371584.0,0.5891948994249105,0.5783182637455563,2371584.0,0.004412170722692584,0.00447781235658719
2383872.0,0.2661620117723942,0.1144151364598656,2383872.0,0.5883548411851128,0.579517762362957,2383872.0,0.004453777471402039,0.0044769799719991486
2396160.0,0.2891139032629629,0.14123669134957406,2396160.0,0.5924795968458056,0.5815183936307828,2396160.0,0.004515316330071073,0.004479460522998125
2408448.0,0.32652550547694165,0.17189997602351165,2408448.0,0.5922172892217835,0.5832293178265293,2408448.0,0.00447293093263094,0.0044763873993360894
2420736.0,0.3784832782112062,0.20614385424996726,2420736.0,0.5835637229805192,0.5844729842307667,2420736.0,0.004518809597357176,0.0044836322282208125
2433024.0,0.3990246599229674,0.24014263596618543,2433024.0,0.5812692173446218,0.5836663982210061,2433024.0,0.004494090850736636,0.00448764510389689
2445312.0,0.4258491840834419,0.2746008738914194,2445312.0,0.5733180617292722,0.5829352883001169,2445312.0,0.004585794124674673,0.004490334195967685
2457600.0,0.4394244843473037,0.3079080632189289,2457600.0,0.5686099349210659,0.582737830405434,2457600.0,0.00445743411789105,0.004489849770955819
2469888.0,0.4315993192916115,0.336114025930874,2469888.0,0.557012245679895,0.5803390747557085,2469888.0,0.004440125851639702,0.004479381453954071
2482176.0,0.46541226748377085,0.36443104737748705,2482176.0,0.5614505456760526,0.578747035500904,2482176.0,0.0045091937912123585,0.0044859643790308235
2494464.0,0.5064717894420028,0.3928066403294603,2494464.0,0.5582318582261602,0.5756507313810288,2494464.0,0.004497382903840237,0.004494485597145589
2506752.0,0.5047708507627249,0.4166675242284934,2506752.0,0.5625569938371578,0.5730709466462335,2506752.0,0.0044410473929019645,0.004493212589295582
2519040.0,0.511033846065402,0.4388595185087373,2519040.0,0.5631342589234313,0.570136412853996,2519040.0,0.004493180211284198,0.0044909989774168935
2531328.0,0.5503347115591168,0.4612404391169548,2531328.0,0.558417746797204,0.566756458611538,2531328.0,0.004465949003739904,0.004490300784527789
2543616.0,0.5393903227522969,0.4773311435710639,2543616.0,0.551599057080845,0.5635599920215706,2543616.0,0.0044088477588957176,0.004479304600681643
2555904.0,0.5036388887092471,0.4877925664496918,2555904.0,0.5470498582969109,0.5601380561167997,2555904.0,0.004534322538044459,0.004483327769412427
2568192.0,0.5579080594082674,0.5009984539821744,2568192.0,0.5599190381666025,0.5587981537605324,2568192.0,0.004472863057647676,0.004472034662709727
2580480.0,0.5895069173226754,0.5160066972797115,2580480.0,0.5617294463639458,0.5581101049048205,2580480.0,0.004498664471611846,0.004476157698081807
2592768.0,0.6351847760379314,0.5363652429543436,2592768.0,0.559999268501997,0.5584088071870307,2592768.0,0.004507793833909091,0.004482924496308745
2605056.0,0.6726586325094104,0.5570898794569075,2605056.0,0.5584720068921646,0.5581109533086419,2605056.0,0.004492085019592196,0.004481213619146729
2617344.0,0.6842863081643978,0.574871331329147,2617344.0,0.5552999936044216,0.557817766846468,2617344.0,0.0044770407645652694,0.004479179405219232
2629632.0,0.6785375128189722,0.5922479975347719,2629632.0,0.5706606063370904,0.5586281280964613,2629632.0,0.004457534722556981,0.004480828138184734
2641920.0,0.6616639830172062,0.6073110112299521,2641920.0,0.5830334707473716,0.5606180492788553,2641920.0,0.004535580238249774,0.004485068140881291
2654208.0,0.6766682546585798,0.6199443655398984,2654208.0,0.5880972109735012,0.563585995696485,2654208.0,0.00448198522402284,0.004486671762909586
2666496.0,0.6776762831335267,0.6337729615780214,2666496.0,0.6125210306296746,0.5696781930513681,2666496.0,0.0044907785510683125,0.004494864842126844
2678784.0,0.700974304539462,0.6535065031610429,2678784.0,0.6244769962504506,0.577420906846722,2678784.0,0.004466361773665994,0.004488068765688998
2691072.0,0.7062027181188265,0.6683359690320988,2691072.0,0.6366210294266542,0.5850911059727271,2691072.0,0.0044662093569058925,0.00448740339561482
2703360.0,0.7247202945873141,0.6818573067585627,2703360.0,0.6432400473083059,0.5932421660671632,2703360.0,0.004519107314990833,0.004489447679952718
2715648.0,0.7375426050275564,0.6920930896575251,2715648.0,0.6600731210783124,0.6032495513247947,2715648.0,0.004420045734150335,0.004480672869976843
2727936.0,0.7340531880035996,0.6982325452069441,2727936.0,0.6497351691747705,0.6123758675530554,2727936.0,0.0043962989244998125,0.004471094260467604
2740224.0,0.7429357503230373,0.7040974894228081,2740224.0,0.6571154218787948,0.6225574103804926,2740224.0,0.004414637609443162,0.004464853944955394
2752512.0,0.7175985916207234,0.7080035973029833,2752512.0,0.6551237686847647,0.6310037266152599,2752512.0,0.004445140739941659,0.0044636145466938615
2764800.0,0.7169727453341087,0.7135344735346735,2764800.0,0.6669680783525109,0.639397187375774,2764800.0,0.004451734256387378,0.004455229948507622
2777088.0,0.7191286763797203,0.7177805157067875,2777088.0,0.6684711634491881,0.6474345826233426,2777088.0,0.004451085323429045,0.004452139958448243
2789376.0,0.7090288025016586,0.7209157676436007,2789376.0,0.6709575339530905,0.6532782329556842,2789376.0,0.0044307063581072725,0.004446132739152139
2801664.0,0.7370678267131249,0.724525119860967,2801664.0,0.6709263209874431,0.6579231654293836,2801664.0,0.004426892502427411,0.004442185812028281
2813952.0,0.6893694307655096,0.7228417911256353,2813952.0,0.6764333536848426,0.6619043978552024,2813952.0,0.004402192746056244,0.004435784150943315
2826240.0,0.6952518755570054,0.7198949492226043,2826240.0,0.6657194560393691,0.6641523387283087,2826240.0,0.0044570493725283695,0.0044295783566970694
2838528.0,0.6795543658857545,0.7140961253084241,2838528.0,0.6513876020908356,0.663283786829561,2838528.0,0.004403723660895291,0.004427946149371564
2850816.0,0.7265358800068498,0.7133443945087492,2850816.0,0.6795070897787809,0.666260978889962,2850816.0,0.004456956225718993,0.004434011879493482
2863104.0,0.7292641559615731,0.7119772350726028,2863104.0,0.6794827325890461,0.6684977099609871,2863104.0,0.0043871185334865,0.004431259971897816
2875392.0,0.7311707471186916,0.7133344506223996,2875392.0,0.6926872140417496,0.6722540544966857,2875392.0,0.00438717638705081,0.004425463536608731
2887680.0,0.6998914821694294,0.7116263243059319,2887680.0,0.6998046121249596,0.6755377078739306,2887680.0,0.004412742110919983,0.004421564322061992
2899968.0,0.7472776655728618,0.714441223225246,2899968.0,0.6987773623938361,0.6785683277683954,2899968.0,0.0045149009602027945,0.004427945885739367
2912256.0,0.7665212381010255,0.7201904667851825,2912256.0,0.6848105511938533,0.6799536294924715,2912256.0,0.004392761608566313,0.00442415141078527
2924544.0,0.7717095517242948,0.7236546392862996,2924544.0,0.6831272315854827,0.6811737205522755,2924544.0,0.004449885486489317,0.004426450709191461
2936832.0,0.7889516378442446,0.733612859994173,2936832.0,0.6976836680745085,0.6832987519912421,2936832.0,0.004378328141077266,0.004424064248693564
2949120.0,0.7857473840316137,0.7426624108416339,2949120.0,0.6829458043600122,0.6850213868233064,2949120.0,0.004442683588422369,0.004422627670282964
2961408.0,0.8127835411578417,0.7559853283688425,2961408.0,0.6981802623098096,0.6897006528452039,2961408.0,0.00441121600548892,0.004423376904742327
2973696.0,0.763099307504793,0.7596416711186369,2973696.0,0.7041276457409064,0.6921627084414164,2973696.0,0.004428603909521674,0.004420541673122594
2985984.0,0.7712188145766655,0.7638371369801462,2985984.0,0.7057348744322857,0.6947879226257403,2985984.0,0.00444491451101688,0.004426321270875633
2998272.0,0.8015920470158259,0.7708792669698596,2998272.0,0.7176083081091443,0.6972800320324798,2998272.0,0.004402522140784034,0.004427855846248956
3010560.0,0.7801514770835638,0.778905266461273,3010560.0,0.704569973051548,0.6977565681251388,3010560.0,0.004426713998933944,0.004429253035050351
3022848.0,0.8111337640633186,0.7852908763103187,3022848.0,0.7055034845446547,0.6984291803402205,3022848.0,0.00442266371101141,0.004420029310131212
3035136.0,0.8140299425770839,0.7900417467579246,3035136.0,0.7102325245117148,0.7009713776720066,3035136.0,0.0043968322449169745,0.004420436373766278
3047424.0,0.8367318337162336,0.7965439749571184,3047424.0,0.636220353965958,0.6962806899100542,3047424.0,0.004427459971338976,0.004418193822251245
3059712.0,0.8433489762246609,0.80198370879516,3059712.0,0.650730145474275,0.6915853376500307,3059712.0,0.004516898329408529,0.00443205084108437
3072000.0,0.8175758856038252,0.8051665589523813,3072000.0,0.6784264485662183,0.6911334020706514,3072000.0,0.004427228287871306,0.004430505311029264
3084288.0,0.8509552801648775,0.8089837328530848,3084288.0,0.6970343363160888,0.6910188094712794,3084288.0,0.004438679233620253,0.004433251633842399
3096576.0,0.8376377439126372,0.8164375764938694,3096576.0,0.688640357616047,0.6894700806587936,3096576.0,0.004481645456204812,0.004438555788510712
3108864.0,0.8450349010527134,0.823819185141474,3108864.0,0.7026138852039973,0.6891579817359647,3108864.0,0.00442324763086314,0.0044363891004953375
3121152.0,0.8256359264875451,0.8262235730886459,3121152.0,0.7066585269446174,0.688063003619512,3121152.0,0.004477162770247863,0.004443853163441721
3133440.0,0.822427331780394,0.830451158558329,3133440.0,0.6901885606348515,0.6866248623778423,3133440.0,0.00446615074906731,0.0044477968384550575
3145728.0,0.8265796747679511,0.8319957496287922,3145728.0,0.7103561492015918,0.687110128843536,3145728.0,0.004433195257054952,0.004448849993059412
3158016.0,0.833830788731575,0.8339758342442414,3158016.0,0.6839455561712384,0.6844814320094883,3158016.0,0.004460839047775759,0.00445525067334529
3170304.0,0.8396802321076393,0.8342706740833818,3170304.0,0.6905221547931433,0.6899116120922069,3170304.0,0.004470962946167371,0.004459600970828129
3182592.0,0.8197374021013578,0.8319095166710516,3182592.0,0.6848188812534014,0.6933204856701195,3182592.0,0.004432422919004845,0.00445115342978776
3194880.0,0.8230542000383139,0.8324573481145003,3194880.0,0.6831308137625456,0.6937909221897522,3194880.0,0.00445531694276724,0.004453962295277354
3207168.0,0.7678167708218098,0.8241434971801936,3207168.0,0.6819379546989998,0.6922812840280433,3207168.0,0.0044338771743544685,0.004453482089350777
3219456.0,0.7583233158414563,0.8162120543730756,3219456.0,0.6851717925940951,0.6919344275258481,3219456.0,0.004427643839638525,0.004448081927694148
3231744.0,0.7773452820256352,0.8094430924703676,3231744.0,0.6844926476478577,0.6901223037702342,3231744.0,0.004449214859050699,0.0044506786505129035
3244032.0,0.7628549921015898,0.8031649990317723,3244032.0,0.6653890497982502,0.6859953560555974,3244032.0,0.004374693940917496,0.004440431767579867
3256320.0,0.7410708395764232,0.7950293498113752,3256320.0,0.6547317691147327,0.6824496769035856,3256320.0,0.004461041387306371,0.004439920831403773
3268608.0,0.7332572840775052,0.7856971107423306,3268608.0,0.6665450918177763,0.6780685711652041,3268608.0,0.004441971655372375,0.004440798471235515
3280896.0,0.7426483190308014,0.7765788637722533,3280896.0,0.6735437676931421,0.6770283923173945,3280896.0,0.004419371655482489,0.004436651732006187
3293184.0,0.7824277495965362,0.770853615521143,3293184.0,0.6512904111295938,0.6731052179510395,3293184.0,0.004401408111637768,0.004429696248553228
3305472.0,0.7990761774902543,0.7687874930600326,3305472.0,0.6566622878114382,0.6702895586068431,3305472.0,0.004395319372027491,0.0044259858938554926
3317760.0,0.7979694390669465,0.7662790169628957,3317760.0,0.6584040143837532,0.6678168786689639,3317760.0,0.00438731170045988,0.004419185369624756
3330048.0,0.8314179982990026,0.7726391397106152,3330048.0,0.6368559645488858,0.6633086796539526,3330048.0,0.004493524495046586,0.004425150101693968
3342336.0,0.8242158396169543,0.7792283920881649,3342336.0,0.6277214465662837,0.6575636450511714,3342336.0,0.004403817016282119,0.004422767419358327
3354624.0,0.8377526166538397,0.7852691255509854,3354624.0,0.6210723547264934,0.6512216157590349,3354624.0,0.004454771529708523,0.004423323086424109
3366912.0,0.8223866798604528,0.7912222943268716,3366912.0,0.5905804183954994,0.6437407526187598,3366912.0,0.00442893157984751,0.004428746850317111
3379200.0,0.8084657577176889,0.7979617861409982,3379200.0,0.5864626606926322,0.6369138417765499,3379200.0,0.004459124237958652,0.00442855513538234
3391488.0,0.7933347675328454,0.8039695344865322,3391488.0,0.5699744612599412,0.6272567787207664,3391488.0,0.00441340204027559,0.004425698173872661
3403776.0,0.7623924215634664,0.8059439447397987,3403776.0,0.5580971715971828,0.6157121191111703,3403776.0,0.004405202838825062,0.004424281292206919
3416064.0,0.7606356209143996,0.8037647318715851,3416064.0,0.5465971579154333,0.6052427937897542,3416064.0,0.004394295586583515,0.004423570039701493
3428352.0,0.7377976601322492,0.7976368801357846,3428352.0,0.5482250520338615,0.5943990702119966,3428352.0,0.004408501454842432,0.004424888247982987
3440640.0,0.7188351902489861,0.7897234552539885,3440640.0,0.5452507414544622,0.5830837429190675,3440640.0,0.004434072713290031,0.004429564349266002
3452928.0,0.6806628089398146,0.7746479363180696,3452928.0,0.5437261930977305,0.573770765773952,3452928.0,0.004423111313371919,0.004422523031098535
3465216.0,0.6728265937417746,0.7595090117305517,3465216.0,0.5264572622254491,0.5636443473398685,3465216.0,0.004425953166598144,0.0044247366461301375
3477504.0,0.6452359665806094,0.7402573467232287,3477504.0,0.5326340567941467,0.554800517546634,3477504.0,0.004451644536554038,0.0044244239468146885
3489792.0,0.6282887465010086,0.7208475533872843,3489792.0,0.5072244027008613,0.5464649159771702,3489792.0,0.004438761114821925,0.00442540690031213
3502080.0,0.5639577756325403,0.6963967551787695,3502080.0,0.5275895595550537,0.5405776058634122,3502080.0,0.004372312861960381,0.004416725762712303
3514368.0,0.525180603377521,0.669581338763237,3514368.0,0.5563625022768974,0.5392164099651079,3514368.0,0.0044414429818668095,0.004419529856871425
3526656.0,0.4612549254670739,0.6394675891535978,3526656.0,0.5635169229159752,0.5397583850969871,3526656.0,0.004459348681848496,0.0044249444411737695
3538944.0,0.4870254149039586,0.6121065685525536,3538944.0,0.5236046789214015,0.537459137197584,3538944.0,0.00438753353470626,0.0044242682359860435
3551232.0,0.4578204024583101,0.5841088427851597,3551232.0,0.5085542872548103,0.5334920607196787,3551232.0,0.004438276164970982,0.0044272457069988985
3563520.0,0.4520163598159949,0.5574269597418606,3563520.0,0.5119713243717948,0.5301641190114121,3563520.0,0.004408062455089142,0.00442464468117881
3575808.0,0.40994675488521654,0.5303553543364008,3575808.0,0.4821638086189826,0.5240078805635372,3575808.0,0.0044262087224827456,0.004424954422089893
3588096.0,0.38380067081501085,0.5014527620437244,3588096.0,0.4274798274661104,0.5141101370876033,3588096.0,0.004445717378985137,0.004426930843328592
3600384.0,0.35861889738589525,0.47279105512425296,3600384.0,0.416077333347251,0.5024544647429139,3600384.0,0.004380619764560834,0.004419828366129272
3612672.0,0.3780585915471117,0.4477680396288634,3612672.0,0.40542457019910216,0.4922744814927379,3612672.0,0.004469396318503034,0.004422891886497382
3624960.0,0.3917176097941895,0.4305440230450282,3624960.0,0.3914906394978364,0.4786645894870161,3624960.0,0.004433738957838311,0.004429034496085175
3637248.0,0.3582089291885495,0.4138468556261311,3637248.0,0.3731561964377761,0.460343958903104,3637248.0,0.004452465635646756,0.004430136761463169
3649536.0,0.3726354727211098,0.40498491035153467,3649536.0,0.34414756841336686,0.43840702345284316,3649536.0,0.004457295949881275,0.004429931488266448
3661824.0,0.3355917197962602,0.38984154084076483,3661824.0,0.38403836560125154,0.4244503921208282,3661824.0,0.004392797966526511,0.004430457931448473
3674112.0,0.30429183365777135,0.374488683960711,3674112.0,0.4518417101353407,0.41877913440888126,3674112.0,0.004353069363181324,0.004421937251269507
3686400.0,0.33056028839200735,0.36234307681831224,3686400.0,0.4744276988009612,0.41502477185179787,3686400.0,0.0043379778605109704,0.004414928791811689
3698688.0,0.3576383129693568,0.3571122326267262,3698688.0,0.4955162998909752,0.4163600209789971,3698688.0,0.004340172446973156,0.004406325164260731
3710976.0,0.37472144250447553,0.3562043097956727,3710976.0,0.5095383559043208,0.42456587382281813,3710976.0,0.004328258384096746,0.004394579264771892
3723264.0,0.37126380344852805,0.35746880040193596,3723264.0,0.5260532290364305,0.4355634633917361,3723264.0,0.004404360612776752,0.004396953349593484
3735552.0,0.35052356372276944,0.3547152976195017,3735552.0,0.5362097527831793,0.44864198165014385,3735552.0,0.004427574965423749,0.004392771214285556
3747840.0,0.34850475486988824,0.3503940121270716,3747840.0,0.5496095819398761,0.4644538758943478,3747840.0,0.004354691285698209,0.004384866447071546
3760128.0,0.3397139860317111,0.3485445178113878,3760128.0,0.531585389127334,0.4802967951633036,3760128.0,0.004338762936337541,0.004373496177140623
3772416.0,0.35217121212432784,0.34649809175170954,3772416.0,0.5111379412313303,0.49699583244509987,3772416.0,0.0044064482232594555,0.004368411404478441
3784704.0,0.34027990512549877,0.34696691028463345,3784704.0,0.5485576745122671,0.5134477633362015,3784704.0,0.004361624368660462,0.004365294044691837
3796992.0,0.3349651481645803,0.35003424173531433,3796992.0,0.5884282092253367,0.5271064132452012,3796992.0,0.004442886456672568,0.00437427575404096
3809280.0,0.34262626245617867,0.3512408391417315,3809280.0,0.6035683527588844,0.5400204786409935,3809280.0,0.004465546068483188,0.004387032574838182
3821568.0,0.3313797645581265,0.34861498430060844,3821568.0,0.6336805140599608,0.553836900057892,3821568.0,0.0043460489687277,0.004387620227013637
3833856.0,0.34103783623625833,0.3452466236737868,3833856.0,0.6107635305573543,0.5639594175231953,3833856.0,0.004447213148523588,0.0043995157034563215
3846144.0,0.33076410787180066,0.341196654116114,3846144.0,0.6193705052137375,0.573291145140926,3846144.0,0.004397596203489229,0.004398839262527569
3858432.0,0.3201640862971544,0.3381607063735525,3858432.0,0.6164027399693927,0.5813104438595473,3858432.0,0.004459576133134154,0.00440203937929861
3870720.0,0.3170513914277156,0.33501537002933524,3870720.0,0.6026280925919613,0.5866122949247558,3870720.0,0.004457516248900599,0.004412321875618848
3883008.0,0.2998574951974054,0.33102972094590466,3883008.0,0.5982439046104749,0.59327814647307,3883008.0,0.004423573647121278,0.004420802946697222
3895296.0,0.29271054166990024,0.3250836539004619,3895296.0,0.5989425098523498,0.6020586033351718,3895296.0,0.0043439987299886225,0.004414557997370139
3907584.0,0.2831521783955395,0.31937088122746593,3907584.0,0.5968752326443791,0.6068903591483832,3907584.0,0.004379732476081699,0.004416368808112262
3919872.0,0.28161522140726447,0.31403588855173437,3919872.0,0.5701279221102595,0.6050603304368755,3919872.0,0.004343135803840899,0.004406393742829097
3932160.0,0.27832715352997184,0.3076059776591137,3932160.0,0.5902853400136033,0.6037320291623474,3932160.0,0.004419875777481745,0.004401826713728951
3944448.0,0.2747214265788595,0.30194014386118695,3944448.0,0.6233095477024714,0.6026949325265984,3944448.0,0.004410709138028324,0.004408292730659013
3956736.0,0.2712193156282107,0.2949582918003822,3956736.0,0.5853766603395343,0.6001562455048164,3956736.0,0.004339219864050392,0.004397493402211694
3969024.0,0.27369073887045187,0.2892509549002473,3969024.0,0.5722272451967001,0.5954419195031126,3969024.0,0.0044083305571499904,0.00439856683757777
3981312.0,0.28366474201902747,0.2856010204724347,3981312.0,0.5850717226664225,0.5923088177728156,3981312.0,0.004407958108155678,0.004393405035079923
3993600.0,0.2720129844577362,0.28109717977543675,3993600.0,0.5859156803538402,0.5906375765490035,3993600.0,0.00445863541244762,0.004393516951434625
4005888.0,0.33594303562616307,0.28470573381831255,4005888.0,0.5503804388766488,0.5858512299756209,4005888.0,0.004364847710045676,0.0043876443577270646
4018176.0,0.36926933874686557,0.29236161352600903,4018176.0,0.5292969203243653,0.5788866710228224,4018176.0,0.004447830901578224,0.004398027574886025
4030464.0,0.37481798076381284,0.3015281937628364,4030464.0,0.5089589503283302,0.5700950427912176,4030464.0,0.004386704723098471,0.004398724799587701
4042752.0,0.35699645538503927,0.30906631716061383,4042752.0,0.5040306420996785,0.5634853147901595,4042752.0,0.00440775081612325,0.004405186300815937
4055040.0,0.33046003617346287,0.3142796054249629,4055040.0,0.5111623971412579,0.5555730205029249,4055040.0,0.004387753634849408,0.004401974086552704
4067328.0,0.3245786159920196,0.3192653243662789,4067328.0,0.5299190112079183,0.5462339668534696,4067328.0,0.004359789835386134,0.004396882156288484
4079616.0,0.3347114296630025,0.32561453576975813,4079616.0,0.5530905850852529,0.5430053593280415,4079616.0,0.004402021326920173,0.004403162302575462
4091904.0,0.3313250251424809,0.3313779643969611,4091904.0,0.5243038004264235,0.5382130148510138,4091904.0,0.004335828874900471,0.00439591213435051
4104192.0,0.3504968158279856,0.3380611717778569,4104192.0,0.5675100314741334,0.5364568457317849,4104192.0,0.004388326730501528,0.004393948996585096
4116480.0,0.3357472907130917,0.3444346024033924,4116480.0,0.573381875641644,0.5352034652605652,4116480.0,0.004383069853550599,0.004386392440695394
4128768.0,0.3470137453017135,0.3455416733709475,4128768.0,0.5807899783054987,0.5382444192034503,4128768.0,0.004340245900190591,0.004383932259709885
4141056.0,0.3562145618100961,0.34423619567727054,4141056.0,0.619395972850422,0.547254324456056,4141056.0,0.004324675343620281,0.00437161670391409
4153344.0,0.3621707504304747,0.3429714726439367,4153344.0,0.5989254250501593,0.5562509719282389,4153344.0,0.0044042877004055,0.0043733750016447925
4165632.0,0.35312045287961763,0.34258387239339444,4165632.0,0.6033893392110864,0.5661868416393797,4165632.0,0.004338647614834675,0.004366464681515936
4177920.0,0.3278069881101449,0.3423185675870627,4177920.0,0.6085546544442574,0.5759260673696798,4177920.0,0.004392815293006909,0.004366970847331687
4190208.0,0.3375126766040921,0.34361197364827,4190208.0,0.6044076144074401,0.5833749276896317,4190208.0,0.0043780552805401385,0.004368797391847087
4202496.0,0.34880530710021657,0.34502136139199135,4202496.0,0.6099725818882386,0.5890631273699303,4202496.0,0.004350050541688688,0.0043636003133239384
4214784.0,0.37139746624355513,0.3490286055020988,4214784.0,0.6370701752603054,0.6003397648533186,4214784.0,0.004357620899099857,0.004365779515743877
4227072.0,0.391038763957719,0.3530828003150721,4227072.0,0.6477510084708532,0.6083638625529905,4227072.0,0.004378925710625481,0.004364839413756272
4239360.0,0.411566776689142,0.36066474891267714,4239360.0,0.656807117164135,0.6167063867052396,4239360.0,0.004331248678984896,0.004359657296299702
4251648.0,0.4422340039163828,0.37018677477414413,4251648.0,0.6549002456789216,0.6241174134425818,4251648.0,0.004270051011796265,0.004352637807460269
4263936.0,0.46039301591614884,0.38060462018474933,4263936.0,0.6524318406979243,0.6274210002273322,4263936.0,0.004402261729410384,0.004360396446039279
4276224.0,0.4739842830846707,0.39178597345016897,4276224.0,0.6543984658395251,0.6329683043062687,4276224.0,0.004251129990734626,0.004345080675072192
4288512.0,0.48172860126942396,0.4046467882891497,4288512.0,0.649749243631959,0.6376042947483559,4288512.0,0.004326827596135748,0.004343898673202299
4300800.0,0.4705407678460081,0.41892016626273587,4300800.0,0.6517535960301757,0.6419241889069478,4300800.0,0.004364810767583549,0.004341098220659963
4313088.0,0.5000395104289055,0.4351728496452173,4313088.0,0.6351875616237521,0.6450021836285791,4313088.0,0.004299527065692625,0.0043332453991752114
4325376.0,0.565974896463255,0.45688980858152106,4325376.0,0.6516447576383749,0.6491694012035927,4325376.0,0.004357554707288121,0.004333995815735155
4337664.0,0.5850532681991657,0.4782553887770821,4337664.0,0.6464018166686097,0.6501025653444231,4337664.0,0.004310430522309616,0.004329276778056132
4349952.0,0.6020041576897105,0.4993519281502813,4349952.0,0.6258749244734645,0.6479149569446843,4349952.0,0.004368416865569695,0.004328225893550552
4362240.0,0.6093298898388942,0.5191282394652565,4362240.0,0.6185676058133444,0.644091005809605,4362240.0,0.0043329450927558355,0.004328395534927646
4374528.0,0.6226586907481154,0.5371707081484297,4374528.0,0.6354774649565419,0.6421487277373671,4374528.0,0.004355550367714993,0.004336945470519519
4386816.0,0.6448148945346475,0.5556128960102796,4386816.0,0.642574836499989,0.6411630273175736,4386816.0,0.004322923242095082,0.004329011621787988
4399104.0,0.6536570790534219,0.5735801756071548,4399104.0,0.6377511598790685,0.639498296721528,4399104.0,0.0043169854252482764,0.004335597165239354
4411392.0,0.7099706601972381,0.5964043814999361,4411392.0,0.6111013029391567,0.6356335026522478,4411392.0,0.004294540308668123,0.004332368436492592
4423680.0,0.7180742692823211,0.6211577316435675,4423680.0,0.5980332155401508,0.6302614646032453,4423680.0,0.004435962124262005,0.004339483572160437
4435968.0,0.7419053176417947,0.6453443123648565,4435968.0,0.6241579158231616,0.6291585000231863,4435968.0,0.004368236118655962,0.0043463544774567705
4448256.0,0.7554318715507785,0.6642900098736088,4448256.0,0.63108438719064,0.6271024629784127,4448256.0,0.00432027558417758,0.004342626565145717
4460544.0,0.7744560598706206,0.6832302890407542,4460544.0,0.6208656073237458,0.6245488420439264,4460544.0,0.004305130891831747,0.004342096602097929
4472832.0,0.798035633439819,0.7028334366157651,4472832.0,0.6387004076192776,0.6258313903585077,4472832.0,0.004305014762697586,0.004335756391810719
4485120.0,0.7997588372478882,0.7218763313566645,4485120.0,0.6451859946052233,0.6284932292376956,4485120.0,0.004341115719095494,0.004336573454444685
4497408.0,0.8220507729177674,0.7418155395736298,4497408.0,0.6434080948432287,0.6292862922263642,4497408.0,0.0042773701788973995,0.004328755435562924
4509696.0,0.8334761286775271,0.7606816629879176,4509696.0,0.6380292233079672,0.628831730907162,4509696.0,0.004353221709607169,0.004331785282314133
4521984.0,0.8395759668201208,0.7792735517645876,4521984.0,0.6438737561305364,0.6294439905323087,4521984.0,0.0043177587843577685,0.004331862618225083
4534272.0,0.8509488248576721,0.7933713682306309,4534272.0,0.6534878260766467,0.6336826428460578,4534272.0,0.004336781370511744,0.004336086724409446
4546560.0,0.860348425184687,0.8075987838208676,4546560.0,0.649576522099475,0.6388369735019902,4546560.0,0.004315089849114884,0.004323999496894733
4558848.0,0.8642534911632538,0.8198336011730134,4558848.0,0.6439878546322385,0.640819967382898,4558848.0,0.0042379123891199315,0.0043109671239411305
4571136.0,0.8646511447926363,0.8307555284971991,4571136.0,0.6365888103221854,0.6413704096960524,4571136.0,0.004308617220279605,0.004309801287551334
4583424.0,0.8436782462522388,0.8376777471353609,4583424.0,0.628865249765416,0.6421703739402195,4583424.0,0.004311011024886587,0.004310389300856817
4595712.0,0.8268232882643739,0.8405565126178164,4595712.0,0.6393900706122319,0.642239340239515,4595712.0,0.004357433465581077,0.004315631171145166
4608000.0,0.8020301753034195,0.8407836464233697,4608000.0,0.6304394441346327,0.6407646851924559,4608000.0,0.004300502145876332,0.004311569813823249
4620288.0,0.8091468022515377,0.8394932493567466,4620288.0,0.6219612636292974,0.6386200020710628,4620288.0,0.004272438804036938,0.004311076676337204
4632576.0,0.8621417252967755,0.8423598090186715,4632576.0,0.6278177524606386,0.63759885498633,4632576.0,0.004196732591177958,0.004295427764494282
4644864.0,0.8713622813423475,0.8455384404708942,4644864.0,0.6208250603328148,0.6352939854065578,4644864.0,0.004272954220747731,0.004290947308133277
4657152.0,0.8715388712783655,0.8475974451129635,4657152.0,0.6163679969807466,0.6315820024969676,4657152.0,0.004307983598361413,0.004288067530918245
4669440.0,0.8384654230127732,0.8454091448957721,4669440.0,0.612071375673016,0.6278314878543216,4669440.0,0.004270875217722884,0.004283646067779045
4681728.0,0.8620132201661667,0.8451851177960634,4681728.0,0.6218448377524813,0.625617186166346,4681728.0,0.004259156092302874,0.004285770438097339
4694016.0,0.8422368684162697,0.8429436901584267,4694016.0,0.6433944317201773,0.6262977483061453,4694016.0,0.004232887804391794,0.004278197496508559
4706304.0,0.8567456696182489,0.8442504324950277,4706304.0,0.6491889609023929,0.6283301194198431,4706304.0,0.004348301563974625,0.004281926550417362
4718592.0,0.8604228391001622,0.8476103875786066,4718592.0,0.647775877888004,0.6291687001474202,4718592.0,0.004374133842550994,0.004283596588114355
4730880.0,0.8615793026983738,0.8535653003181022,4730880.0,0.6331891290222605,0.6294436686361828,4730880.0,0.004303544597253979,0.004283900833252119
4743168.0,0.8794375297923883,0.860594373072187,4743168.0,0.6487341575945417,0.6321209580327073,4743168.0,0.004299634073201257,0.004286620360168551
4755456.0,0.8774311908831199,0.8621233196308216,4755456.0,0.6590429553762078,0.6352434783242644,4755456.0,0.00430884742430256,0.004297831843481011
4767744.0,0.8852674284329017,0.863513834339877,4767744.0,0.654817589558661,0.638642731246849,4767744.0,0.004276827707750878,0.004298219192181326
4780032.0,0.8524191516141096,0.8616018623734514,4780032.0,0.6481615093847116,0.6418220824872454,4780032.0,0.004307742771440341,0.004298195109489218
4792320.0,0.8607762244840463,0.8638329425205787,4792320.0,0.6615931279957294,0.6467742577195167,4792320.0,0.004266211008750058,0.004297728688591936
4804608.0,0.8497274549057087,0.8626043659945329,4804608.0,0.6456786201645931,0.6491576359607278,4804608.0,0.004371688997101349,0.004308981979071784
4816896.0,0.8420918229967356,0.8625898614525795,4816896.0,0.6469661711404721,0.6495148099027575,4816896.0,0.004352687702824672,0.004320961968915072
4829184.0,0.8267717914034923,0.8595924736311039,4829184.0,0.6518736562381188,0.6497832794363301,4829184.0,0.004333925358272002,0.0043195243483448095
4841472.0,0.8366081360727549,0.8572110033283632,4841472.0,0.6531321589524547,0.6503189075427752,4841472.0,0.004298782596985499,0.004311989223788259
4853760.0,0.8645541965961456,0.8575084927181404,4853760.0,0.6666627144441009,0.6536662660849591,4853760.0,0.0043699996143307844,0.00431863472549594
4866048.0,0.8413912498702606,0.8537038647259276,4866048.0,0.6659137879808744,0.6553842291235923,4866048.0,0.004367598264555757,0.0043254311446313904
4878336.0,0.8242944361021122,0.8483901892478267,4878336.0,0.6663250417138139,0.6561124377573531,4878336.0,0.004392686758365016,0.004333815078037636
4890624.0,0.8545718708386024,0.8453206334883967,4890624.0,0.655795872832338,0.6562102660847208,4890624.0,0.004359151986136567,0.0043420475058762046
4902912.0,0.84108681542178,0.8441873998691639,4902912.0,0.6454408504068851,0.6559382001869382,4902912.0,0.004412360159525027,0.004352509244684674
4915200.0,0.8478642602761587,0.8428962034483751,4915200.0,0.654010157721738,0.6551799031595389,4915200.0,0.004439086209458765,0.004369796764755544
4927488.0,0.8336718312154213,0.8412906410793463,4927488.0,0.6664996091276407,0.6572620020558436,4927488.0,0.004270783145329915,0.0043597061795784
4939776.0,0.83624500532945,0.8407059593126178,4939776.0,0.6561504096413652,0.6581804259059331,4939776.0,0.004324765034349791,0.004356913912730912
4952064.0,0.8537727346022924,0.8434060536324978,4952064.0,0.6462672722215453,0.6576197875042757,4952064.0,0.004385699224561297,0.004362091299359842
4964352.0,0.8618368251870075,0.845928922543923,4964352.0,0.6410026556501786,0.6564068371740481,4964352.0,0.004386485408758745,0.004370861580537166
4976640.0,0.858636736869812,0.8453371765712898,4976640.0,0.6405452176307639,0.6537950874927143,4976640.0,0.004376474974075488,0.004371509116511636
4988928.0,0.8505778834223747,0.8462558399265012,4988928.0,0.6359228047852715,0.650795989173154,4988928.0,0.004363772830402013,0.004371126573096262
5001216.0,0.8174884635955095,0.8455752426758408,5001216.0,0.6325846454128623,0.6474219495430588,5001216.0,0.004365016868784248,0.004368359584138185
5013504.0,0.8288899945716063,0.8430070550491413,5013504.0,0.6391201143463453,0.6457543736944595,5013504.0,0.004319208273955155,0.004364365212920044
5025792.0,0.8429187598327795,0.8431902494902414,5025792.0,0.6144586733231941,0.6426561559860906,5025792.0,0.004337910426935802,0.004356920239661122
5038080.0,0.8263431501885256,0.8410381384814778,5038080.0,0.6195355576152602,0.6392086959754428,5038080.0,0.004307778084087961,0.004343789427124042
5050368.0,0.8269160265723864,0.8403625580171743,5050368.0,0.6273417488361398,0.6352929099462926,5050368.0,0.004287388930000209,0.004345450005591072
5062656.0,0.8465126274774472,0.8413893202319741,5062656.0,0.6426191463445624,0.6339397836166124,5062656.0,0.004324976706508703,0.004345471172806962
5074944.0,0.8278378670414289,0.8387958334758878,5074944.0,0.6385306213051081,0.6331661185249685,5074944.0,0.0043311341238829,0.004340014662739122
5087232.0,0.838109410678347,0.8364230920250216,5087232.0,0.6640049433335662,0.6354663472933073,5087232.0,0.004291441366755559,0.004330510258538803
5099520.0,0.7905578299735984,0.8296152013354003,5099520.0,0.6520563249165813,0.6366174580218892,5099520.0,0.004343890090240166,0.004327251770155272
5111808.0,0.80463588796556,0.8250210017897188,5111808.0,0.6473065077637633,0.6377558283197383,5111808.0,0.004347706584667321,0.004325645145581802
5124096.0,0.8192724523444971,0.8251994006646177,5124096.0,0.6370528085778157,0.6382026446362337,5124096.0,0.0043547771201701835,0.004324621170720396
5136384.0,0.8492962618668874,0.8272400273941457,5136384.0,0.6341118775308132,0.6377018209546804,5136384.0,0.004386860457695245,0.004331386389094405
5148672.0,0.8509735794117054,0.8280455093520382,5148672.0,0.6457562111318111,0.6408315747355422,5148672.0,0.0043428792608513804,0.004331883272485963
5160960.0,0.8801449090242386,0.8334256852356094,5160960.0,0.6457407623529434,0.6434520952093103,5160960.0,0.004406392630092644,0.004341744727086432
5173248.0,0.8862890837093195,0.8393629909493029,5173248.0,0.6388746630400419,0.6446053866297007,5173248.0,0.0043214841522664455,0.004345154249313055
5185536.0,0.89596412020425,0.8443081402219832,5185536.0,0.6439578908806046,0.6447392610833048,5185536.0,0.0044020465793437324,0.004352861236596558
5197824.0,0.8909219447523355,0.850616547993074,5197824.0,0.6522179000700513,0.6461079889597992,5197824.0,0.004374854358805654,0.004357233260088834
5210112.0,0.8712417762726545,0.8539297845525047,5210112.0,0.6207583767051498,0.6417833322969576,5210112.0,0.004364073812515319,0.00436449650466481
5222400.0,0.8466564162323872,0.8595396431783835,5222400.0,0.6137225714822611,0.6379499569535255,5222400.0,0.004403986902616452,0.004370506185902437
5234688.0,0.8379959960778555,0.8628756539896131,5234688.0,0.6355522411564986,0.6367745302927992,5234688.0,0.004386951753986068,0.004374430702834313
5246976.0,0.8529083083073298,0.8662392395858962,5246976.0,0.6314549595117569,0.6362147453861933,5246976.0,0.004355916998368532,0.004374544690654148
5259264.0,0.8525068939973911,0.8665603027989468,5259264.0,0.6438832767307758,0.6371918853061894,5259264.0,0.004351866710445999,0.0043710453159292225
5271552.0,0.848040494757394,0.8662669943335155,5271552.0,0.6599169603238503,0.6386079602253933,5271552.0,0.004404076384768511,0.004377165028320936
5283840.0,0.8533980281402668,0.8635923062451184,5283840.0,0.6559206284582615,0.6396259468359252,5283840.0,0.004389851286153619,0.004375510893927034
5296128.0,0.8566129704316457,0.860624694917351,5296128.0,0.6614622389897704,0.641884704430898,5296128.0,0.004409940697466179,0.004384356548447006
5308416.0,0.8639550656080246,0.8574237894577283,5308416.0,0.6475336318835616,0.6422422785311938,5308416.0,0.004349237902109356,0.004379075680723569
5320704.0,0.8654203917831182,0.8548736341608068,5320704.0,0.6295559803644816,0.6399760865606368,5320704.0,0.004292094679840375,0.004370799712827041
5332992.0,0.8626115017880996,0.8540106067123514,5332992.0,0.6482116148496667,0.6427214103750885,5332992.0,0.0042983639844654436,0.004364228730022054
5345280.0,0.8783855382353067,0.8571835189126432,5345280.0,0.6268286425620317,0.6440320174830656,5345280.0,0.004353443602061209,0.00435917439996653
5357568.0,0.8821604611972967,0.8615999654245874,5357568.0,0.6237584827467799,0.6428526416420937,5357568.0,0.004323399405014546,0.004352819165069377
5369856.0,0.881779570132494,0.8644870916071039,5369856.0,0.6333748024577895,0.643044625936697,5369856.0,0.0042611910636575585,0.00434334657159828
5382144.0,0.8899426485101382,0.8682306670583785,5382144.0,0.6197004731123646,0.6406263455748558,5382144.0,0.004343667142772271,0.004342526614830906
5394432.0,0.878838819762071,0.8713104995588463,5394432.0,0.638138477380077,0.6384484972804785,5394432.0,0.0044024067974532954,0.004342359656099385
5406720.0,0.8464645439138015,0.8706171511361995,5406720.0,0.6314068275193373,0.6359971171865861,5406720.0,0.004389509163350643,0.0043423254438190876
5419008.0,0.8475769671301047,0.8697135508060455,5419008.0,0.6319459543252984,0.6330454887201389,5419008.0,0.0043624426737854565,0.004337575641451016
5431296.0,0.8507455910245577,0.8683926033476987,5431296.0,0.6300782489900788,0.6312999504307906,5431296.0,0.004403541087716197,0.0043430059600117
5443584.0,0.8550038809577624,0.8673509522651633,5443584.0,0.6259817002962033,0.6309425224239626,5443584.0,0.004356288816779852,0.004349425373705648
5455872.0,0.8696195154140393,0.8680517536277572,5455872.0,0.6300575978433093,0.629127120723327,5455872.0,0.0043999313153714565,0.004359582106796248
5468160.0,0.8653864941249291,0.8667518492167195,5468160.0,0.6120484303683043,0.6276490995039542,5468160.0,0.004332426004111767,0.004357480347001305
5480448.0,0.8796317602197329,0.8664989791189631,5480448.0,0.61232357720534,0.6265056089498102,5480448.0,0.004345936281121491,0.004359734034611999
5492736.0,0.8619218549380699,0.8645132075995207,5492736.0,0.6386943996573488,0.6270375686697662,5492736.0,0.004400391141340758,0.004373654042380318
5505024.0,0.851793127755324,0.8606982555240392,5505024.0,0.6397557724267244,0.6290430986012022,5505024.0,0.004294403493986465,0.004368727677501738
5517312.0,0.857474273070693,0.8585618008549016,5517312.0,0.6401736754924059,0.629246618412435,5517312.0,0.004317961366420302,0.004360283134398438
5529600.0,0.8605239484459162,0.8599677413081128,5529600.0,0.6440736564497153,0.6305133013054729,5529600.0,0.00428334049017091,0.004349666267080466
5541888.0,0.8578648200879494,0.8609965266038972,5541888.0,0.6402236924817165,0.6313410751211146,5541888.0,0.004340915795182809,0.0043475135792202
5554176.0,0.8733111582696438,0.8632530833284061,5554176.0,0.6291975375885764,0.6312530039809644,5554176.0,0.004350693971597745,0.004342228867608355
5566464.0,0.8564793740709623,0.8634006326397261,5566464.0,0.6343918166433772,0.6320940156156818,5566464.0,0.004340874581733563,0.004340687444103727
5578752.0,0.880300072953105,0.8644686883936326,5578752.0,0.6322477171197534,0.6323130275433262,5578752.0,0.0043942947474230705,0.004340123787308888
5591040.0,0.8833103018502394,0.8662610691661635,5591040.0,0.6129360999912024,0.632401794505616,5591040.0,0.004325836700445507,0.004339464856942262
5603328.0,0.8794619260976712,0.8662440857539574,5603328.0,0.6180792357772589,0.6329773603628078,5603328.0,0.00431179581695081,0.004336050810525195
5615616.0,0.8655041512101889,0.8666023153811693,5615616.0,0.6199857365960876,0.6311064940566818,5615616.0,0.0043290818454503706,0.004328919880936155
5627904.0,0.8544134882589182,0.8668643514315288,5627904.0,0.6107574605072538,0.6282066628647348,5627904.0,0.004301469540223479,0.004329626485559856
5640192.0,0.8382613211870193,0.8649430562431613,5640192.0,0.6238986517613133,0.6265791604916254,5640192.0,0.004379739536185904,0.0043358043025364165
5652480.0,0.8531205939749876,0.8642027207960685,5652480.0,0.6248230797549089,0.6246541028221447,5652480.0,0.0043421923473943025,0.0043416894882587565
5664768.0,0.8729886195311943,0.865715100740393,5664768.0,0.6143691937128702,0.6220686529452601,5664768.0,0.004370603043450198,0.004344658213085495
5677056.0,0.8475252073258162,0.8631365056460103,5677056.0,0.6247685517494878,0.6216257543613514,5677056.0,0.004352704374468885,0.004344859253372609
5689344.0,0.8394231125712395,0.8614308794960379,5689344.0,0.6299332302684585,0.6211798957238595,5689344.0,0.004328991104557645,0.004343670905655017
5701632.0,0.8566450513899326,0.8590653773397208,5701632.0,0.6456254528214534,0.6225176692940295,5701632.0,0.004304541721163939,0.004334695603029104
5713920.0,0.8525035828351974,0.8559847054382164,5713920.0,0.6562841050326824,0.6268524697981774,5713920.0,0.004362717261149858,0.004338383659099539
5726208.0,0.8268616038064162,0.850724673209091,5726208.0,0.6579747976114353,0.6308420259815951,5726208.0,0.004342558199520378,0.004341459897356496
5738496.0,0.839173755608499,0.8480916336489221,5738496.0,0.6548478457455834,0.6343282368965447,5738496.0,0.004387719757990756,0.004347323688610535
5750784.0,0.8582758599271377,0.8484778708157441,5750784.0,0.6460957930733761,0.6378620701531569,5750784.0,0.0043968891792853055,0.0043568656525167174
5763072.0,0.8373990406592687,0.8483916427629689,5763072.0,0.6434726811324557,0.6398194730902711,5763072.0,0.004381719460070599,0.004357063644905187
5775360.0,0.8595883554468552,0.8490384189101556,5775360.0,0.6520388424396515,0.6425410493587453,5775360.0,0.004380742177697054,0.0043609186279354615
5787648.0,0.8527229148894548,0.8470118484459818,5787648.0,0.6539012659341097,0.6464942565808693,5787648.0,0.004393428908466983,0.0043632012144371405
5799936.0,0.8699465524405241,0.8492539829574526,5799936.0,0.665054745040834,0.650522875910004,5799936.0,0.00447205762854234,0.004375136539844485
5812224.0,0.8756229802966118,0.8528739697299897,5812224.0,0.6666988547270497,0.6541994383558631,5812224.0,0.004426058718915253,0.004384843301280246
5824512.0,0.8359794054801265,0.8508074051390091,5824512.0,0.6592354448512197,0.6555604375588397,5824512.0,0.004427130804591191,0.004397102209622972
5836800.0,0.8525024447590113,0.8508072913313907,5836800.0,0.6679112135122219,0.6567231484067937,5836800.0,0.004470518026209902,0.0044078822861289765
5849088.0,0.8509930636112889,0.8532204373118779,5849088.0,0.6680274152507385,0.657728410170724,5849088.0,0.004397435984477245,0.004413370064624663
5861376.0,0.8674464263021946,0.8560477043812472,5861376.0,0.6702297295754155,0.6592665985537072,5861376.0,0.004418004255664225,0.004416398514392009
5873664.0,0.8502548336982727,0.8552456017583608,5873664.0,0.6662738143155972,0.6612844006779294,5873664.0,0.004397952594445087,0.004416504855907987
5885952.0,0.8763984081645807,0.8591455385088921,5885952.0,0.6710914600019654,0.6640462785648802,5885952.0,0.004413106507854536,0.004419643560686382
5898240.0,0.8666062814493974,0.8598473311091462,5898240.0,0.6582200359553099,0.6646643979164462,5898240.0,0.004468492406886071,0.004428418583605284
5910528.0,0.8529055236528317,0.8598655919854841,5910528.0,0.6545825976257523,0.6647325310856104,5910528.0,0.004401659901001646,0.004429241682858749
5922816.0,0.8609443095823129,0.8589653676996629,5922816.0,0.6628795145079494,0.6645150080323219,5922816.0,0.004423832309839781,0.004424419150988493
5935104.0,0.8576568240920702,0.8571687520792087,5935104.0,0.6529571746165553,0.6631408400212725,5935104.0,0.004421383760927711,0.00442395165518974
5947392.0,0.8481584576268991,0.858386657293886,5947392.0,0.653817484776179,0.6625990440137686,5947392.0,0.004413084107606362,0.004422546985491257
5959680.0,0.8474917939553658,0.8578855922135213,5959680.0,0.6476057190448046,0.6605684945670267,5959680.0,0.004397921972364808,0.004415287380106747
5971968.0,0.8580308854579926,0.8585893743981918,5971968.0,0.6431619826083382,0.6580819513027867,5971968.0,0.004355728500134622,0.004411116631672485
5984256.0,0.8633614579836527,0.8581808775663375,5984256.0,0.6444364354635278,0.6555026218915978,5984256.0,0.0044127736788747525,0.004410593573993538
5996544.0,0.851224240536491,0.8582778182501596,5996544.0,0.6451767133548856,0.6533929117955268,5996544.0,0.004383349388566178,0.004409133253405647
6008832.0,0.8421198235203823,0.8548499597857395,6008832.0,0.6355436407029629,0.6498381298656264,6008832.0,0.004445516562554985,0.004412374258875692
6021120.0,0.861508822068572,0.8543402138476569,6021120.0,0.6096709156408906,0.6449832178341846,6021120.0,0.0043860710502485745,0.004404132123211942
6033408.0,0.8774673075725635,0.8567963922396302,6033408.0,0.6112369354814291,0.6406486516197523,6033408.0,0.004354062366473954,0.004399372369759173
6045696.0,0.8476183991879225,0.8554638012001913,6045696.0,0.6097294470916191,0.6353336448781193,6045696.0,0.00439204652987731,0.0043961937917629266
6057984.0,0.8461377378553152,0.8543118925765156,6057984.0,0.6005710723499457,0.6300950346514582,6057984.0,0.004380875354399905,0.004392142951110145
6070272.0,0.8462562803179026,0.8541216748456162,6070272.0,0.6116908602416515,0.6258823721980055,6070272.0,0.00440655696002068,0.004391490236351577
6082560.0,0.8422281251599392,0.8535953079660734,6082560.0,0.5846792903418342,0.6195897293277085,6082560.0,0.0044128356166766025,0.004392981600782756
6094848.0,0.8486702249695858,0.8526592419172326,6094848.0,0.5691592286651334,0.612189453933388,6094848.0,0.004405355813408581,0.004397944332110152
6107136.0,0.8107383220146099,0.8473969283203283,6107136.0,0.5840535399814447,0.6061511643851796,6107136.0,0.004365851341087061,0.004393252098331383
6119424.0,0.7937424962098399,0.8416487538876634,6119424.0,0.5794873939206203,0.599582232441753,6119424.0,0.004380543371856523,0.0043929714966604175
6131712.0,0.8129972141856948,0.8387364929541945,6131712.0,0.5627954651912054,0.5923074148905773,6131712.0,0.004416945007202837,0.004390114341125202
6144000.0,0.8439149539917707,0.8369771061465144,6144000.0,0.5631442923719684,0.5876547525636852,6144000.0,0.004358160464713971,0.0043873232825717414
6156288.0,0.8309902207305034,0.8323293974623084,6156288.0,0.5641403452803692,0.5829450935435793,6156288.0,0.004371552779048216,0.004389072323829167
6168576.0,0.8378239848340551,0.8313499560269216,6168576.0,0.540875741901497,0.576059723024567,6168576.0,0.004378035036400736,0.004387671174481512
6180864.0,0.8216558812807003,0.8289017703694602,6180864.0,0.5471723523611823,0.5707198510256907,6180864.0,0.004378983033044885,0.00438748194234601
6193152.0,0.8227149260540804,0.8265476349430779,6193152.0,0.5412863874807954,0.5636794037496051,6193152.0,0.00440301979688229,0.00438712822603217
6205440.0,0.8215665773799022,0.8244814801650742,6205440.0,0.521869390582045,0.557398413773626,6205440.0,0.004476976660953369,0.004393542330459847
6217728.0,0.8128060884773731,0.8208950665158529,6217728.0,0.5486415391787887,0.5553466448249916,6217728.0,0.004372925090137869,0.004390299258132776
6230016.0,0.8284975445518891,0.822670988769581,6230016.0,0.5237543287997445,0.5493167237068216,6230016.0,0.004341127389731507,0.004387826862997221
6242304.0,0.8257374058788022,0.8258704797364771,6242304.0,0.5020884011561672,0.5415768244303762,6242304.0,0.004392429914635916,0.004389015517275159
6254592.0,0.8095629271119833,0.8255270510291058,6254592.0,0.4794588154181838,0.5332431594530742,6254592.0,0.004352519499661867,0.004382572966521063
6266880.0,0.7985665012771884,0.8209922057576478,6266880.0,0.5010213258986672,0.527030862805744,6266880.0,0.004402558833438282,0.004387012803393494
6279168.0,0.7945977554967006,0.8173529592342674,6279168.0,0.5148318285743395,0.522100011135141,6279168.0,0.0043727140364353545,0.0043871289291322075
6291456.0,0.814049311603109,0.8149754919111729,6291456.0,0.5141153947139779,0.5194239764163893,6291456.0,0.004400450668375318,0.004389370492329666
6303744.0,0.8108977420876423,0.813899677991867,6303744.0,0.5277908068771163,0.5174858218679826,6303744.0,0.004361581455062454,0.0043876303345314225
6316032.0,0.8084340008596579,0.8124715854724249,6316032.0,0.5674601830542088,0.520103201425324,6316032.0,0.004383903792283188,0.004385718734071512
6328320.0,0.8084222984810671,0.8111571575825414,6328320.0,0.5754248776162664,0.525458750128746,6328320.0,0.004404094169634239,0.0043784304849396
6340608.0,0.8331584064289927,0.8131923893777031,6340608.0,0.5770911298071345,0.5283037091915807,6340608.0,0.0043728322998504154,0.004378421205910854
6352896.0,0.8574572323511044,0.8160883581576247,6352896.0,0.5732281763727466,0.5332510939488808,6352896.0,0.004432985258366291,0.004387606992774332
6365184.0,0.8286649088064829,0.816381108450393,6365184.0,0.5814634965111812,0.5411886034843822,6365184.0,0.00442093116240964,0.004390457117551705
6377472.0,0.834004300336043,0.8188252457727989,6377472.0,0.610284235017995,0.5542711454443634,6377472.0,0.004434208123711869,0.004398625979956704
6389760.0,0.8491356782615185,0.823882163471232,6389760.0,0.5889603660131494,0.5630650494558116,6389760.0,0.00444589367058749,0.004402959463671625
6402048.0,0.8569453569749991,0.8301169236190618,6402048.0,0.6053949194028974,0.5721213585386674,6402048.0,0.00439172286860412,0.004404860346888502
6414336.0,0.8638104740530252,0.8350930398640534,6414336.0,0.6037886630122861,0.5810886853684981,6414336.0,0.004466321777726989,0.004411447457823669
6426624.0,0.8748625790079435,0.8414895235560834,6426624.0,0.5829210154091319,0.5866017062216996,6426624.0,0.004472920831176452,0.00442258139543507
6438912.0,0.8673724426577488,0.8473833677358925,6438912.0,0.5985390450805426,0.5897095924243331,6438912.0,0.0044381686772491475,0.004428007883931665
6451200.0,0.8679893470058838,0.8533400725883743,6451200.0,0.6049035741016269,0.5926574620728691,6451200.0,0.004451157549434963,0.004432714221911738
6463488.0,0.8731584846973419,0.857340080415209,6463488.0,0.6080236692602435,0.5957507160181801,6463488.0,0.0042796454921093146,0.004423395541137628
6475776.0,0.8741232603788376,0.8590066832179826,6475776.0,0.6247097269321481,0.6008988710741203,6475776.0,0.004378657945684002,0.0044179628098694
6488064.0,0.8825308990975221,0.8643932822470864,6488064.0,0.604246363354226,0.6031771577584247,6488064.0,0.004462098566970478,0.004422079550325483
6500352.0,0.8713589558998743,0.8681287478034694,6500352.0,0.5981230810284615,0.6019610423594712,6500352.0,0.004374232996876041,0.0044160820376419
6512640.0,0.8658042127887408,0.8697956012561917,6512640.0,0.5895004191746315,0.6020150476756195,6512640.0,0.004487420066046373,0.004420234677187789
6524928.0,0.8824081886559725,0.8723418844242892,6524928.0,0.6093855689590176,0.6024141126312316,6524928.0,0.0044066874324926175,0.004421731133576638
6537216.0,0.8738278473416964,0.8733436217531562,6537216.0,0.5991229545325041,0.6019475417832534,6537216.0,0.004409807457705028,0.0044160797015744425
6549504.0,0.8627276687572399,0.8721301307280859,6549504.0,0.5942451249187192,0.603079952734212,6549504.0,0.004518801666563377,0.004420667785113134
6561792.0,0.8530103253821532,0.8706939190005263,6561792.0,0.6050352581466237,0.6037295740408203,6561792.0,0.004366898072476033,0.004413540724635822
6574080.0,0.8429626605163018,0.8681912503515681,6574080.0,0.6038194199403127,0.6036211586246888,6574080.0,0.004412779346845734,0.0044097029043768995
6586368.0,0.8501905662318071,0.8658944585050147,6586368.0,0.5870154360309243,0.6015203353017569,6586368.0,0.0043986154923914,0.004421599904405108
6598656.0,0.8380432998140653,0.8622864624485373,6598656.0,0.6010810825973749,0.5991574708682796,6598656.0,0.00440386413053299,0.004424120522890007
6610944.0,0.8266736567020416,0.8567007382089893,6610944.0,0.6067321250836054,0.5994060470412175,6610944.0,0.004388102097436786,0.004416720875936638
6623232.0,0.8347319103777409,0.853038033656776,6623232.0,0.5858679031953216,0.5981805292579035,6623232.0,0.004357105416905445,0.004415008117939579
6635520.0,0.812735295544068,0.8477311419323087,6635520.0,0.5710001100475589,0.5963304983451964,6635520.0,0.004336463057067401,0.004399912417041681
6647808.0,0.8416332447280487,0.8436536475395163,6647808.0,0.5665946605925759,0.5920514075085521,6647808.0,0.0043544070261608185,0.004394684376408502
6660096.0,0.8240932201345762,0.8386801848188042,6660096.0,0.5660816666980585,0.5887472787251073,6660096.0,0.004408057985225848,0.004394509429160583
6672384.0,0.8292606417089701,0.8353334821139772,6672384.0,0.569532656421264,0.5862760318753619,6672384.0,0.0043853111055796035,0.004381160373062206
6684672.0,0.8439947205285231,0.8344319216286141,6684672.0,0.5742707444975773,0.5831995805104573,6684672.0,0.004484221421686622,0.004392892707983265
6696960.0,0.8299082942927877,0.833126485006263,6696960.0,0.5975285156940421,0.5825704900858304,6696960.0,0.004396277746612516,0.004391242547959943
6709248.0,0.8313019039730231,0.8312376187803844,6709248.0,0.5969797605648637,0.5835669225392242,6709248.0,0.004383684499771334,0.0043897494486979365
6721536.0,0.8371224577228228,0.8311455345712602,6721536.0,0.6026322739198804,0.5837220416714748,6721536.0,0.004480595950250669,0.004397422630669704
6733824.0,0.8355336673557758,0.8320315356366337,6733824.0,0.5992239788174629,0.5829712270448605,6733824.0,0.004507564631542967,0.004409368884080322
6746112.0,0.8401493026564518,0.8325732748645047,6746112.0,0.6048839467888077,0.5848728314042091,6746112.0,0.004302514489002836,0.004403909791290062
6758400.0,0.8342782240360975,0.8347275677137077,6758400.0,0.6064810004706184,0.5884209204465151,6758400.0,0.004378239197346072,0.004408087405317928
6770688.0,0.858879487340649,0.8364521919749677,6770688.0,0.6169906500726938,0.5934605193945269,6770688.0,0.004457635703147389,0.004418410273016585
6782976.0,0.8243078775703907,0.8364736577185491,6782976.0,0.6041498864069581,0.5972673413654169,6782976.0,0.004350951829110272,0.004412699657405028
6795264.0,0.8282612124457955,0.8363737147922317,6795264.0,0.628084024724861,0.6031224781957765,6795264.0,0.004420234394880633,0.004416191986335131
6807552.0,0.8388902936130762,0.835863272100687,6807552.0,0.6274224082008004,0.6084376445660988,6807552.0,0.004402997224436452,0.0044080695666101136
6819840.0,0.8356343929966291,0.8364358819710713,6819840.0,0.6358819290374716,0.6122729859004419,6819840.0,0.004387709098712851,0.004407212701820149
6832128.0,0.8452521953731775,0.8378309111110867,6832128.0,0.6544734655568997,0.6180223563996454,6832128.0,0.004485402661278688,0.004417384517970883
6844416.0,0.8410527730981509,0.8382239426486194,6844416.0,0.6475253381455938,0.6225116628222168,6844416.0,0.00449909318316107,0.004419234241261924
6856704.0,0.8337120410675803,0.8380417800198,6856704.0,0.6635087809214989,0.6289401430326205,6856704.0,0.004443226328779322,0.004412800410985559
6868992.0,0.8387817045052847,0.8379050202046832,6868992.0,0.6542190241937836,0.633873650773118,6868992.0,0.00456465353393772,0.004439014315479048
6881280.0,0.857716778293252,0.8402488756303985,6881280.0,0.6558480107535919,0.6388103518014152,6881280.0,0.004407145827523588,0.004441904978496798
6893568.0,0.838953761694332,0.8382563030657669,6893568.0,0.6555034077415863,0.6426616275683046,6893568.0,0.004498165481588027,0.004445957956340863
6905856.0,0.8156094917406639,0.8373864644827942,6905856.0,0.6317561247075597,0.6454222513983648,6905856.0,0.004483357932864844,0.004459198566716319
6918144.0,0.8284320405994853,0.8374035472981631,6918144.0,0.62727475600938,0.6453413245268167,6918144.0,0.004385898901091423,0.0044557650173373976
6930432.0,0.7980468490471443,0.83331920284157,6930432.0,0.6303902436047792,0.6456381080672144,6930432.0,0.004391115631733555,0.00445457685806711
6942720.0,0.8211698656280836,0.8318727501047153,6942720.0,0.6317041364187995,0.6452203288053473,6942720.0,0.004366777813023266,0.00445248372949815
6955008.0,0.8314274102449417,0.8304902715918917,6955008.0,0.6492843758314848,0.6447014198328058,6955008.0,0.004428985089665123,0.004446841972336794
6967296.0,0.818753806874156,0.8282603749694925,6967296.0,0.6552897738292813,0.6454778634011745,6967296.0,0.004489965096581727,0.00444592916367886
6979584.0,0.7912414021169146,0.8240133110744259,6979584.0,0.6520360801368952,0.6443305933227141,6979584.0,0.004488778914189122,0.004450484422219839
6991872.0,0.8064390427122513,0.8207790448951224,6991872.0,0.6541248516490062,0.6443211760682364,6991872.0,0.004553057719022036,0.004449324840728271
7004160.0,0.7892675893381238,0.8139341259996098,7004160.0,0.6340861236676574,0.6421449873596429,7004160.0,0.004411821859927538,0.004449792443968667
7016448.0,0.7964842381576697,0.8096871736459434,7016448.0,0.631450092419982,0.6397396558274826,7016448.0,0.004470672174647916,0.004447043113274655
7028736.0,0.8138394160196185,0.809510166073839,7028736.0,0.6531909676268697,0.6418831401194135,7028736.0,0.0044855512120799785,0.004447262441196169
7041024.0,0.8232985741148392,0.8089968194253743,7041024.0,0.6418561519434055,0.6433412797128161,7041024.0,0.004362883092350482,0.0044449608603220735
7053312.0,0.8263234759991368,0.8118244821205736,7053312.0,0.6517327136049668,0.6454755267128348,7053312.0,0.004435462651599664,0.004449395562308686
7065600.0,0.8443353989471992,0.8141410354524851,7065600.0,0.6385198542848229,0.6461570984994373,7065600.0,0.0044030680728610605,0.004453024588292465
7077888.0,0.8314891991515955,0.8141472143431503,7077888.0,0.6374237360432744,0.6449710345206162,7077888.0,0.004391928135495012,0.004449318892875454
7090176.0,0.8404855554302534,0.8163203891987602,7090176.0,0.6366607410212358,0.6431081312398116,7090176.0,0.004478712306687764,0.004448193613886058
7102464.0,0.8620803082982699,0.8234042798168957,7102464.0,0.6410725653792421,0.6420117797640463,7102464.0,0.004458391840065208,0.004445154906473666
7114752.0,0.851851016903917,0.8279454772360623,7114752.0,0.6438456242904067,0.6409838570281864,7114752.0,0.004435631143375455,0.004433412248909007
7127040.0,0.8624127696578702,0.835259995268037,7127040.0,0.6435235049575567,0.6419275951571762,7127040.0,0.004428603499642729,0.004435090412880527
7139328.0,0.8695490571359793,0.8425664771658677,7139328.0,0.6386373583227396,0.6426463217474521,7139328.0,0.00443388784575897,0.004431411979991632
7151616.0,0.8819504963854948,0.8493775852024555,7151616.0,0.642218160132567,0.6415490409980218,7151616.0,0.004425308240267138,0.004425387682810348
7163904.0,0.8884309579928716,0.8558908235902587,7163904.0,0.6379449612771472,0.6411579219313959,7163904.0,0.004549189194221981,0.004444018292997498
7176192.0,0.8933107958485683,0.8625895555752019,7176192.0,0.6366844506313404,0.6396530956340332,7176192.0,0.00444114475006548,0.00444458650284408
7188480.0,0.8958376372853915,0.8677397794090211,7188480.0,0.6391609869897366,0.6397172089045247,7188480.0,0.004486146758911976,0.0044528943714491715
7200768.0,0.8989904038608074,0.8744898998799424,7200768.0,0.630195053294301,0.6389943406296272,7200768.0,0.004492984618991613,0.004463000019798832
7213056.0,0.90026994732519,0.8804683390694359,7213056.0,0.6275170516843597,0.6380799716959398,7213056.0,0.004472421707760077,0.004462370959906063
7225344.0,0.897116711984078,0.8839719794380168,7225344.0,0.6329226099575559,0.6372649761537712,7225344.0,0.004453812034626026,0.004461912979362144
7237632.0,0.8879071958363056,0.8875775973312556,7237632.0,0.65051018850257,0.6379314325749874,7237632.0,0.004504244107617221,0.004468774275786321
7249920.0,0.8691467481354872,0.8882509951790173,7249920.0,0.6417713904132446,0.6377562211205561,7249920.0,0.004455206139634053,0.004471434539785453
7262208.0,0.8764200024306774,0.8889380897084871,7262208.0,0.6377860459809502,0.6376710898863772,7262208.0,0.004459277304704301,0.004473973485679987
7274496.0,0.8832366274048885,0.8890667028104267,7274496.0,0.6376994081462423,0.6372192146877448,7274496.0,0.004539944893622305,0.004485437151015503
7286784.0,0.8706635205696026,0.8872899590680996,7286784.0,0.6387237835054597,0.637297096910576,7286784.0,0.0045813096924878964,0.0044886492008420955
7299072.0,0.8721364016334215,0.8851725196465849,7299072.0,0.6478957074383894,0.6384182225912809,7299072.0,0.004447169606767905,0.004489251686512338
7311360.0,0.8672478074828783,0.8823135366663337,7311360.0,0.6524777871867021,0.6397499026109775,7311360.0,0.004515033974409259,0.004492140408062066
7323648.0,0.8601625307152668,0.8784307493517798,7323648.0,0.6479057678952813,0.6415209740710754,7323648.0,0.004444437373119096,0.004487285683474814
7335936.0,0.8617833691338698,0.8745820915326477,7335936.0,0.651620453534027,0.6439313142560422,7335936.0,0.004453063108182202,0.004485349823517027
7348224.0,0.867929303397735,0.8716633506740132,7348224.0,0.6438749687125286,0.6450265501315394,7348224.0,0.004417272910359316,0.004481695911090355
7360512.0,0.8481988962739706,0.8676925207177797,7360512.0,0.6454957379028201,0.6445251050715645,7360512.0,0.004449676596171533,0.004476239159945787
7372800.0,0.8403372171645364,0.8648115676206848,7372800.0,0.6537615340203047,0.6457241194322705,7372800.0,0.0044511493858105195,0.004475833484563433
7385088.0,0.8274429170414805,0.8599138590817649,7385088.0,0.6538409429291884,0.6473296091270944,7385088.0,0.004519435870558179,0.0044818493411488206
7397376.0,0.8187720573817691,0.8534674020794532,7397376.0,0.6517607948432366,0.6487357477967939,7397376.0,0.004444289494131226,0.004472283801199713
7409664.0,0.8145887159431974,0.8478599216168126,7409664.0,0.6456653410568833,0.6494299035519362,7409664.0,0.004495460794714745,0.004463698911422398
7421952.0,0.8051970781137546,0.8411659892648459,7421952.0,0.6454581801469127,0.6491861508227885,7421952.0,0.004490690914584168,0.004468051042204025
7434240.0,0.8158452995121479,0.8360257384677727,7434240.0,0.6519264920304219,0.6491310213071605,7434240.0,0.004499030617201545,0.004466450706483253
7446528.0,0.8308532653997341,0.8330948119362196,7446528.0,0.648248638647298,0.6491653083823622,7446528.0,0.0045091873228860395,0.004472925701459948
7458816.0,0.8475724638750156,0.8316737214103341,7458816.0,0.6578507293015718,0.6497883359591167,7458816.0,0.004499808693556891,0.004477600259997416
7471104.0,0.8422726939121882,0.8291080604617795,7471104.0,0.6507271298517784,0.6504735520730416,7471104.0,0.004557598357981381,0.004491632804759624
7483392.0,0.8623043286303679,0.8305186036974191,7483392.0,0.6463165826474627,0.6505556365475058,7483392.0,0.004559626788250171,0.0045026278239674875
7495680.0,0.8516388032585382,0.8316487623068195,7495680.0,0.6485414942726493,0.6500336325727403,7495680.0,0.004447839445977782,0.004502296829984213
7507968.0,0.8557477785895268,0.8344792484616239,7507968.0,0.6538208238780499,0.6500316206676264,7507968.0,0.0044684543657543445,0.00449719867950383
7520256.0,0.865571703761816,0.8391592130996287,7520256.0,0.6447296480958661,0.6493285059928894,7520256.0,0.004489334976824466,0.004501703227773154
7532544.0,0.8581493310630322,0.8435152746116122,7532544.0,0.643951183805863,0.6491570902677875,7532544.0,0.004446099395863712,0.00449676708788805
7544832.0,0.8538449872285128,0.848380065523088,7544832.0,0.6458914655571183,0.649200418808808,7544832.0,0.004463407502043992,0.004494038746634033
7557120.0,0.8602888528257608,0.8528244208544493,7557120.0,0.6448292043060064,0.6484906900363663,7557120.0,0.004489321826743738,0.004493067867588252
7569408.0,0.8722228749344746,0.8569613818079234,7569408.0,0.6328817171355089,0.6469539978851875,7569408.0,0.004523906170409949,0.0044945397523406426
7581696.0,0.8608813087145487,0.8582922662918767,7581696.0,0.6297847526147962,0.6441474002165098,7581696.0,0.004395224925247021,0.0044840813755096555
7593984.0,0.8409818516423305,0.8581631820648908,7593984.0,0.6326579703018069,0.6423404842615128,7593984.0,0.004471214003084849,0.0044754429400200016
7606272.0,0.8473734421034654,0.8566700934122006,7606272.0,0.6286233412101865,0.6405711601177851,7606272.0,0.004454558159826168,0.004464936077177602
7618560.0,0.8538361353178819,0.856889826618135,7618560.0,0.6294565635422865,0.6386626670447489,7618560.0,0.004478215361208034,0.004467973668700628
7630848.0,0.8718840125948191,0.8585034500186641,7630848.0,0.6347249491761128,0.6367530795745553,7630848.0,0.004497099830283939,0.004470838215153586
7643136.0,0.8599334458510081,0.8579396242275834,7643136.0,0.6311541944742203,0.6353955342123906,7643136.0,0.004536248319103227,0.004475529549381463
7655424.0,0.8521249586095413,0.8573371869822344,7655424.0,0.6272310490409533,0.6337235207358997,7655424.0,0.004456429897497098,0.004476562599544801
7667712.0,0.8395277202750245,0.8559054602868855,7667712.0,0.6323740609611074,0.6323717802762985,7667712.0,0.004476354818810553,0.004477857331221457
7680000.0,0.8614226045707861,0.8560188354613881,7680000.0,0.6363995211819807,0.6315288119638961,7680000.0,0.004498539832032596,0.004478779131750344
7692288.0,0.872748921935757,0.8560714401615164,7692288.0,0.63042695975552,0.631283336225897,7692288.0,0.00444369970743234,0.004470758485452583
7704576.0,0.877289667725563,0.8577122760626177,7704576.0,0.6339492133508126,0.6316997822994987,7704576.0,0.004467566832317971,0.004477992676159677
7716864.0,0.8718299673249325,0.8607970876308778,7716864.0,0.6303452411666512,0.6314685093859832,7716864.0,0.004436326458138258,0.004474503921665018
7729152.0,0.8614248571296533,0.8622022291334966,7729152.0,0.6257665005202094,0.6311828253169854,7729152.0,0.004358963963265221,0.004464944502008924
7741440.0,0.8490150434275469,0.8617201199444631,7741440.0,0.629584031800429,0.6311955721427998,7741440.0,0.0044522766208198545,0.004462350627970105
7753728.0,0.8796616600205501,0.8624978846870363,7753728.0,0.6264982518429557,0.6303729024094841,7753728.0,0.004446601778909098,0.004457300822832621
7766016.0,0.8909328226000071,0.865597822361936,7766016.0,0.6235997565090656,0.6296174586129685,7766016.0,0.004481882834321975,0.0044518642743544955
7778304.0,0.8752134225020806,0.86790666875119,7778304.0,0.6233654987687866,0.6292309035857518,7778304.0,0.0044252360724688815,0.004448744891851675
7790592.0,0.8604224420463046,0.8699961409283181,7790592.0,0.629530254441003,0.6289465229337414,7790592.0,0.004380782333707127,0.004439187643341331
7802880.0,0.8608811112741629,0.8699419915986557,7802880.0,0.6318821630751094,0.6284947871230543,7802880.0,0.004460914254498978,0.0044354250855879705
7815168.0,0.8576442018772165,0.8684315195928018,7815168.0,0.6220161349823078,0.627653704645733,7815168.0,0.004454554846840135,0.004436510599528749
7827456.0,0.8684109697739283,0.8675436497976383,7827456.0,0.6198370167985559,0.6262424849905073,7827456.0,0.0044345388596411794,0.004433207802261071
7839744.0,0.8812680455545584,0.8684874576206008,7839744.0,0.62081762496382,0.6252897233702243,7839744.0,0.004499072890515284,0.004439482445498773
7852032.0,0.8963250480592251,0.871977476713558,7852032.0,0.6172034110253056,0.6244334144207339,7852032.0,0.004507902235976265,0.004454376272769878
7864320.0,0.8926908417294422,0.8763450565437475,7864320.0,0.6169161628931761,0.6231666275300085,7864320.0,0.004450529978688185,0.004454201608556712
7876608.0,0.8767951484769583,0.8760584053893883,7876608.0,0.615106754625837,0.6220274778082968,7876608.0,0.00444731185901522,0.004454272616567324
7888896.0,0.8656032842894396,0.8735254515583316,7888896.0,0.6214170064777136,0.6218092028051616,7888896.0,0.004384186247383089,0.0044445029578734346
7901184.0,0.8829327082882324,0.8742973801369468,7901184.0,0.6102071305116018,0.620493365979443,7901184.0,0.004400925987283699,0.004442071949354916
7913472.0,0.8744824497650067,0.875703380908817,7913472.0,0.6041162516921759,0.6179519657045602,7913472.0,0.0043864289109478705,0.00444263660707899
7925760.0,0.8829241810987393,0.8779076878912747,7925760.0,0.6072209880997738,0.6154858482070267,7925760.0,0.004414052772820772,0.004437950458911171
7938048.0,0.8825776595622301,0.8804010336597761,7938048.0,0.6046587775150934,0.6137501124603053,7938048.0,0.00443503741795818,0.0044359987160229744
7950336.0,0.8864357278992733,0.8822035094723105,7950336.0,0.6034902449076375,0.6121154352712135,7950336.0,0.0044996353826718405,0.00444250836832604
7962624.0,0.9008133777727684,0.8841580426941315,7962624.0,0.6073075532913208,0.6107644281039636,7962624.0,0.004490341258739742,0.004441635205148486
7974912.0,0.8949401807039976,0.8840195559586089,7974912.0,0.6152500230818987,0.610569089309623,7974912.0,0.004437394660878151,0.0044345844476386745
7987200.0,0.8944818166395029,0.8841986534496149,7987200.0,0.6151547466094295,0.6103929476812483,7987200.0,0.004419302252548126,0.004431461675024668
7999488.0,0.8707601024458805,0.883595148846507,7999488.0,0.624946060590446,0.6113768782777091,7999488.0,0.004448803954195076,0.004431610884542655
8011776.0,0.8807132669414083,0.885106147111704,8011776.0,0.6095738966638843,0.6101925672963262,8011776.0,0.004448226449312642,0.004438014904735611
8024064.0,0.8934324520329634,0.8861561214861771,8024064.0,0.6003709891811013,0.6092089531632762,8024064.0,0.004405410577116224,0.0044384633637188625
8036352.0,0.8584445683906475,0.8845523333487412,8036352.0,0.5859978441148996,0.6073971124055484,8036352.0,0.004392018405875812,0.004439022313211656
8048640.0,0.8821691026290258,0.8844768255017698,8048640.0,0.5870270089556774,0.6053777144911388,8048640.0,0.004457177342070888,0.004443334770136668
8060928.0,0.8723563409099976,0.8834546936365465,8060928.0,0.5799282932033142,0.6029046660599608,8060928.0,0.00437506254093023,0.004437337282433873
8073216.0,0.8828900897254547,0.8831001298191646,8073216.0,0.5664416051780184,0.5991998020869989,8073216.0,0.004445161891150444,0.004431889933281733
8085504.0,0.8732304163277149,0.8803418336746592,8085504.0,0.5824078141401211,0.596709828171879,8085504.0,0.004490033793748201,0.004431859186782579
8097792.0,0.873716569195191,0.8782194725237786,8097792.0,0.5880513278146585,0.593989958645155,8097792.0,0.004434287885184555,0.00443154850921322
8110080.0,0.8558798879384995,0.8743592796536784,8110080.0,0.5766403678183755,0.5901385207660497,8110080.0,0.004462541716444927,0.004435872455602899
8122368.0,0.8461278059209386,0.8718960500011841,8122368.0,0.5818731986607114,0.5858312345730762,8122368.0,0.004422313676817187,0.004433223427865111
8134656.0,0.8466675641636053,0.8684914797234038,8134656.0,0.6077208273733655,0.5856459276440245,8134656.0,0.004506140787270851,0.0044390148616609325
8146944.0,0.8694853379080693,0.8660967683109144,8146944.0,0.5958924706404408,0.5851980757899582,8146944.0,0.004503711410507094,0.004448844945000019
8159232.0,0.8575484715402126,0.866007158625871,8159232.0,0.5872523868456483,0.5853235300630331,8159232.0,0.004483640722658795,0.004458007176678317
8171520.0,0.8533330193410317,0.8631235502970714,8171520.0,0.5986910747985045,0.5864899366473159,8171520.0,0.004425091867839607,0.00445479862925519
8183808.0,0.8710164340833823,0.86298955961441,8183808.0,0.5902006675799688,0.5875171740849814,8183808.0,0.00438312648475403,0.004455605023637569
8196096.0,0.8616911321878433,0.8608696638606489,8196096.0,0.5854469885428747,0.5894177124214668,8196096.0,0.0044479467323981225,0.004455883507762337
8208384.0,0.8635708422710499,0.8599037064549824,8208384.0,0.6048115137964487,0.5916580823870997,8208384.0,0.004413211977710792,0.004448201326158596
8220672.0,0.8593182222296795,0.8584638717584312,8220672.0,0.5931224239369234,0.592165191999326,8220672.0,0.004416780502651818,0.004446450587905323
8232960.0,0.8730684369802475,0.860182726662606,8232960.0,0.5976546406745911,0.5942666192849477,8232960.0,0.004377442768600304,0.00443794069312086
8245248.0,0.8837709178527197,0.8639470378557841,8245248.0,0.600362808133165,0.596115580232193,8245248.0,0.0044759101486609625,0.004443300340305238
8257536.0,0.8738725402702888,0.8666675354664525,8257536.0,0.6192039282371601,0.5972638903185725,8257536.0,0.004455384124109211,0.004438224673989073
8269824.0,0.8687693861623605,0.8665959402918816,8269824.0,0.6293531538297733,0.6006099586375057,8269824.0,0.004500552849397839,0.004437908817878148
8282112.0,0.8847164778659741,0.8693127409244576,8282112.0,0.629312373076876,0.6048159572606285,8282112.0,0.00448257433163235,0.004437802178775504
8294400.0,0.8908996737251679,0.8730694063628712,8294400.0,0.6245784955099225,0.6074046993317703,8294400.0,0.004457072430038049,0.0044410002349953475
8306688.0,0.8860138642291228,0.8745691493774455,8306688.0,0.6176121439784765,0.6101458469716212,8306688.0,0.004495476178514461,0.00445223520437139
8318976.0,0.8760140693436066,0.8760014430930217,8318976.0,0.6113247421259681,0.6127336223299304,8318976.0,0.0044629848198383115,0.004453739013115409
8331264.0,0.8896743853886923,0.878611797404786,8331264.0,0.6168899325033029,0.6139414642006159,8331264.0,0.004424232174642384,0.0044548410328085685
8343552.0,0.8999637241164843,0.8826763475934664,8343552.0,0.6332527523239454,0.617954497039318,8343552.0,0.004505797505165295,0.004463742733059917
8355840.0,0.8897275812923908,0.8843422620246809,8355840.0,0.6290170702462395,0.6210907399964829,8355840.0,0.004525288194903017,0.004478527275690189
8368128.0,0.8920537550002337,0.8851705457394321,8368128.0,0.6242295152818164,0.623477410711348,8368128.0,0.00451919186404363,0.004482855447228455
8380416.0,0.9049339760094881,0.8882766893133521,8380416.0,0.6185059087971846,0.6234076087673506,8380416.0,0.004544577367293338,0.004491774771546867
8392704.0,0.8695489186793566,0.8883546425650517,8392704.0,0.6067537143826485,0.6211476648226382,8392704.0,0.0044877796559982626,0.0044904974522069095
8404992.0,0.8889849136273066,0.8887814861411849,8404992.0,0.620433209463954,0.6202597484613459,8404992.0,0.004499581804945289,0.004492198199538203
8417280.0,0.8728275435666243,0.8869742731253305,8417280.0,0.6102741196130713,0.6188293108716606,8417280.0,0.004473898693201288,0.004493880825854528
8429568.0,0.8778046059111754,0.8861533472935358,8429568.0,0.5957052474841475,0.6166386212222278,8429568.0,0.0044969816954107955,0.00449403137754416
8441856.0,0.8952242688586315,0.8880743672450384,8441856.0,0.6009242633978525,0.6155985733494164,8441856.0,0.004493709988310002,0.00449710389439133
8454144.0,0.900247153515617,0.8891316440577308,8454144.0,0.5985826974113783,0.6137678498402238,8454144.0,0.004389467084062441,0.004493627385333336
8466432.0,0.9027337466056148,0.8894086463066438,8466432.0,0.5836356847236553,0.6088061430801948,8466432.0,0.004461525716275598,0.0044892002064443656
8478720.0,0.8891295113911232,0.8893488393165171,8478720.0,0.5922481864690781,0.6051292547024787,8478720.0,0.004443986908881925,0.004481070077842256
8491008.0,0.8640251755714417,0.8865459813736379,8491008.0,0.5715432126695911,0.5998606244412561,8491008.0,0.004450839609489776,0.004474234852386872
8503296.0,0.8764602219065031,0.8836986059633395,8503296.0,0.5738831938554844,0.5953983529470861,8503296.0,0.004461286589503288,0.004465905774607867
8515584.0,0.8608368349572023,0.8828273975911239,8515584.0,0.5578865678980947,0.5905116382986306,8515584.0,0.0044899653633668395,0.004466124345344725
8527872.0,0.8698595706373453,0.8809148632921279,8527872.0,0.5659690905983249,0.5850652264120678,8527872.0,0.004465693047677632,0.004462735469617959
8540160.0,0.8629037775099277,0.8799224866864581,8540160.0,0.5561387864872813,0.5796516930994888,8540160.0,0.004423713670500244,0.004457716967347854
8552448.0,0.8674937648077806,0.8788914025761188,8552448.0,0.5581202364216248,0.5758931919932365,8552448.0,0.0045201853378481855,0.004460037331591593
8564736.0,0.8893067371100187,0.8782996494012576,8564736.0,0.5705820173025131,0.5728589673837026,8564736.0,0.004419713938356533,0.004452637726596246
8577024.0,0.8851738249262174,0.8767923165423175,8577024.0,0.5774632000053922,0.570747017643104,8577024.0,0.004546737485118986,0.004468364766701901
8589312.0,0.8921959139406681,0.875738533275823,8589312.0,0.582990201190114,0.5706824692897499,8589312.0,0.004543090944935102,0.004476521289567851
8601600.0,0.8903850577771664,0.8758640879144272,8601600.0,0.5700259550164143,0.5684602461444835,8601600.0,0.004528385009810639,0.004484961099660723
8613888.0,0.8906454108655453,0.8785261114438375,8613888.0,0.5868142473821839,0.5699873496157427,8613888.0,0.004513364345863617,0.004491213573298106
8626176.0,0.8731546433021625,0.8781955535834035,8626176.0,0.5846906552712122,0.5710680957573155,8626176.0,0.004507642472162843,0.004495849161564062
8638464.0,0.885060199846824,0.8806178900723657,8638464.0,0.5958498222753406,0.5748644211950402,8638464.0,0.004540825941755126,0.00450093521940289
8650752.0,0.8865790572017431,0.8822898387288053,8650752.0,0.6170658168072501,0.5799740938159327,8650752.0,0.00453451585296231,0.004507817499931358
8663040.0,0.8836492951959372,0.8843643904974063,8663040.0,0.616092543117702,0.5859694694789748,8663040.0,0.004455315953237005,0.004510977728205034
8675328.0,0.8907149452716112,0.8866865085437894,8675328.0,0.6065145765120784,0.5908089034880202,8675328.0,0.004508374271002443,0.00450979662152046
8687616.0,0.8863761052489281,0.8863934453576803,8687616.0,0.598703095378975,0.5936210112956664,8687616.0,0.004536769740904371,0.004521502201775244
8699904.0,0.8826095325251421,0.8861370161175728,8699904.0,0.6023139360671242,0.5961060849018395,8699904.0,0.004422012503103663,0.004509029703573712
8712192.0,0.8847460976491371,0.8853920344884196,8712192.0,0.6158031554271778,0.5993873803255457,8712192.0,0.004453001507499721,0.004500020759830174
8724480.0,0.8816180353363355,0.8845153322443366,8724480.0,0.5800189590081573,0.6003866807247201,8724480.0,0.00444360620410104,0.0044915428792592135
8736768.0,0.8973700863619646,0.8851877997939785,8736768.0,0.589470522167782,0.60065230820328,8736768.0,0.004457933787004246,0.004485999823373277
8749056.0,0.9011147245764732,0.8879838079214096,8749056.0,0.5997219240913788,0.6021554350852967,8749056.0,0.004471820153412409,0.004482417591498233
8761344.0,0.8802982270717621,0.8875076106439035,8761344.0,0.5979520625745257,0.6023656591152151,8761344.0,0.004559216344205197,0.00448425663174324
8773632.0,0.8843632998565832,0.8872860349093875,8773632.0,0.588222692720592,0.5994813467065494,8773632.0,0.004457803460051461,0.004476585392452156
8785920.0,0.8855735200146834,0.8874784573912621,8785920.0,0.5788783760120472,0.5957599299959837,8785920.0,0.00455447772401385,0.00448650156952984
8798208.0,0.8926686781148115,0.8876738306755823,8798208.0,0.5519585426275929,0.5903043266075352,8798208.0,0.0045138656690445105,0.0044870507093340475
8810496.0,0.8566061103095611,0.8846968311816454,8810496.0,0.5748118360837301,0.5879152006780106,8810496.0,0.004511802949612805,0.004484554030204891
8822784.0,0.8771819279839596,0.8841540707275272,8822784.0,0.5515198046341538,0.5828357875347138,8822784.0,0.0044357691561648,0.004485929695511004
8835072.0,0.8864159565418959,0.8843210566168029,8835072.0,0.5494524408131838,0.5762007160733142,8835072.0,0.00452963390610724,0.004493592935371757
8847360.0,0.8795154759039482,0.8841108006735643,8847360.0,0.5549009876946608,0.5736889189419647,8847360.0,0.0044692162167242104,0.004496153936634073
8859648.0,0.8821025049934784,0.8825840425367156,8859648.0,0.5512212123721838,0.5698639879624049,8859648.0,0.004496451734060732,0.004500005731339722
8871936.0,0.8702410086989403,0.8794966709489624,8871936.0,0.5649130983899037,0.5663831053922574,8871936.0,0.004487594194263996,0.0045015831354248805
8884224.0,0.8834017639358839,0.8798070246353745,8884224.0,0.5707350022469958,0.5636613993595043,8884224.0,0.00448525737010641,0.004494187238015002
8896512.0,0.8705044581244389,0.8784211404621601,8896512.0,0.5731102218851447,0.5621501522759595,8896512.0,0.004538981653846956,0.004502305057394551
8908800.0,0.8520984301964442,0.8750736314803362,8908800.0,0.5739304081847271,0.5616553554932276,8908800.0,0.004517420027696062,0.004498599287762772
8921088.0,0.8776962322493395,0.8735763868937889,8921088.0,0.5802072174847126,0.5644802229789396,8921088.0,0.004429061989261148,0.0044901189197844365
8933376.0,0.8862783585985502,0.8765436117226878,8933376.0,0.5869891457259655,0.5656979539431631,8933376.0,0.0044968043293920346,0.004488619057762358
8945664.0,0.8969240747392178,0.8785178263982136,8945664.0,0.6163373356685042,0.5721797070465982,8945664.0,0.004516272965702228,0.004496669438716102
8957952.0,0.8926949221640825,0.8791457229604325,8957952.0,0.6258254718656341,0.5798170101518433,8957952.0,0.0044943760537231965,0.004493143653477697
8970240.0,0.9029065072536469,0.8814848260954022,8970240.0,0.6387027200932304,0.5881971833917004,8970240.0,0.004467686366600295,0.004492990668465306
8982528.0,0.9057032490770022,0.8838449005037546,8982528.0,0.6105574192479253,0.5941308040792743,8982528.0,0.004496158197677384,0.004492961314826971
8994816.0,0.8993502923597892,0.8867558288698396,8994816.0,0.616484004072845,0.5992878946475685,8994816.0,0.0044716646322437254,0.004491368358624943
9007104.0,0.9078110978007317,0.8891967622563243,9007104.0,0.6198539960508546,0.6041997940279542,9007104.0,0.004522989979401852,0.004495141619554488
9019392.0,0.9051556525131067,0.8926618816951912,9019392.0,0.6257863463833928,0.6094674064777791,9019392.0,0.004469299776246771,0.00448817343179447
9031680.0,0.8933510798960924,0.8967871466651559,9031680.0,0.6154872126256427,0.6136230869218706,9031680.0,0.00450357144291047,0.004486788573315911
9043968.0,0.9096391145139933,0.8999814348916214,9043968.0,0.6156597441683213,0.6171683395902315,9043968.0,0.004429366568122835,0.0044868190312020795
9056256.0,0.9028002806007862,0.9016336270918449,9056256.0,0.6208727785075704,0.6205567028683922,9056256.0,0.0045170489805362495,0.004488843496316501
9068544.0,0.9003717067341009,0.9019783902913332,9068544.0,0.6373838555688659,0.6226613548584282,9068544.0,0.004511089578348522,0.004488325157581131
9080832.0,0.9108402294417223,0.9037929210190973,9080832.0,0.6374766972536842,0.6238264773972333,9080832.0,0.004476734289103963,0.004486560981119207
9093120.0,0.8931570059309403,0.9028179708868265,9093120.0,0.6339691501731674,0.623353120405227,9093120.0,0.004567467619684369,0.004496539106427615
9105408.0,0.9026111861069998,0.9025087645898264,9105408.0,0.6332567449038228,0.6256230529708168,9105408.0,0.004500548568709443,0.0044969781435308205
9117696.0,0.8998389827708403,0.9025576336309313,9117696.0,0.6469150309761366,0.6286661556611458,9117696.0,0.004519637239961109,0.004501775404302558
9129984.0,0.8974222106238207,0.9015187449132404,9129984.0,0.623410706097881,0.6290218266658485,9129984.0,0.004491585098245802,0.004498634916186952
9142272.0,0.8993726894259453,0.9009404486045242,9142272.0,0.6100441742067536,0.6274476094481846,9142272.0,0.004457086344094326,0.004497413572971709
9154560.0,0.8867142690966526,0.9002767675245801,9154560.0,0.6129855088268718,0.6271974390683074,9154560.0,0.004516035633666131,0.004498659992047275
9166848.0,0.9055333112676939,0.8998661871999503,9166848.0,0.6262894620498022,0.6282604108564556,9166848.0,0.004512907211998633,0.004507014056434855
9179136.0,0.903124280894796,0.8998985872293511,9179136.0,0.6094167723009983,0.6271148102357984,9179136.0,0.0045358360051371465,0.004508892758894945
9191424.0,0.8984598374615113,0.8997074003020922,9191424.0,0.6091657641033331,0.6242930010892451,9191424.0,0.004588221473871575,0.00451660594844725
9203712.0,0.9005750448753437,0.8986808818454544,9203712.0,0.6018453765039643,0.6207298690142731,9203712.0,0.004476220104455327,0.004516554529982387
9216000.0,0.9118151143193245,0.9005466926842928,9216000.0,0.6016050086667141,0.6174934548636277,9216000.0,0.004494907087064348,0.004509298476720385
9228288.0,0.9040937827279171,0.9006949523463845,9228288.0,0.5797681504239639,0.6121445954156418,9228288.0,0.004507941443686529,0.004510037764218092
9240576.0,0.8931683618575335,0.9000278902550539,9240576.0,0.5694813020527363,0.6044012225233019,9240576.0,0.004471570978542634,0.004505231138076245
9252864.0,0.8842943912992874,0.8987151083226005,9252864.0,0.5673806397244334,0.5987982158859572,9252864.0,0.004456933180335909,0.004501765946285256
9265152.0,0.8681228701025248,0.8955901263902584,9265152.0,0.5792289969200889,0.5957166981572907,9265152.0,0.0044892606359402025,0.004504983375469843
9277440.0,0.8706645698597034,0.8939851564665636,9277440.0,0.5827079688509306,0.5926889441596965,9277440.0,0.004529595190736775,0.004506339331176909
9289728.0,0.8638148525108894,0.8898133105908832,9289728.0,0.5972755132243037,0.5897875492771466,9289728.0,0.004507418734040887,0.004505790483381134
9302016.0,0.865503590553999,0.8860512415568035,9302016.0,0.6114682632808884,0.5899926983751357,9302016.0,0.004507195956345337,0.0045029264785019524
9314304.0,0.8627320996796092,0.8824784677786133,9314304.0,0.6079396322990457,0.589870085194707,9314304.0,0.004494350958945385,0.004493539427009333
9326592.0,0.8835161762932936,0.8807725809204081,9326592.0,0.6283172188947598,0.5925172694337866,9326592.0,0.0044885165577094694,0.004494769072334747
9338880.0,0.8790260956933101,0.8774936790578067,9338880.0,0.6365098071595033,0.5960077492830654,9338880.0,0.0045003277870515985,0.0044953111423334715
9351168.0,0.8511102429280678,0.8721953250778218,9351168.0,0.6311276536434889,0.6011436996050179,9351168.0,0.004440644632268231,0.004488581461191643
9363456.0,0.8797202594578266,0.870850514837851,9363456.0,0.6404097676277161,0.6082365461625159,9363456.0,0.004473819152432649,0.004488806278580644
9375744.0,0.8535762503743172,0.8677787007453542,9375744.0,0.6298630979532996,0.6144847919854025,9375744.0,0.004490440330603936,0.004492156993607447
9388032.0,0.875914121667544,0.8685578259018559,9388032.0,0.6357082727675637,0.62013271957015,9388032.0,0.004468824231783704,0.004490113353191797
9400320.0,0.8696065855522951,0.8684520274711153,9400320.0,0.6640193071216345,0.6282638533972204,9400320.0,0.0044747780678638565,0.004484631640904506
9412608.0,0.8555508963763714,0.8676256318576634,9412608.0,0.6516768985117475,0.6337039919259648,9412608.0,0.004525518820931514,0.004486441649593569
9424896.0,0.8667892379065355,0.8677541965929171,9424896.0,0.6527205308278402,0.63782921868066,9424896.0,0.004467800790735055,0.00448250213303254
9437184.0,0.849537706002593,0.8664347572252155,9437184.0,0.6597414814556638,0.6430094035963216,9437184.0,0.004527470657194499,0.004485814102857451
9449472.0,0.8637628940244516,0.8644594289983314,9449472.0,0.6713133857895931,0.6473090202858052,9449472.0,0.004530741561514636,0.0044900366032379685
9461760.0,0.8480771301935116,0.8613645324483514,9461760.0,0.6694313337405523,0.6506011729439098,9461760.0,0.00449288880675643,0.004489292705208451
9474048.0,0.8613202255219221,0.8623855307077368,9474048.0,0.6703231732050577,0.6545207249000669,9474048.0,0.004525156812936378,0.0044977439232752655
9486336.0,0.8471343697359165,0.8591269417355459,9486336.0,0.6585098328068852,0.6563307314179838,9486336.0,0.004488443502244384,0.00449920635825644
9498624.0,0.8388349742939075,0.8576528141275048,9498624.0,0.654580109131833,0.6588024325358371,9498624.0,0.00449434002560641,0.004499596327756687
9510912.0,0.841088974227508,0.8541702993835012,9510912.0,0.6640184909726182,0.6616334543563426,9510912.0,0.004500965422873075,0.004502810446865624
9523200.0,0.8502111975103617,0.8522307605793078,9523200.0,0.653514612155656,0.6605829848597449,9523200.0,0.004594493543360538,0.004514781994415291
9535488.0,0.8612038586288691,0.8527960568045577,9535488.0,0.6319225312521061,0.6586075481337806,9535488.0,0.004458556053577922,0.004508085717679932
9547776.0,0.8683593481158217,0.8529530678254863,9547776.0,0.6489042149235805,0.6582259165433546,9547776.0,0.004493422687422329,0.00451064790734866
9560064.0,0.8823860256622235,0.8562378997914493,9560064.0,0.6665409862374266,0.6589058670215308,9560064.0,0.004550291698251385,0.004512930011454349
9572352.0,0.8529581626256307,0.8551574266515672,9572352.0,0.6765278388435642,0.6594273123269281,9572352.0,0.004519373125125033,0.004511793167815388
9584640.0,0.8647215335319439,0.8568218669854104,9584640.0,0.6706113796681166,0.6595453169196845,9584640.0,0.004477020678071615,0.004510206354946907
9596928.0,0.8732287039359411,0.8580127148268124,9596928.0,0.6696005587776502,0.6594730554769437,9596928.0,0.0044958103001893806,0.0045072717036722075
9609216.0,0.8538945708423853,0.8586887349374592,9609216.0,0.6533944383263588,0.658961516028891,9609216.0,0.004470380956869728,0.004505465449134742
9621504.0,0.865926948065559,0.8613979323146245,9621504.0,0.6645987698187431,0.6599633820975821,9621504.0,0.004543784836035532,0.004510409930177654
9633792.0,0.8603250154604515,0.8633215364379188,9633792.0,0.6489508589729667,0.6584566188976169,9633792.0,0.004519305269544323,0.004512243914844779
9646080.0,0.8504501425971588,0.8633454309465984,9646080.0,0.6532137685765823,0.6584265345397096,9646080.0,0.0045508645416703075,0.0045078810146757554
9658368.0,0.8695913444583615,0.8641841795295477,9658368.0,0.6795306568965316,0.6631873471041521,9658368.0,0.004490919462114107,0.0045111173555293736
9670656.0,0.8607472262034813,0.8634229673383136,9670656.0,0.6640091935793558,0.6646978449697296,9670656.0,0.004447270939029598,0.004506502180690101
9682944.0,0.8844877971957127,0.8636331444916626,9682944.0,0.675275282934308,0.6655712746394178,9682944.0,0.004395612944790628,0.004491034305344025
9695232.0,0.8775422119845947,0.8660915494275591,9695232.0,0.6651763695602616,0.6644361277110875,9695232.0,0.004473381321683216,0.0044864351249998425
9707520.0,0.9046237617731094,0.8700817722516756,9707520.0,0.667656914020578,0.6641406811463336,9707520.0,0.004506155317358207,0.004489348588928502
9719808.0,0.9248958968867859,0.87524849154676,9719808.0,0.6497338231032094,0.6621540075788895,9719808.0,0.004542692431035296,0.004494036802013094
9732096.0,0.9107878183325132,0.8809378162957728,9732096.0,0.6573042403906584,0.6625449877853196,9732096.0,0.004499660060294748,0.004496964712355596
9744384.0,0.8963983121017615,0.883984952699393,9744384.0,0.6640670144309601,0.6624918122465412,9744384.0,0.004505548635885741,0.004493141092340617
9756672.0,0.9247549890230099,0.8904279500556489,9756672.0,0.6740681991601983,0.6650035462652644,9756672.0,0.004568538373860065,0.004498064402772192
9768960.0,0.9071933757513762,0.8961022733710706,9768960.0,0.6738378762577971,0.6670659570333859,9768960.0,0.004494871546436722,0.004492465103248832
9781248.0,0.9070645359655222,0.8998495925217869,9781248.0,0.6782801058143377,0.6669409019251664,9781248.0,0.004496216934057884,0.004492994850443211
9793536.0,0.8921286954234043,0.902987739443779,9793536.0,0.6727524263163408,0.6678152251988649,9793536.0,0.004487110282449673,0.004496978784785218
9805824.0,0.9012976506104072,0.9046687247852485,9805824.0,0.6755964457988739,0.6678473414853215,9805824.0,0.004460956690309104,0.004503513159337066
9818112.0,0.9111769559482733,0.9080321991816163,9818112.0,0.6831935153653225,0.6696490560658276,9818112.0,0.00447940962718955,0.004504115989887699
9830400.0,0.9113340967645248,0.9087032326807579,9830400.0,0.6759149404242635,0.6704748587061962,9830400.0,0.004495581970938171,0.004503058655245695
9842688.0,0.9182821394254764,0.9080418569346269,9842688.0,0.6751151156301299,0.6730129879588882,9842688.0,0.0044970402256391635,0.004498493434706081
9854976.0,0.915262141575416,0.9084892892589173,9854976.0,0.6809559731433789,0.6753781612341603,9854976.0,0.004495709157102586,0.004498098344386866
9867264.0,0.9110572623709837,0.9099551842858394,9867264.0,0.6769100793947777,0.6766624677305421,9867264.0,0.004512396830250509,0.004498783163823343
9879552.0,0.8838958274573088,0.9058692681292693,9879552.0,0.6748461813355485,0.6767402659480771,9879552.0,0.0044750086138568195,0.004489430187823018
9891840.0,0.8732898253947496,0.9024789130936067,9891840.0,0.6717801767711838,0.6765344959994157,9891840.0,0.0044674240828802185,0.0044866854414673685
9904128.0,0.8937785805513462,0.901150317552189,9904128.0,0.6769624895726641,0.6764027343752483,9904128.0,0.0044730592489941046,0.004484369672960989
9916416.0,0.8920720977087816,0.9011446577807268,9916416.0,0.6761148575072488,0.6767389774943391,9916416.0,0.004525799668044783,0.004488238611520501
9928704.0,0.921336164077123,0.9031485091273984,9928704.0,0.6765389200299978,0.6768332249174516,9928704.0,0.004471374062025764,0.004489280348692167
9940992.0,0.9208396741499504,0.9041147809475663,9940992.0,0.6796325420339903,0.6764771275843183,9940992.0,0.00452341950100769,0.0044936813360739805
9953280.0,0.8939818677802881,0.9023795580491424,9953280.0,0.6734279850497842,0.6762284320468703,9953280.0,0.004517762363927129,0.004495899375372876
9965568.0,0.8876878066609303,0.8993201247726879,9965568.0,0.6752431942149997,0.6762412399053573,9965568.0,0.004424676386406645,0.004488662991449625
9977856.0,0.8815987724810839,0.8959537878632545,9977856.0,0.6706577641889453,0.6752114190099141,9977856.0,0.004593417843958984,0.004498433860135264
9990144.0,0.8551421128213406,0.8903622729082903,9990144.0,0.6757372083763281,0.6750941319080691,9990144.0,0.004473309866928806,0.004494525163803094
10002432.0,0.876691285520792,0.8896418187146384,10002432.0,0.6756848317260543,0.6751779969471198,10002432.0,0.004460764886365117,0.0044931007910539245
10014720.0,0.8783158728231987,0.8901444234574836,10014720.0,0.68226900169005,0.6762268794390062,10014720.0,0.004558863697942191,0.004502244752560123
10027008.0,0.8869760340700547,0.8894641688093543,10027008.0,0.674002429159979,0.6759308733977377,10027008.0,0.004568150817552426,0.004511753909415954
10039296.0,0.8784287323554357,0.8880998322740197,10039296.0,0.6813314783697327,0.6764525354839861,10039296.0,0.004461822878511157,0.00450535623046259
10051584.0,0.88340073886017,0.8843062897523243,10051584.0,0.6773762665688992,0.6765362701378762,10051584.0,0.004508095735218376,0.004509028397781852
10063872.0,0.8909157514572144,0.8813138974830508,10063872.0,0.6792021446550885,0.6764932303999861,10063872.0,0.0045250665401302586,0.00450919310169411
10076160.0,0.8906849014262358,0.8809842008476455,10076160.0,0.6715801808362206,0.6763084499786297,10076160.0,0.004508039557549637,0.00450822082105636
10088448.0,0.8923004946360985,0.8814454696451625,10088448.0,0.683493595259885,0.6771334900831183,10088448.0,0.004529635477714085,0.004518716730187103
10100736.0,0.9084699749946594,0.8841325898965199,10100736.0,0.6750610663245121,0.677573820296675,10100736.0,0.004481806356731492,0.004507555581464354
10113024.0,0.9152190095434586,0.8901402795687318,10113024.0,0.6802210019280513,0.6780221996518472,10113024.0,0.0045715202650171705,0.004517376621273191
10125312.0,0.8975125594685475,0.8922224069635073,10125312.0,0.6763967210426927,0.678093388583511,10125312.0,0.004554933727680084,0.004526793505404688
10137600.0,0.9079720464845499,0.8951880243296424,10137600.0,0.6743954022725424,0.6773060286417603,10137600.0,0.004473485202955392,0.004518255655906008
10149888.0,0.9265766882648071,0.8991480897491178,10149888.0,0.6734478799626231,0.6772505737220247,10149888.0,0.00450778453280994,0.00451221902743176
10162176.0,0.933508358274897,0.9046560523410638,10162176.0,0.6816822529459993,0.6772856511796514,10162176.0,0.0045449933895724826,0.004520536078537892
10174464.0,0.9341183143357435,0.909727809888621,10174464.0,0.6878442419692874,0.6783324487196902,10174464.0,0.004476981390325818,0.0045174246440486355
10186752.0,0.9158275729666153,0.9122189920395612,10186752.0,0.6896660088871917,0.6793788351429005,10186752.0,0.004544777519186027,0.004519395741954213
10199040.0,0.9145632286866506,0.9146068247656028,10199040.0,0.6924362027396759,0.681464437333246,10199040.0,0.0045347479948153096,0.004522066585680781
10211328.0,0.9078996013849974,0.9161667354404927,10211328.0,0.6824764472742876,0.6813627225346863,10211328.0,0.004530066403579743,0.004522109678267347
10223616.0,0.927968812485536,0.9181166191895803,10223616.0,0.6783148674294353,0.6816881026451787,10223616.0,0.004545248904226658,0.0045284539330168625
10235904.0,0.9159214726338784,0.9181868654986223,10235904.0,0.677607006393373,0.6814267030917108,10235904.0,0.004545960939140059,0.004525898000429152
10248192.0,0.9141951352357864,0.9198551230753461,10248192.0,0.6731253170097867,0.6810995626884202,10248192.0,0.0045141531809349544,0.0045218199457546385
10260480.0,0.9215698881695668,0.9212149072438478,10260480.0,0.6753075628851851,0.6811907787496845,10260480.0,0.00454275484662503,0.0045287469101216015
10272768.0,0.9246762984742721,0.9210248682647943,10272768.0,0.6665360021094481,0.680499590964367,10272768.0,0.004529769578463553,0.004530945414686963
10285056.0,0.927855251977841,0.9204595576350888,10285056.0,0.6724654476468762,0.6795779104344547,10285056.0,0.004538389832305256,0.0045302850589602406
10297344.0,0.9086031143863996,0.9179080376401544,10297344.0,0.6793188642089566,0.6787253726584215,10297344.0,0.0046750111287110485,0.0045500880327987644
10309632.0,0.9140486779312292,0.9177301481366158,10309632.0,0.6660233344882727,0.6763611052185297,10309632.0,0.004530344893282745,0.004548644770208436
10321920.0,0.9135928141574065,0.9176331066836912,10321920.0,0.6695311305423578,0.6740705979987979,10321920.0,0.004551895248975295,0.004550359495624433
10334208.0,0.9183700115730365,0.9186801477024952,10334208.0,0.6651200869431099,0.6723349619656801,10334208.0,0.004525408842406857,0.004549893739507145
10346496.0,0.9168959446251392,0.9175728609164556,10346496.0,0.675551037924985,0.672058579015235,10346496.0,0.004548829259874765,0.004550251775071956
10358784.0,0.9211864713579416,0.9180993607888619,10358784.0,0.665819670073688,0.6708798453832666,10358784.0,0.0045360188620785875,0.004549257567365809
10371072.0,0.9215123026321331,0.9188310775284967,10371072.0,0.6793215445553263,0.6714994681378206,10371072.0,0.004529423250157076,0.00455078457428802
10383360.0,0.9172048239658276,0.9183945711081225,10383360.0,0.6751922490075231,0.6714879367500542,10383360.0,0.004455479441579276,0.004542057033783446
10395648.0,0.9013040730108818,0.9160573485617837,10395648.0,0.6712935694182912,0.6719636934809388,10395648.0,0.004519833404629026,0.004541063416399994
10407936.0,0.9182087431351343,0.9150926976775129,10407936.0,0.6769449928154548,0.6724116479977965,10407936.0,0.004617453717704241,0.004548969804939892
10420224.0,0.9055912128339211,0.914791507522265,10420224.0,0.6674288508171836,0.6712226466586193,10420224.0,0.00459269706576985,0.004540738398645772
10432512.0,0.9121943817784389,0.9146060779069861,10432512.0,0.669277428338925,0.6715480560436845,10432512.0,0.004509784957917873,0.004538682405109283
10444800.0,0.9157855100929737,0.9148253475005428,10444800.0,0.6704180718710026,0.671636750176549,10444800.0,0.004533007107966114,0.004536793591008366
10457088.0,0.918832345555226,0.9148715808987615,10457088.0,0.6735301526884238,0.6724777567510803,10457088.0,0.00453926809617163,0.004538179516384844
10469376.0,0.9006776778648297,0.9132497542227307,10469376.0,0.6756951423982779,0.6724921671984097,10469376.0,0.0045695976029189,0.004540256350689257
10481664.0,0.9008130592604479,0.9112124130129814,10481664.0,0.6655964168409506,0.6724698418751359,10481664.0,0.00446418523642933,0.004533072988124331
10493952.0,0.9113600235432386,0.910197185104092,10493952.0,0.6626687329262495,0.6708045607122283,10493952.0,0.004550829527336949,0.004535213615842319
10506240.0,0.898894352838397,0.9083661379913488,10506240.0,0.6587136192247272,0.6691566977339486,10506240.0,0.004499823924561497,0.004539648064140541
10518528.0,0.8873696426550547,0.9069726949557662,10518528.0,0.6645402017359933,0.6684813609657188,10518528.0,0.004523207814296863,0.004539985505107324
10530816.0,0.897068053483963,0.9048586259906489,10530816.0,0.6640484621748328,0.6671917079016565,10530816.0,0.004524682175542694,0.00453070835089117
10543104.0,0.9014969176302353,0.9044491964702805,10543104.0,0.6637675721819202,0.6668255800381303,10543104.0,0.004528536701400299,0.0045242923144542145
10555392.0,0.9013280458748341,0.90336256287992,10555392.0,0.6673545828089118,0.666633295485129,10555392.0,0.004561943967322198,0.004529508215394647
10567680.0,0.8957863996426264,0.9013626518348852,10567680.0,0.6689543450872103,0.6664869228067498,10567680.0,0.004554993579707419,0.0045317068625687785
10579968.0,0.8890874944627285,0.8983881667256355,10579968.0,0.6602598813672861,0.665159895674636,10579968.0,0.004516970650001895,0.004529477117951804
10592256.0,0.8912752605974674,0.8974479249988991,10592256.0,0.6508453379695615,0.6626749152317642,10592256.0,0.004524548118448972,0.004524972169504811
10604544.0,0.9155431327720484,0.8989209323500594,10604544.0,0.6576085078219572,0.661876124329865,10604544.0,0.004482270618609618,0.00452678070772284
10616832.0,0.8972818950812022,0.8975131195038557,10616832.0,0.64941650784264,0.6605509018215041,10616832.0,0.004539468965958804,0.004525644651585026
10629120.0,0.8750631169726452,0.8951299959172806,10629120.0,0.6483047232031822,0.6595100122193496,10629120.0,0.004557181916122015,0.004531380450741077
10641408.0,0.9136286936700344,0.8977559010187784,10641408.0,0.6610387864833077,0.6591598706940809,10641408.0,0.004498920793897317,0.004528951748701123
10653696.0,0.9008271501710018,0.8981318106874824,10653696.0,0.6512147104367614,0.6578764955202738,10653696.0,0.004549652801263922,0.004531448811273246
10665984.0,0.9280353182305893,0.9007856507475178,10665984.0,0.6503885158648094,0.6565385898885627,10665984.0,0.00448416372819338,0.004527011513952554
10678272.0,0.9011744217326244,0.900770288333297,10678272.0,0.6387463804955283,0.6536777696572245,10678272.0,0.004513837227326197,0.004522200839952954
10690560.0,0.8976391882946094,0.9009555671984952,10690560.0,0.6237088702619076,0.6491532221746942,10690560.0,0.004537585627986118,0.004520460044780824
10702848.0,0.8822387376179298,0.9002706915140154,10702848.0,0.6466279507925113,0.6477900291172166,10702848.0,0.004530522797722369,0.004521815259552872
10715136.0,0.8896551846216122,0.9001086839164296,10715136.0,0.6432591366271178,0.6470314089829723,10715136.0,0.004558780730197516,0.004525238520727726
10727424.0,0.8794075213372707,0.896495122772952,10727424.0,0.6500139869749546,0.6462719568982721,10727424.0,0.004552469550011058,0.0045322584138678705
10739712.0,0.9169406667351723,0.898460999938349,10739712.0,0.6509145200252533,0.6464217581165335,10739712.0,0.00454800997977145,0.004533112515249135
10752000.0,0.8956240427990755,0.9005170925209919,10752000.0,0.6395269862065712,0.6455439844168723,10752000.0,0.004607059672707692,0.004538100290907702
10764288.0,0.8928272693107525,0.8984369500850639,10764288.0,0.6517086435730258,0.6446109701258441,10764288.0,0.004584162175888196,0.004546624429106789
10776576.0,0.9086877858887116,0.8992230136568347,10776576.0,0.6399390297010541,0.6434834020522733,10776576.0,0.004571150221939509,0.004548774171174349
10788864.0,0.8894030917435884,0.8953597910081348,10788864.0,0.6336169100056092,0.6418062414663533,10788864.0,0.0045290225073889205,0.004553260049093903
10801152.0,0.9097706377506256,0.8962194126099348,10801152.0,0.6197712160646915,0.6399087250232697,10801152.0,0.0045310394537712755,0.004554980271738411
10813440.0,0.9231774198512236,0.8987732357655961,10813440.0,0.6443337829162677,0.6419712162887057,10813440.0,0.004555804584621607,0.004556802167401959
10825728.0,0.9236539968599876,0.9029147616898021,10825728.0,0.6425265803312262,0.641561079242577,10825728.0,0.004573736230668146,0.0045611235106965365
10838016.0,0.9064775550117096,0.9045969987288117,10838016.0,0.6531455498188734,0.6425497205617526,10838016.0,0.004511432860454079,0.004556388723722193
10850304.0,0.8956672617544731,0.906222972770532,10850304.0,0.6529448457683126,0.6428428064410885,10850304.0,0.004564278589289946,0.004557569627650083
10862592.0,0.8936847057193518,0.90389737666895,10862592.0,0.6424318986634413,0.6419945443049074,10862592.0,0.004502968045320206,0.004553065434204958
10874880.0,0.89820921048522,0.9041558934375644,10874880.0,0.6437992180387179,0.642421767488122,10874880.0,0.004548385021431993,0.004547197969077388
10887168.0,0.8921090696627895,0.9040840734727679,10887168.0,0.6280473209917545,0.6400556352299949,10887168.0,0.0045086206834336435,0.004539643819831932
10899456.0,0.8799429666250944,0.9012095915464065,10899456.0,0.6242586296672622,0.6384875952266157,10899456.0,0.004509914115866802,0.004533520209224662
10911744.0,0.8914288878440857,0.901412171156456,10911744.0,0.6105181435123086,0.6361777185772857,10911744.0,0.0044752195972250775,0.004528139918208277
10924032.0,0.893554201349616,0.8997905275163551,10924032.0,0.6403190620864431,0.6382325031794608,10924032.0,0.004593531344047126,0.004534389107235863
10936320.0,0.9032586558411518,0.8977986511153478,10936320.0,0.6380631445596615,0.6376054393438002,10936320.0,0.004496759356698021,0.004528484584443504
10948608.0,0.8974609803408384,0.895179349463433,10948608.0,0.6447550409163038,0.637828285402308,10948608.0,0.004574060316372197,0.004528516993013909
10960896.0,0.8807753125826517,0.8926091252205272,10960896.0,0.6424890666579207,0.6367626370862126,10960896.0,0.004505787204834633,0.0045279524274519645
10973184.0,0.9016578222314516,0.8932081812682251,10973184.0,0.6415984832371274,0.6356280008330941,10973184.0,0.004518322144576814,0.004523356782980652
10985472.0,0.8944228490193685,0.8932819955982267,10985472.0,0.6363722731669744,0.6350220382834474,10985472.0,0.004504398462207367,0.004523499824669367
10997760.0,0.89567471233507,0.8930285457832119,10997760.0,0.6347697507590055,0.6341190915554761,10997760.0,0.004504669515881687,0.004519128274114337
11010048.0,0.8731322462360064,0.8911308634405334,11010048.0,0.643209571018815,0.6356353165581823,11010048.0,0.00452697578293737,0.004520963784064709
11022336.0,0.9033378890405098,0.8934703556820749,11022336.0,0.6376139282559355,0.6369708464170496,11022336.0,0.004547621070135695,0.004524734479491599
11034624.0,0.919251099228859,0.8962525768205524,11034624.0,0.6299877731750408,0.6389178093833228,11034624.0,0.004580413306636426,0.004535253850432733
11046912.0,0.9130665510892868,0.8982038117945195,11046912.0,0.6263479503492514,0.6375206982096037,11046912.0,0.004499826003060055,0.004525883316334026
11059200.0,0.9152580269922813,0.8994037489096323,11059200.0,0.6337211343149344,0.637086497185131,11059200.0,0.0045111391809768975,0.004527321298761914
11071488.0,0.9221317109962305,0.9018708219751715,11071488.0,0.6327316397801042,0.635884157071511,11071488.0,0.004574729119970773,0.0045273881791217715
11083776.0,0.9154420668880144,0.9053374974057078,11083776.0,0.64484643129011,0.6361198935347299,11083776.0,0.004502927156863734,0.004527102174324682
11096064.0,0.9226813136289517,0.9074398465454578,11096064.0,0.6410995520030459,0.6360700004113217,11096064.0,0.004514472338390381,0.004526717193706039
11108352.0,0.9038019267221292,0.9083777543157339,11108352.0,0.6312179686501622,0.6355545699596405,11108352.0,0.004547142266043617,0.004530991574089664
11120640.0,0.9349862486124039,0.9123089079434672,11120640.0,0.6352684252584974,0.6356044374095897,11120640.0,0.0044900062421220355,0.0045295252467136985
11132928.0,0.9327408491323391,0.9182697682331005,11132928.0,0.6460091521342596,0.6358843955211342,11132928.0,0.004550700871429096,0.004531897755562871
11145216.0,0.9199231918901205,0.9199282985180617,11145216.0,0.653773708579441,0.6375003735534845,11145216.0,0.004535629224847071,0.004530698571034008
11157504.0,0.9275987129658461,0.9207630598917603,11157504.0,0.6572576177616914,0.6402273580121497,11157504.0,0.00452468419825891,0.004525125660196257
11169792.0,0.9099616538733244,0.9204525701701641,11169792.0,0.6509543874611458,0.6426880017233391,11169792.0,0.004575095420780902,0.004532652601968342
11182080.0,0.9362329790989558,0.9225500653808314,11182080.0,0.6311305422956744,0.6424289425214132,11182080.0,0.004517381642169009,0.004533276848087553
11194368.0,0.9331613046427568,0.9236530247454843,11194368.0,0.6323757224405805,0.6423933507874608,11194368.0,0.004524088617472444,0.00452821279783772
11206656.0,0.9374134087314209,0.9258501589298248,11206656.0,0.6490011215209961,0.6428088198105495,11206656.0,0.004514238680712879,0.004529343950222635
11218944.0,0.9196966644376516,0.9255516940106949,11218944.0,0.6392043363302946,0.6426192982432742,11218944.0,0.004530432408500928,0.004530939957233689
11231232.0,0.9343131184577942,0.9286028131842613,11231232.0,0.6484036827459931,0.6443378696528574,11231232.0,0.00446961462876061,0.0045231871935053885
11243520.0,0.9278638083487749,0.9278905691578985,11243520.0,0.6508717288573583,0.6458982000127433,11243520.0,0.004587950214045122,0.0045329815906976975
11255808.0,0.937748414153854,0.9283913256600499,11255808.0,0.6557971524695555,0.6468770000462731,11255808.0,0.00455643112945836,0.0045335546165006235
11268096.0,0.9316090506811937,0.9295599115391573,11268096.0,0.6490034408246478,0.6463999732707938,11268096.0,0.004533650365677507,0.004533356730583667
11280384.0,0.9184738378971815,0.9286474240322908,11280384.0,0.6447882130742073,0.6451530328020453,11280384.0,0.004580009740796716,0.004538889284837448
11292672.0,0.9261824979136387,0.9302695084363222,11292672.0,0.6580196702852845,0.6458595610844592,11292672.0,0.004489485077404727,0.004530328250499831
11304960.0,0.9301512191692988,0.9296613324433565,11304960.0,0.6440603965893388,0.6471525465138257,11304960.0,0.00449894295646421,0.00452848438192935
11317248.0,0.9341316601882378,0.9297583679979045,11317248.0,0.6451202519237995,0.6484269994621477,11317248.0,0.004462070576361536,0.004522282577818259
11329536.0,0.9371874605615934,0.9297357731809219,11329536.0,0.6439746549973885,0.6479243528097869,11329536.0,0.004505151674190226,0.004521373877165993
11341824.0,0.9472805416832367,0.9324941609054804,11341824.0,0.6452679364010692,0.6485307128168644,11341824.0,0.004579562815100265,0.004526286917825928
11354112.0,0.9223883226513863,0.9313016813248396,11354112.0,0.6541217683504025,0.6491025213773052,11354112.0,0.004515516969452922,0.00453087715189516
11366400.0,0.918501203879714,0.9303654208779335,11366400.0,0.6335049793124199,0.6473658464228114,11366400.0,0.0045281513084773906,0.004524897261338387
11378688.0,0.9288401839633783,0.9294745978588861,11378688.0,0.6149642520273725,0.643282556378593,11378688.0,0.004505695862462744,0.004519823734638824
11390976.0,0.9234565496444702,0.9286593477552136,11390976.0,0.6242669314766923,0.6408089054437975,11390976.0,0.004534333786674931,0.004519892076738566
11403264.0,0.9279420437912146,0.9296061683446167,11403264.0,0.6366377677768469,0.6399938609140615,11403264.0,0.004445780165648709,0.004506469119223765
11415552.0,0.9337104267130295,0.9303589612245557,11415552.0,0.6264913895477852,0.6368410328403115,11415552.0,0.004491326251203039,0.004506653236603597
11427840.0,0.9232763772209486,0.9296714770297209,11427840.0,0.6066212660322586,0.6330971197846035,11427840.0,0.004490931617813961,0.004505852102738573
11440128.0,0.9400542316337427,0.9302637341742714,11440128.0,0.6145604380095998,0.6300411383931837,11440128.0,0.004567819785734173,0.004516427023675836
11452416.0,0.9273508327702681,0.9292800713951388,11452416.0,0.6088662932937344,0.6265303022228181,11452416.0,0.004502751910573958,0.004516187047314209
11464704.0,0.9380075645943483,0.9283527736862501,11464704.0,0.6364830036958059,0.6256518089522918,11464704.0,0.00454469989684488,0.0045127007554886705
11476992.0,0.9429706881443659,0.9304110102355481,11476992.0,0.6458315796529254,0.624822790082544,11476992.0,0.004493675315946651,0.004510516590138044
11489280.0,0.9301241301000118,0.9315733028575778,11489280.0,0.6345315715298057,0.6249254493042826,11489280.0,0.004449406408336169,0.004502642100123922
11501568.0,0.937902302791675,0.9324795147404075,11501568.0,0.6550057878096899,0.6289296028825144,11501568.0,0.004493894698195315,0.004501461983697178
11513856.0,0.936841464911898,0.9338180062671503,11513856.0,0.6573209005097548,0.6322349997858207,11513856.0,0.004527023217330377,0.004500730926762722
11526144.0,0.9341955507795016,0.934443356965979,11526144.0,0.6696140030398965,0.6355326233121257,11526144.0,0.0045242823859249865,0.004508581148790351
11538432.0,0.928886386876305,0.9339609529823065,11538432.0,0.6760238893330097,0.6404858732906481,11538432.0,0.004610829474889518,0.004520531471158999
11550720.0,0.9234667271375656,0.9339799879739683,11550720.0,0.6733347500363985,0.6471572216910622,11550720.0,0.004537472498971813,0.004525185559274785
11563008.0,0.9157821753372749,0.9315527823443215,11563008.0,0.6727524474263191,0.652976422632734,11563008.0,0.004569808030889059,0.0045253843837902725
11575296.0,0.9359466681877772,0.9324123658860722,11575296.0,0.6759501912941536,0.6596848124327759,11575296.0,0.004504992789103805,0.004525608471643257
11587584.0,0.9284290311237177,0.9314545125390092,11587584.0,0.679221097069482,0.6639586217701435,11587584.0,0.00456158425125371,0.0045272969070841405
11599872.0,0.9347930432607731,0.93063674805065,11599872.0,0.6809531214336554,0.6674707759482166,11599872.0,0.004558726924490959,0.004533802067938572
11612160.0,0.9228865280747414,0.9299129878481229,11612160.0,0.667011596262455,0.6707187784214814,11612160.0,0.004482450489983118,0.004537106476103266
11624448.0,0.9293168957034746,0.9290544471393029,11624448.0,0.6768292300403118,0.6729011226445436,11624448.0,0.004586020787731589,0.004546319085056894
11636736.0,0.9344635779658953,0.9288166584447026,11636736.0,0.6818919604023298,0.6753582286338011,11636736.0,0.0044870306955999695,0.004542319832883853
11649024.0,0.9324690587818623,0.9286440092449386,11649024.0,0.6809050838152567,0.6764873367113371,11649024.0,0.004567016427851438,0.004546593237076497
11661312.0,0.9272585523625215,0.9284812257935604,11661312.0,0.6763882876063386,0.67652377653867,11661312.0,0.004545550616361045,0.00454006535122365
11673600.0,0.9276073208699623,0.9288952851668,11673600.0,0.6789060592030486,0.6770809074553351,11673600.0,0.0045342843538189,0.00453974653670836
11685888.0,0.9083526351799568,0.9281523311510682,11685888.0,0.6750539531931281,0.677311058032016,11685888.0,0.004478793450592396,0.004530645078678693
11698176.0,0.9241344134012858,0.926971105672419,11698176.0,0.6674484315638741,0.6764608820589879,11698176.0,0.004491358173254412,0.004529281617093753
11710464.0,0.9320527159919342,0.9273334741592407,11710464.0,0.6789261782541871,0.6764313901774586,11710464.0,0.004524727868556511,0.004525595978824033
11722752.0,0.9152171139915785,0.9253758812323213,11722752.0,0.6688265642151237,0.6752187344556054,11722752.0,0.004569472657749429,0.0045266705521498805
11735040.0,0.9203928175071875,0.9251265101755658,11735040.0,0.6514087071021398,0.6736584455395739,11735040.0,0.004536663802961509,0.004532091883447719
11747328.0,0.9370020764569441,0.9258950282509127,11747328.0,0.6653593058387438,0.6725114531194171,11747328.0,0.004547302560240496,0.0045282200606986105
11759616.0,0.9341983795166016,0.9258685084059834,11759616.0,0.6946342304969827,0.6737856801288824,11759616.0,0.004525775560371888,0.004532094547175803
11771904.0,0.9330085435261329,0.9259224568804105,11771904.0,0.6644293190911412,0.6721381036564709,11771904.0,0.004588192280304308,0.004534212132421089
11784192.0,0.9298277658720812,0.9261793782313665,11784192.0,0.670946664797763,0.6715939413756133,11784192.0,0.00457382984556413,0.004537040055341397
11796480.0,0.9278171627471844,0.9262003624190888,11796480.0,0.6778820486118396,0.6714915403164923,11796480.0,0.004514685070413786,0.004535080127000886
11808768.0,0.9279166522125403,0.9281567641223469,11808768.0,0.660942166733245,0.670080361670504,11808768.0,0.0045786379268975,0.004545064574631396
11821056.0,0.9165474865585566,0.9273980714380741,11821056.0,0.6583337911094228,0.6691688976250589,11821056.0,0.004523123793963653,0.004548241136702321
11833344.0,0.9313061082114776,0.9273234106600284,11833344.0,0.6627786451329788,0.6675541443129381,11833344.0,0.004580042446226192,0.004553772594469289
11845632.0,0.9164846340815226,0.9274501626690229,11845632.0,0.6675020148977637,0.667421689381202,11845632.0,0.0045480138311783476,0.00455162671181218
11857920.0,0.9223399522403876,0.9276448761423428,11857920.0,0.665908050412933,0.6688716237122814,11857920.0,0.00453773081729499,0.004551733413245529
11870208.0,0.9265532530844212,0.9265999938050905,11870208.0,0.6536530070006847,0.6677009938284756,11870208.0,0.00460498096072115,0.004557501253293595
11882496.0,0.93421460626026,0.9266016164794566,11882496.0,0.6727872096622983,0.665516291745007,11882496.0,0.004513112818434213,0.0045562349790998265
11894784.0,0.9232796914875507,0.9256287312755982,11894784.0,0.6817823673288027,0.6672515965687732,11894784.0,0.004537540209033371,0.004551169771972734
11907072.0,0.9278358841935793,0.925429543107748,11907072.0,0.6932478354622921,0.669481713635226,11907072.0,0.004533999492802347,0.004547186736696555
11919360.0,0.9304840595771869,0.9256962327907482,11919360.0,0.6865084956710538,0.6703443583411475,11919360.0,0.004574555872144022,0.004553173816869578
11931648.0,0.937449716652433,0.9266495392347375,11931648.0,0.6813151718427738,0.6723816588521003,11931648.0,0.004589967385982163,0.004554306762778045
11943936.0,0.9248443357646465,0.9274792241553464,11943936.0,0.6836526185895005,0.6749135416001082,11943936.0,0.004569757894690459,0.004558970172850726
11956224.0,0.9334578489263853,0.9276943982268374,11956224.0,0.7002291210616628,0.6786585891929766,11956224.0,0.0046454097391688265,0.004565506902144989
11968512.0,0.9168766134728988,0.927733596165975,11968512.0,0.689242945673565,0.6808326822705568,11968512.0,0.0045878682867623866,0.004569492347703393
11980800.0,0.9448126889765263,0.9299808698395889,11980800.0,0.6941706277430058,0.683658940003564,11980800.0,0.004539555135124829,0.004569674779486377
11993088.0,0.944216700270772,0.9317472145582238,11993088.0,0.6975450925529003,0.6880481485587855,11993088.0,0.00456302503880579,0.004565479187294841
12005376.0,0.9459129764388005,0.932917051576078,12005376.0,0.6849110467980305,0.6892605322723588,12005376.0,0.004501180771815901,0.004564285982633009
12017664.0,0.9472160444905361,0.9353106868763765,12017664.0,0.6937231002375484,0.6904546055632333,12017664.0,0.0044734038747265,0.004557872349202323
12029952.0,0.9365893074621757,0.9361860292032362,12029952.0,0.6978600711251298,0.6909158291295171,12029952.0,0.004551436749655598,0.004559616074887648
12042240.0,0.933110972866416,0.936448720532159,12042240.0,0.6834798601145545,0.6906129655738672,12042240.0,0.004544394231440189,0.004556599910817264
12054528.0,0.9296722536285719,0.935670974229773,12054528.0,0.6893557974447807,0.6914170281340678,12054528.0,0.004536510265703934,0.004551254198789441
12066816.0,0.9455213819940885,0.9377386788527172,12066816.0,0.6812156802043319,0.691173334295551,12066816.0,0.00456544910169517,0.004550823319489912
12079104.0,0.9222833545257648,0.9366212294126551,12079104.0,0.6787780604014794,0.6890282282295327,12079104.0,0.004583726062264759,0.004544654951799506
12091392.0,0.8980223598579565,0.9347358040511609,12091392.0,0.6728928266093135,0.6873932163231076,12091392.0,0.0045336937182582915,0.004539237494949095
12103680.0,0.921105312804381,0.9323650664339462,12103680.0,0.682205639158686,0.6861967174646755,12103680.0,0.004548622416526389,0.004540144223089252
12115968.0,0.9149176093439261,0.9294351573412616,12115968.0,0.6822543575738867,0.684667643966774,12115968.0,0.004514710853982251,0.004535312804606898
12128256.0,0.9166161374499401,0.9265054734423757,12128256.0,0.6648372265820702,0.682660261945178,12128256.0,0.00461249404179398,0.004546444131604706
12140544.0,0.9361184363563856,0.9253957126289606,12140544.0,0.7001225330556432,0.6833002052269876,12140544.0,0.004545120076121141,0.00455361575174417
12152832.0,0.9250619218995174,0.9242429740726947,12152832.0,0.6971062055478493,0.6832248186692595,12152832.0,0.004548477363035393,0.00455331981308215
12165120.0,0.9202458622554938,0.9229564630116025,12165120.0,0.7005263247216741,0.6849294651299715,12165120.0,0.0045726514581474476,0.004556145535752875
12177408.0,0.9240174510826668,0.9223909827570121,12177408.0,0.697487918039163,0.6857426771894097,12177408.0,0.00454993990327542,0.004557488499510024
12189696.0,0.9172124657779932,0.9195600911354026,12189696.0,0.6769866462176045,0.6853197737907368,12189696.0,0.004573961780503548,0.0045583397673908625
12201984.0,0.910946149379015,0.9184263706207275,12201984.0,0.6837739696105322,0.6858193647116422,12201984.0,0.004581348713448581,0.004558102032509244
12214272.0,0.9167064943661293,0.920294784071545,12214272.0,0.6948270499706268,0.6880127870477736,12214272.0,0.004549767303008896,0.004559709390984305
12226560.0,0.9425412205358347,0.9224383748446903,12226560.0,0.6746386429294944,0.6872560874248544,12226560.0,0.0045175018870698596,0.0045565973380386525
12238848.0,0.9437865205109119,0.9253252659613889,12238848.0,0.6819818615913391,0.6872288378265996,12238848.0,0.004577384652899734,0.0045628647179304
12251136.0,0.9329351509610811,0.9269571673125029,12251136.0,0.6878829995791117,0.6895334151263038,12251136.0,0.004533394785539713,0.004554954792304973
12263424.0,0.9257445478190979,0.925919778458774,12263424.0,0.6920445086434484,0.6887256126850845,12263424.0,0.004598506500769872,0.004560293434769847
12275712.0,0.9568528781334559,0.9290988740821678,12275712.0,0.6816469629605612,0.6871796884263556,12275712.0,0.0045740087565112235,0.00456284657411743
12288000.0,0.9342582120249668,0.9305001090591152,12288000.0,0.6877957259615263,0.6859066285503406,12288000.0,0.004544794234485987,0.0045600608517512835
