v2_latent_discrepancy_timesteps,v2_latent_discrepancy_score,v2_latent_discrepancy_score_mean,v3_latent_plus_clamped_eme_timesteps,v3_latent_plus_clamped_eme_score,v3_latent_plus_clamped_eme_score_mean,v4_latent_plus_normalised_eme_timesteps,v4_latent_plus_normalised_eme_score,v4_latent_plus_normalised_eme_score_mean
12288.0,2.34603850543499,2.34603850543499,12288.0,2.34603850543499,2.34603850543499,12288.0,2.479178008933862,2.479178008933862
24576.0,0.2067853637660543,1.276411934600522,24576.0,0.2067853637660543,1.276411934600522,24576.0,0.42329872616877157,1.451238367551317
36864.0,0.09782579777917515,0.8835498889934064,36864.0,0.09782579777917515,0.8835498889934064,36864.0,0.021575994779899094,0.9746842432941777
49152.0,0.04389346744089077,0.6736357836052774,49152.0,0.04389346744089077,0.6736357836052774,49152.0,0.08551118499599397,0.7523909787196318
61440.0,0.014695679715562923,0.5418477628273346,61440.0,0.014695679715562923,0.5418477628273346,61440.0,0.026161463756579906,0.6071450757270214
73728.0,0.015376402792753652,0.4541025361549044,73728.0,0.015376402792753652,0.4541025361549044,73728.0,0.021690258455540363,0.5095692728484412
86016.0,0.01437049226660747,0.39128367274229053,86016.0,0.01437049226660747,0.39128367274229053,86016.0,0.02106830997702976,0.4397834210096682
98304.0,0.012476581022686636,0.3439327862773401,98304.0,0.012476581022686636,0.3439327862773401,98304.0,0.010479169965644056,0.3861203896291652
110592.0,0.00348495448633912,0.30610524941167333,110592.0,0.00348495448633912,0.30610524941167333,110592.0,0.00503220958004628,0.3437772585125964
122880.0,0.005085442067259767,0.27600326867723196,122880.0,0.005085442067259767,0.27600326867723196,122880.0,0.009613004760467447,0.3103608331373835
135168.0,0.0019737265647563618,0.04159679079020861,135168.0,0.0019737265647563618,0.04159679079020861,135168.0,0.006100831723112303,0.06305311541630847
147456.0,0.0016196461898895602,0.02108021903259214,147456.0,0.0016196461898895602,0.02108021903259214,147456.0,0.0032536960061406717,0.021048612400045384
159744.0,0.0029156886072693546,0.011589208115401563,159744.0,0.0029156886072693546,0.011589208115401563,159744.0,0.004715481842140434,0.019362561106269518
172032.0,0.0025458394460050235,0.007454445315912987,172032.0,0.0025458394460050235,0.007454445315912987,172032.0,0.0028161389612553953,0.01109305650279566
184320.0,0.0027553704652139763,0.006260414390878093,184320.0,0.0027553704652139763,0.006260414390878093,184320.0,0.005774707783227011,0.009054380905460372
196608.0,0.0028693358835880645,0.0050097076999615344,196608.0,0.005221010292492186,0.005244875140851947,196608.0,0.0019283841077898007,0.007078193470685316
208896.0,0.0023832188259499767,0.0038109803558957845,208896.0,0.002379489362889823,0.004045774850480181,208896.0,0.005611332213447895,0.00553249569432713
221184.0,0.002627228295750683,0.002826045083202189,221184.0,0.0024856431615868737,0.0030466810643702048,221184.0,0.0008982248127722414,0.004574401179039948
233472.0,0.002110758639901178,0.0026886254985583947,233472.0,0.0025051593850851837,0.0029487015542448113,233472.0,0.0025905068929811628,0.004330230910333436
245760.0,0.0021731026190536795,0.002397391553737786,245760.0,0.002274227351639032,0.0026675800826827375,245760.0,0.0011188013177161338,0.0034808105660583044
258048.0,0.0014920657279920608,0.002349225470061355,258048.0,0.002436697033166032,0.0027138771295237042,258048.0,0.002301290629475261,0.0031008564566946005
270336.0,0.0019076884291280294,0.0023780296939852025,270336.0,0.0030940365795686375,0.0028613161684916118,270336.0,0.0003333799868414644,0.0028088248547646797
282624.0,0.0026138381739049996,0.0023478446506487666,282624.0,0.001558235537231667,0.002725570861487844,282624.0,0.0015927673139231047,0.002496553401942947
294912.0,0.0029577365930890664,0.002389034365357171,294912.0,0.008144580113973158,0.003285444928284657,294912.0,0.0015691620616659445,0.0023718557119840017
307200.0,0.00376231110082396,0.00248972842891817,307200.0,0.0035296150041782917,0.0033628693821810885,307200.0,0.00158166670553328,0.001952551604214629
319488.0,0.005433078658825252,0.0027461027064418888,319488.0,0.004789202888787258,0.0033196886418105963,319488.0,0.0003710637564230031,0.0017968195690779489
331776.0,0.005793863817719587,0.0030871672056188492,331776.0,0.003919344063130363,0.0034736741118346496,331776.0,0.002399481940907814,0.001475634541823941
344064.0,0.0048219040521265315,0.0033066347812564347,344064.0,0.007187264127423987,0.003943836208418361,344064.0,0.0017334006479359232,0.0015591521253403092
356352.0,0.009165490121328427,0.004012107929399159,356352.0,0.006812959286132052,0.004374616198523048,356352.0,0.0006158190238541769,0.0013616833384276108
368640.0,0.010835768024359519,0.004878374469929743,368640.0,0.005478470950038172,0.004695040558362962,368640.0,0.0014492986465484137,0.0013947330713108385
380928.0,0.011485819491402557,0.005877749846270793,380928.0,0.003355451800113466,0.0047869160350577054,380928.0,0.0006809609509825046,0.0012327001034615629
393216.0,0.00994482759172873,0.0066814637625308634,393216.0,0.002417521899284717,0.004719264567029313,393216.0,6.23631822425826e-05,0.0012055984230016747
405504.0,0.00968182977521792,0.007388262922662155,405504.0,0.002249835730860165,0.004788424586392163,405504.0,2.9348614456618332e-05,0.0010492565530550262
417792.0,0.010088504350278527,0.0081013396983811,417792.0,0.0024190320630926485,0.004215869781304112,417792.0,3.2244520128029325e-07,0.0008923725914085596
430080.0,0.009912514423679871,0.008716360030666693,430080.0,0.00239252967852129,0.004102161248738413,430080.0,0.00014975966189467727,0.0007491818870446994
442368.0,0.00995518653265511,0.009168570818049677,442368.0,0.0024746663281500028,0.003870707592674687,442368.0,9.336536521686867e-05,0.000721412047924086
454656.0,0.009893802484536232,0.009578564684731342,454656.0,0.0023833646737330128,0.0037171096537349513,454656.0,1.0846450968863645e-07,0.0004814747002842734
466944.0,0.009564726749279847,0.010052846954446675,466944.0,0.0025498403338133357,0.003253367274373886,466944.0,3.6281688098327436e-08,0.00030813826365949095
479232.0,0.009186749608488753,0.010054972903162707,479232.0,0.0023395352788308323,0.0028060248736437644,479232.0,1.32373513483941e-07,0.0002465695986254216
491520.0,0.008951294881020052,0.009866525588828761,491520.0,0.002455228283603598,0.002503700607000307,491520.0,7.757719463855987e-07,0.00010171731116521885
503808.0,0.008003974430418262,0.009518341082730331,503808.0,0.002335814954373442,0.0024017369224263044,503808.0,3.0826832049986783e-06,3.392948438746823e-05
516096.0,0.00735292854369618,0.009259151177927076,516096.0,0.0023853120304314266,0.0023985159355409754,516096.0,8.749666103350743e-06,2.8568132773545046e-05
528384.0,0.006749220667794968,0.008965890267184782,528384.0,0.002269114146959813,0.00240044377715094,528384.0,1.5562695063901327e-05,2.7189540834273352e-05
540672.0,0.005859939209282554,0.008543033753085185,540672.0,0.0023911521663346016,0.0023976557874751353,540672.0,7.826749655729752e-05,3.498404596987507e-05
552960.0,0.0050953676012189435,0.00806131907083909,552960.0,0.0025671712379941405,0.0024151199434224208,552960.0,0.0001934644929709369,3.935452907750103e-05
565248.0,0.004383838665186583,0.007504184284092238,565248.0,0.0023209279109626855,0.002399746101703689,565248.0,0.0010722245830644777,0.00013724045086226192
577536.0,0.0034422989095522403,0.006859033926593839,577536.0,0.0024345485241307565,0.0024048644867434633,577536.0,0.0003287806365127229,0.00017010766806256535
589824.0,0.0027240998485164405,0.006174971236517498,589824.0,0.0024196227993040034,0.00239184273329253,589824.0,0.0007384800373984035,0.00024395204363359584
602112.0,0.002364967393077677,0.00549279301497639,602112.0,0.002466623504005838,0.0024045515558100304,602112.0,0.0005375863414277168,0.00029769744042501913
614400.0,0.0021999864911776967,0.004817662175992154,614400.0,0.0024553940153661338,0.002404568128986284,614400.0,0.00048702498816055595,0.00034632236204643616
626688.0,0.0020815630014112685,0.004225421033091455,626688.0,0.0023507583767544324,0.002406062471224383,626688.0,0.0012532069965042563,0.000471334793376362
638976.0,0.001879119573762485,0.003678040136098086,638976.0,0.0024824713727866765,0.002415778405459908,638976.0,0.0008067939185517995,0.0005511392186212068
651264.0,0.0019073122542370886,0.0031938492947422973,651264.0,0.0022899656020551142,0.0024178635509694386,651264.0,0.0012046672533566987,0.0006700496744504866
663552.0,0.0019643245238209297,0.0028042878261961353,663552.0,0.002481287647242425,0.0024268770990602206,663552.0,0.0008057842099636522,0.000742801345791122
675840.0,0.0018642266889704235,0.002481173734971283,675840.0,0.002192376943033499,0.0023893976695641564,675840.0,0.0015632876669163427,0.0008797836631856626
688128.0,0.0016306851994158933,0.002205858388394214,688128.0,0.0023192216467577964,0.0023892270431436673,688128.0,0.0015291905183403287,0.0009254802567132478
700416.0,0.0017058051817002706,0.002032209015609017,700416.0,0.0022381329387523388,0.0023695854846058255,700416.0,0.0008291984486277215,0.0009755220379247476
712704.0,0.0016496350005278753,0.0019247625308101608,712704.0,0.0022217256773728877,0.0023497957724127145,712704.0,5.4940949231270984e-05,0.0009071681291080343
724992.0,0.0016867547856236342,0.0018569412700647566,724992.0,0.002235577590909088,0.002326691181103039,724992.0,0.001011927431136428,0.0009546022380789055
737280.0,0.0016524699888880907,0.0018021896198357958,737280.0,0.002035302134269538,0.0022846819929933796,737280.0,0.0024953278965161494,0.0011554325289144648
749568.0,0.0016118752652497885,0.0017552208462196478,749568.0,0.0021575643428756544,0.002265362589605502,749568.0,9.915817539270695e-05,0.00104002764680331
761856.0,0.0014566850107560942,0.0017129773899190088,761856.0,0.0020051244100613985,0.0022176278933329742,761856.0,6.766494544304298e-08,0.0009593550214426743
774144.0,0.0014901262620696798,0.001671258790702268,774144.0,0.0020261871092467723,0.00219125004405214,774144.0,2.8250474819621475e-12,0.0008388882963895091
786432.0,0.0014179211345132596,0.001616618451771501,786432.0,0.0019719265704528275,0.00214031393637318,786432.0,8.839552870668695e-14,0.0007583098754019833
798720.0,0.0014613479452236788,0.0015763305773968262,798720.0,0.002270223445520969,0.0021480985866219266,798720.0,4.897322011842396e-17,0.000601981108710354
811008.0,0.0013448141683814658,0.001547743474293384,811008.0,0.002189527137185602,0.0021351291356647077,811008.0,4.225164460861976e-18,0.0004490620568763216
823296.0,0.0013215969726540304,0.0015093226533887598,823296.0,0.0022781151043697414,0.002139127352226448,823296.0,1.3758804964548725e-19,0.0003661422120135495
835584.0,0.0013485844532018139,0.0014792175986561534,835584.0,0.002234982371495183,0.0021404530216386775,835584.0,5.257867643865484e-21,0.00036064811709042235
847872.0,0.0012974613746337127,0.0014402882575571614,847872.0,0.0022909890928228074,0.0021459941718300493,847872.0,1.2262362837100408e-20,0.00025945537397677957
860160.0,0.0013176197262509959,0.001406803231293452,860160.0,0.0023951323249396714,0.002181977190897063,860160.0,4.147193245089371e-20,9.922584325164639e-06
872448.0,0.001472815024802306,0.0013928972072487036,872448.0,0.0023742597149976064,0.002203646728109258,872448.0,5.219737522708644e-29,6.766785893944862e-09
884736.0,0.0015652149619806248,0.0014037502023711568,884736.0,0.0023191560030682012,0.002235049887409938,884736.0,2.2597690439157962e-31,2.9134964056336263e-13
897024.0,0.0015925486629081813,0.0014139924424550066,897024.0,0.002344615841138875,0.0022668927605991483,897024.0,1.2933023476677519e-34,8.844892367147886e-15
909312.0,0.001554311563571294,0.0014276314853608103,909312.0,0.0022281466893521915,0.0022925147724890847,909312.0,5.801537385778689e-36,5.339496479191571e-18
921600.0,0.0015253115683056724,0.00143402784766901,921600.0,0.0024040235124023943,0.002305894779177227,921600.0,3.655570831944971e-38,4.421744673491746e-19
933888.0,0.0015274966553988634,0.0014522960963707495,933888.0,0.0023864631499842894,0.0023255883804570963,933888.0,0.0,1.965802126297703e-20
946176.0,0.0014207776081699801,0.0014622141599223443,946176.0,0.0023778056104977927,0.0023355574310699014,946176.0,0.0,5.89921629842831e-21
958464.0,0.0013009646493931843,0.0014574521795414814,958464.0,0.002495100644106666,0.0023615692583310497,958464.0,0.00012938570277280329,1.2938570277280335e-05
970752.0,0.0013346701622746575,0.001461173058305576,970752.0,0.0021849241105276937,0.002350962760101538,970752.0,0.0008762313039672639,0.00010056170067400672
983040.0,0.001199252211639153,0.0014493363068443915,983040.0,0.0023496754013952645,0.0023464170677470974,983040.0,0.0009010355061036535,0.00019066525128437207
995328.0,0.0012962985989967517,0.0014316846642638363,995328.0,0.0023372418460591384,0.002342715280853251,995328.0,0.0008542453466967951,0.00027608978595405155
1007616.0,0.0015190773798773687,0.0014270709060535103,1007616.0,0.0023519376688151774,0.0023459934474279486,1007616.0,0.0008964813817631997,0.0003657379241303716
1019904.0,0.0015139202108305956,0.0014192080608457522,1019904.0,0.002280158339999616,0.0023395476973140225,1019904.0,0.0008728558398919025,0.00045302350811956177
1032192.0,0.0011822492215287639,0.0013820018266414993,1032192.0,0.002295275600772584,0.002346260588456062,1032192.0,0.0008144701268975041,0.0005344705208093121
1044480.0,0.001245925274512653,0.0013540631972621972,1044480.0,0.0022686481206619646,0.0023327230492820187,1044480.0,0.0009054618418910346,0.0006250167049984157
1056768.0,0.0012905702539380097,0.0013303705571161115,1056768.0,0.002376903360224484,0.002331767070306038,1056768.0,0.0008448123168515546,0.0007094979366835712
1069056.0,0.0011632750787005837,0.0013046203041691723,1069056.0,0.0022637856260795766,0.0023203650718642164,1069056.0,0.00086932937453336,0.0007964308741369072
1081344.0,0.0011461521244200412,0.001289139051671858,1081344.0,0.0024206582517460142,0.0023129208326281513,1081344.0,0.0008459830290424483,0.0008680906067638716
1093632.0,0.001149442757499249,0.001270616311194317,1093632.0,0.0022746566816446525,0.0023218940897398476,1093632.0,0.0008399925400226493,0.0008644667303694101
1105920.0,0.001060589068098731,0.0012567499968402745,1105920.0,0.0024793529773887713,0.002334861847339198,1105920.0,0.0008228494425566169,0.0008566481240147065
1118208.0,0.0010753564104864684,0.0012346557779892465,1118208.0,0.0022593813506925167,0.002327075797802536,1118208.0,0.0008009119701455347,0.0008513147863595805
1130496.0,0.0009719466185439766,0.0011799427018559072,1130496.0,0.0023264867704710923,0.0023245307079681273,1130496.0,0.0008466883479438062,0.0008463354829776412
1142784.0,0.0011359433465258917,0.0011421450154254368,1142784.0,0.0024338342397337933,0.002339898297941545,1142784.0,0.0008204874426761913,0.0008410986432560701
1155072.0,0.0010568259264497708,0.0011296026859175373,1155072.0,0.002320793482795125,0.002342450086143799,1155072.0,0.0008561614304198883,0.0008452677736083085
1167360.0,0.0009699120370593542,0.0011020013621722076,1167360.0,0.002402863415530495,0.002355871615630652,1167360.0,0.0008301205495323908,0.000837733644372444
1179648.0,0.0011708991587511264,0.0010900342526535193,1179648.0,0.002302545965600681,0.002348435876168272,1179648.0,0.0008505393673961711,0.0008383063494269057
1191936.0,0.001274290369716861,0.0011011357817551468,1191936.0,0.0024061428133184868,0.0023626715948921627,1191936.0,0.0008336978101700273,0.0008347431929905724
1204224.0,0.0015369003370627372,0.0011402106030194167,1204224.0,0.002295231438135185,0.0023501289135310797,1204224.0,0.0008370880911267401,0.0008338536991990015
1216512.0,0.0017042417312040925,0.001195690500389901,1216512.0,0.0025090223462029826,0.002373565479986913,1216512.0,0.0008560643464079476,0.0008354608798375313
1228800.0,0.0016257389458284404,0.0012522054881628718,1228800.0,0.002429377224567967,0.0023685679047048326,1228800.0,0.0008354050366203106,0.0008367164392439008
1241088.0,0.0016493492191026842,0.0013096047690244934,1241088.0,0.0024641574564157054,0.002389045515277151,1241088.0,0.0008285159710794687,0.0008394768393372942
1253376.0,0.0021414919525947576,0.0014265593024295714,1253376.0,0.0023394667575000008,0.002390343513980042,1253376.0,0.0008525721671806726,0.0008400652212609808
1265664.0,0.0032489370641997084,0.001637858674196953,1265664.0,0.0022983912325192555,0.002376799213258588,1265664.0,0.0008634778193178742,0.0008443642589251491
1277952.0,0.003734679085027892,0.0019056439900547652,1277952.0,0.0024289341915088394,0.00238761328412996,1277952.0,0.0007504821569455089,0.0008337963315777113
1290240.0,0.004577174775477033,0.0022663702638965333,1290240.0,0.0022068528063149038,0.0023680122232084006,1290240.0,0.0008447604923276231,0.0008352603258572344
1302528.0,0.004845550443860702,0.002633835392407491,1302528.0,0.0023371831169545962,0.002371475938343792,1302528.0,0.0008390126025309049,0.0008341076493707078
1314816.0,0.004827303246808394,0.0029891366801166443,1314816.0,0.0021752968641521875,0.002348391343427162,1314816.0,0.0008549191522130665,0.0008362297835750116
1327104.0,0.005376965610291033,0.003373143207439474,1327104.0,0.0023203078441535276,0.002350898984028997,1327104.0,0.0008450644788050946,0.0008370274223428473
1339392.0,0.005865477345651016,0.0037892667688841663,1339392.0,0.0022319348572636954,0.002323190235135068,1339392.0,0.0008768319700417729,0.0008391041847062297
1351680.0,0.006892891527968459,0.004315982027098169,1351680.0,0.002295214519108413,0.0023097739645891124,1351680.0,0.0008216934417456893,0.0008377330252187676
1363968.0,0.007359513348395315,0.004886998440027431,1363968.0,0.002358337582942719,0.002299191977241814,1363968.0,0.0008394142432734952,0.0008388228524381702
1376256.0,0.007758602703688666,0.0054487095151368225,1376256.0,0.0021337095713533927,0.0022786162586271533,1376256.0,0.0008520851115463302,0.0008387741468747359
1388544.0,0.007634229303221218,0.005887238739038974,1388544.0,0.0021964881161693484,0.002268425946992162,1388544.0,0.0008279608124818575,0.0008352224461911342
1400832.0,0.00825692120512637,0.006339462951048822,1400832.0,0.0021702562929325118,0.0022425581571345293,1400832.0,0.0008848591342029977,0.0008486601439168833
1413120.0,0.008701525982663346,0.006751898071767452,1413120.0,0.0021430568885989487,0.0022361785653629337,1413120.0,0.0008310416254365313,0.000847288257227774
1425408.0,0.008941708380007185,0.007161513865382099,1425408.0,0.0022896882959078844,0.0022314290832582623,1425408.0,0.0008622229346049911,0.0008496092904351826
1437696.0,0.008738852697812641,0.007552668810482525,1437696.0,0.002100734089860149,0.0022239728058290587,1437696.0,0.0008277838041976793,0.0008468957556336438
1449984.0,0.0086387192325977,0.00787884417271319,1449984.0,0.0018801773270145834,0.002179959754115165,1449984.0,0.0008126193997668452,0.0008436512477298189
1462272.0,0.009140663421324765,0.008206362780280566,1462272.0,0.001916099748389873,0.002148376243227782,1462272.0,0.0008414965959673282,0.0008401177103223745
1474560.0,0.009240626415703446,0.008441136269054064,1474560.0,0.0018510577053045079,0.002103960561847392,1474560.0,0.0007759591223172416,0.0008355442783795297
1486848.0,0.009136310827064639,0.008618816016920997,1486848.0,0.001829360802124332,0.002051062883765553,1486848.0,0.0008232463314925553,0.0008339274872014357
1499136.0,0.00925799062436757,0.008768754808988888,1499136.0,0.002130044834605845,0.0020506964100907984,1499136.0,0.0008444600349927592,0.0008331649795460785
1511424.0,0.00908185652224347,0.008913517530891112,1511424.0,0.00199604214806944,0.0020306518132808074,1511424.0,0.0007819821054605806,0.0008285671088439511
1523712.0,0.00839065205946099,0.008926890616324576,1523712.0,0.002110433654403702,0.0020246695494279265,1523712.0,0.0008543316841193397,0.0008255143638355852
1536000.0,0.007938964350614697,0.00885063445311971,1536000.0,0.0018390098442372012,0.001994264844991752,1536000.0,0.0008210918534435526,0.0008245193866362873
1548288.0,0.00714233641338069,0.00867069725645706,1548288.0,0.002345697464988916,0.001999865761899855,1548288.0,0.0008158835062204162,0.0008198854437978298
1560576.0,0.007449628600928311,0.008541774846768628,1560576.0,0.0020130616206491445,0.0019910985149787547,1560576.0,0.0007830081740394235,0.0008154078807820042
1572864.0,0.0067911653556317715,0.008357019459072034,1572864.0,0.002551320073204503,0.0020582127895977464,1572864.0,0.00078201556213268,0.0008123474970185877
1585152.0,0.00656599674160437,0.008099552791099996,1585152.0,0.002717454793431292,0.0021383482941018882,1585152.0,0.0008300451881950721,0.0008112023562413622
1597440.0,0.006528531914227642,0.007828343340952415,1597440.0,0.002851118794448363,0.0022383544030162737,1597440.0,0.0008061535615221752,0.0008142218001618553
1609728.0,0.006787889394521092,0.00759350119769806,1609728.0,0.0025722799940316086,0.0023126463222070013,1609728.0,0.0007999564043833137,0.0008118928074509312
1622016.0,0.007266460544390914,0.007394348189700394,1622016.0,0.003888455976266414,0.002488487436373058,1622016.0,0.0008206433649320388,0.0008095111404448591
1634304.0,0.007566847241832875,0.007242847261659335,1634304.0,0.004035653696822313,0.002692448591248346,1634304.0,0.0007700101893230263,0.0008083139488311037
1646592.0,0.008321577653987333,0.0072359398211119695,1646592.0,0.003812947757978691,0.002862700001605844,1646592.0,0.0008593651364208199,0.000808817294061252
1658880.0,0.008610604360001162,0.007303103822050616,1658880.0,0.008258986418392547,0.003504697659021379,1658880.0,0.0008243039692388265,0.0008091385056407791
1671168.0,0.009570803435053676,0.007545950524217915,1671168.0,0.007823892863598303,0.004052517198882317,1671168.0,0.0008020315071917139,0.0008077533057379089
1683456.0,0.009754235414826931,0.007776411205607776,1683456.0,0.009073740990667526,0.0047585851358841556,1683456.0,0.0008135350778199305,0.0008108059961159597
1695744.0,0.009173081372864544,0.008014602807331055,1695744.0,0.009755999933986459,0.005479053121962351,1695744.0,0.0008072043201536871,0.0008133248719180604
1708032.0,0.009672298556931006,0.008325232988863718,1708032.0,0.013684848023937471,0.00657579244501297,1708032.0,0.0008230843726172073,0.0008126287903602739
1720320.0,0.009013496965053491,0.008573729493946303,1720320.0,0.017358854010429543,0.008026565966611086,1720320.0,0.0008339943645599609,0.0008154128706640524
1732608.0,0.00910126423696056,0.008805066978190248,1732608.0,0.019768159965072602,0.009746153963715186,1732608.0,0.0008320096118647294,0.000818618191412194
1744896.0,0.009416259752470069,0.009020046898998164,1744896.0,0.021206079356488772,0.011477916301737421,1744896.0,0.0007874861357777263,0.0008153024684967629
1757184.0,0.009676146204583347,0.009230976795273212,1757184.0,0.02231706148207498,0.01330605708026269,1757184.0,0.0008408519803803453,0.0008223866476024947
1769472.0,0.009286246999787787,0.009327443729853257,1769472.0,0.025749475355648126,0.015499709840029633,1769472.0,0.0008223601301627544,0.0008186861469766882
1781760.0,0.00909581389472199,0.00937596468332534,1781760.0,0.023550034359989997,0.017028814634189378,1781760.0,0.0008424966536040301,0.0008205054154132085
1794048.0,0.009690755017800257,0.009387959841599998,1794048.0,0.023969843071730185,0.01864340965500257,1794048.0,0.0008091339019908143,0.0008212156548931185
1806336.0,0.009953593796429535,0.009407895679760258,1806336.0,0.02199469684273936,0.01993550524020975,1806336.0,0.0007884436311845396,0.0008187065102295795
1818624.0,0.009372146606134871,0.00942780220308729,1818624.0,0.022972567084555823,0.02125716195526669,1818624.0,0.0008544581311677272,0.0008234318913309835
1830912.0,0.01017163799648794,0.009477736147042986,1830912.0,0.02267764224476802,0.02215644137734974,1830912.0,0.0008019127941831053,0.0008213147334875734
1843200.0,0.009535912904539146,0.009529977740991551,1843200.0,0.024520832725102082,0.02287263924881699,1843200.0,0.0008303534386868705,0.0008209506409002643
1855488.0,0.009672092550317757,0.00958706057232727,1855488.0,0.023879794966584694,0.023283802748968203,1855488.0,0.0008237878688911829,0.0008201284666029096
1867776.0,0.009103299137980988,0.00955576451087836,1867776.0,0.024852495786035433,0.023648444391922867,1867776.0,0.0008290628299315964,0.0008242861360182966
1880064.0,0.009356118491268717,0.009523761739546898,1880064.0,0.023978385356410097,0.023814576779356382,1880064.0,0.0008511013781268654,0.0008253110757929488
1892352.0,0.009282349880474309,0.009523372027615553,1892352.0,0.025235405570128933,0.02376316980080446,1892352.0,0.0008524758889810377,0.0008283226516747769
1904640.0,0.009292758176646506,0.009543066455808002,1904640.0,0.02483224363337892,0.023891390728143357,1904640.0,0.000852052919678196,0.0008292782782821934
1916928.0,0.009781150845810771,0.009552106038609053,1916928.0,0.025331728897678357,0.02402757931073817,1916928.0,0.0008359343537449604,0.0008319583234576083
1929216.0,0.009670122046372853,0.009523758863603385,1929216.0,0.025211516389390454,0.02434926126540328,1929216.0,0.0008356692254286221,0.0008366808828820163
1941504.0,0.009356280070884774,0.009522172210078377,1941504.0,0.02632465863522763,0.02468447042047046,1941504.0,0.0008631705404695822,0.0008375521238122019
1953792.0,0.009442325511675639,0.009449240961597147,1953792.0,0.02426248466751228,0.024842954662744887,1953792.0,0.0008494129548732113,0.0008423021398812125
1966080.0,0.009396699751960114,0.009435319646339242,1966080.0,0.022823758229302864,0.024673247213164964,1966080.0,0.0007982996758073568,0.0008390967635932611
1978368.0,0.009372724821635833,0.009405382873471051,1978368.0,0.022595929476665333,0.02454486066417303,1978368.0,0.0008464612995643014,0.0008413641066605729
1990656.0,0.009529805761606744,0.009448033535833626,1990656.0,0.023736820488314454,0.024433293134400933,1990656.0,0.0008266881304734852,0.0008411266367147618
2002944.0,0.009243169207669174,0.009436738607473672,2002944.0,0.022238127266367275,0.02425926732539665,2002944.0,0.000802809225206147,0.0008362974214226901
2015232.0,0.008976980519946665,0.009406201671420906,2015232.0,0.021568624622887,0.023892589230672456,2015232.0,0.0008654280848835091,0.0008375926410129372
2027520.0,0.00857612706507401,0.009334538560263657,2027520.0,0.021372475603129715,0.023546612427647537,2027520.0,0.0008071492999685385,0.0008331022790419714
2039808.0,0.009144246253223779,0.009270848101004958,2039808.0,0.023425376663605373,0.023355977204240236,2039808.0,0.0008180350908636077,0.0008313123527538362
2052096.0,0.008748325514413105,0.009178668447808985,2052096.0,0.023871008326144267,0.023221926397915617,2052096.0,0.0008356828948308248,0.0008313137196940563
2064384.0,0.008319391223873632,0.009074979563107871,2064384.0,0.024464672363440815,0.023035927770736937,2064384.0,0.0008250299169958453,0.0008274996573466827
2076672.0,0.008851638121996075,0.009015910824139915,2076672.0,0.02408871374791488,0.0230185506787772,2076672.0,0.0008167114380436639,0.000824229505663728
2088960.0,0.008819324357318692,0.00895817328467577,2088960.0,0.02233240337227471,0.022969415193074383,2088960.0,0.000822618719212187,0.000826661410004211
2101248.0,0.00923218936562383,0.00894411973907457,2101248.0,0.022722240013536066,0.022982046246761458,2101248.0,0.000834107623025678,0.0008254260423503487
2113536.0,0.00956396282708738,0.008947535445622632,2113536.0,0.022927811262585845,0.022901145324188594,2113536.0,0.0008608189233806721,0.0008288391216410673
2125824.0,0.008269641878238568,0.008850182712679575,2125824.0,0.023404979593275737,0.023017830556879438,2125824.0,0.0008171654599209432,0.000830274745112547
2138112.0,0.007907162750295052,0.008743200935714412,2138112.0,0.02063023958665629,0.02292399205325637,2138112.0,0.0008573272668096857,0.0008294646633051645
2150400.0,0.0077700613425501315,0.008662594363462025,2150400.0,0.020938895555445924,0.022880634048487995,2150400.0,0.0008364772957065725,0.0008323974628789681
2162688.0,0.007160636247135699,0.008464233362853218,2162688.0,0.021774163062218577,0.02271551268834931,2162688.0,0.0008754691161811934,0.0008381408654107265
2174976.0,0.007614846074526819,0.008350885418864588,2174976.0,0.022590103772624087,0.02258742223299729,2174976.0,0.0008290207327566653,0.0008374746492033106
2187264.0,0.007276988040151385,0.008246645100492365,2187264.0,0.022840969138390694,0.022425051910492284,2187264.0,0.0008220014430359394,0.0008371718018073199
2199552.0,0.006227731874484259,0.007984254475741182,2199552.0,0.023616197179459657,0.02237780025364676,2199552.0,0.0008595777680966421,0.000841458434812618
2211840.0,0.007251833875974019,0.007827505427606716,2211840.0,0.02178322627635983,0.022322882544055272,2211840.0,0.0008412235847572447,0.0008433189213671236
2224128.0,0.005426918462035246,0.007446978337247856,2224128.0,0.02051090697447459,0.02210174924014912,2224128.0,0.0008126971843012143,0.0008411778774946772
2236416.0,0.006731455827927372,0.007163727637331856,2236416.0,0.022453231843731675,0.022054291298263706,2236416.0,0.0008445761759503512,0.0008395536027516451
2248704.0,0.007755679340334609,0.007112331383541459,2248704.0,0.02167963011500736,0.02188175635043687,2248704.0,0.000843049047337748,0.0008421419614933256
2260992.0,0.00665993907750817,0.006987609016262772,2260992.0,0.02136438059581754,0.021955170451352996,2260992.0,0.000827202022264828,0.0008391294370388398
2273280.0,0.0075433316378621385,0.0069649360457939725,2273280.0,0.020886608952423558,0.021949941791050757,2273280.0,0.0008688829196519995,0.0008423699994333827
2285568.0,0.006026307605983068,0.006851503181678709,2285568.0,0.021015086473198608,0.021874034132148758,2285568.0,0.0008387552804075918,0.0008386986158560225
2297856.0,0.011953884464067718,0.007285407020632799,2297856.0,0.020244991309785593,0.02163952288586491,2297856.0,0.0008439683939892954,0.0008401933819792856
2310144.0,0.015493679410913805,0.00810707615770904,2310144.0,0.02121548989089206,0.021476974961115048,2310144.0,0.0008312022121875392,0.0008411134588944454
2322432.0,0.022988976915560972,0.009783200661816711,2322432.0,0.019912471616407856,0.021106602404809865,2322432.0,0.0008464053101609655,0.0008397962131008777
2334720.0,0.02589894274327283,0.011647911548546592,2334720.0,0.019030178072474275,0.020831297584421312,2334720.0,0.0008689610146272267,0.000842569956087876
2347008.0,0.03317067876923829,0.014422287579266896,2347008.0,0.018867290559380006,0.02066693594291185,2347008.0,0.000819477541881497,0.0008432479918459043
2359296.0,0.03401407089161997,0.01715054908563616,2359296.0,0.017903788839854922,0.020211991642524175,2359296.0,0.0008558126234371836,0.0008443716365945875
2371584.0,0.041666308602240555,0.020541612011826756,2371584.0,0.017865406999286886,0.019830569330952126,2371584.0,0.0007999670048472277,0.0008400634323455355
2383872.0,0.043256785022094846,0.02420129660628542,2383872.0,0.017333158156058442,0.01942744708697622,2383872.0,0.0008372582209024889,0.0008410690522093015
2396160.0,0.03935125016141683,0.027382088458640885,2396160.0,0.017093852734736476,0.019048171465207514,2396160.0,0.0008565870869764088,0.0008398394689417424
2408448.0,0.044523502447797604,0.03123180794282234,2408448.0,0.016756168469631422,0.018622279664850794,2408448.0,0.0008632670402827595,0.0008422906449292592
2420736.0,0.04694695534029355,0.034731115030444924,2420736.0,0.016861348267411813,0.01828391536061342,2420736.0,0.0008433113410622658,0.0008422249396365563
2433024.0,0.04713817685842514,0.03789556477519605,2433024.0,0.016296002606395632,0.017791966632163772,2433024.0,0.0008805559136817465,0.000847160309785977
2445312.0,0.04737575585022569,0.04033424266866253,2445312.0,0.0156291415138791,0.017363633621910898,2445312.0,0.0008601118564304974,0.0008485309644129302
2457600.0,0.044925268118580185,0.042236875206193264,2457600.0,0.015227145437772075,0.016983330358440674,2457600.0,0.0008368387067700193,0.0008453187336272094
2469888.0,0.03964588112042596,0.04288439544131203,2469888.0,0.015511840533387536,0.01664778535584143,2469888.0,0.0008602887825569875,0.0008493998576947586
2482176.0,0.04102879634592682,0.043585867986742716,2482176.0,0.016221237640517455,0.01647953023590768,2482176.0,0.000834133474806246,0.0008472319428316649
2494464.0,0.04431539818566913,0.04385077694508558,2494464.0,0.015853027037034433,0.016278292239682433,2494464.0,0.0008288069293485023,0.0008501159352817921
2506752.0,0.041166207869537175,0.04364171922982981,2506752.0,0.01521802052836089,0.01606677847691268,2506752.0,0.0008723798967669912,0.0008536281028682424
2519040.0,0.03996167430886999,0.04370276164457512,2519040.0,0.01556753491361936,0.015914146694800974,2519040.0,0.0008359252190833407,0.0008515619160789356
2531328.0,0.04136795985201994,0.043387207384997364,2531328.0,0.015573925115556145,0.015795922359393443,2531328.0,0.002291635610163212,0.0009943987730669807
2543616.0,0.03794607619056478,0.04248711947002449,2543616.0,0.015358668228145689,0.01564565435546683,2543616.0,0.0004957152339860235,0.0009596391623593566
2555904.0,0.03590529543968538,0.04136383132815051,2555904.0,0.014349220912360275,0.015450976186063295,2555904.0,3.495101825971384e-05,0.0008750786728171534
2568192.0,0.038624067014704146,0.04048866244459835,2568192.0,0.014672596128851486,0.015355321647560535,2568192.0,0.0009097459818197725,0.0008800420853560809
2580480.0,0.04467314902770644,0.040463450535510974,2580480.0,0.015775805581749108,0.015410187661958239,2580480.0,2.875475773045366e-07,0.0007963869694368094
2592768.0,0.04605972664042687,0.04110483508751106,2592768.0,0.015426196390762925,0.015401623247695775,2592768.0,3.028948629875868e-08,0.0007103611201297404
2605056.0,0.046679960059312485,0.04166995145884963,2605056.0,0.015005870208066577,0.015280086504450688,2605056.0,1.2433848048387652e-10,0.0006269477850829639
2617344.0,0.04315920880374809,0.04155433252065752,2617344.0,0.015402618718023101,0.015235045672549555,2617344.0,4.182244915759222e-13,0.0005440670921899361
2629632.0,0.04076672267789642,0.04151438400149345,2629632.0,0.015476611889122674,0.015260904808625733,2629632.0,0.002228985798865324,0.0006797276823997695
2641920.0,0.039178001771991454,0.0414360167478056,2641920.0,0.014997332686713586,0.015203884585935154,2641920.0,2.8247821663995865e-06,0.0005964176387080754
2654208.0,0.04043377604102716,0.041342598366706326,2654208.0,0.015340270246573104,0.015180519099036852,2654208.0,1.7428599999292325e-11,0.0003672540794346142
2666496.0,0.04025653070614984,0.041573643818264824,2666496.0,0.015194108845510831,0.015164063160773369,2666496.0,3.5830673976516965e-11,0.00031768255961907917
2678784.0,0.04197376879164949,0.04218049115346124,2678784.0,0.015164338052272797,0.01524557487476462,2678784.0,3.1276723101107895e-13,0.0003141874578243845
2691072.0,0.04022670067691555,0.042340754519682375,2691072.0,0.016014375956729054,0.015379752857552376,2691072.0,2.0248273596420026e-15,0.0002232128596426098
2703360.0,0.04194062311823169,0.04206750192873491,2703360.0,0.015870052118164796,0.015389177511193947,2703360.0,1.9268020132678887e-18,0.00022318410488487953
2715648.0,0.03948264858142162,0.04140979412283439,2715648.0,0.01615204053814523,0.015461761925932177,2715648.0,4.120395903513374e-20,0.00022318107593624964
2727936.0,0.03746683724845449,0.04048848184174859,2727936.0,0.015600153109213958,0.015521190216046912,2727936.0,0.0007593204209115356,0.00029911310559355516
2740224.0,0.04029575694585219,0.040202136655958995,2740224.0,0.016230180364800617,0.015603946380724664,2740224.0,0.0008126240290948772,0.00038037550846122046
2752512.0,0.03655987479335939,0.039781451867505285,2752512.0,0.015370163329256078,0.015593301524738007,2752512.0,0.0007966948796820361,0.00023714641654289163
2764800.0,0.038717004063073546,0.0397353520966135,2764800.0,0.015338855805263544,0.015627453836593003,2764800.0,0.0008556538814445958,0.00032242932647071125
2777088.0,0.03997847602780288,0.039689822095291066,2777088.0,0.015012807387392968,0.015594707550674986,2777088.0,0.0021659567707198826,0.0005390250017998395
2789376.0,0.037049915020664535,0.03936916052674254,2789376.0,0.014824843548315888,0.015557781020955494,2789376.0,4.709475243229918e-10,0.0005390250453115245
2801664.0,0.037893596823172025,0.03896114332989479,2801664.0,0.015286310876642043,0.015569978303392417,2801664.0,0.000351793466734307,0.0005742043919536785
2813952.0,0.03671064392741149,0.03860953765494438,2813952.0,0.015569908340694383,0.015525531541788951,2813952.0,7.695395436731664e-06,0.0005749739314971492
2826240.0,0.036513392406050116,0.038066814583726225,2826240.0,0.014877650974085554,0.015426291427381025,2826240.0,4.13308245961197e-08,0.0005749780645796087
2838528.0,0.03893456953422477,0.038012006679006546,2838528.0,0.014922928414307535,0.015303380214997256,2838528.0,9.703537069636244e-11,0.0005749780742831457
2850816.0,0.0424083309674946,0.03850615605091055,2850816.0,0.015012443541005874,0.015244609258176448,2850816.0,0.0008455293169996972,0.000583598963891962
2863104.0,0.038898942507027336,0.038366474607028064,2863104.0,0.014601866772864014,0.015081777898982787,2863104.0,0.0008085091261212559,0.0005831874735945997
2875392.0,0.03713326072708393,0.038423813200400524,2875392.0,0.01459400607078957,0.015004162173136135,2875392.0,0.000753761599905071,0.0005788941456169032
2887680.0,0.03959437178370232,0.03851154997246341,2887680.0,0.015626133312859263,0.015032889923895707,2887680.0,0.0008609301045604904,0.0005794217679284928
2899968.0,0.044404302122226603,0.038954132581905776,2899968.0,0.01615936535138947,0.01514754572029536,2899968.0,0.0007992104089377486,0.00044274713175027926
2912256.0,0.0426249779217566,0.03951163887201498,2912256.0,0.014990905561717227,0.015164151921635494,2912256.0,0.0008338318123909024,0.0005261302658946171
2924544.0,0.04105783059882621,0.039828062249580395,2924544.0,0.01466139757152026,0.015101660591123315,2924544.0,0.00215566773476894,0.0007065176926980804
2936832.0,0.04091614723438397,0.04024861258027765,2936832.0,0.014547262942263236,0.014999396051280204,2936832.0,2.999710211308108e-05,0.0007087478633657153
2949120.0,0.03999259751678134,0.040596533091350764,2949120.0,0.014098212355747819,0.014921452189446427,2949120.0,0.0014933133182542708,0.0008580750621086829
2961408.0,0.03898092687207585,0.040601168825135876,2961408.0,0.014877995495529225,0.014916958897568597,2961408.0,4.343466173765501e-08,0.0008580793958713195
2973696.0,0.03699906589463353,0.04006024231784976,2973696.0,0.014382773825976377,0.014853991926065648,2973696.0,1.909598309572195e-08,0.0007735283737696594
2985984.0,0.03467665057784567,0.039638013124931606,2985984.0,0.014159952901536599,0.014809800538932905,2985984.0,0.0018420489783845067,0.0008768823589959845
2998272.0,0.040194595349021256,0.039944146587125334,2998272.0,0.014622737411021566,0.014812673672956106,2998272.0,0.0001508875574245394,0.0008165949547479312
3010560.0,0.03805553507603084,0.039790262916358184,3010560.0,0.014290641993284225,0.0146791245409986,3010560.0,1.0527879489075076e-05,0.0007315547322407897
3022848.0,0.041289980290457606,0.039478830733181286,3022848.0,0.01526865383493714,0.01459005338935337,3022848.0,6.094827402029306e-08,0.000651639786174417
3035136.0,0.04014465835643932,0.039230798776649554,3035136.0,0.015175199485383928,0.014608482781720038,3035136.0,1.9661142541873658e-10,0.0005682566245964692
3047424.0,0.04333283930706481,0.039458299647473424,3047424.0,0.013000591497984715,0.014442402174366483,3047424.0,0.0003712249338034478,0.00038981234449992003
3059712.0,0.04146815535690015,0.039513500459725036,3059712.0,0.013019505902775563,0.014289626470417715,3059712.0,0.0007877280010385826,0.00046558543439247015
3072000.0,0.04050852519382412,0.039565093227429314,3072000.0,0.013397953356616199,0.014219600570504554,3072000.0,0.0008891721026884625,0.0004051713128358893
3084288.0,0.03966175423314174,0.039633175963535903,3084288.0,0.013514736623619683,0.014083274683313602,3084288.0,0.0008575531807461326,0.0004909222874443288
3096576.0,0.03684730523188288,0.039617999897260836,3096576.0,0.013130027689233733,0.013958000069639338,3096576.0,0.002179607101425063,0.0007088810879885255
3108864.0,0.03595146300115933,0.03974548113959221,3108864.0,0.013269806047901511,0.013868985384275829,3108864.0,3.633636052047251e-07,0.0005247125265105953
3121152.0,0.03445631803090995,0.039171653407781074,3121152.0,0.013089172600302845,0.013715628903203955,3121152.0,4.368308571348993e-09,0.0005096242075989985
3133440.0,0.0332034156890586,0.03868644146908385,3133440.0,0.01263116417976562,0.013549681121852095,3133440.0,0.002272513490728064,0.0007358227687228973
3145728.0,0.03553653048584238,0.038111096488622334,3145728.0,0.012978724630859991,0.013320688201444381,3145728.0,0.0002880352819829568,0.0007646202020937911
3158016.0,0.03881804408350339,0.03797843506132874,3158016.0,0.01236869499067931,0.013040037751973918,3158016.0,1.2702953407976262e-05,0.0007658904777734461
3170304.0,0.040503076083647706,0.037695458738987025,3170304.0,0.012354518922317462,0.012975430494407192,3170304.0,1.2622645761961593e-08,0.0007287692466576776
3182592.0,0.04329281436124196,0.037877924639421204,3182592.0,0.012195188295057354,0.012892998733635372,3182592.0,2.2888987733889314e-11,0.0006499964488427179
3194880.0,0.04234622543056806,0.0380616946630956,3194880.0,0.012017319536729095,0.01275493535164666,3194880.0,3.0985297356905513e-13,0.000561079238604857
3207168.0,0.03783630315835277,0.037879149555616706,3207168.0,0.012800675380276516,0.012683529227312345,3207168.0,3.1591330087200425e-10,0.0004753239521215739
3219456.0,0.03916768258204684,0.038111187290633106,3219456.0,0.012486390565754846,0.012619165514964456,3219456.0,0.002192900870795711,0.00047665332905863874
3231744.0,0.04465641647887727,0.03898168263840489,3231744.0,0.013041974690471156,0.012596382379221421,3231744.0,1.2624159776801018e-06,0.0004767432342958863
3244032.0,0.04913680449438592,0.04044973128475248,3244032.0,0.012125318093846241,0.01249999692857576,3244032.0,4.363783925644589e-09,0.0004767432338434217
3256320.0,0.04978199208077664,0.04210758892392429,3256320.0,0.012086124969452309,0.012445493007544429,3256320.0,1.7046115635738848e-11,0.00024949188647522695
3268608.0,0.04638500030462941,0.043192435905802996,3268608.0,0.01216207246761769,0.012363827791220198,3268608.0,0.002060053549333437,0.0004266937132102749
3280896.0,0.05006085206211234,0.0443167167036639,3280896.0,0.013804926464217715,0.012507450938574038,3280896.0,3.854273955994358e-06,0.0004258088452650767
3293184.0,0.05223126364095757,0.04548953545939488,3293184.0,0.013554879633981423,0.012627487009740434,3293184.0,1.8785409894306326e-08,0.00042580946154149
3305472.0,0.05540467891842127,0.04670072191511281,3305472.0,0.013467454792892871,0.012754713659523987,3305472.0,1.4336832451835682e-10,0.00042580947358942357
3317760.0,0.05237806966761127,0.047703906338817124,3317760.0,0.014525983594163941,0.01300558006526747,3317760.0,0.002020511314185569,0.0006278606049769952
3330048.0,0.054987718273575105,0.04941904785033936,3330048.0,0.014260293726692908,0.013151541899909112,3330048.0,0.0011406149054285681,0.0007419220639285219
3342336.0,0.05204775285286208,0.05070705487742089,3342336.0,0.01339872806177785,0.01324277564951141,3342336.0,2.2578806885507432e-09,0.0005226322026370198
3354624.0,0.051484229877435915,0.05138983621727675,3354624.0,0.014067667890534116,0.013345344969517706,3354624.0,1.1970865340660275e-09,0.0005225060807479052
3366912.0,0.05150214439102759,0.05162637020694092,3366912.0,0.013843286103413751,0.013517141770474455,3366912.0,5.948956319599731e-11,0.0005225056503184689
3379200.0,0.04910279354468609,0.05155845035333186,3379200.0,0.013907986591220833,0.01369932793265131,3379200.0,0.0022450976988087254,0.0007470154184947298
3391488.0,0.05124947603326291,0.052044897926195224,3391488.0,0.012995050599177679,0.013782625745807308,3391488.0,2.595933372854612e-06,0.0005412696568986716
3403776.0,0.046264122608893864,0.05166522498087337,3403776.0,0.015098303347864809,0.013911963434172017,3403776.0,7.393391887137539e-09,0.0005408849688422609
3416064.0,0.047203692219530545,0.051162467838730664,3416064.0,0.015485776447652219,0.014105053115539098,3416064.0,4.0847495994730344e-11,0.0005408830943860212
3428352.0,0.05128497548867017,0.05075049749575555,3428352.0,0.017973740997452598,0.014555681735995071,3428352.0,0.0018854507222082855,0.0007294281522700172
3440640.0,0.0504404457557636,0.05055673510457078,3440640.0,0.021196301192200433,0.01522271349579872,3440640.0,9.899524828919462e-06,0.0005283669733343523
3452928.0,0.04682510963175446,0.04974047424038873,3452928.0,0.02223978399221475,0.0160206625223509,3452928.0,8.779890900238266e-06,0.0004151834718815192
3465216.0,0.04601337058314433,0.04913703601341694,3465216.0,0.02359558208263479,0.017040347924436598,3465216.0,1.2190134067206296e-05,0.000416402259500171
3477504.0,0.03992713091429323,0.04798132611710268,3477504.0,0.024022072369310383,0.018035788372314225,3477504.0,1.3872771875700352e-08,0.00041640352706870517
3489792.0,0.04280507279327139,0.04711161895732706,3489792.0,0.023783831992962707,0.01902984296126912,3489792.0,0.0020334604748010556,0.0006197495685998543
3502080.0,0.03943384432932362,0.04614472403579081,3502080.0,0.025150988571112975,0.020154143159258335,3502080.0,8.547009670678563e-06,0.0003960944996860497
3514368.0,0.04041578576046353,0.04506135500851087,3514368.0,0.028339607602295775,0.021688598859570148,3514368.0,6.336604914854622e-08,0.0003958412429536791
3526656.0,0.035989522109351434,0.04403389495855663,3526656.0,0.030184498716456194,0.023197218396429284,3526656.0,0.0020076380660611903,0.0005966043102206094
3538944.0,0.047776907410783075,0.04409121647768188,3538944.0,0.02638116506083558,0.02428675725774762,3538944.0,0.00041028619004161254,0.0006376329251400212
3551232.0,0.044038211538766824,0.04336654008269154,3551232.0,0.030462137384650607,0.025535596896467415,3551232.0,2.741831637888733e-09,0.00044908812710235636
3563520.0,0.038739893410820514,0.04219648484819724,3563520.0,0.033315134389946856,0.026747480216242063,3563520.0,2.5362528321016403e-11,0.00044809817715571714
3575808.0,0.03468224722503995,0.04098219860752579,3575808.0,0.029709655296755955,0.027494467346696184,3575808.0,0.0021971198833246794,0.0006669321763981613
3588096.0,0.03295050253897595,0.039675911803108956,3588096.0,0.02932726976966175,0.02806763611539888,3588096.0,0.0001726720906845003,0.0006829803720598907
3600384.0,0.029377883998677135,0.03862098711154734,3600384.0,0.03198103507747874,0.028863532386215713,3600384.0,4.971389140166297e-08,0.0006829839561718434
3612672.0,0.037347437270606555,0.03807522355928086,3612672.0,0.03387023363029584,0.029872172549949026,3612672.0,2.8331754377738012e-08,0.00047964074186717553
3624960.0,0.038950414843081184,0.03802688061065662,3624960.0,0.03367286190041341,0.03072435988287907,3624960.0,8.346492124111649e-07,0.00047886950582134877
3637248.0,0.034507654733412586,0.03743606750795152,3637248.0,0.03272751237576207,0.0311631503602257,3637248.0,0.0018665059742488666,0.0006655137666413206
3649536.0,0.03489839112929379,0.03732695440994575,3649536.0,0.031240443902788684,0.03126874487885895,3649536.0,4.6470375316687296e-06,0.00046521466378836844
3661824.0,0.030757592418619122,0.035625022910729366,3661824.0,0.040760537871392444,0.03270668215991464,3661824.0,1.8277171029978945e-06,0.00042436881649450693
3674112.0,0.030162224187127624,0.03423742417556544,3674112.0,0.04434804684327295,0.03409527310577687,3674112.0,1.9780211195826365e-08,0.00042437052033246275
3686400.0,0.031224441239222262,0.033485878958405615,3686400.0,0.041288071389620505,0.03489256680574423,3686400.0,0.0020352604654666115,0.000627896564342871
3698688.0,0.033742184799242146,0.03339187271582583,3698688.0,0.041204923822078854,0.03604209365827653,3698688.0,1.3610201283024519e-06,0.00040832067802323336
3710976.0,0.03512842829028765,0.033609665290957005,3710976.0,0.04066109348786995,0.03717547603009734,3710976.0,1.895850385014164e-08,0.0003910553648051684
3723264.0,0.030966485268436372,0.03376852541793293,3723264.0,0.04068592060745383,0.03804596458309485,3723264.0,0.0004909191966362414,0.00044014231307965235
3735552.0,0.027619187652211014,0.032795700456093375,3735552.0,0.039228295519327126,0.03858177077199798,3735552.0,0.00018197366978256468,0.0004583368468824711
3747840.0,0.02669960041142379,0.03157061901292763,3747840.0,0.036419932070809104,0.03885647778903755,3747840.0,1.5325264263547449e-06,0.0004584066346038654
3760128.0,0.021975252010937158,0.03031737874068009,3760128.0,0.03410790831549093,0.03899451738301044,3760128.0,0.0004008245570427486,0.00031183849288325357
3772416.0,0.022581667105744902,0.0290857063383252,3772416.0,0.03298585295366744,0.039169058288098316,3772416.0,2.798501366404101e-05,0.00031417229049649084
3784704.0,0.02043684593324239,0.028053631689787535,3784704.0,0.0344151152142634,0.03853451602238541,3784704.0,0.0017520589711542318,0.0004891954159016142
3796992.0,0.024361635820241645,0.027473572853098933,3796992.0,0.037703886278904974,0.0378700999659486,3796992.0,0.0019804280000244034,0.000687236237882935
3809280.0,0.02284643815558714,0.02663577254473542,3809280.0,0.035230300292217485,0.0372643228562083,3809280.0,3.149296338970468e-06,0.00048402512097017085
3821568.0,0.022549534459055092,0.02551650751071672,3821568.0,0.03679685905808583,0.036823516379809004,3821568.0,0.0017638232196380461,0.0006602713409211453
3833856.0,0.020315202224689227,0.02403518490415687,3833856.0,0.03343217177704597,0.03610062420872661,3833856.0,5.81192739209276e-06,0.0006608506378099694
3846144.0,0.019433098728768528,0.022881846250190088,3846144.0,0.03258642156530792,0.03529067430451203,3846144.0,2.546955408152159e-08,0.0006117612651017534
3858432.0,0.018358151506011684,0.021955742635570156,3858432.0,0.031977217042973884,0.034565566456876695,3858432.0,0.002156061990414552,0.0008091700971649522
3870720.0,0.016314751759637147,0.020917257770391492,3870720.0,0.030208795991105337,0.03394445284890632,3870720.0,1.2586492529701823e-07,0.0008090294310148464
3883008.0,0.01617187310087805,0.02033691987938558,3883008.0,0.030268392021146912,0.03356050121947192,3883008.0,0.00010132914750708248,0.0007790798900612799
3895296.0,0.01603578069383123,0.01968233123819422,3895296.0,0.03122234878052647,0.03338415080215782,3895296.0,0.00047296046159317484,0.0008235774348541933
3907584.0,0.014985740762009906,0.019137220721070963,3907584.0,0.029161235511613388,0.03285876283189282,3907584.0,8.483143003464496e-06,0.0006492198520391165
3919872.0,0.014922147854425324,0.018193271924489336,3919872.0,0.0270156856374039,0.03178994276774271,3919872.0,0.000556500978746044,0.0005068271499112805
3932160.0,0.01701737013354432,0.017610365122285053,3932160.0,0.03205329518338355,0.031472242256859316,3932160.0,4.5089276164607856e-07,0.0005065573095535481
3944448.0,0.015763618784452166,0.01693177355482476,3944448.0,0.03542023511060203,0.03133457986211094,3944448.0,4.70233318140371e-10,0.0003301750346130753
3956736.0,0.015928648058131028,0.01649311813816894,3956736.0,0.029629471731216956,0.030954309857528034,3956736.0,0.00010715171534769752,0.0003403090134086358
3969024.0,0.017551658287023503,0.016304974093994434,3969024.0,0.032570372393820435,0.030952704940379282,3969024.0,0.002162113481972483,0.000556517814650476
3981312.0,0.018375188306284446,0.016306677774021717,3981312.0,0.03391016540505613,0.031145999776587514,3981312.0,1.0252979502449004e-06,0.0003410141454040452
3993600.0,0.020374433777760714,0.01671264597583407,3993600.0,0.03150479796264941,0.03127559997374192,3993600.0,9.354287554922772e-07,0.00034109510178706475
4005888.0,0.0286292141827289,0.017958380084019156,4005888.0,0.028831074276240543,0.031131868199251282,4005888.0,0.0005200028978530705,0.00038296247682166357
4018176.0,0.027949220995651558,0.019149724114201187,4018176.0,0.025973692352029804,0.030607002556401613,4018176.0,2.4353466662555925e-06,0.00033590996532897166
4030464.0,0.026854653522605076,0.020336615390260705,4030464.0,0.025049630436114967,0.030195842048851767,4030464.0,1.152602859220512e-08,0.0003350628036314844
4042752.0,0.02334183743611599,0.021178584348429768,4042752.0,0.02879853803703251,0.030374127288814633,4042752.0,5.7189449754272335e-11,0.00027941271147582497
4055040.0,0.022406955327217776,0.021717542867797115,4055040.0,0.031171970932822052,0.03028599486375848,4055040.0,3.667585121055102e-05,0.00028303520732071545
4067328.0,0.02347793376732928,0.02248897436608483,4067328.0,0.03387844765287203,0.03013181611798548,4067328.0,0.001653837561510348,0.0004484189164484185
4079616.0,0.023360800919666264,0.023232189652238354,4079616.0,0.03330369611891607,0.030499238556755393,4079616.0,2.6283169783406873e-05,0.0004403320618919894
4091904.0,0.020998784767774243,0.02357690230031343,4091904.0,0.030023075106631342,0.030244508828036486,4091904.0,0.002003278304982814,0.0004244485441930224
4104192.0,0.022724052221747115,0.024011788691859694,4104192.0,0.03203407950544109,0.03005690023807498,4104192.0,1.484445689925451e-06,0.00042449445896699053
4116480.0,0.018551310553448275,0.02382947636942845,4116480.0,0.02993706815565626,0.029900127257375668,4116480.0,1.2585313037087134e-08,0.000424402174622745
4128768.0,0.01976298275985755,0.022942853227141312,4128768.0,0.028759444491394486,0.029892964278891064,4128768.0,8.982746955481813e-12,0.00037240188573571265
4141056.0,0.018548506806837395,0.022002781808259896,4141056.0,0.030765651162558545,0.030372160159943935,4141056.0,3.3770054020971547e-13,0.0003721583511028571
4153344.0,0.01954271151529004,0.021271587607528394,4153344.0,0.028112703604468454,0.03067846747677928,4153344.0,0.001940547216994067,0.0005662119201994047
4165632.0,0.01670293463394046,0.02060769732731084,4165632.0,0.028025633267437417,0.030601176999819773,4165632.0,7.500213892323397e-06,0.000566961935869692
4177920.0,0.018390977367137868,0.020206099531302847,4177920.0,0.02710544583775724,0.030194524490313297,4177920.0,7.08835657392548e-08,0.0005633014391052108
4190208.0,0.021438393344093736,0.020002145488979294,4190208.0,0.02539003321241277,0.02934568304626737,4190208.0,0.0010849356755594879,0.0005064112505101248
4202496.0,0.019683187497624505,0.019634384146775118,4202496.0,0.026316547805132966,0.028646968214889056,4202496.0,4.1895219358896917e-05,0.0005079724554676739
4214784.0,0.025342171914720286,0.020068722861469723,4214784.0,0.02674757388498013,0.028319418092723935,4214784.0,1.0555732399275541e-08,0.0003076456805426324
4227072.0,0.024870213664447267,0.02028333900573974,4227072.0,0.025193437235429883,0.027635353865722818,4227072.0,4.1539486115895384e-11,0.00030749724012758844
4239360.0,0.024918182811234146,0.020920026231518327,4239360.0,0.025871680506194632,0.027228815100776654,4239360.0,0.002019973425679685,0.0005094933241642531
4251648.0,0.02695714044966735,0.021639442000499304,4251648.0,0.02453324117232114,0.026806194768869317,4251648.0,7.021551448360697e-05,0.0005165148747143392
4263936.0,0.025486029509920627,0.022333194270807627,4263936.0,0.0244197530070475,0.026171604953318217,4263936.0,3.754750820631851e-07,0.0005165524221887756
4276224.0,0.025789298708938684,0.022957852990172493,4276224.0,0.023231271567055956,0.025683461749576964,4276224.0,0.00016388607393006774,0.00033888630788237557
4288512.0,0.025519847724353895,0.023839544299213835,4288512.0,0.02277106848002101,0.025158005270835327,4288512.0,0.0017625146544257102,0.0005143877519357143
4300800.0,0.025851840424972277,0.024585630604997275,4300800.0,0.022560243126160156,0.02470348499967561,4300800.0,4.112825243633249e-06,0.0005147919461035037
4313088.0,0.033196495001902804,0.025761440770778188,4313088.0,0.023973309076003108,0.024561812586034647,4313088.0,2.0553939790908988e-08,0.000406300433941534
4325376.0,0.03836084842138613,0.02762920686315435,4325376.0,0.024377429809343692,0.02436790078645572,4325376.0,0.0006873807842566748,0.00047084899043131173
4337664.0,0.038546058523934335,0.028949595524075757,4337664.0,0.022084839719658095,0.023901627369923517,4337664.0,0.001929740979297397,0.0006638220327878114
4349952.0,0.038371713152931385,0.03029974547292416,4349952.0,0.0228234840130123,0.02366463204768176,4349952.0,2.798171352698849e-06,0.0006641018457691327
4362240.0,0.03902222739998251,0.031710149931799,4362240.0,0.02278496205690317,0.023355960202752612,4362240.0,0.0006330455832236718,0.0005254090615235314
4374528.0,0.037408749223686755,0.032755310809200945,4374528.0,0.0224901239562314,0.02315164848114364,4374528.0,1.977785197245415e-06,0.0005185852885948954
4386816.0,0.037581641983706504,0.03396487205657953,4386816.0,0.02259287249762565,0.022968960430201454,4386816.0,0.0020534410626472286,0.0007238918473514117
4399104.0,0.04007709684083238,0.0353936518697689,4399104.0,0.021126128636145342,0.022758446137110394,4399104.0,2.081376360152376e-06,0.0007077113775944204
4411392.0,0.04229680796076233,0.03707134789340974,4411392.0,0.019293038281224046,0.0224106431172307,4411392.0,1.0337151523653887e-08,0.0005314609458670017
4423680.0,0.04143834191684922,0.03862999804259744,4423680.0,0.020185805498234306,0.022173199354438112,4423680.0,0.0019725585498235887,0.0007283055183249972
4435968.0,0.046217084396630526,0.0399320569820702,4435968.0,0.023227193334605545,0.022098587780298353,4435968.0,7.153018473834057e-06,0.0007290187647784015
4448256.0,0.046827930180976786,0.04077876515802928,4448256.0,0.021789293600401532,0.02183977415940414,4448256.0,0.0010615505022239329,0.0007664357365751273
4460544.0,0.04446866114934286,0.041371025420570126,4460544.0,0.02077185653615743,0.02170847584105407,4460544.0,2.1822700612498616e-06,0.0005736798656515126
4472832.0,0.04839031151883925,0.04237288525716091,4472832.0,0.02176464371344385,0.02160259181109723,4472832.0,3.1544767064665504e-09,0.0005734003639639134
4485120.0,0.04663573075473929,0.04313423559263659,4485120.0,0.022486141494785745,0.021572709754885486,4485120.0,0.0016988381363868636,0.0006799796192802326
4497408.0,0.04543566236194844,0.04393692690646276,4497408.0,0.02113735085974137,0.021437432445236482,4497408.0,2.804061964104913e-07,0.0006798098813801492
4509696.0,0.04522043600445613,0.04470080630853772,4509696.0,0.02056772662520719,0.021234917857994636,4509696.0,2.0515749321603494e-08,0.0004744678266903584
4521984.0,0.04485473818688964,0.04517857044314345,4521984.0,0.020758553611813113,0.021198160355561414,4521984.0,0.00041089479661119793,0.000515349168715463
4534272.0,0.043251201297001295,0.04527400977676734,4534272.0,0.020806408050702885,0.021349497332509296,4534272.0,0.0019611412468899894,0.0007114622596893095
4546560.0,0.04336623965840166,0.04546679955092259,4546560.0,0.0203379725474709,0.021364714037432956,4546560.0,4.906542622270156e-06,0.0005146970589691776
4558848.0,0.0424437837015527,0.045089469481414804,4558848.0,0.019167990918504074,0.02095879379582281,4558848.0,2.4536838005850825e-08,0.0005139842108055948
4571136.0,0.04029711844244351,0.04443638830756148,4571136.0,0.018310740881133825,0.02061093852389604,4571136.0,1.1817090596709148e-10,0.00040782917240029214
4583424.0,0.03775812441017479,0.04376533463364467,4583424.0,0.01973931911440256,0.02050768478172055,4583424.0,0.0015826452757513227,0.0005658754729692994
4595712.0,0.03867151198210195,0.04279345467997094,4595712.0,0.01929545255067448,0.02026076566544361,4595712.0,1.2980446738216263e-06,0.0005660049619890109
4608000.0,0.03466539139238497,0.0415964207437355,4608000.0,0.018796467513311654,0.019891798267296205,4608000.0,0.0017891481462963081,0.0005750359629799553
4620288.0,0.034327003289945424,0.0404855548365352,4620288.0,0.01878481263217206,0.01965654444453927,4620288.0,6.545020124804068e-05,0.0005815529424851184
4632576.0,0.04155516562362512,0.040119027798452105,4632576.0,0.019396226532990113,0.01953939443531757,4632576.0,0.00011355480387464922,0.0005929063712976511
4644864.0,0.043109059877072774,0.03994445996747041,4644864.0,0.018674335529794917,0.019330972627115743,4644864.0,5.206996629425475e-07,0.0005518689616028256
4657152.0,0.04155671922490001,0.039775011760260284,4657152.0,0.018062852856625494,0.019056617107708007,4657152.0,4.271169498810956e-10,0.00035575487962552163
4669440.0,0.036256103756992765,0.0390639981701194,4669440.0,0.017325674164264154,0.01875538726938733,4669440.0,2.2647240392351714e-14,0.0003552642253655594
4681728.0,0.04183332802494988,0.039002952602459125,4681728.0,0.01694358895959643,0.01853294707349657,4681728.0,0.0019100778063148027,0.000546269552313239
4694016.0,0.03880044905235991,0.038853285663450754,4694016.0,0.016960775033415604,0.018397950488724748,4694016.0,1.6084447906905552e-06,0.0005464303849752175
4706304.0,0.04192395048448816,0.039269868270882094,4706304.0,0.017150082256800186,0.01813902680296451,4706304.0,0.0017962797925671718,0.0005677938366568025
4718592.0,0.04358356265584007,0.0397610733382559,4718592.0,0.016190950302795198,0.017828576578176582,4718592.0,9.174998465274106e-06,0.0005685815320359477
4730880.0,0.04277727840235457,0.04057226203925287,4730880.0,0.015471476537641138,0.01749607748060953,4730880.0,3.758372769483801e-08,0.0003896704757790863
4743168.0,0.04063177541441595,0.04120273925169991,4743168.0,0.016191559688498575,0.017236752186242182,4743168.0,8.410123756623945e-11,0.00038312546406440605
4755456.0,0.038336337641036757,0.04088085645344108,4755456.0,0.016688236510769155,0.016965953184020086,4755456.0,1.211981682791529e-13,0.00037176998368906096
4767744.0,0.03614266987036293,0.0401842174527701,4767744.0,0.01710835318469132,0.016809354949509723,4767744.0,8.356796894767675e-13,0.00037171791380633467
4780032.0,0.034706347699587546,0.03949918030023884,4780032.0,0.015931924572214484,0.016596262121068624,4780032.0,0.001947778671819833,0.000566495738276623
4792320.0,0.03643348752909029,0.03951691867744861,4792320.0,0.015689344067747395,0.016432629111416946,4792320.0,0.0009955375659653025,0.0006660494948708886
4804608.0,0.036738175277908645,0.03900740340274449,4804608.0,0.01499638666670459,0.016237908882127762,4804608.0,7.09547098646605e-05,0.00048213718522587435
4816896.0,0.03855127812130377,0.03898248630963887,4816896.0,0.015620894235325977,0.0161039208023188,4816896.0,0.0005399283827500767,0.000535969179021813
4829184.0,0.03840498197435712,0.03863058945862576,4829184.0,0.015678789515125875,0.015956791528151375,4829184.0,3.9616863669230305e-08,0.00035634516145146265
4841472.0,0.03888405630520234,0.03816063882356199,4841472.0,0.014947592707661292,0.015832455768637982,4841472.0,1.6393409157933192e-08,0.000355429300945851
4853760.0,0.04330772799827779,0.03821368378315432,4853760.0,0.015088563552126288,0.015794164470086497,4853760.0,3.403769334529155e-11,0.00035542554597685084
4866048.0,0.03761764683683092,0.03791227092539582,4866048.0,0.015372627162529776,0.015712271217489613,4866048.0,0.0004013527409559477,0.0003955608116623219
4878336.0,0.0366506579448469,0.03774370295577683,4878336.0,0.015501999684299031,0.0155936475348426,4878336.0,0.0007908612415121752,0.0004746469358014196
4890624.0,0.037370038141186036,0.03786643978285913,4890624.0,0.014593425633696219,0.015342154779743091,4890624.0,0.002097879200543199,0.0006844348557721716
4902912.0,0.03366752032889053,0.037762557045789444,4902912.0,0.013988813637600591,0.015147843686281706,4902912.0,1.437711560470234e-06,0.0004898007597462353
4915200.0,0.03317111183423549,0.03743631947630396,4915200.0,0.014152266609016806,0.014994135940408646,4915200.0,0.0009023123469281321,0.00048047823784251825
4927488.0,0.032720957785689585,0.03703459772708205,4927488.0,0.01484744703824011,0.014979241977562197,4927488.0,9.492494208451774e-07,0.00047347769179813666
4939776.0,0.03174897067947313,0.036354366982898983,4939776.0,0.014630584735035276,0.014880211027533128,4939776.0,3.1733710728620856e-09,0.00041948517086023626
4952064.0,0.03281375560133407,0.03579524434559668,4952064.0,0.014553876147450259,0.014767719690765565,4952064.0,4.659443293798688e-11,0.0004194812138333127
4964352.0,0.03393251790354649,0.035300090505431106,4964352.0,0.013908796245232224,0.014663840044522657,4964352.0,0.0020806343982258113,0.0006275430143149781
4976640.0,0.031629958481062204,0.034132313553709534,4976640.0,0.013471341638554199,0.01450211785316545,4976640.0,0.00023370652562941055,0.0006509136634741498
4988928.0,0.029766575219885755,0.03334720639201502,4988928.0,0.013181519316276535,0.014283007068540127,4988928.0,2.30400142401758e-06,0.0006110087895209568
5001216.0,0.030568322089190286,0.03273897280644936,5001216.0,0.01387859002473609,0.01412066610258383,5001216.0,5.048985607380985e-07,0.000531973155225813
5013504.0,0.03272266132989898,0.032274235125320655,5013504.0,0.015128732557059266,0.014174196794920135,5013504.0,0.00028405514475101273,0.0003505907496465944
5025792.0,0.03347019360323126,0.03225450245275473,5025792.0,0.013673456308121482,0.014142661061972225,5025792.0,7.3343993012287e-07,0.0003505203224835596
5038080.0,0.03476347419200465,0.032413738688531646,5038080.0,0.013614655021228828,0.014088899903193428,5038080.0,5.677020960964674e-09,0.0002602896554928425
5050368.0,0.03386041110691925,0.032527684020654604,5050368.0,0.013297357232659124,0.013933890922635328,5050368.0,0.00012177115991107712,0.00027237184654186567
5062656.0,0.03236662390797088,0.032589449343504384,5062656.0,0.013168752562099447,0.013787707705341745,5062656.0,0.002005851594124882,0.00047295668861724663
5074944.0,0.031655456754378974,0.032473619458808875,5074944.0,0.01282025727656825,0.013614345818253545,5074944.0,0.0003644120944651756,0.0005093978934043209
5087232.0,0.03279253545527657,0.03235962121398188,5087232.0,0.013960928888991475,0.01361955908262947,5087232.0,2.7810980572871382e-09,0.00030133473169154546
5099520.0,0.03158868583462512,0.03235549394933816,5099520.0,0.013635059624599913,0.01363593088123404,5099520.0,0.0019541116404676964,0.00047337524317537404
5111808.0,0.030240585542439174,0.03240289498159351,5111808.0,0.013229298487810107,0.0136407087983874,5111808.0,3.815791577229295e-06,0.0004735264221906952
5124096.0,0.028217613173183054,0.03216782408999279,5124096.0,0.012384236470097676,0.013491273442923557,5124096.0,2.3789036314910323e-08,0.0004734783112382528
5136384.0,0.031868163884306945,0.03208237434543359,5136384.0,0.012310222960271252,0.013209422483244757,5136384.0,3.8947279445977756e-07,0.0004451117440425976
5148672.0,0.03194652794627473,0.03193000777973794,5148672.0,0.01434292588479972,0.013276369440912577,5148672.0,0.00134441226994871,0.0005794796270444563
5160960.0,0.03351232964390268,0.03180489332492774,5160960.0,0.013413206281256862,0.013256224566915383,5160960.0,0.0008841344188112998,0.0006678925012234902
5173248.0,0.03613624209538102,0.03203247642377391,5173248.0,0.012928873281149814,0.013219376171764451,5173248.0,4.114666318777438e-07,0.0006557565318955703
5185536.0,0.035959648240047194,0.03239177885698155,5185536.0,0.01289642103559648,0.013192143019114155,5185536.0,2.0267559341924368e-07,0.00045519164004242404
5197824.0,0.03407351701753214,0.032633584883296866,5197824.0,0.013628926031136265,0.013273009894570956,5197824.0,0.0020111896119487938,0.0006198693917907857
5210112.0,0.03224446226765091,0.0325787775645343,5210112.0,0.01234556311586251,0.01311147331725806,5210112.0,3.1869114671678744e-06,0.0006201878048276968
5222400.0,0.030072499454642337,0.03242715892653602,5222400.0,0.011701132685023671,0.012918080623300434,5222400.0,4.325499215751538e-09,0.0004247770733308488
5234688.0,0.03264401810398946,0.03266750218269105,5234688.0,0.011804242317642396,0.012775575006283665,5234688.0,0.002025856128966552,0.0006269811070697811
5246976.0,0.03551358153345063,0.033397099018717805,5246976.0,0.011798907347838394,0.012717042094057735,5246976.0,0.0007658621531542545,0.000703564943481575
5259264.0,0.03375390715276202,0.03358567334556331,5259264.0,0.012310102053258257,0.012717030003356436,5259264.0,2.201723732220273e-06,0.0007037461685753512
5271552.0,0.03087734159392615,0.03347875471032845,5271552.0,0.012569623359013349,0.012539699750777799,5271552.0,9.892670305618653e-09,0.0005693059308475106
5283840.0,0.028802894172258675,0.03300781116316405,5283840.0,0.011862343254809579,0.012384613448133071,5283840.0,0.0011451212358224439,0.000595404612548625
5296128.0,0.030099491113408778,0.032404136064966824,5296128.0,0.013459289441622483,0.012437655064180339,5296128.0,6.479286833875146e-06,0.0005960113945688249
5308416.0,0.030689161639505375,0.031877087404912643,5308416.0,0.013260719502189508,0.012474084910839641,5308416.0,2.1711428510075292e-10,0.0005959911487209114
5320704.0,0.029459765976450097,0.03141571230080444,5320704.0,0.012380318745272234,0.012349224182253236,5320704.0,7.733074953719665e-07,0.0003949495182755692
5332992.0,0.027791533143802855,0.03097041938841964,5332992.0,0.013037471246207133,0.012418414995287699,5332992.0,0.001963222185319561,0.0005909530456608086
5345280.0,0.02721119356768516,0.030684288799723913,5345280.0,0.012266535612676913,0.012474955288053025,5345280.0,2.078099837987679e-06,0.0005911604230946858
5357568.0,0.02771458466304466,0.030191345455629442,5357568.0,0.011810751593050858,0.012475606215593871,5357568.0,1.1657149532699288e-08,0.0003885759759129838
5369856.0,0.028335696183300268,0.029473556920614402,5369856.0,0.012646117315550024,0.012560327212365033,5369856.0,0.0015730682007415453,0.00046929658067171293
5382144.0,0.03003142777985583,0.029101308983323786,5382144.0,0.012341487818048336,0.012563465788844042,5382144.0,8.064841419278915e-06,0.00046988289244041874
5394432.0,0.028666288921764742,0.02888020371610765,5394432.0,0.013120052268883834,0.01261850867983109,5394432.0,8.222768645612295e-08,0.00046989012594203375
5406720.0,0.026641061374296744,0.02866402043631145,5406720.0,0.012214623837886998,0.012653736738138832,5406720.0,2.493226645827508e-10,0.0003553780272920559
5419008.0,0.029391418560408056,0.02859321318101138,5419008.0,0.01212770922575146,0.012520578716551729,5419008.0,0.0019534217990440084,0.0005500722785130692
5431296.0,0.02970427069036911,0.028494724086097756,5431296.0,0.011707019361589724,0.012365208702491751,5431296.0,0.00026167904654054536,0.0005762401614556953
5443584.0,0.0287153409444727,0.028420281582900015,5443584.0,0.012112876836908981,0.012338464511655427,5443584.0,6.541834518536405e-08,0.0005761693725406765
5455872.0,0.029999867644316208,0.028641115032951348,5455872.0,0.012325505527163235,0.012267267939751036,5455872.0,3.0223011286227103e-07,0.00037987737702000667
5468160.0,0.028031890144726884,0.028723184690655525,5468160.0,0.011682804960097807,0.012208894874493125,5468160.0,0.0004646787365345517,0.0004261374406896631
5480448.0,0.02763097962209334,0.02871482418656039,5480448.0,0.011000448183040135,0.012127864533492055,5480448.0,1.3140400994871015e-05,0.0004274503150741969
5492736.0,0.025904543823950615,0.028471708950625424,5492736.0,0.012026415706107704,0.012065894372547821,5492736.0,0.00020276076103906138,0.0002904195711039485
5505024.0,0.024561087212835748,0.02792467489392341,5505024.0,0.01247609464432268,0.012079355055175257,5505024.0,0.0020430561671673786,0.0004939187036787585
5517312.0,0.0292687941788851,0.027984925419635452,5517312.0,0.012633266994574418,0.012030676527744314,5517312.0,0.00018584290053998606,0.0005124947709641114
5529600.0,0.029010490271806095,0.028221868309386382,5529600.0,0.012254997248722551,0.012034713868827868,5529600.0,6.321722372248928e-07,0.0005125579632555674
5541888.0,0.029796755018954475,0.028262401955241025,5541888.0,0.011906501444173045,0.012012593090670027,5541888.0,1.2764657305689802e-09,0.00031721591099773973
5554176.0,0.030989358997127663,0.028390910785916885,5554176.0,0.011430330021539703,0.011984924156665026,5554176.0,0.0018813178060857656,0.00047917978695226175
5566464.0,0.02841130817735878,0.02836050750920549,5566464.0,0.01251526243868284,0.012025162716842413,5566464.0,2.2558239353524336e-06,0.0004793988275112785
5578752.0,0.02867209370015189,0.028227730114789056,5578752.0,0.01193517779756803,0.011986129943882892,5578752.0,1.5455870712906734e-08,0.00047937015008706356
5591040.0,0.030254342146993924,0.02844997531501576,5591040.0,0.01230206179995245,0.012048055627868356,5591040.0,0.00180934694011133,0.0006138369704447413
5603328.0,0.02745072861822943,0.02843195021462937,5603328.0,0.011178829775114233,0.012065893787075767,5603328.0,0.001344336199205524,0.0007469565502658067
5615616.0,0.02644906048468935,0.028486401880703248,5615616.0,0.011969401869767657,0.01206019240344176,5615616.0,1.3206007762889271e-06,0.0007268125342395294
5627904.0,0.025328455919710297,0.028563138751390698,5627904.0,0.011400232794888629,0.011952606218498354,5627904.0,1.1946296505268203e-08,0.0005225081121524422
5640192.0,0.025733383498542633,0.02820959768335645,5640192.0,0.011940422215654204,0.011883321740606334,5640192.0,0.0005190128898296583,0.0005558251110814093
5652480.0,0.024259642785182223,0.027734512934694068,5652480.0,0.01272151299053803,0.011929973314787883,5652480.0,0.00019800888094323454,0.0005755627819520103
5664768.0,0.026184751079805817,0.027373312540779203,5664768.0,0.011777717591030523,0.01191709492947363,5664768.0,2.4789670605152025e-07,0.0005755874439760424
5677056.0,0.024907916852195438,0.026765168326285976,5677056.0,0.012874759753079465,0.012061537902627605,5677056.0,3.634059581036908e-09,0.0003874560267734239
5689344.0,0.025465488656967256,0.026470586374246825,5689344.0,0.012037203060269045,0.012013731964786226,5689344.0,0.0019378204069653293,0.0005810124850764216
5701632.0,0.024947215075371787,0.02609809851176882,5701632.0,0.011958428061916493,0.012016056991221073,5701632.0,0.000568468263130247,0.000637857765802375
5713920.0,0.023889068931263562,0.02546157119019578,5713920.0,0.012055089173372835,0.011991359728563111,5713920.0,1.8339643575634075e-06,0.00045710646822699834
5726208.0,0.024469360350243125,0.025163434363397148,5726208.0,0.01301437090539063,0.012174913841590751,5726208.0,1.3139009033547033e-08,0.0003226741622073493
5738496.0,0.030396608451458935,0.02555818916007411,5738496.0,0.012081358261639252,0.012186109480777911,5738496.0,0.0016371222779222687,0.00048625432992194733
5750784.0,0.029222568206023425,0.025947600388705416,5750784.0,0.011472519802434059,0.012193338181532454,5750784.0,2.7868711243902076e-06,0.00048653182240473574
5763072.0,0.026202221313724294,0.025994484170223587,5763072.0,0.01110209775409506,0.012109505735376539,5763072.0,1.0971621375310825e-08,0.00043463163058390746
5775360.0,0.025432602706132457,0.02611178016231861,5775360.0,0.011077400951762684,0.011945094531499004,5775360.0,0.0019115374961984344,0.0006059844921094275
5787648.0,0.024522314498123404,0.02594553650415037,5787648.0,0.010871185785314689,0.011854441350927421,5787648.0,0.0019988210575926737,0.0008058418081980897
5799936.0,0.02707176315986241,0.026161921134917065,5799936.0,0.010971707767263675,0.011664136152345843,5799936.0,4.663899503043467e-06,0.000806307834742436
5812224.0,0.027833922843759257,0.026398764553596264,5812224.0,0.01300897667533718,0.011761313513852656,5812224.0,3.1629986528095934e-08,0.0006125289570445557
5824512.0,0.026811965508386493,0.026585239596897736,5824512.0,0.011314139924555397,0.011696884700116546,5824512.0,0.0009606983809741602,0.0006517519688289471
5836800.0,0.028301202575676143,0.027026452961338994,5836800.0,0.011463943194636764,0.011637770102242938,5836800.0,1.2574229401707271e-05,0.0006528259953333615
5849088.0,0.026686016120947897,0.02724811853840947,5849088.0,0.010849238547962159,0.011421256866500093,5849088.0,4.645283041559978e-08,0.0006528293267154997
5861376.0,0.025320437038317323,0.02674050139709531,5861376.0,0.011175848174995432,0.01133070585783571,5861376.0,0.0010479241982466192,0.0005939095187479347
5873664.0,0.023373626812826842,0.026155607257775652,5873664.0,0.010821852013274716,0.011265639078919778,5873664.0,1.0672461892606103e-05,0.0005946980778247562
5885952.0,0.02364411605716062,0.025899796732119285,5885952.0,0.01172086683800444,0.011327515987310714,5885952.0,0.0020645589956984622,0.0008011528802324651
5898240.0,0.025077310846730445,0.02586426754617908,5898240.0,0.010929493563404927,0.01131272524847494,5898240.0,4.551475895434957e-07,0.000610044645371576
5910528.0,0.024842582584824413,0.02589629435484918,5910528.0,0.010519892088874864,0.011277595878830957,5910528.0,5.815029080942964e-09,0.00041016312111521666
5922816.0,0.025209146726410836,0.025710032711504027,5922816.0,0.011050464231326865,0.011285471525237276,5922816.0,0.0010953982582577737,0.0005192365569906896
5935104.0,0.0239469366982424,0.025321334096952343,5935104.0,0.010486099291786862,0.011033183786882242,5935104.0,1.788343256000265e-06,0.0005194122283176368
5947392.0,0.022417577274609357,0.02488189527357463,5947392.0,0.011274768364576934,0.011029246630884396,5947392.0,0.0019359523982226772,0.0006169376300424886
5959680.0,0.022651237901300192,0.024316898806137032,5959680.0,0.010446640148681277,0.010927516326288847,5959680.0,1.918219168691356e-06,0.000615872029019187
5971968.0,0.02406961694941856,0.024055258888984098,5971968.0,0.010718460956316752,0.010914438567124308,5971968.0,9.449163847818909e-06,0.0006168123001209272
5984256.0,0.022942557213051867,0.02381747090645755,5984256.0,0.010599036895049116,0.010856757439129675,5984256.0,0.001796661943444633,0.0006916860746407287
5996544.0,0.023723093123408034,0.02385241753751567,5996544.0,0.010713035415392369,0.01084587577934144,5996544.0,5.354101772307255e-07,0.0006906723694691912
6008832.0,0.02232749328444091,0.0237207552602437,6008832.0,0.011342349049906867,0.010808024000531683,6008832.0,0.0020779464078562646,0.0006920111106849715
6021120.0,0.022190852449663605,0.023432109420537018,6021120.0,0.011042887320703207,0.010819363376261512,6021120.0,6.878620677497338e-07,0.000692034382132792
6033408.0,0.025017075560754165,0.02344955871812999,6033408.0,0.012478729161860732,0.011015247083560097,6033408.0,9.869862083178305e-05,0.0007019036627130622
6045696.0,0.02494809139170684,0.023423453184659594,6045696.0,0.014274552697315812,0.011337655930158992,6045696.0,1.6920147392814517e-06,0.000592533038361213
6057984.0,0.022863182908622548,0.02331507780569761,6057984.0,0.0125646990830622,0.011545515909286526,6057984.0,6.489691603550618e-09,0.0005923548530047733
6070272.0,0.022222208373326186,0.023295540915569294,6070272.0,0.012583798185611764,0.01167641889139001,6070272.0,0.002012285251112189,0.0005999881382937245
6082560.0,0.022136153255511697,0.023244032450990444,6082560.0,0.010555747852777131,0.011687329661799594,6082560.0,3.129332625917414e-05,0.0006029256490027728
6094848.0,0.023782080272212625,0.023215278783269847,6094848.0,0.009808111998912258,0.011596294766059145,6094848.0,6.011843467490507e-07,0.0006020408510526659
6107136.0,0.023054623530091096,0.023226485414973772,6107136.0,0.011470300111492785,0.011683421087703512,6107136.0,0.0006827465225190584,0.0004906493089601084
6119424.0,0.02382920467061922,0.02323709656969489,6119424.0,0.013434851202570522,0.011955602666421329,6119424.0,0.0007322019206791689,0.0005638159600103022
6131712.0,0.027830394392367452,0.023787386680487542,6131712.0,0.012259305052187605,0.0120472982666494,6131712.0,1.217654436658222e-05,0.00035723897366133397
6144000.0,0.03013481170637533,0.024581782606158713,6144000.0,0.011556347574999867,0.012098644292079066,6144000.0,4.851677011992924e-08,0.000357175039131571
6156288.0,0.02557168267473268,0.024637243317556564,6156288.0,0.012491798183570305,0.012099951194250025,6156288.0,9.742935454445008e-05,0.0003570481125028377
6168576.0,0.02418488551241656,0.024560922729627538,6168576.0,0.012176884153935438,0.011890184339911989,6168576.0,0.0020589123741956428,0.0005627701484484738
6180864.0,0.028302545513724908,0.025104858990137778,6180864.0,0.012337030760439424,0.011867417507649709,6180864.0,0.0005750518154551779,0.0006202746810248313
6193152.0,0.028273963815687846,0.025710034534373944,6193152.0,0.014396038808627054,0.01204864156995124,6193152.0,0.002081769602834053,0.0006272231161970176
6205440.0,0.028387613740051165,0.02633518058282789,6205440.0,0.015778760023143452,0.01257094278698787,6205440.0,5.935930803483795e-06,0.0006246873766514486
6217728.0,0.02506900530230875,0.026463873085837503,6217728.0,0.018220664603480447,0.01341219804744469,6217728.0,2.078123798080848e-06,0.0006248350705965818
6230016.0,0.02762804650895608,0.026921215383724002,6230016.0,0.017847003444330767,0.014049868380728487,6230016.0,6.761867755537369e-09,0.0005565610945314516
6242304.0,0.026556133680666488,0.02719390828472873,6242304.0,0.021370122936787084,0.014843395554150146,6242304.0,5.584122873349906e-12,0.00048334090302194695
6254592.0,0.025771307836597163,0.026987999629151698,6254592.0,0.020475101404978584,0.01566497518942924,6254592.0,0.0020748247576799863,0.0006896057243532873
6266880.0,0.027942559148262564,0.02676877437334042,6266880.0,0.0255206667255455,0.017061407104483804,6266880.0,0.0013679834816381724,0.0008263992208400924
6279168.0,0.02693790397218739,0.026905396503085894,6279168.0,0.027679531388760854,0.01858018042500286,6279168.0,0.0013019112514787896,0.0009468474105335266
6291456.0,0.02994774911591473,0.02748168286343571,6291456.0,0.02683238114695996,0.020045730124305314,6291456.0,7.396531071890422e-05,0.0007483527041858526
6303744.0,0.03107538924086839,0.027758967236150057,6303744.0,0.02637896432618921,0.021449923480880293,6303744.0,2.1887416323806974e-07,0.0006908694100566586
6316032.0,0.029312709947892774,0.027862841849370545,6316032.0,0.028163659318427865,0.022826685531860375,6316032.0,5.2141688735059484e-11,0.00048269245498742215
6328320.0,0.027755579629835363,0.027799638438348973,6328320.0,0.028948912765675534,0.024143700806113583,6328320.0,5.147662401364785e-12,0.0004820988624218402
6340608.0,0.030644217292622972,0.02835715963738039,6340608.0,0.026007686072262004,0.024922402952991737,6340608.0,0.0018127932265391185,0.0006631703726959438
6352896.0,0.03177666588453576,0.028772021574938356,6352896.0,0.025917407328961417,0.025729443341454807,6352896.0,7.314347476494731e-05,0.000670484043985663
6365184.0,0.028926438884809613,0.02900905209535267,6365184.0,0.025075224713267136,0.026099953519102805,6365184.0,0.00012069601755608043,0.0006825536451828588
6377472.0,0.027177823494033266,0.02914970366109628,6377472.0,0.025291416144076113,0.02658158499301256,6377472.0,0.001284023653473317,0.0006034735347621919
6389760.0,0.02611577617547785,0.028967025363817806,6389760.0,0.023958345166950796,0.02642535283715309,6389760.0,9.360291699067602e-06,0.0004676112157682813
6402048.0,0.025707563938340172,0.028843991360433086,6402048.0,0.02441749859523649,0.026099149557800655,6402048.0,9.153407578195901e-09,0.00033742100596116024
6414336.0,0.02787992755960052,0.028637209204801665,6414336.0,0.024402774424136926,0.02585618888551835,6414336.0,2.227758177517265e-05,0.00033225223306678706
6426624.0,0.027345842992266018,0.028264254579941427,6426624.0,0.023034620069665834,0.025521754459866007,6426624.0,0.0007990102585608838,0.0004121313715065517
6438912.0,0.027010007780821372,0.028033984363234288,6438912.0,0.024567250453401357,0.02516211357336336,6438912.0,0.0022176549734164532,0.0006338968636340281
6451200.0,0.026624082655568298,0.027920834665807588,6451200.0,0.024420838541118428,0.02470930615090765,6451200.0,3.3012494071726906e-05,0.0006371981125264344
6463488.0,0.02612544608806881,0.02746895754535217,6463488.0,0.023417928537431482,0.0244503303974246,6463488.0,0.0008758025032875594,0.0005434990402012786
6475776.0,0.025362846645293757,0.026827575621427967,6475776.0,0.023960304242791608,0.02425462008880762,6475776.0,4.653558373017101e-06,0.0005366500485620856
6488064.0,0.025315829591515165,0.026466514692098524,6488064.0,0.022727083909558132,0.024019806008436718,6488064.0,2.6288572476292533e-08,0.0005245830756637252
6500352.0,0.023975467862328514,0.02614627912892805,6500352.0,0.02295045355761734,0.02378570974979084,6500352.0,1.398031422977323e-10,0.00039618072429670767
6512640.0,0.024956898521243904,0.02603039136350465,6512640.0,0.023009692250828568,0.023690844458178616,6512640.0,0.0004674890701098292,0.00044199360213778387
6524928.0,0.027517109313824523,0.02621134590105309,6524928.0,0.027011762829109404,0.02395027088156591,6524928.0,0.0007488420290731786,0.0005168768897043439
6537216.0,0.02706379604448254,0.02612973274954129,6537216.0,0.027127236923358094,0.024222717131488027,6537216.0,0.0019832492392500476,0.0007129740554518314
6549504.0,0.02533747687508973,0.02592889613782366,6549504.0,0.02560477140165555,0.02447973226468699,6549504.0,0.00013538172591628003,0.000646611202187371
6561792.0,0.025760143626636516,0.02580390972240517,6561792.0,0.026614801570152242,0.024684487376362085,6561792.0,2.6606275767745064e-07,0.00042487231112149344
6574080.0,0.026696267683291808,0.025811128225177525,6574080.0,0.026197167579084635,0.024862120280158707,6574080.0,3.3710548646518714e-09,0.0004215713988198073
6586368.0,0.02760400070110336,0.025958983686480985,6586368.0,0.025750569863400113,0.025095384412755568,6586368.0,2.7797596649091656e-12,0.00033399114876902727
6598656.0,0.028029217627287533,0.02622562078468036,6598656.0,0.026285538731220488,0.025327907861598453,6598656.0,5.936310470966433e-14,0.0003335257929376619
6610944.0,0.025339106485868495,0.026227948474115692,6610944.0,0.026212237280560657,0.025676423198698707,6610944.0,4.601763371034118e-16,0.0003335231640804603
6623232.0,0.025275829723492887,0.02635798466023213,6623232.0,0.02572649402039436,0.025954027244976408,6623232.0,4.7506046155769564e-05,0.000338273754715723
6635520.0,0.027025214687455446,0.02656481627685329,6635520.0,0.028117912996094674,0.026464849319503027,6635520.0,0.001961163322751721,0.0004876411799799122
6647808.0,0.031069391290657222,0.026920044474536553,6647808.0,0.029353946796618402,0.02669906771625392,6647808.0,1.132816300615976e-06,0.0004128702587026559
6660096.0,0.02700739892316051,0.026914404762404354,6660096.0,0.02969281319140767,0.026955625343058877,6660096.0,1.2433639169177427e-08,0.00021454657814156804
6672384.0,0.03033340341062285,0.027413997415957663,6672384.0,0.03126330665933589,0.027521478868826915,6672384.0,6.36657394916899e-11,0.00020100841191651397
6684672.0,0.027712258461785193,0.02760920889947253,6684672.0,0.029424343956634402,0.027802433107475127,6684672.0,2.2047235182687245e-13,0.0002009818056627935
6696960.0,0.02705559733052117,0.027645141864195467,6696960.0,0.03226336570999896,0.028409052920566558,6696960.0,1.6566297963358497e-15,0.00020098146855747275
6709248.0,0.028708272759104148,0.027755569069995545,6709248.0,0.029057312067986157,0.028739727141025167,6709248.0,3.095753184585811e-15,0.0002009814682798063
6721536.0,0.02869722797186114,0.02782237010445291,6721536.0,0.027992894989438355,0.028910462766846955,6721536.0,0.002074441622122928,0.00040842563048616276
6733824.0,0.025892211677273735,0.027877680623593432,6733824.0,0.025969422325336684,0.02888618127132455,6733824.0,2.3850812069052076e-06,0.0004086641386068073
6746112.0,0.02944303919017936,0.028294401570262077,6746112.0,0.025391549376460414,0.02885268680693116,6746112.0,5.096968236362187e-08,0.00040391863095946677
6758400.0,0.028585023576548945,0.02845038245917143,6758400.0,0.0261822556979799,0.02865912107711968,6758400.0,6.109814165017324e-10,0.00020780235978243625
6770688.0,0.02908032978302799,0.028251476308408508,6770688.0,0.02564179182324248,0.028287905579782092,6770688.0,2.716830078847176e-12,0.00020768907842405766
6782976.0,0.027934663152943056,0.028344202731386763,6782976.0,0.025076516680807497,0.027826275928722076,6782976.0,2.4126164700464573e-14,0.00020768783506255336
6795264.0,0.028901476849569008,0.028201010075281373,6795264.0,0.02619655888217191,0.027319601151005672,6795264.0,3.378186571697058e-16,0.00020768782869601322
6807552.0,0.028225210087839514,0.028252305237886806,6807552.0,0.02498355840604442,0.026875522595946676,6807552.0,0.00022209395751223346,0.00022989722442518933
6819840.0,0.027594243845669553,0.028306169889401645,6819840.0,0.02550063227924208,0.02619924925287099,6819840.0,0.0020882923411894203,0.00043872645854396567
6832128.0,0.02735766995465383,0.028171109608956614,6832128.0,0.026462451797366764,0.02593976322580905,6832128.0,2.3288652860979178e-06,0.00043895934507226584
6844416.0,0.027503328475480277,0.028051719659318526,6844416.0,0.024470468032329034,0.025587520530098117,6844416.0,2.7103533500882904e-08,0.0002315178932133232
6856704.0,0.026865146743754547,0.02814901316596661,6856704.0,0.024214993289206177,0.025412077626485063,6856704.0,1.1103530511846991e-10,0.0002312793961961632
6868992.0,0.027036006804943707,0.02790830992744305,6868992.0,0.02342579436178009,0.025215502125017036,6868992.0,1.4561985966030376e-13,0.00023127429924248884
6881280.0,0.0283819199539721,0.02788799956518536,6881280.0,0.023175746377091855,0.02491485119292823,6881280.0,7.818595869689555e-16,0.00023127423814442533
6893568.0,0.026491286524105817,0.02762909523929314,6893568.0,0.022903959955632065,0.02464106800616719,6893568.0,6.7190158089901495e-06,0.00023194613945364136
6905856.0,0.028002702194498852,0.027635899143448724,6905856.0,0.022344924907277647,0.024367908828814205,6905856.0,0.0022002098139637383,0.0004519671208476026
6918144.0,0.0330827301077079,0.02805402446926261,6918144.0,0.021701255570709083,0.023918378497667925,6918144.0,9.835670579623942e-06,0.00045295068790553113
6930432.0,0.032915004005189985,0.02852300386099766,6930432.0,0.022734713566023856,0.023693494013665866,6930432.0,2.0657748733832193e-07,0.0004307619499030415
6942720.0,0.03401863081186699,0.0291654425576174,6942720.0,0.02226581562232847,0.023370012347974502,6942720.0,3.444198321365712e-10,0.00022193275022608285
6955008.0,0.03386727755423635,0.02981640331757566,6955008.0,0.025598456520431984,0.023283612820281026,6955008.0,1.8066415977981403e-12,0.0002216998638781372
6967296.0,0.03317866404540837,0.030383936874568463,6967296.0,0.022951326982971903,0.023131698715345313,6967296.0,2.986723912928749e-14,0.00022169715352777386
6979584.0,0.030170507496222854,0.030714472949815292,6979584.0,0.021977938022852566,0.022907993188709952,6979584.0,1.1030625835601351e-16,0.00022169714242425433
6991872.0,0.03752813259294877,0.0317636855286158,6991872.0,0.021139592737502728,0.02267937302628222,6991872.0,4.938987984814958e-06,0.00022219104120817386
7004160.0,0.034469805929499366,0.032372474126168525,7004160.0,0.019835981065019343,0.022345396495074967,7004160.0,0.002080078550231216,0.0004301988962312173
7016448.0,0.03707611106801778,0.03343095658055972,7016448.0,0.020975610522630934,0.022152561551774856,7016448.0,0.0007965115513191753,0.0005091781497822358
7028736.0,0.04237504159876456,0.03486819052098629,7028736.0,0.022505137448509533,0.022168582805898042,7028736.0,1.5492343437747043e-06,0.0002893120918202395
7041024.0,0.043391219805926085,0.03589903949080811,7041024.0,0.020187937091880787,0.02201725095801521,7041024.0,6.94235728626591e-09,0.0002883292189980057
7053312.0,0.042533023185872786,0.036860841408876396,7053312.0,0.02130386513696673,0.0218741661151095,7053312.0,2.703728542412474e-11,0.00028830856395300043
7065600.0,0.03937836445402354,0.03739681477309204,7065600.0,0.02031722249618421,0.02167930680249507,7065600.0,1.0869593014335782e-13,0.0002883085295218868
7077888.0,0.03814241784857586,0.037824328802525994,7077888.0,0.018929088895674795,0.02101237004001935,7077888.0,0.00036477419296514213,0.00032478594863773685
7090176.0,0.0410577454798234,0.0386122369459675,7090176.0,0.019603791491438944,0.02067761649086606,7090176.0,0.0021428643188604233,0.0005390723805207924
7102464.0,0.04037714588533466,0.039632900784878675,7102464.0,0.01897151975814874,0.020376974664395676,7102464.0,4.534081129510999e-06,0.0005395257886337324
7114752.0,0.03710139663113902,0.03959022718869771,7114752.0,0.021149565805292998,0.0203779719711747,7114752.0,0.0008964269100033562,0.0006286745808355865
7127040.0,0.03589651471702382,0.03973289806745016,7127040.0,0.019224561227019876,0.020316829987374753,7127040.0,2.0205861120577615e-06,0.00042086878442367084
7139328.0,0.034605004805295415,0.039485787441177915,7139328.0,0.019079753488767892,0.02012724428398845,7139328.0,1.4903454269299399e-09,0.000341217778326296
7151616.0,0.03681187417047719,0.03892947069834918,7151616.0,0.01889618276618421,0.019766348815755917,7151616.0,3.4123569602207325e-11,0.00034106285830427547
7163904.0,0.036888340720906854,0.03827918278984726,7163904.0,0.0178189629514236,0.0195294514017102,7163904.0,3.813793440640048e-13,0.0003410621641066848
7176192.0,0.03624940234779691,0.037650820706039666,7176192.0,0.017878401956598584,0.019186905083673385,7176192.0,0.0021268315364674586,0.0005537453150497021
7188480.0,0.03486394672654569,0.03719937893329188,7188480.0,0.01767852098176566,0.01892303493223153,7188480.0,0.0002535084665851173,0.0005790961616973442
7200768.0,0.03534659473613525,0.03691979662204782,7200768.0,0.0166859274613671,0.01869871878880076,7200768.0,2.1871547843943517e-06,0.0005428374578792694
7213056.0,0.03522712562698871,0.03633673463676435,7213056.0,0.01724499079864472,0.018462838719521337,7213056.0,0.00010213788967424382,0.0003387648149606515
7225344.0,0.03515555379757037,0.035814575427987924,7225344.0,0.016576867958065122,0.018223373539512977,7225344.0,4.2003345432325055e-05,0.0003425117413909329
7237632.0,0.032704930810723454,0.03537492884594636,7237632.0,0.018205639372657362,0.017928980896249412,7237632.0,2.034204838648653e-07,0.0002528893924389838
7249920.0,0.032975421306521945,0.03508281950489618,7249920.0,0.016689229164815817,0.01767544769002901,7249920.0,0.00021224123022428568,0.00027391145685020654
7262208.0,0.03310019808122888,0.03493233883248952,7262208.0,0.01640291922376491,0.017407764263528712,7262208.0,0.0008376160427966776,0.00035767291209533157
7274496.0,0.03205344647479554,0.03445649606292136,7274496.0,0.016177674726350233,0.01713591345954531,7274496.0,0.002147459631184271,0.0005724188718014018
7286784.0,0.030327219360818464,0.03380038392691252,7286784.0,0.01611339637505201,0.016965356801908152,7286784.0,6.284057793237707e-06,0.0005730472775425877
7299072.0,0.03145780814035485,0.03332122450616832,7299072.0,0.015726449074766908,0.016750161513724986,7299072.0,7.219103248523595e-08,0.00036037134299909024
7311360.0,0.03101248030240337,0.03293607786375409,7311360.0,0.015512372153655937,0.016533546630914015,7311360.0,0.0011303450410196092,0.0004480550004425395
7323648.0,0.03169911839844038,0.032571330229984596,7323648.0,0.015100232238182798,0.016374977108595583,7323648.0,5.759471980818868e-07,0.00044789387968390817
7335936.0,0.03137723502004519,0.03218634116929024,7335936.0,0.014948990195989609,0.01614537704833007,7335936.0,7.266596817323556e-09,0.00043768081737616564
7348224.0,0.03043897304451093,0.0317146830939843,7348224.0,0.014382295882872617,0.01592591984081082,7348224.0,1.4985880664291258e-11,0.00043348048433152115
7360512.0,0.028695111027142655,0.03131370111562622,7360512.0,0.014637098773770655,0.015569065780922148,7360512.0,0.0021743915373614677,0.0006508992960192814
7372800.0,0.03017999028088525,0.031034158013062557,7372800.0,0.014919134371060258,0.015392056301546594,7372800.0,1.6362050416773855e-05,0.0006313113780385302
7385088.0,0.029289401669908937,0.03065307837193056,7385088.0,0.014408636566561958,0.0151926280358263,7385088.0,3.8003891494516515e-06,0.0005479298126738076
7397376.0,0.031157994574944798,0.030563533181945483,7397376.0,0.014190580938399458,0.014993918657031221,7397376.0,7.486107320649656e-05,0.00034066995687603017
7409664.0,0.0353709240249979,0.031067903648363433,7409664.0,0.014104369804651165,0.014793015999991135,7409664.0,0.0018391247516168125,0.0005239540262583877
7421952.0,0.0345021802932024,0.031372340863648186,7421952.0,0.014322472988472631,0.01465261839136171,7421952.0,3.463055984790723e-06,0.0005242931127536182
7434240.0,0.034976598205200084,0.031768752653927854,7434240.0,0.014492244508195048,0.014550605626815621,7434240.0,2.2320168427634549e-10,0.00041125863097182574
7446528.0,0.03688980885393297,0.03228782169947711,7446528.0,0.014103545739393061,0.014450936976936649,7446528.0,0.002104554398708084,0.000621656476122826
7458816.0,0.03335871322390934,0.032485969519863524,7458816.0,0.013983006831646586,0.014354338640502343,7458816.0,0.0022928360958758276,0.0008509393590507271
7471104.0,0.034411815363758556,0.032883253751788286,7471104.0,0.013337439973838627,0.014249853049598946,7471104.0,1.430657329197042e-06,0.0008510824232850584
7483392.0,0.03374761319719255,0.033388503968793275,7483392.0,0.012986291461857036,0.014084772318407584,7483392.0,2.5722660471535117e-09,0.0006336435267755165
7495680.0,0.03078761326226716,0.03344926626693147,7495680.0,0.012883892297395505,0.013881248111041106,7495680.0,0.0019971199211189137,0.0008317193138457305
7507968.0,0.030364192847628146,0.033556745384703386,7507968.0,0.012868818691155562,0.013727266323500468,7507968.0,2.5161133478945885e-06,0.0008315908862655747
7520256.0,0.02891321850862975,0.03333226777807188,7520256.0,0.012640582416982701,0.013572266471358794,7520256.0,5.407495590265104e-11,0.0008241047843524209
7532544.0,0.02951318791989858,0.03274649416756196,7532544.0,0.012512898644975698,0.013413119355391245,7532544.0,1.217815178489063e-10,0.0006401923213688913
7544832.0,0.03056041897313359,0.03235231803555508,7544832.0,0.012408622133079916,0.013221734269851973,7544832.0,0.0021849151847466905,0.0008583375342450811
7557120.0,0.02925094998984908,0.03177975321401997,7557120.0,0.012257505324669182,0.012998260351499386,7557120.0,0.00048204094749356347,0.0009065416066742693
7569408.0,0.029692442272789776,0.03106001655590565,7569408.0,0.012122432536367947,0.012800149031196875,7569408.0,1.048174138225851e-07,0.000696096648544843
7581696.0,0.02752035887291034,0.030476181120805752,7581696.0,0.012375439973160004,0.012639392345348218,7581696.0,4.573893013469499e-10,0.00046681308469619044
7593984.0,0.02655544886753584,0.029690544471183484,7593984.0,0.012115580005532442,0.012517206348517598,7593984.0,0.0006506725264140792,0.0005317372716046788
7606272.0,0.03088824502386463,0.029404607653850688,7606272.0,0.011824962760632237,0.012401073478395117,7606272.0,9.171554874380188e-05,0.0005409085692524542
7618560.0,0.031461330654565245,0.029471979393080494,7618560.0,0.01173315530953308,0.012285999779608875,7618560.0,6.975719570867511e-07,0.00034126633433627146
7630848.0,0.035226204413144536,0.02995818054963214,7630848.0,0.011639890556883378,0.012163106966181659,7630848.0,4.928363780733654e-09,0.0003410152158378601
7643136.0,0.031050455310226727,0.030171904229791834,7643136.0,0.011504761375059994,0.012049524861989389,7643136.0,0.002147783884235347,0.0005557935988538992
7655424.0,0.031006238675521065,0.03032120930535408,7655424.0,0.01138921176122191,0.011937156173614011,7655424.0,0.002085807027469855,0.0007643742894227329
7667712.0,0.03162935273333763,0.03042810268137448,7667712.0,0.011435041761918304,0.011839798136497848,7667712.0,2.104971479492216e-06,0.000546093268096013
7680000.0,0.030873096082359552,0.03059031729062553,7680000.0,0.011410312528217522,0.011755078856852681,7680000.0,1.238397290270754e-08,0.0004978904117439468
7692288.0,0.030423962511122227,0.03066346931445878,7692288.0,0.011204139533219859,0.011663249556537874,7692288.0,3.4282317095078265e-09,0.0004978802728257357
7704576.0,0.029018125380389392,0.03081324596520668,7704576.0,0.011128018542270487,0.01153850741344892,7704576.0,0.000593156739493376,0.0005571959010361432
7716864.0,0.02917055457752819,0.031074756536205922,7716864.0,0.011044776013780696,0.011431427014273746,7716864.0,1.5697454423720576e-06,0.0004922856229389724
7729152.0,0.029709637999379385,0.03095689583375739,7729152.0,0.010869087952111537,0.011335839533421677,7729152.0,0.0019212435605974558,0.0006752384241243377
7741440.0,0.03127793122742636,0.030938555891043506,7741440.0,0.010890600659574071,0.011251584068425777,7741440.0,0.0009213082576025045,0.0007672994926888795
7753728.0,0.031161585977921884,0.03053209404752124,7753728.0,0.010758804899523966,0.011163475502689837,7753728.0,0.0018176331068389118,0.0009490623105363926
7766016.0,0.03339573168583835,0.03076662168508241,7766016.0,0.010680054998374544,0.011081004865021291,7766016.0,2.890399808386235e-07,0.0007343128261109418
7778304.0,0.029957085886659723,0.03066170640619627,7778304.0,0.01116330171256171,0.011058413860155268,7778304.0,1.074502074353371e-08,0.0005257331978660307
7790592.0,0.030990331996387493,0.030597804332501262,7790592.0,0.011562686204949083,0.011071178304458347,7790592.0,3.764241111559099e-12,0.0005255227010945056
7802880.0,0.030203831925367314,0.030530877916802028,7802880.0,0.012259205226049138,0.01115606757424151,7802880.0,2.8722334573571065e-13,0.0005255214627259377
7815168.0,0.028593537164852023,0.03034783538217501,7815168.0,0.01162293549956909,0.011197947170876433,7815168.0,0.002192096291158426,0.0007447307490186094
7827456.0,0.032506830049290635,0.030696705849065132,7827456.0,0.011237373978171187,0.011208882714466503,7827456.0,3.9403385860244576e-05,0.000689355413655296
7839744.0,0.029933706081161898,0.030773020999428507,7839744.0,0.011407635101932101,0.011245168623281643,7839744.0,6.182951975593672e-07,0.0006892602686308149
7852032.0,0.03172564186388627,0.03097462138587919,7852032.0,0.011676844602334313,0.01132594428830392,7852032.0,0.0010548234813541058,0.0006026182607064798
7864320.0,0.03022961850122859,0.030869790113259417,7864320.0,0.011223157659211816,0.011359199988267694,7864320.0,1.9896198697466616e-06,0.0005106863969332041
7876608.0,0.02811581230101486,0.03056521274556871,7876608.0,0.010948717550490983,0.011378191253364396,7876608.0,1.1816647500773048e-08,0.000328924267914063
7888896.0,0.027255063818302006,0.029951145958815078,7888896.0,0.012098152428128136,0.011520000996339754,7888896.0,1.0219115725499863e-12,0.00032889536401817026
7901184.0,0.030206572759198025,0.029976094646068912,7901184.0,0.011384910215080405,0.011542161846591625,7901184.0,0.00020263603129401346,0.0003491578926454973
7913472.0,0.02757266388895611,0.029634327835325776,7913472.0,0.011005454070982523,0.011486438633194969,7913472.0,0.002126723535184283,0.0005618302457875014
7925760.0,0.026667887150930863,0.029280733357882126,7925760.0,0.01208912706351839,0.011469430816941895,7925760.0,0.0018609852534912836,0.0007479287711079075
7938048.0,0.025992337488181267,0.02902061339021505,7938048.0,0.01156338324653916,0.011463475591638902,7938048.0,1.3488670757529539e-05,0.0005300680090678178
7950336.0,0.02629051691231628,0.028398982076517615,7950336.0,0.011125865600964365,0.011452324753918218,7950336.0,4.305135148522747e-06,0.0005265581839966456
7962624.0,0.02591175087339555,0.027996786555740977,7962624.0,0.010832039503535876,0.011394765194078596,7962624.0,8.334754289518465e-09,0.0005264971879523187
7974912.0,0.025367333514926333,0.027360955720844987,7974912.0,0.011001401008494819,0.01132722083469465,7974912.0,1.9612219303005024e-10,0.00042101485942912736
7987200.0,0.024715698110715795,0.026809563681793706,7987200.0,0.010844045362318866,0.011289309605005352,7987200.0,2.2345952518254162e-12,0.00042081589766561225
7999488.0,0.026481048029381782,0.026646087254630402,7999488.0,0.01087370966464126,0.01128180881642038,7999488.0,0.002173552405414133,0.0006381699565422755
8011776.0,0.02781550492121217,0.026702131364921416,8011776.0,0.011846260230716629,0.011256619596679228,8011776.0,4.0459415876862675e-07,0.000638210415855961
8024064.0,0.028768077919570107,0.02655828188095863,8024064.0,0.012406302858532095,0.011358758861024398,8024064.0,0.0007163843301896122,0.0006895852457455211
8036352.0,0.02601610972972897,0.02640262646503591,8036352.0,0.013195011774466062,0.011577714631372752,8036352.0,1.2960734035634876e-06,0.00047704249956744904
8048640.0,0.030196809141974274,0.026755518664140256,8048640.0,0.01381988765206188,0.011750790690227102,8048640.0,3.777658040086488e-08,0.0002909477518763608
8060928.0,0.02977146996029963,0.02713343191135209,8060928.0,0.014176933982525952,0.012012145763825779,8060928.0,5.711730684775096e-10,0.0002895989419179147
8073216.0,0.0287159558890077,0.02737597580902123,8073216.0,0.012385499818871418,0.012138109185616487,8073216.0,1.4853392241886325e-12,0.00028916842855159636
8085504.0,0.027625681628705934,0.02754736888455227,8085504.0,0.013703133304564593,0.012425218565719357,8085504.0,2.119747696482932e-06,0.0002893795698458157
8097792.0,0.02807820978341624,0.027818456511401256,8097792.0,0.013846646645106375,0.012709743129380512,8097792.0,0.0021521715067744176,0.0005045967009110381
8110080.0,0.031769382631561406,0.02852382496348583,8110080.0,0.013115818602576232,0.012936920453406251,8110080.0,1.5809119814728472e-06,0.000504754791885726
8122368.0,0.0318266150522201,0.029058381665769656,8122368.0,0.01316018379778446,0.013165567866720568,8122368.0,0.00164299087979695,0.0004516986393240076
8134656.0,0.032727898486579456,0.029549621022306388,8134656.0,0.014786106602211172,0.013459552503870023,8134656.0,6.3062023774781055e-06,0.00045228880014587855
8146944.0,0.034713621581128486,0.030144175388462223,8146944.0,0.013549273445581397,0.013573849562574954,8146944.0,2.126086068310329e-08,0.0003806524932129857
8159232.0,0.02988819550955668,0.030531383966444992,8159232.0,0.013397129509636821,0.01359406133609203,8159232.0,7.651457787673233e-11,0.0003805228935240871
8171520.0,0.028143966706314433,0.030326099722879002,8171520.0,0.014988982041055957,0.013710970774991438,8171520.0,0.0005997230278600973,0.00044049141865205665
8183808.0,0.028901317331474274,0.030239084459996474,8183808.0,0.013958287988013277,0.013689106175540172,8183808.0,0.0019864581475606733,0.0006391371762908172
8196096.0,0.029134333453839645,0.030280922216479666,8196096.0,0.013063194453328228,0.013756875638985852,8196096.0,2.3216816983732494e-07,0.0006391603929592671
8208384.0,0.02822524764148208,0.030340878817757284,8208384.0,0.01317070422131413,0.013703632730660803,8208384.0,0.0018974609732443544,0.0008286945155140541
8220672.0,0.029062803708560143,0.03043933821027167,8220672.0,0.013756219918529192,0.013694590058003086,8220672.0,6.355737167496045e-05,0.0006198331020041084
8232960.0,0.028364052336352568,0.03009880518075079,8232960.0,0.013132678786253868,0.013696276076370851,8232960.0,2.781607867004728e-07,0.0006197028268846312
8245248.0,0.030753145945103217,0.029991458270039094,8245248.0,0.012472469568213759,0.01362750465341378,8245248.0,1.1383229419834051e-09,0.0004554038527372304
8257536.0,0.028102377875863265,0.029528906208967483,8257536.0,0.012532334672869183,0.01340212746047958,8257536.0,1.532200451245607e-12,0.00045477323265270266
8269824.0,0.026418100159692887,0.028699354066823918,8269824.0,0.012470523031273236,0.013294252419048766,8269824.0,0.0010660794644839673,0.000561379053015031
8282112.0,0.028815403813496232,0.02859207489721787,8282112.0,0.013512957128114067,0.01330583518089649,8282112.0,6.385376599382653e-05,0.0005677644219629559
8294400.0,0.026790267690860976,0.028456704995672526,8294400.0,0.01280306494057489,0.013087243470848383,8294400.0,0.00030951138816881496,0.0005387432579938276
8306688.0,0.026657340980212513,0.028232307360546348,8306688.0,0.012358461598826883,0.012927260831929743,8306688.0,0.002100800595144392,0.0005501775027521996
8318976.0,0.026227333873976022,0.027941607402559986,8318976.0,0.011677126802775698,0.012788654066874492,8318976.0,5.082269918451251e-05,0.0005552365558536671
8331264.0,0.028266808425541967,0.02794576348096598,8331264.0,0.011950805860882005,0.012666664230831279,8331264.0,1.6769841397016685e-07,0.00036550722837062866
8343552.0,0.02878951411306237,0.027918434521416197,8343552.0,0.012201640051595556,0.012511206244137915,8343552.0,5.516392845988927e-10,0.0003591515463670611
8355840.0,0.025045864060909178,0.027586615693871865,8355840.0,0.011921200590829054,0.012390058424595434,8355840.0,0.00048568487999837057,0.00040769221828822807
8368128.0,0.02560382450853164,0.027071683550214703,8368128.0,0.012063212037901394,0.012349132671564197,8368128.0,0.00206374251441351,0.0006140663558972849
8380416.0,0.026722912560217083,0.026933737018650084,8380416.0,0.012594760022087334,0.01235537520648601,8380416.0,3.945047334733924e-06,0.0006144608604775382
8392704.0,0.026563259879670415,0.026948252990647837,8392704.0,0.013397035897166157,0.012448026493075304,8392704.0,0.00216971992146379,0.0007248249061755205
8404992.0,0.028965170757146552,0.026963229685012868,8404992.0,0.014883055574803924,0.01258503633774429,8404992.0,2.530733379894438e-06,0.0007186926029141273
8417280.0,0.02653253198756526,0.0269374561146833,8417280.0,0.01368400723731611,0.012673130567418412,8417280.0,1.4854181392317164e-07,0.0006877563182786381
8429568.0,0.03232775234694903,0.027504497251356952,8429568.0,0.013301952892409949,0.012767479696776718,8429568.0,5.500018967462735e-10,0.0004776763137643885
8441856.0,0.029837521685597796,0.027865516032519126,8441856.0,0.013234652171377093,0.012923232233636856,8441856.0,9.184391440463565e-12,0.00047259404476437635
8454144.0,0.02916536042660785,0.027955371232625714,8454144.0,0.013818047542978698,0.013109956401846526,8454144.0,9.393990340337648e-05,0.0004819712652633171
8466432.0,0.027035559178330004,0.02777997573915248,8466432.0,0.01368587659089826,0.013258380055776797,8466432.0,0.00023967803091788178,0.000505939013191177
8478720.0,0.02628953113647488,0.027904342446709047,8478720.0,0.014513955102302134,0.013517655506924107,8478720.0,0.00020961029777784765,0.00047833155496912455
8491008.0,0.026250217168126255,0.02796898171266851,8491008.0,0.014637425018008798,0.013775076804934847,8491008.0,0.0020721465425594943,0.0004791719577837229
8503296.0,0.03024815510919628,0.02832150596756643,8503296.0,0.014998245295525217,0.014015425332278633,8503296.0,4.923718436581718e-05,0.00048370117148683136
8515584.0,0.027347813670833904,0.028399961346682778,8515584.0,0.013880340620138062,0.014063755804575825,8515584.0,2.0557514990304782e-07,0.0002667497368554426
8527872.0,0.029179383146887023,0.028421382585656824,8527872.0,0.014885328118301308,0.014063983058925564,8527872.0,5.125241252451965e-11,0.0002664966686426944
8540160.0,0.027353223578150693,0.02850345174471537,8540160.0,0.014881376123715503,0.014183719947565504,8540160.0,6.096098554067824e-12,0.00026648181507091197
8552448.0,0.025785723109341536,0.02784924882095462,8552448.0,0.01356181270966772,0.01420970592929128,8552448.0,0.002307290002136142,0.0004972107602843365
8564736.0,0.02604970010967615,0.027470466663362458,8564736.0,0.014176409938954748,0.014303881706049047,8564736.0,3.165241322970284e-06,0.0004975272834981945
8577024.0,0.026395107493347798,0.02719344137003645,8577024.0,0.013568955982918851,0.014278972550043059,8577024.0,0.0009004371119469093,0.0005781770043525477
8589312.0,0.02464723281445913,0.026954608733649365,8589312.0,0.012920989072881639,0.0142024837982414,8589312.0,0.0020367508392761615,0.0007578842851883756
8601600.0,0.024283132603159174,0.02675396888031779,8601600.0,0.013512687422917224,0.014102357030302905,8601600.0,8.318252556686426e-06,0.0007377550806662596
8613888.0,0.024394659403090675,0.026568413103814238,8613888.0,0.015376727591501549,0.014176287287652184,8613888.0,7.164606634820399e-09,0.0005305411428709736
8626176.0,0.022962364882308368,0.025839834081125446,8626176.0,0.013902142964070663,0.014066677054506727,8626176.0,2.4248464260828717e-10,0.0005256174486828561
8638464.0,0.02390965827119847,0.025496018541161902,8638464.0,0.014891278347931802,0.014167770827286102,8638464.0,0.00012262947090372714,0.0005378598382582386
8650752.0,0.025036290802139167,0.025081709306687117,8650752.0,0.015727251001711313,0.014251963115627103,8650752.0,0.0006141505245977896,0.0005992748855927763
8663040.0,0.024850928273129586,0.024831479776185005,8663040.0,0.014978485259537896,0.014261674029209342,8663040.0,0.0021135008507068656,0.0008106249700538529
8675328.0,0.026305421847306814,0.024883449649981532,8675328.0,0.015404693481589979,0.014445962106401566,8675328.0,1.7438857463266306e-06,0.0005800703584148714
8687616.0,0.02512946891753624,0.02479142653076754,8687616.0,0.014710564486449584,0.01449937756115105,8687616.0,0.00191492063216477,0.0007712458974990513
8699904.0,0.024947553776049364,0.024646671159037698,8699904.0,0.017565728107001632,0.014899054773559328,8699904.0,3.230398092076333e-05,0.0006844325843964367
8712192.0,0.025808559973180916,0.024762803874909877,8712192.0,0.01708679794683121,0.015315635660954285,8712192.0,3.7494878298479267e-07,0.00048079499534711906
8724480.0,0.025869264936773106,0.024921417108271268,8724480.0,0.01534937407510976,0.015499304326173538,8724480.0,2.8841394729648786e-09,0.00047996345850539774
8736768.0,0.027463309369826067,0.02522828210494481,8736768.0,0.014895602488347018,0.015451191815858084,8736768.0,1.6288706585025164e-05,0.0004815916127032368
8749056.0,0.026711547795760755,0.02560320039629005,8749056.0,0.016201658465433866,0.015681143365994403,8749056.0,0.00014073479163319766,0.0004956650676180923
8761344.0,0.025130141526460648,0.025725248721816262,8761344.0,0.01631904493357676,0.0158239200245589,8761344.0,0.0021298039937391877,0.0006963825199016383
8773632.0,0.02689231848732258,0.02591085149033461,8773632.0,0.016519999189767987,0.015903194843364568,8773632.0,4.4604883814303165e-09,0.0006349679134906975
8785920.0,0.026881631163026515,0.0261139217793243,8785920.0,0.016795158696671326,0.016084862187077914,8785920.0,0.0022970714538435764,0.0006533249738043687
8798208.0,0.025740271482694272,0.026057406742863047,8798208.0,0.019196653593098745,0.01646405819822879,8798208.0,1.287871948640884e-06,0.0006532793724246
8810496.0,0.024339623652243365,0.025978422216333757,8810496.0,0.022865713476979483,0.01727957309728178,8810496.0,5.309347968218692e-09,0.0004617878401429199
8822784.0,0.025712699386834476,0.026054936777412274,8822784.0,0.020923027021732803,0.017615302988754893,8822784.0,0.0012606716669931,0.0005846246087501535
8835072.0,0.026571218584043283,0.026131202638498507,8835072.0,0.023321558905687805,0.01823877908464055,8835072.0,2.5716270766196203e-06,0.000584844276579517
8847360.0,0.025475601471650105,0.02609183629198621,8847360.0,0.024656757508637384,0.01916951742799332,8847360.0,0.0002939483783090206,0.0006142388259964718
8859648.0,0.027190007851459086,0.026064506140149508,8859648.0,0.025525810652955745,0.02023253824445419,8859648.0,9.209358928785605e-06,0.0006135308912308478
8871936.0,0.026721923088189214,0.026065543669392354,8871936.0,0.02966356214407521,0.021578728612318326,8871936.0,5.185716166374033e-10,0.0005994574639246898
8884224.0,0.02615297351925013,0.0261678268686713,8884224.0,0.028503354561204713,0.022797159575081116,8884224.0,0.0020274143886733023,0.0005892185034181011
8896512.0,0.025415919730827834,0.026020186993021825,8896512.0,0.02871187390216316,0.024016347046320635,8896512.0,1.7589361902992096e-05,0.0005909769935595622
8908800.0,0.026032899486987542,0.025935313825417926,8908800.0,0.028938047141612817,0.025230635890814784,8908800.0,0.0020419266214351714,0.0005654625103187217
8921088.0,0.026213439773224916,0.025982630654470994,8921088.0,0.0253723159354801,0.02584820212505292,8921088.0,2.889359115817077e-06,0.0005656226590354393
8933376.0,0.02705101388467786,0.026253769677714443,8933376.0,0.025630386216410745,0.026124669398996048,8933376.0,0.000140456229701158,0.0005796677510707583
8945664.0,0.02567645536813264,0.02625014527584426,8945664.0,0.02634946787535834,0.0266673134843586,8945664.0,5.861810450369376e-05,0.00045946239482181776
8957952.0,0.024546995720205207,0.026047722989460453,8957952.0,0.025088627230919276,0.026844020316881746,8957952.0,3.418876887521331e-07,0.00045923942088303097
8970240.0,0.023956105394366507,0.025895773381732094,8970240.0,0.024903688909641158,0.026868713456982128,8970240.0,0.002152905985591739,0.0006451351816113028
8982528.0,0.025255070145552356,0.02570227961114142,8982528.0,0.022895986670240138,0.026605731058710565,8982528.0,4.940945361416501e-05,0.0006491551910798406
8994816.0,0.02392781355107824,0.025422868657430327,8994816.0,0.022896363807376474,0.025929011225040693,8994816.0,4.311716634693615e-06,0.0006495863108861484
9007104.0,0.02505896907920639,0.02531346821342595,9007104.0,0.023698394623352215,0.025448515231255443,9007104.0,0.00012217151527238457,0.0004590620235460567
9019392.0,0.026291737080706905,0.025401049948413856,9019392.0,0.023379294095017638,0.024915257250540886,9019392.0,8.128492184900082e-08,0.0004573112158479423
9031680.0,0.024648291243162628,0.025262589124031364,9031680.0,0.023407908078903954,0.02436224334427,9031680.0,0.0022310778713290347,0.00047622634083732874
9043968.0,0.02545507801308607,0.025186752948017484,9043968.0,0.024263661296572536,0.024251377880379246,9043968.0,9.070654467535633e-07,0.00047602811147042233
9056256.0,0.024415308337969083,0.024923182393346604,9056256.0,0.023438918734124552,0.02403223113215063,9056256.0,3.1325823731294854e-08,0.00046198562108267963
9068544.0,0.023826664129349712,0.024738203269468313,9068544.0,0.02292987215332687,0.023690271559947483,9068544.0,0.002082887209932475,0.0006644125316255578
9080832.0,0.023889679034861427,0.024672471600933932,9080832.0,0.024118699841589358,0.023593278821014488,9080832.0,1.0910791819659e-06,0.0006644874507748792
9093120.0,0.0231382903487732,0.0245906900963746,9093120.0,0.024345718644326553,0.023537481794483027,9093120.0,0.0019843773855730737,0.0006476345907730127
9105408.0,0.02606908812110002,0.024672091893929365,9105408.0,0.02472698435303755,0.02372058156276277,9105408.0,1.0508199643766147e-08,0.0006426946962315605
9117696.0,0.026044523081509396,0.024883762846972482,9117696.0,0.026145218522287905,0.024045467034253913,9117696.0,3.5858374741737364e-08,0.0006422671104055653
9129984.0,0.02663304294886378,0.02504117023393822,9129984.0,0.025787051796214655,0.02425433275154016,9129984.0,0.002010359774430981,0.0008310859363214251
9142272.0,0.024619538298187155,0.024873950355686247,9142272.0,0.024424672446912155,0.024358870586729607,9142272.0,4.615670880762461e-06,0.0008315393749173163
9154560.0,0.02399363288229021,0.024808484519599005,9154560.0,0.02798321474498759,0.02481640125333797,9154560.0,3.806062005651256e-05,0.0006122376497900643
9166848.0,0.030686917501346517,0.02533166846842505,9166848.0,0.029630812583491206,0.02535311638202984,9166848.0,0.000516928529729436,0.0006638397962183324
9179136.0,0.026898719477079187,0.025580009582336062,9179136.0,0.027446986195476104,0.025753923128164997,9179136.0,8.704256872678802e-08,0.0006638453678928319
9191424.0,0.0257075700792484,0.025768100177325927,9191424.0,0.026577089408723015,0.02611864485370461,9191424.0,0.0018853939242641597,0.0006440960393260004
9203712.0,0.027013191933898877,0.026080451467229676,9203712.0,0.025957063897900905,0.026302481259335764,9203712.0,8.468091022469556e-06,0.0006448337405100508
9216000.0,0.02732368603271122,0.026498991035623476,9216000.0,0.026245630617874365,0.026492472456690546,9216000.0,2.306552548423634e-10,0.00044639602501826876
9228288.0,0.025996144948294386,0.026491696718342915,9228288.0,0.02667734528464886,0.026687508549851673,9228288.0,0.0021433646858592206,0.0006607314427842265
9240576.0,0.02777773087533812,0.026665017497725783,9240576.0,0.028120025905082002,0.02688498928813109,9240576.0,1.0347007699825403e-05,0.0006617625577167348
9252864.0,0.02630818074491496,0.026632531277330902,9252864.0,0.02877187799701157,0.027183471908210778,9252864.0,0.00013545308324106978,0.0004742718885977438
9265152.0,0.02872521184811679,0.027043098632323865,9265152.0,0.029145328686960664,0.02765553753221563,9265152.0,0.00042770982827278203,0.0005165813043369458
9277440.0,0.028167629391343024,0.027460498283229152,9277440.0,0.029024433043863002,0.027759659362103166,9277440.0,0.0021984809936839156,0.0007326233416996861
9289728.0,0.029519079311285168,0.027343714464223012,9289728.0,0.03129769981993983,0.02792634808574803,9289728.0,4.5675054671789894e-07,0.0006809761637814142
9302016.0,0.027842010157958914,0.027438043532310986,9302016.0,0.028397758898790926,0.028021425356079516,9302016.0,4.8663390631957055e-09,0.0006809679461584479
9314304.0,0.030301072702665504,0.027897393794652697,9314304.0,0.02615980017192972,0.027979696432400187,9314304.0,1.70795449947377e-09,0.0004924287245274819
9326592.0,0.03110604005632922,0.02830667860689573,9326592.0,0.027968782009944942,0.02818086824360459,9326592.0,2.9047367764434284e-06,0.0004918723891028791
9338880.0,0.03139393565167362,0.028713703568791975,9338880.0,0.02793005834488819,0.028349311016305972,9338880.0,0.0004036504784986998,0.0005322374138872237
9351168.0,0.030860602380319808,0.02920014931199451,9351168.0,0.02570446176105179,0.028252022663946264,9351168.0,0.002076732096611522,0.0005255741549624538
9363456.0,0.03136002210279306,0.02955837843474,9363456.0,0.02598566120529237,0.0280385861939673,9363456.0,2.2159987119370803e-06,0.000524761054063665
9375744.0,0.029635981540195644,0.029891158514268074,9375744.0,0.024913475615903735,0.02765274595585652,9375744.0,5.026331373336745e-07,0.0005112660090532913
9388032.0,0.02972863461279,0.029991500790735398,9388032.0,0.02435498636138315,0.027173711723298764,9388032.0,1.4542555023163337e-07,0.00046850956878103636
9400320.0,0.030543562247961138,0.030229094076397206,9400320.0,0.024981443993359182,0.026769412818248385,9400320.0,9.922029835472228e-11,0.00024866147933467466
9412608.0,0.028148756973678246,0.030092061842636512,9412608.0,0.023130555627479527,0.025952698399002355,9412608.0,0.0021076739958516555,0.0004593832038651684
9424896.0,0.028396988442788523,0.030147559671119477,9424896.0,0.02317407633139131,0.02543033014226239,9424896.0,0.0013117364742356585,0.0005905563646548279
9437184.0,0.02790177123582301,0.029907629524435226,9437184.0,0.02443261198156203,0.025257611323225626,9437184.0,4.43372376590645e-07,0.000590600531097037
9449472.0,0.029335657600313425,0.029730591278833644,9449472.0,0.02346326128463261,0.024807059250694388,9449472.0,2.1033786831973583e-05,0.0005924134361025901
9461760.0,0.02923727672896348,0.029514925386562633,9461760.0,0.023521135891011607,0.02436616700530673,9461760.0,0.0001060110535036074,0.0005626494936030809
9474048.0,0.030470088279495638,0.029475873976480223,9474048.0,0.02279231350015228,0.02407495217921678,9474048.0,1.6640738671469535e-06,0.00035514269132864333
9486336.0,0.029783944929173838,0.0293182662591183,9486336.0,0.02196421003706443,0.023672807062393986,9486336.0,6.230634028101442e-10,0.00035492115376378996
9498624.0,0.03066677846557771,0.0294213459516565,9498624.0,0.02189884741286126,0.023371344242089736,9498624.0,9.345523819514108e-11,0.00035487089979558035
9510912.0,0.03309239943822225,0.029757722434199725,9510912.0,0.022821395308710635,0.023217985136822487,9510912.0,0.0022127216458708667,0.0005761285218276438
9523200.0,0.036951445237112544,0.030398510733114864,9523200.0,0.021723942569224164,0.022892234994408987,9523200.0,0.00018023049134778071,0.0005941515610403921
9535488.0,0.03562139244362091,0.031145774280109128,9535488.0,0.02097708279810225,0.022676887711471257,9535488.0,0.0018232682832604041,0.000565710989781267
9547776.0,0.03640984846667076,0.03194706028249736,9547776.0,0.022903015992293756,0.022649781677561504,9547776.0,0.0010769752761916607,0.0005422348699768672
9560064.0,0.034122642944566905,0.03256914745337175,9560064.0,0.02209306732402183,0.02241582721180748,9560064.0,2.454055087734256e-06,0.0005424359382479817
9572352.0,0.03266014663192133,0.032901596356532545,9572352.0,0.021016677036338176,0.022171168786978036,9572352.0,2.5969986832315626e-09,0.0005403328192646526
9584640.0,0.038933547504711896,0.03387122343410738,9584640.0,0.01991614218180378,0.021810669416057256,9584640.0,4.719811013013363e-12,0.0005297317143862729
9596928.0,0.04022925870958716,0.03484714047711653,9596928.0,0.019249143078923225,0.021456352373934354,9596928.0,2.0179151418046302e-11,0.0005295653090174734
9609216.0,0.040251936200850956,0.03589393960428423,9609216.0,0.018908839507882174,0.021150815321016123,9609216.0,0.002138119670538193,0.0007433772137649524
9621504.0,0.043874533323105425,0.037214715090037015,9621504.0,0.01920490089105442,0.02088142066883544,9621504.0,7.456024187983227e-06,0.0007441228068382269
9633792.0,0.04080578607196609,0.037986053753411395,9633792.0,0.01813009202790757,0.02041229034075514,9633792.0,0.0021415604151115986,0.0007370066837623
9646080.0,0.03816877402520428,0.03810778663222057,9646080.0,0.01796111254952848,0.02003600733878557,9646080.0,1.4425130393883971e-06,0.0007191278859314607
9658368.0,0.03962219085466737,0.03850786647332522,9658368.0,0.02153081780609985,0.02009138083958533,9658368.0,1.8445826368077012e-09,0.0005368012420636841
9670656.0,0.038802012898183115,0.03874708291647646,9670656.0,0.019970740453572944,0.019798153285713247,9670656.0,2.774061510739158e-11,0.00042910371721857946
9682944.0,0.0424244740861468,0.039577266030634446,9682944.0,0.02019508582695077,0.019608355136006138,9682944.0,6.958509115264222e-14,0.00042885831171676455
9695232.0,0.040242608617215105,0.040335512229163824,9695232.0,0.01920639233624873,0.019427326665997193,9695232.0,0.0021324666868167697,0.0006421047206985732
9707520.0,0.04203999019227922,0.040646156497920555,9707520.0,0.0191783764360783,0.01935355009142465,9707520.0,0.0013996001186266465,0.0007820647320892568
9719808.0,0.04043076152447611,0.04066630677940945,9719808.0,0.01814601106646781,0.019243236890179104,9719808.0,0.00018002097416077353,0.0008000668274874189
9732096.0,0.03738301390937219,0.040379414550261575,9732096.0,0.019091452413704246,0.019261498180761314,9732096.0,5.341519648519958e-05,0.0005915963800821196
9744384.0,0.03786431342208137,0.039778392560159165,9744384.0,0.019183024094672874,0.019259310501123155,9744384.0,5.488157971041593e-07,0.0005909056592430317
9756672.0,0.039418036001734436,0.039639617553136,9756672.0,0.018610371470761795,0.019307338445408582,9756672.0,1.8145014958152277e-09,0.00037674979918202146
9768960.0,0.03574860233735914,0.039397600384351486,9768960.0,0.01826932046484823,0.019338159236940555,9768960.0,1.0560107999996413e-11,0.00037660554893409335
9781248.0,0.035798478386520095,0.03901522913753676,9781248.0,0.018530152388848364,0.019038092695215406,9781248.0,0.002160500564665805,0.0005926554209424103
9793536.0,0.0336210656290253,0.03849713441062098,9793536.0,0.01731198303362665,0.018772216953220778,9793536.0,1.9823405891609505e-06,0.0005928536522272649
9805824.0,0.03540015121689066,0.03779470212369536,9805824.0,0.016863401338923723,0.018439048504418073,9805824.0,0.0008677260211698012,0.0006796262543372865
9818112.0,0.03475423849886283,0.037245865111860135,9818112.0,0.017282081079126026,0.018246617378705803,9818112.0,0.0011287489572472016,0.0005792544813803297
9830400.0,0.03356983803678304,0.03639884989631052,9830400.0,0.01667681458638981,0.017996461193736952,9830400.0,3.1267023542132697e-06,0.0004396071397530863
9842688.0,0.035179027336804815,0.03587367647754339,9842688.0,0.016585291528220598,0.017840389239912234,9842688.0,2.4804893341880594e-09,0.00042160529038594226
9854976.0,0.0335418408891807,0.035489559175524245,9854976.0,0.01661564043024555,0.017592808041566363,9854976.0,8.812059986510376e-12,0.0004162637716186283
9867264.0,0.03233503804464514,0.034936631637780616,9867264.0,0.015862069645663723,0.017260712596665444,9867264.0,1.1540792400436631e-08,0.000416210044118158
9879552.0,0.030074598578115303,0.034002287895418704,9879552.0,0.015481421597845232,0.01694781760937379,9879552.0,0.0022175632808891046,0.000637966190756919
9891840.0,0.03167705018616592,0.03359513268029938,9891840.0,0.015125442577603584,0.016633429820649324,9891840.0,0.0021274595013286066,0.0008507121398337689
9904128.0,0.035003162610034146,0.03351560110265078,9904128.0,0.015023643364353726,0.01628277891819986,9904128.0,6.049120687142325e-05,0.0006407112040543305
9916416.0,0.03726037607217828,0.03387953214696608,9916416.0,0.01470782763014237,0.016022363377851435,9916416.0,9.756658431096335e-06,0.0006414886358385241
9928704.0,0.036741793737746775,0.0340136963990517,9928704.0,0.014501343267814567,0.01578615757074052,9928704.0,1.2316357393219826e-07,0.0005547283500789373
9940992.0,0.03382912091910839,0.033921184641076255,9940992.0,0.014688530141332498,0.015526802476961166,9940992.0,4.3850081045982797e-10,0.00044185349820429816
9953280.0,0.03168379616302749,0.03373258045370069,9953280.0,0.014227301377104595,0.015281851156032644,9953280.0,1.3948289177810704e-12,0.00044154082810835964
9965568.0,0.031940175647226475,0.033408695284742856,9965568.0,0.015163488074904308,0.015139670810701018,9965568.0,0.0021316644803543263,0.0006547070280948589
9977856.0,0.03193414015307402,0.03324792521113219,9977856.0,0.01429280922942174,0.014907387690618636,9977856.0,2.397547799404265e-06,0.0006549467819935934
9990144.0,0.03306260514849176,0.033320681921516854,9990144.0,0.014722209646909809,0.014793401690743243,9990144.0,0.0005397313752837363,0.000708918765442727
10002432.0,0.036944379874815546,0.03400766005118687,10002432.0,0.01452392958647882,0.014697652489606602,10002432.0,0.00030769654889202985,0.0005179320922430195
10014720.0,0.03590135225870957,0.03443009025844124,10014720.0,0.014588524451634536,0.014643960677009696,10014720.0,1.5352665432288859e-06,0.00030533966876448174
10027008.0,0.037619095315070204,0.03469168352894485,10027008.0,0.01378535944968462,0.014520132285542785,10027008.0,4.7778064178605195e-09,0.00029929102585798115
10039296.0,0.0361781405711857,0.034583459978845585,10039296.0,0.014744527395426607,0.01452380226207121,10039296.0,4.1916187787776706e-11,0.00029831536420649033
10051584.0,0.035497966571711004,0.03445907726224202,10051584.0,0.014168867249585068,0.014490554660248262,10051584.0,7.953946569901522e-08,0.00029831100179566697
10063872.0,0.03630279349939277,0.034706444520270455,10063872.0,0.013935122144175693,0.01441521386053258,10063872.0,0.0021513737774512265,0.0005134483356907086
10076160.0,0.03500374590900416,0.03503843949486812,10076160.0,0.013748041848884895,0.014367287907710607,10076160.0,0.002024340271115458,0.0007158823626627715
10088448.0,0.0331867616235589,0.035163098092501364,10088448.0,0.01562819739532036,0.014413758839752216,10088448.0,0.0015986674485854262,0.0006625826594858816
10100736.0,0.03365905202614764,0.035335589279808725,10100736.0,0.013805816968670115,0.014365059613677053,10100736.0,3.396482850822243e-06,0.0006626825529910232
10113024.0,0.03167029611843949,0.0351963583768035,10113024.0,0.013576328191750994,0.014250471468161172,10113024.0,1.6925870755894284e-08,0.0006087111080497253
10125312.0,0.030080641581056018,0.03450998454742754,10125312.0,0.013385998007530967,0.014136678310266385,10125312.0,1.1048887142482063e-11,0.000577941454265411
10137600.0,0.03244664747035131,0.034164514068591716,10137600.0,0.013290964983752929,0.014006922363478225,10137600.0,4.520724737080082e-13,0.0005777879276562954
10149888.0,0.030569840028571587,0.03345958853994186,10149888.0,0.01309179475841423,0.013937565894351186,10149888.0,0.002042252431541177,0.0007820126930297713
10162176.0,0.029174550746877987,0.03275922955751108,10162176.0,0.013141549008044725,0.013777268055612999,10162176.0,0.0017645691220119868,0.0009584696010393511
10174464.0,0.028265370114240795,0.032035969911764064,10174464.0,0.012887923483503982,0.01364917367900489,10174464.0,0.00044490381090630154,0.0010029520281834114
10186752.0,0.027876153161438804,0.031193305877968668,10186752.0,0.013656725636489378,0.013621334028236256,10186752.0,0.0013580363114063705,0.0009236182815789258
10199040.0,0.030844026943668723,0.030777333981435128,10199040.0,0.014557040718500502,0.01370223391519782,10199040.0,3.0124854492423006e-06,0.0007214855030123042
10211328.0,0.031033470761030912,0.030562004895182328,10211328.0,0.013390431452232102,0.013478457320888992,10211328.0,5.375624900005755e-11,0.0005616187635293865
10223616.0,0.03230653037705148,0.030426752730272715,10223616.0,0.012718602073922133,0.013369735831414195,10223616.0,5.3684523596301756e-12,0.0005612791157811495
10235904.0,0.02994386968202889,0.030254110086631654,10235904.0,0.012723957494017668,0.013284498761640862,10235904.0,0.002127855426806491,0.0007740629658747229
10248192.0,0.030503732113478083,0.030296419139873854,10248192.0,0.012623245454354523,0.01320822350632322,10248192.0,0.0012907549219865662,0.000903138456968491
10260480.0,0.028674928316225607,0.029919247224461282,10260480.0,0.012098586603921527,0.013088985668340075,10260480.0,3.5969322181491257e-06,0.0009034981501450986
10272768.0,0.028182315310308088,0.029680494752634935,10272768.0,0.011876883897154281,0.012967494582214084,10272768.0,0.0006458977425912357,0.0007638626812501043
10285056.0,0.028020371566526592,0.029565076834599795,10285056.0,0.012520216706131274,0.012905361352022738,10285056.0,0.001060244318068726,0.0006934302008557783
10297344.0,0.026222449843771756,0.029360784807552893,10297344.0,0.013797465401391188,0.012996315543811459,10297344.0,8.77992941461514e-07,0.0006490276190592944
10309632.0,0.026647669699741527,0.029237936461383163,10309632.0,0.013486293115420267,0.012979272291704546,10309632.0,1.3489197495109018e-08,0.0005132253368384067
10321920.0,0.028945179908381153,0.029048051757854403,10321920.0,0.012986984322196804,0.012822266652074176,10321920.0,0.00036758526675839676,0.0005496826149693222
10334208.0,0.03016149646524961,0.028960854328276282,10334208.0,0.013855689389553541,0.012868792445806321,10334208.0,0.002127790242714885,0.0007624616338651859
10346496.0,0.028835284426653136,0.02861372973323644,10346496.0,0.013079623405549986,0.012904894578969105,10346496.0,5.041860598945884e-06,0.0007629658193882353
10358784.0,0.028834603047774483,0.028502803069811,10358784.0,0.012744350213324651,0.012906933850899804,10358784.0,2.6979273022818364e-09,0.0005501805465003165
10371072.0,0.029344498635812972,0.02838687972204449,10371072.0,0.01255565530542905,0.012900174836007255,10371072.0,0.0018705683372293909,0.0006081618880245988
10383360.0,0.030219462195721764,0.028541333109994106,10383360.0,0.012721776860416867,0.012962493861656793,10383360.0,0.00018266488526326916,0.0006260686833291108
10395648.0,0.027376199044131983,0.028460721483376493,10395648.0,0.011800567260555303,0.012954862197996894,10395648.0,1.0430120750489399e-05,0.0005625219211450362
10407936.0,0.02929305239619377,0.028587989566343213,10407936.0,0.012014745501801372,0.012904315077563903,10407936.0,3.455993287104775e-07,0.0004565320492710347
10420224.0,0.02981442354697113,0.02894718693666315,10420224.0,0.011897367701749317,0.012714305307599715,10420224.0,0.0023374552050275574,0.0006901897704796442
10432512.0,0.028721920331008732,0.02915461199978987,10432512.0,0.012274488700010503,0.01259312486605874,10432512.0,8.496081856416518e-06,0.0006910380297455364
10444800.0,0.028298942119969677,0.029089988220948725,10444800.0,0.011622727504194094,0.012456699184258468,10444800.0,3.992620712748677e-08,0.0006542834956904095
10457088.0,0.026655682352914784,0.02873940680971524,10457088.0,0.011913998828579983,0.01226253012816111,10457088.0,5.1717458982893094e-11,0.00044150447659066695
10469376.0,0.025646452190509688,0.0284205235861009,10469376.0,0.01176407803238059,0.012130975590844173,10469376.0,0.0015645788110608312,0.0005974581716368555
10481664.0,0.024837204914850492,0.028020783772808498,10481664.0,0.012264755457484474,0.012083016115260154,10481664.0,0.0012484685315333384,0.000722304754997459
10493952.0,0.026240011386107653,0.027710335047837965,10493952.0,0.011984860228646236,0.012025936607581875,10493952.0,7.167898828204973e-05,0.0005424158201027247
10506240.0,0.024566798160473507,0.027145068644313142,10506240.0,0.011626686765036235,0.011916427598043813,10506240.0,9.387912604334284e-07,0.0005242432107024414
10518528.0,0.02501753474158856,0.0269092022140588,10518528.0,0.011604835104662925,0.011896854382454573,10518528.0,0.001892807355640495,0.000712480934191442
10530816.0,0.02587289105091865,0.026567186079531284,10530816.0,0.011157413013279438,0.011811121133602378,10530816.0,1.0856853741951038e-06,0.0007125549427959904
10543104.0,0.024306114995852113,0.026016355224419384,10543104.0,0.011577126172293598,0.011779096980656807,10543104.0,7.952503368787353e-09,0.00047881021754357146
10555392.0,0.023273853585124016,0.025471548549830914,10555392.0,0.011786756741154628,0.011730323784771221,10555392.0,4.952003968128338e-05,0.0004829126133260582
10567680.0,0.023592181561980397,0.025000872494031982,10567680.0,0.011980626800019914,0.011766113714353803,10567680.0,0.002098063800682818,0.0006927150007736271
10579968.0,0.022986236969397094,0.024633927955680215,10579968.0,0.011736787292951098,0.011748392560790914,10579968.0,0.0022111544579577944,0.0009138304413976609
10592256.0,0.02341258219288041,0.024410540955917288,10592256.0,0.01259044291994845,0.011831029049547697,10592256.0,6.475581320053436e-07,0.0007574373161047781
10604544.0,0.025916369796808187,0.024518457444113063,10604544.0,0.013285441663659489,0.0119330976701652,10604544.0,6.37344163957702e-05,0.0006389639045910213
10616832.0,0.024157821161982913,0.024310238421700586,10616832.0,0.013294882878350714,0.012064099935135648,10616832.0,0.00018674707242401686,0.0006504707130052181
10629120.0,0.02373138952922697,0.024226697558575934,10629120.0,0.014723782645887695,0.012373809523220796,10629120.0,2.3459546238946416e-07,0.0006504002934254137
10641408.0,0.028402962683079142,0.024565240352724987,10641408.0,0.0152584816532908,0.012739174178083585,10641408.0,1.148436167090298e-07,0.0004611310422230351
10653696.0,0.027057366688192513,0.024683687916452375,10653696.0,0.013743201096076518,0.01299775298636329,10653696.0,0.0021590065207419684,0.0006769231257598124
10665984.0,0.02754801750415936,0.025007878167283098,10665984.0,0.013124197381936634,0.013152460107327592,10665984.0,1.7484788674693164e-06,0.0006770971783962225
10678272.0,0.02543327004726355,0.025223819813497056,10678272.0,0.013675905929024642,0.013341375026114596,10678272.0,0.001063291715278562,0.0007784743459559503
10690560.0,0.026416966487886384,0.02550629830608765,10690560.0,0.012368984151786814,0.013380210761291287,10690560.0,0.0010025894468223366,0.0006689269105699022
10702848.0,0.029093317726316553,0.0261170063817796,10702848.0,0.014154039740484828,0.013621936006044657,10702848.0,2.4418425941992914e-06,0.0004480556490335426
10715136.0,0.029924396697121363,0.026768187832203694,10715136.0,0.013196993556145268,0.013682591069664341,10715136.0,0.0015819216811602625,0.0006061830613363684
10727424.0,0.02757282485254109,0.02693383333777698,10727424.0,0.014260813622968271,0.01378012826559522,10727424.0,1.4996302499052188e-06,0.0005999595827217819
10739712.0,0.033043726424997054,0.027822423864078395,10739712.0,0.016474273298323776,0.014098067307592523,10739712.0,4.177893789027627e-09,0.0005812852932687591
10752000.0,0.028186205425299704,0.028267905453685672,10752000.0,0.014852135713833073,0.01411090261438706,10752000.0,0.0023573483304062393,0.000816996666763144
10764288.0,0.02781147255639856,0.028208756441017613,10764288.0,0.014641806027308727,0.014049235051788853,10764288.0,5.5647047159842105e-06,0.0008175416528730717
10776576.0,0.02692877931986004,0.028195897704184365,10776576.0,0.013519807514967397,0.014026895693677943,10776576.0,0.001929029066862616,0.0007945439074851363
10788864.0,0.02686156892256501,0.02812725284602493,10788864.0,0.012956628071454665,0.014010138762629746,10788864.0,2.399427424156405e-06,0.0007946090023408051
10801152.0,0.028562084732887644,0.02844013431458734,10801152.0,0.011804050314822234,0.013822953201209506,10801152.0,1.8307855018662167e-06,0.0006884629093631355
10813440.0,0.02701699184641863,0.028500136850440567,10813440.0,0.014614598292003697,0.014047514615231196,10813440.0,0.00030470306008586096,0.0006186742706894879
10825728.0,0.02571274186872567,0.028162079264681478,10825728.0,0.014934866635788543,0.014125597304761567,10825728.0,1.3227923917706146e-06,0.0006185623656692451
10838016.0,0.024460518984900165,0.027615691493459354,10838016.0,0.014216778329379546,0.014227575782084992,10838016.0,7.063751366239342e-09,0.0004603709039283555
10850304.0,0.02321366985173275,0.027179775993378525,10850304.0,0.013580071356651994,0.014159501555453364,10850304.0,0.0023110235876326137,0.0006913232996666261
10862592.0,0.022706735840377707,0.02614607693491659,10862592.0,0.012775470953783952,0.013789621320999382,10862592.0,0.0007702420637845838,0.0007683470882557058
10874880.0,0.024944947780265164,0.02582195117041313,10874880.0,0.013172845710262967,0.013621692320642373,10874880.0,1.21813613596089e-06,0.0005327340688286779
10887168.0,0.02282606650260277,0.025323410565033556,10887168.0,0.013198421637450034,0.013477353881656504,10887168.0,1.4776807004864464e-08,0.0005321790760377799
10899456.0,0.02172881696606055,0.024803414329653606,10899456.0,0.012680381783866324,0.013393411308546396,10899456.0,0.0012204475224280031,0.0004613209215943187
10911744.0,0.02294448352768086,0.024411705790165193,10911744.0,0.01212963436167532,0.013310711937568461,10911744.0,1.0947418334813126e-07,0.0004610919262702379
10924032.0,0.023366168830155704,0.023892114199891998,10924032.0,0.014507019106531516,0.013581008816739387,10924032.0,4.6422206042192236e-08,0.00046091348994065534
10936320.0,0.0240956753550563,0.023599982550755762,10936320.0,0.014120044317678548,0.013531553419306874,10936320.0,3.108069630657073e-10,0.00043044321501276554
10948608.0,0.02262160211103037,0.023290868574986235,10948608.0,0.014295537849344933,0.013467620540662514,10948608.0,0.002332218434579166,0.0006635327792315054
10960896.0,0.021389194337340694,0.022983736110230288,10960896.0,0.014053121752416095,0.013451254882966168,10960896.0,1.5837914067636422e-05,0.0006651158642631323
10973184.0,0.022665884947249044,0.022928957619781913,10973184.0,0.013846737293836972,0.013477921476684664,10973184.0,1.4473967753965886e-07,0.00043402797946762476
10985472.0,0.024434894721101347,0.023101773507854285,10985472.0,0.014546543223938594,0.01365502870370013,10985472.0,0.002329521106730681,0.0005899558837622346
10997760.0,0.025378461975681905,0.023145124927395955,10997760.0,0.014420563195017166,0.01377980045217555,10997760.0,3.6342227183183695e-07,0.0005898704123758217
11010048.0,0.02376894750826371,0.023239413027962053,11010048.0,0.014655316714197397,0.013925489959850287,11010048.0,2.2119990546997278e-10,0.0005898689568151116
11022336.0,0.028053448370580252,0.02387187616841402,11022336.0,0.014431360905291513,0.014100587871992804,11022336.0,3.977168293593965e-11,0.0004678242085494797
11034624.0,0.026837244387328003,0.02426115225437873,11034624.0,0.014860533628962003,0.014373677798721474,11034624.0,2.943310950144727e-10,0.0004678132905642545
11046912.0,0.02520937324152328,0.024445472695515492,11046912.0,0.015176077717721151,0.014440583659840436,11046912.0,0.002254439437213781,0.0006932525920650282
11059200.0,0.023933800218704466,0.024429285181880308,11059200.0,0.01588477366991962,0.014617056595064543,11059200.0,1.027993263254719e-06,0.0006933553603106573
11071488.0,0.026007407645617302,0.024767865735339,11071488.0,0.016780347214080393,0.01486553753153809,11071488.0,5.365501193344002e-08,0.00046013888235393413
11083776.0,0.02566357203371202,0.02519530350497613,11083776.0,0.016541303892154247,0.015114355745511907,11083776.0,0.0003045054988130384,0.0004890056408284744
11096064.0,0.025721705867908895,0.02550088559704212,11096064.0,0.015632877582296107,0.015292969774357821,11096064.0,9.091175640444741e-07,0.0004890820786171248
11108352.0,0.026220006742126618,0.025679396799144643,11108352.0,0.015105498906147355,0.015348865342578696,11108352.0,5.709773789192019e-09,0.0002561305389214356
11120640.0,0.02968163956150723,0.026109714557727176,11120640.0,0.01521491916597976,0.015428300939674951,11120640.0,1.9014111858899237e-11,0.00025609419859566363
11132928.0,0.025915405247360468,0.026324360331636855,11132928.0,0.016693353226097923,0.015632104590865007,11132928.0,0.0023863016340328613,0.0004947243398789592
11145216.0,0.024432367538490023,0.025962252248427832,11145216.0,0.017235420886815216,0.015912510589017374,11145216.0,8.470001146558086e-05,0.0005031943370483491
11157504.0,0.023932776200429846,0.025671805429738015,11157504.0,0.01607744807067017,0.016034202033188193,11157504.0,3.795099271878636e-08,0.0005031981027145114
11169792.0,0.022425077195900183,0.02539337582517571,11169792.0,0.01472966194463273,0.015989560455879355,11169792.0,0.0007609210327548984,0.0003538462622686231
11182080.0,0.025526588840875775,0.025552654687392835,11182080.0,0.013939427439860689,0.015795025832873462,11182080.0,7.135400812800323e-08,0.0003537505983431105
11194368.0,0.023854153997187193,0.02533732932254983,11194368.0,0.015599579201079905,0.01567694903157341,11194368.0,2.2071202213092e-08,0.0003537474399621384
11206656.0,0.02311192368506454,0.025082164487685077,11206656.0,0.015567272959742695,0.015579545938332256,11206656.0,1.9016338742398886e-10,0.00032329690909717334
11218944.0,0.021780358549828332,0.02468802975587702,11218944.0,0.01608210994163528,0.015624469174266173,11218944.0,1.1685377968491858e-08,0.0003232071658785657
11231232.0,0.021644169823654618,0.02423044606402982,11231232.0,0.016199948392265167,0.015733914122877952,11231232.0,0.002158203796473875,0.0005390269745485744
11243520.0,0.021052626601886004,0.023367544768067697,11243520.0,0.015347299059309686,0.015747152112210942,11243520.0,6.615505772818627e-06,0.0005396885232244449
11255808.0,0.02080139559499609,0.022856143802831262,11255808.0,0.014619645371567458,0.015539781326757898,11255808.0,9.960639704331697e-05,0.0003110189995254906
11268096.0,0.020384274394018576,0.022451334488384114,11268096.0,0.015658637256516766,0.015382102963728054,11268096.0,0.00024654955169959675,0.00032720395354889217
11280384.0,0.020861583558144048,0.022144215224155536,11280384.0,0.014708369805399949,0.015245195137201031,11280384.0,1.0703488388941196e-06,0.00032730719333350967
11292672.0,0.02158465275230507,0.022060172779796026,11292672.0,0.016350185925451417,0.0154072475352829,11292672.0,2.530383101546444e-09,0.00025121534309633
11304960.0,0.022888653581806768,0.021796379253889126,11304960.0,0.015768903521044802,0.015590195143401311,11304960.0,1.2409993998684261e-11,0.00025120820893651663
11317248.0,0.022982839242710423,0.021709247778441448,11317248.0,0.015355521104841804,0.015565789333777506,11317248.0,0.002284201710305448,0.00047962617284684017
11329536.0,0.021610554482322186,0.02155911085816721,11329536.0,0.015303317573852837,0.015539393795188516,11329536.0,6.224345528475321e-06,0.00048024858838334906
11341824.0,0.021209012552086886,0.021501976258393066,11341824.0,0.016192845156183466,0.015550467316643335,11341824.0,8.110149141297521e-06,0.0004810584347596819
11354112.0,0.02020554095118617,0.021358113371146223,11354112.0,0.0169750197577135,0.01562797445318817,11354112.0,0.002091533765754624,0.0004743914316877566
11366400.0,0.02346668902706976,0.021599519613664596,11366400.0,0.016320895723765716,0.015725334119633772,11366400.0,1.9397872382439138e-07,0.00047374927898285725
11378688.0,0.02327450995411103,0.021846831049576094,11378688.0,0.018654097938754905,0.016128779376352518,11378688.0,8.751430256396612e-09,0.00046378951442155113
11390976.0,0.022713164886226878,0.022079720098796923,11390976.0,0.02127489242896748,0.016690404893597587,11390976.0,3.700351677360988e-12,0.0004391345596216267
11403264.0,0.02419668164414664,0.022413229907397185,11403264.0,0.024128035457882408,0.017632371458845837,11403264.0,1.6926806113796526e-06,0.0004391967927988752
11415552.0,0.025446612261778984,0.022799425858344574,11415552.0,0.021019650778422754,0.01809931794414297,11415552.0,0.002227029278098295,0.0006618994675703947
11427840.0,0.023119516990846023,0.0228225121992485,11427840.0,0.022108354731850948,0.01873326306522358,11427840.0,2.415938189503919e-07,0.0006619236257112903
11440128.0,0.025567807878057163,0.023081009062783174,11440128.0,0.026163904694840312,0.01981410142422343,11440128.0,0.00029703490501257573,0.000463206945182003
11452416.0,0.026768288342282176,0.02359678244877917,11452416.0,0.026787638673946883,0.020962533534232837,11452416.0,2.8176027655035796e-05,0.000465402113394659
11464704.0,0.027292578442332644,0.02420513903780375,11464704.0,0.03128694752619291,0.022471943771233783,11464704.0,1.204752487164266e-05,0.0004657958509676935
11476992.0,0.025895223506571103,0.02477410729334224,11476992.0,0.029025130779094372,0.023676954873371868,11476992.0,9.616394722189447e-09,0.00025664343603170334
11489280.0,0.024862543534254655,0.02491369274406073,11489280.0,0.02960947041477387,0.025005812342472684,11489280.0,4.184818458946582e-05,0.0002608088566182675
11501568.0,0.025334407303792734,0.025119682479028897,11501568.0,0.02915481912593047,0.026055884461190244,11501568.0,0.0020668951553185857,0.00046749749700710045
11513856.0,0.024983187419517588,0.02534668473235797,11513856.0,0.02667523333608794,0.026595918551902287,11513856.0,0.0018799567472645624,0.0006554931713635214
11526144.0,0.02352869277819991,0.025279885845763295,11526144.0,0.027977196228069563,0.026980834628921,11526144.0,8.782418881025933e-06,0.0006562021451904861
11538432.0,0.024677867399683844,0.025203011359553783,11538432.0,0.027224788684785988,0.027601348419557324,11538432.0,0.002184116003869955,0.0006519108177676522
11550720.0,0.023370506319527824,0.025228110292421963,11550720.0,0.02534494613064453,0.027925007559436686,11550720.0,0.00011100008384801185,0.0006629866667705583
11563008.0,0.022627123311394826,0.02493404183575573,11563008.0,0.024972308242771152,0.02780584791422977,11563008.0,1.3370287092288416e-07,0.000633296546556393
11575296.0,0.02569447423835906,0.02482666042536342,11575296.0,0.02392074444408839,0.027519158491243915,11575296.0,6.778549145602941e-10,0.0006304790115763809
11587584.0,0.02456759408232756,0.02455416198936291,11587584.0,0.023314925618857767,0.026721956300510403,11587584.0,0.002401124412547991,0.0008693867003440157
11599872.0,0.024469604143329587,0.02441160005303876,11599872.0,0.024077283693865564,0.026227171591987525,11599872.0,3.453366408242194e-06,0.0008697310753453677
11612160.0,0.02305742442452659,0.024231088142065954,11612160.0,0.023013347381493077,0.025567559288659447,11612160.0,0.0009068712706721271,0.0009562333839536339
11624448.0,0.023164835748805974,0.024014130986567277,11624448.0,0.02367544060689397,0.025019621436755797,11624448.0,0.0020592242320465934,0.0009554662916264348
11636736.0,0.02384271602689599,0.02390008384730512,11636736.0,0.023673721763771027,0.024719470279524102,11636736.0,0.0001328139910583559,0.0007807520160058141
11649024.0,0.02201487513957545,0.023748702083442673,11649024.0,0.023844139592256397,0.024306164615942788,11649024.0,2.329226543122213e-08,0.0007798761033442545
11661312.0,0.02229176796390675,0.02351009213986496,11661312.0,0.02289490104885772,0.023873175852349958,11661312.0,2.5746898727613265e-09,0.0005614647604262463
11673600.0,0.02363687379208083,0.023536728887120262,11673600.0,0.023881723638623953,0.023726853603147902,11673600.0,0.0022496381146387043,0.0007753285635053156
11685888.0,0.024116464172645163,0.023685662973245293,11685888.0,0.02253396369633265,0.023483019148504054,11685888.0,1.2885096921285328e-06,0.0007754440441874361
11698176.0,0.026006122313750286,0.02371682778078442,11698176.0,0.02465681223353992,0.023556625927449205,11698176.0,0.001929578447137222,0.0009684018211156668
11710464.0,0.025677855757142726,0.023827853948265938,11710464.0,0.02567845824523829,0.023792979190087257,11710464.0,1.7070203958506152e-06,0.0007284600819004528
11722752.0,0.02560608455678448,0.023941501989611428,11722752.0,0.026127673384811107,0.023998018159181813,11722752.0,0.0017213784043027165,0.0009002525856899003
11735040.0,0.026450694150601823,0.024280828962218948,11735040.0,0.026539203283997875,0.024350603749432292,11735040.0,2.496167630927637e-08,0.0008095679547903184
11747328.0,0.02833487169118598,0.02479783255645695,11747328.0,0.02975324682968979,0.024958384371711873,11747328.0,2.7063990631903678e-08,0.0006036482379847222
11759616.0,0.027091420236198854,0.025122702977387234,11759616.0,0.03012079678592272,0.025603091873927043,11759616.0,0.001586732521900558,0.0007490400910689424
11771904.0,0.026726380980107933,0.025593853561440484,11771904.0,0.027440236600038286,0.025962701574705233,11771904.0,3.7453358977164913e-07,0.0007490752152013766
11784192.0,0.02565487790464734,0.02593016455551454,11784192.0,0.028391502836408716,0.026512361753460327,11784192.0,5.311196519623233e-06,0.0007496060773843516
11796480.0,0.026909895823337138,0.026257466758640168,11796480.0,0.026409783633425832,0.026765167752940522,11796480.0,0.0013418588090038004,0.0006588281468208612
11808768.0,0.025772804423468187,0.026423100783722474,11808768.0,0.025977948564104736,0.027109566239717726,11808768.0,0.0022128766819757098,0.0008799869640492193
11821056.0,0.02523756929440424,0.026346245481787867,11821056.0,0.028779973469985027,0.027521882363362237,11821056.0,6.53201716621273e-05,0.0006935611365017099
11833344.0,0.028156626377797995,0.026594122543853394,11833344.0,0.029207189596490934,0.027874755498487502,11833344.0,9.665318808268115e-08,0.000693400099780933
11845632.0,0.025851221386498462,0.026618636226824793,11845632.0,0.029719892908663798,0.02823397745087277,11845632.0,0.0020690737043575305,0.0007281696297864144
11857920.0,0.028766948361104976,0.026850261647875108,11857920.0,0.02819384682031038,0.028399441804504023,11857920.0,1.0724341524455856e-06,0.000728274377034028
11870208.0,0.027595551684498787,0.026776329647206387,11870208.0,0.027389299211790785,0.028163047042714124,11870208.0,3.491055973007621e-08,0.0007282751616909379
11882496.0,0.029582916118670255,0.02702547923545353,11882496.0,0.029281920151940238,0.028079159379315877,11882496.0,0.0019446967598923948,0.0007640715854901216
11894784.0,0.027937961150504027,0.02714663725249314,11894784.0,0.02830861050946017,0.02816599677025806,11894784.0,0.0018777255275684486,0.0009518066848879893
11907072.0,0.027785520166313898,0.0273597014786598,11907072.0,0.026896011229837313,0.028016447609600918,11907072.0,5.2044902834798755e-05,0.0009564800555195071
11919360.0,0.02915075684237915,0.027583787580563995,11919360.0,0.025536995148286223,0.027929168761086958,11919360.0,1.7748983426694547e-06,0.0008224716644533936
11931648.0,0.028313977799067896,0.02783790491812397,11931648.0,0.02638695532611261,0.027970069437287748,11931648.0,0.002370627596368043,0.0008382467558926271
11943936.0,0.028147873003035784,0.028128935288987123,11943936.0,0.024694099391732987,0.02756148202946255,11943936.0,5.853105040642959e-07,0.0008317732697768207
11956224.0,0.029450054144642007,0.02825827806567153,11956224.0,0.025549599221752334,0.027195722991988684,11956224.0,1.760099263096541e-08,0.0008317653645572755
11968512.0,0.027369936423686642,0.028410149569390343,11968512.0,0.023485508873515453,0.026572284588473848,11968512.0,0.001771537175955018,0.0008020117117170242
11980800.0,0.029859032210273046,0.028519357954307146,11980800.0,0.02476945472881198,0.02622984537932401,11980800.0,0.00014393760651879953,0.0008162982289536597
11993088.0,0.02739877123773719,0.02849967990963099,11993088.0,0.023212663654703647,0.025812181823615298,11993088.0,0.0019142114075899979,0.0010077158786566862
12005376.0,0.0269321696444725,0.028234605262211214,12005376.0,0.02246946655213833,0.025130936463635106,12005376.0,5.8744305408235204e-06,0.0008138336457215293
12017664.0,0.026231361630683143,0.02806394531022912,12017664.0,0.023494477849453688,0.024649523197634457,12017664.0,7.66500424983126e-08,0.0006260687579689344
12029952.0,0.024914590932894498,0.027776852386887187,12029952.0,0.023148705610462155,0.02427479263569694,12029952.0,8.900237425280011e-06,0.0006217542914279824
12042240.0,0.027090157750838745,0.02757079247773314,12042240.0,0.02151377099410941,0.02387247022027926,12042240.0,9.97426906697759e-06,0.0006225742285004133
12054528.0,0.027562975427523877,0.027495692240578747,12054528.0,0.0232839423212378,0.02356216891979178,12054528.0,0.002315378502923219,0.0006170493191559309
12066816.0,0.027542764398579795,0.027435181380133143,12066816.0,0.02158344544780751,0.02325110352539923,12066816.0,2.5832349943281468e-05,0.0006195740230998527
12079104.0,0.025750257200949516,0.027065201685763894,12079104.0,0.021492020750883967,0.022845345678312395,12079104.0,8.836580985871478e-05,0.0006284088439864611
12091392.0,0.02692409140096667,0.027020617183491896,12091392.0,0.021521526844783995,0.02264894747543925,12091392.0,0.0005524318312382093,0.0005064983095147801
12103680.0,0.03385406829571972,0.02742012079203656,12103680.0,0.022025815240340307,0.022374583526592082,12103680.0,1.9315592908242252e-05,0.0004940361081537244
12115968.0,0.03569401635710771,0.02824964530397362,12115968.0,0.020975878423390288,0.022150905003460744,12115968.0,0.002219099356807419,0.0005245249030754665
12128256.0,0.03605607033629591,0.02916203537315596,12128256.0,0.022408302106972162,0.02214478855894413,12128256.0,2.739338392861631e-06,0.0005242113938606703
12140544.0,0.03483008570037782,0.03002190778012543,12140544.0,0.0241765924244343,0.022213000016442188,12140544.0,4.324099110257033e-08,0.0005242080529555308
12152832.0,0.03171386162284762,0.030701834849120736,12152832.0,0.021835699735675007,0.022081699428963472,12152832.0,0.0013264703581323072,0.0006559650650262335
12165120.0,0.03261164292537918,0.031253983366574783,12165120.0,0.02071920523303561,0.022002242852856093,12165120.0,0.00016425164938027592,0.0006713928030575633
12177408.0,0.03649840833774457,0.03214752665759685,12177408.0,0.019939069791386526,0.021667755599870966,12177408.0,1.2502342149408227e-05,0.00044110518698018227
12189696.0,0.03582869049084062,0.03297611926682294,12189696.0,0.01866330528476586,0.021375741583566803,12189696.0,0.000683546495262514,0.0005068766015121055
12201984.0,0.037916968363182,0.03419279038304618,12201984.0,0.02020317706046626,0.021246857214525034,12201984.0,4.0588234864931865e-06,0.0004984459028748833
12214272.0,0.04232593261015912,0.035732974503965426,12214272.0,0.0199437494641946,0.021089079476466092,12214272.0,0.001846211391845524,0.0006278238589356148
12226560.0,0.04210065968800336,0.03655763364319379,12226560.0,0.018696429848205298,0.020756140937252594,12226560.0,7.701992224440346e-06,0.0006266624988672347
12238848.0,0.040877010265830904,0.03707593303406611,12238848.0,0.02089826552158532,0.020748379647072095,12238848.0,3.8085879850768833e-05,0.0004085611511715696
12251136.0,0.03822236277240639,0.03729256227767716,12251136.0,0.02090659942283916,0.020598209378658795,12251136.0,0.00226656670262552,0.0006349438875948354
12263424.0,0.04076869114457319,0.0378864228220967,12263424.0,0.020805601341029007,0.020261110270318263,12263424.0,3.384996749862997e-06,0.0006352780631707115
12275712.0,0.04208189020088563,0.0389232256799005,12275712.0,0.019732326278851058,0.02005077292463587,12275712.0,0.002103057452889819,0.0007129367726464626
12288000.0,0.03945249530564373,0.03960731091792695,12288000.0,0.02002824845840223,0.01998167724717253,12288000.0,3.9972328702712424e-05,0.0007005088405787064
