v1_adventurer_(bigan_novelty)_timesteps,v1_adventurer_(bigan_novelty)_score,v1_adventurer_(bigan_novelty)_score_mean,v2_latent_discrepancy_timesteps,v2_latent_discrepancy_score,v2_latent_discrepancy_score_mean,v3_latent_plus_clamped_eme_timesteps,v3_latent_plus_clamped_eme_score,v3_latent_plus_clamped_eme_score_mean,v4_latent_plus_normalised_eme_timesteps,v4_latent_plus_normalised_eme_score,v4_latent_plus_normalised_eme_score_mean
12288.0,0.08905605908754903,0.08905605908754903,12288.0,-0.13396566627974002,-0.13396566627974002,12288.0,-0.13396566627974002,-0.13396566627974002,12288.0,-0.09275557449048695,-0.09275557449048695
24576.0,-1.5519305784255266,-0.7314372596689888,24576.0,-1.3660605506350596,-0.7500131084573998,24576.0,-1.3660605506350596,-0.7500131084573998,24576.0,-0.9329848196357489,-0.5128701970631179
36864.0,-1.548247454687953,-1.00370732467531,36864.0,-0.8212526403367519,-0.7737596190838505,36864.0,-0.8212526403367519,-0.7737596190838505,36864.0,-0.786940016473333,-0.6042268035331896
49152.0,-1.551298430810372,-1.1406051012090757,49152.0,-0.6720112282782793,-0.7483225213824577,49152.0,-0.6720112282782793,-0.7483225213824577,49152.0,-0.5721089070041975,-0.5961973294009416
61440.0,-1.6775943736235301,-1.2480029556919665,61440.0,-0.58872106919686,-0.7164022309453382,61440.0,-0.58872106919686,-0.7164022309453382,61440.0,-0.5271654427051544,-0.5823909520617842
73728.0,-1.7167283470431964,-1.326123854250505,73728.0,-0.5153041143591205,-0.6828858781809686,73728.0,-0.5153041143591205,-0.6828858781809686,73728.0,-0.46913708249727887,-0.5635153071343666
86016.0,-1.6673756080369155,-1.3748741047914206,86016.0,-0.4653608373676737,-0.6518108723504978,86016.0,-0.4653608373676737,-0.6518108723504978,86016.0,-0.42490202747285366,-0.5437134100398647
98304.0,-1.6522642051180203,-1.4095478673322457,98304.0,-0.42904870429386693,-0.6239656013434189,98304.0,-0.42904870429386693,-0.6239656013434189,98304.0,-0.40000306876997155,-0.525749617381128
110592.0,-1.5957150260607402,-1.4302331071909673,110592.0,-0.40936583187431097,-0.6001211825135181,110592.0,-0.40936583187431097,-0.6001211825135181,110592.0,-0.37746373377740383,-0.5092734080918253
122880.0,-1.3958881304909785,-1.4267986095209684,122880.0,-0.38178332646687824,-0.578287396908854,122880.0,-0.38178332646687824,-0.578287396908854,122880.0,-0.3498558403613667,-0.4933316513187795
135168.0,-1.6884478454788525,-1.6045489999776088,135168.0,-0.3647235656778018,-0.6013631868486603,135168.0,-0.3647235656778018,-0.6013631868486603,135168.0,-0.33452229217315715,-0.5175083230870466
147456.0,-1.9252218008041382,-1.64187812221547,147456.0,-0.34698123919467133,-0.4994552557046215,147456.0,-0.34698123919467133,-0.4994552557046215,147456.0,-0.3212790531106293,-0.4563377464345346
159744.0,-2.0925652608275414,-1.6963099028294284,159744.0,-0.32934668892994523,-0.4502646605639408,159744.0,-0.32934668892994523,-0.4502646605639408,159744.0,-0.3052010514462988,-0.4081638499318312
172032.0,-2.1475261015196643,-1.7559326699003577,172032.0,-0.3161953892558813,-0.41468307666170096,172032.0,-0.3161953892558813,-0.41468307666170096,172032.0,-0.29490016323203844,-0.38044297555461526
184320.0,-2.1390961284438768,-1.8020828453823925,184320.0,-0.295240795550247,-0.3853350492970397,184320.0,-0.295240795550247,-0.3853350492970397,184320.0,-0.28002112250154215,-0.35572854353425404
196608.0,-2.0928222003082433,-1.8396922307088974,196608.0,-0.2829314397337536,-0.36209778183450303,196608.0,-0.2791898149686555,-0.36172361935799324,196608.0,-0.27515496251483756,-0.33633033153600994
208896.0,-2.0196357841293016,-1.8749182483181357,208896.0,-0.2820690958760679,-0.3437686076853424,208896.0,-0.28233895683661103,-0.3434214313048869,208896.0,-0.26114662100250524,-0.3199547908889751
221184.0,-1.8769798738261063,-1.8973898151889443,221184.0,-0.2728426217411955,-0.3281479994300753,221184.0,-0.27333760680630803,-0.32785032155613103,221184.0,-0.25961042831962305,-0.30591552684394024
233472.0,-1.8448754474520683,-1.9223058573280771,233472.0,-0.2657300781769057,-0.3137844240603348,233472.0,-0.2652714173309505,-0.31344088010179505,233472.0,-0.24963087448850274,-0.29313224091505014
245760.0,-1.8872601961096127,-1.9714430638899405,245760.0,-0.25823826358343166,-0.30142991777199013,245760.0,-0.25832509777198237,-0.3010950572323054,245760.0,-0.24489471207683286,-0.2826361280865967
258048.0,-1.9370882635315259,-1.9963071056952075,258048.0,-0.2526982738636434,-0.2902273885905743,258048.0,-0.2512312149628997,-0.28974582216081524,258048.0,-0.2367249191738665,-0.2728563907866677
270336.0,-1.976714118073384,-2.0014563374221326,270336.0,-0.22872185753658414,-0.2784014504247655,270336.0,-0.24371239449828863,-0.279418937691177,270336.0,-0.23389688848207393,-0.2641181743238121
282624.0,-1.9863953031599522,-1.9908393416553736,282624.0,-0.22821950167417526,-0.26828873169918854,282624.0,-0.2408793579476575,-0.2705722045929482,282624.0,-0.22636346767346063,-0.2562344159465283
294912.0,-1.9662067852914333,-1.9727074100325503,294912.0,-0.23021761033063134,-0.2596909538066635,294912.0,-0.2224813769571483,-0.2612008033630749,294912.0,-0.2212891960516572,-0.24887331922849015
307200.0,-1.926668566962083,-1.951464653884371,307200.0,-0.2236031237989664,-0.2525271866315355,307200.0,-0.21871477753544846,-0.25354820156159497,307200.0,-0.21649644120285907,-0.24252085109862187
319488.0,-1.8875923566520214,-1.9309416695187487,319488.0,-0.21552088701476654,-0.24578613135963678,319488.0,-0.2189326761290431,-0.24752248767763377,319488.0,-0.21405699398989478,-0.2364110542461276
331776.0,-1.8543958105146885,-1.9144176721572876,331776.0,-0.2104796951947113,-0.23862719129150117,331776.0,-0.2078914207716783,-0.2400777340711405,331776.0,-0.2063147850955526,-0.2309278706554323
344064.0,-1.8055654702087243,-1.907276231795549,344064.0,-0.20019440787533918,-0.2313623699049155,344064.0,-0.19626435404643416,-0.2323704087951531,344064.0,-0.20351821773995957,-0.225318649597466
356352.0,-1.7653834410011768,-1.8993270311504602,356352.0,-0.16909247799776495,-0.22169860988700144,356352.0,-0.19237662510325512,-0.2250809295723836,356352.0,-0.2017786012341579,-0.22053342227203152
368640.0,-1.7291235749920209,-1.8835133690387007,368640.0,-0.18557559326291084,-0.21443234285494936,368640.0,-0.19122564575324455,-0.21837098437050978,368640.0,-0.19667716464027762,-0.21571166752837598
380928.0,-1.6495510581880808,-1.8547596485043563,380928.0,-0.1723479082187017,-0.20639730629045516,380928.0,-0.19176453398540616,-0.21242431627276046,380928.0,-0.19472307929148278,-0.21151148354013763
393216.0,-1.5860175689061482,-1.815689993587633,393216.0,-0.1808027356552581,-0.20160539410232253,393216.0,-0.1986623591122528,-0.20791931273415684,393216.0,-0.19266038745020828,-0.20738783343695105
405504.0,-1.515018882850806,-1.7685523515567183,405504.0,-0.1785122069219748,-0.19663466462710252,405504.0,-0.19584942826380333,-0.2034163197657714,405504.0,-0.18962869669000307,-0.2037143563386053
417792.0,-1.4761568990846474,-1.7195473629360396,417792.0,-0.17478779268761477,-0.19109168286280087,417792.0,-0.19238712328175703,-0.2004068943982323,417792.0,-0.18673377685869733,-0.2002588144193093
430080.0,-1.4506597593426704,-1.6719464821740986,430080.0,-0.17256451087693372,-0.1859878215705976,430080.0,-0.18953546648845077,-0.19748896329353255,430080.0,-0.1836174294973413,-0.19697091324875754
442368.0,-1.436857885370652,-1.6268730350459617,442368.0,-0.16994210107562444,-0.18142994297668338,442368.0,-0.17826257397731146,-0.19342195307835935,442368.0,-0.18104061484336853,-0.1936692753341049
454656.0,-1.4205375326176484,-1.5834872072562576,454656.0,-0.16767684331474206,-0.17714965778868644,454656.0,-0.18355722508082786,-0.1909885335092743,454656.0,-0.17865416004012027,-0.19090321282856165
466944.0,-1.3803396423657734,-1.5409646244719624,466944.0,-0.16618027056877813,-0.17374824405803033,466944.0,-0.1805885935512682,-0.18942095745975773,466944.0,-0.17618103496109447,-0.18816949455067516
479232.0,-1.2653475385159254,-1.4909610342234374,479232.0,-0.16489547219437858,-0.17332854347769172,479232.0,-0.178677789401263,-0.1880510738895585,479232.0,-0.1738076239513854,-0.18537239682239792
491520.0,-1.2903987715641658,-1.447088553880652,491520.0,-0.1633391798629115,-0.17110490213769178,491520.0,-0.17602932561809817,-0.1865314418760439,491520.0,-0.171526534948498,-0.18285733385321995
503808.0,-1.3681801470617454,-1.418951462768018,503808.0,-0.16370851166235903,-0.1702409624820575,503808.0,-0.17408316597963372,-0.18476330507546662,503808.0,-0.1693292654429873,-0.1803179524683704
516096.0,-1.455239124596119,-1.4058736183370153,516096.0,-0.16337333068562052,-0.16849802198509375,516096.0,-0.1717774405454596,-0.18207481321878732,516096.0,-0.16720658858927587,-0.17777257258227713
528384.0,-1.5462553116182487,-1.4089972612137596,528384.0,-0.1629876421454052,-0.1669455655074368,528384.0,-0.16998977027833462,-0.17948884742024046,528384.0,-0.16515837733944258,-0.1753255406472211
540672.0,-1.606133750329415,-1.4219949463382364,540672.0,-0.16343458369374275,-0.1658102446080496,540672.0,-0.16763625177554786,-0.1770137602696195,540672.0,-0.16305765571693578,-0.17295792853304495
552960.0,-1.642164457589388,-1.4411454161629078,552960.0,-0.1636061551204572,-0.16491440903240193,552960.0,-0.1652143259998411,-0.17458164622075856,552960.0,-0.16090739440793791,-0.17068692502410462
565248.0,-1.6596145344277222,-1.4634210810686152,565248.0,-0.1636917022212098,-0.16428936914696052,565248.0,-0.16400957107543945,-0.17315634593057133,565248.0,-0.15708281029947102,-0.16829114456971486
577536.0,-1.6661829265455406,-1.4879856204614044,577536.0,-0.16448770936888954,-0.1639704557523752,577536.0,-0.16187427658587694,-0.17098805108107626,577536.0,-0.15705552184954286,-0.1661312807506571
589824.0,-1.6681093188623588,-1.5167625881110627,589824.0,-0.16470681293867528,-0.16382310998936495,589824.0,-0.1601526796196898,-0.1689444596879184,589824.0,-0.15439985475192466,-0.16395316272974014
602112.0,-1.6657972087462742,-1.5568075551340979,602112.0,-0.16396735492162406,-0.16373029826208949,602112.0,-0.15011937854190668,-0.1660886186019828,602112.0,-0.15323658341852328,-0.1618960586764539
614400.0,-1.6590091722706954,-1.5936685952047507,614400.0,-0.1627223708977302,-0.16366861736557137,614400.0,-0.15622504171915352,-0.16410819021208833,614400.0,-0.15176299509281913,-0.15991970469088604
626688.0,-1.6500207496186097,-1.621852655460437,626688.0,-0.16140360455028713,-0.16343812665436414,626688.0,-0.15493538378116986,-0.16219341199224194,626688.0,-0.14838307125804326,-0.15782508527239164
638976.0,-1.6430181004106998,-1.6406305530418954,638976.0,-0.16037731935891011,-0.16313852552169314,638976.0,-0.15299681884547076,-0.16031534982224305,638976.0,-0.14798698582065603,-0.15590312499552963
651264.0,-1.634482021133105,-1.649453223993381,651264.0,-0.15871487697586417,-0.16271124900473904,651264.0,-0.15206625560919443,-0.15852299835532904,651264.0,-0.14556663033242026,-0.1539439502948274
663552.0,-1.6227291623751323,-1.6511127651979525,663552.0,-0.15701588864127794,-0.16206937949949257,663552.0,-0.15003487879099944,-0.15676286105687423,663552.0,-0.14515501152103147,-0.15215368587523698
675840.0,-1.6114009643594425,-1.648036415874958,675840.0,-0.15583423183610043,-0.16129218717105687,675840.0,-0.1494872133092334,-0.15519014978781343,675840.0,-0.14190808784527084,-0.15025375521897028
688128.0,-1.600772502521674,-1.642152212684353,688128.0,-0.15509420509139696,-0.1604324374580756,688128.0,-0.14771616140690944,-0.1535608088209604,688128.0,-0.14068655110895634,-0.14861412929991882
700416.0,-1.5918926782906055,-1.6347231878588595,700416.0,-0.15345026110298932,-0.15932869263148558,700416.0,-0.1466214976583918,-0.1520355309282119,700416.0,-0.14117739318559566,-0.1470263164335241
712704.0,-1.5865552574396133,-1.6265677817165851,712704.0,-0.15224974524850646,-0.15808298586246866,712704.0,-0.14536092849448323,-0.15055635581569124,712704.0,-0.1419009210076183,-0.14577642305909347
724992.0,-1.5811555422842503,-1.618103615070383,724992.0,-0.1507967122209569,-0.15676592159240194,724992.0,-0.14404464901114503,-0.1499488828626151,724992.0,-0.13818969461135566,-0.1442717341783767
737280.0,-1.5762275258700054,-1.6098254504303138,737280.0,-0.14960203886342546,-0.15545388838897148,737280.0,-0.14343372530614337,-0.14866975122131407,737280.0,-0.13316249808607003,-0.14241168447770178
749568.0,-1.5694035316507022,-1.601763728633523,749568.0,-0.14846117693620423,-0.15415964562756318,749568.0,-0.13332492260572812,-0.14650870510376987,749568.0,-0.1383039595093578,-0.14140377330283324
761856.0,-1.562405242274205,-1.5937024428198734,761856.0,-0.14771221205592155,-0.15289313489726436,761856.0,-0.12396548277077575,-0.1436055714963004,761856.0,-0.1374163281482955,-0.1403467075355972
774144.0,-1.5567987027267616,-1.585934110979239,774144.0,-0.1463919209005932,-0.15166083928973723,774144.0,-0.11386535316705704,-0.13978548125208665,774144.0,-0.13629218757463,-0.13941926325981813
786432.0,-1.5526386586328347,-1.5789250606050094,786432.0,-0.1454415643432488,-0.15050340685993432,786432.0,-0.11971156011956434,-0.13675314938494315,786432.0,-0.13519503370237848,-0.13842326547795286
798720.0,-1.5477885864675045,-1.5725638228158156,798720.0,-0.14414582261815667,-0.14933456593813993,798720.0,-0.12525714320751527,-0.13433014237477134,798720.0,-0.13412395888008177,-0.13764485258143394
811008.0,-1.540997142593066,-1.5665862868229548,811008.0,-0.14339752371112505,-0.14816489780011277,811008.0,-0.12383914676805337,-0.13194244091088575,811008.0,-0.1330779178533703,-0.13688398925587536
823296.0,-1.5068684617678325,-1.5580838651706774,823296.0,-0.14236848669437072,-0.1470567203592509,823296.0,-0.12219793706511457,-0.129500084851558,823296.0,-0.13205599241579571,-0.13597184917889538
835584.0,-1.4859367236495018,-1.5480220117916663,835584.0,-0.1411983915604651,-0.14595158499044675,835584.0,-0.12940216452504197,-0.1279042084546139,835584.0,-0.13105726001473764,-0.13488748307960732
847872.0,-1.46650701140364,-1.5365571587036053,847872.0,-0.14031383115798235,-0.14490329688414932,847872.0,-0.12008976090388994,-0.12550871964388838,847872.0,-0.1300808269685755,-0.13407659631532928
860160.0,-1.45003521318237,-1.523937927434842,860160.0,-0.13921085473460457,-0.1438641784712672,860160.0,-0.12655095236065486,-0.12382044234933953,860160.0,-0.12912591422597566,-0.13367293792931983
872448.0,-1.4343841535349686,-1.5104359896232684,872448.0,-0.13767080668670437,-0.1427851414463172,872448.0,-0.12570559419691563,-0.12305850950845827,872448.0,-0.12819173008513948,-0.132661714986898
884736.0,-1.4142398610711098,-1.495619451502959,884736.0,-0.13636856526136398,-0.1416507767668615,884736.0,-0.12499560493354996,-0.12316152172473568,884736.0,-0.1272775452428808,-0.13164783669635655
897024.0,-1.3944966693719227,-1.479389248167475,897024.0,-0.13531312819880745,-0.1405428974966829,897024.0,-0.11555417836643755,-0.12333040424467374,897024.0,-0.12638260245633623,-0.13065687818452715
909312.0,-1.3781074744959672,-1.4619361297537885,909312.0,-0.13450415207383534,-0.13944915626974155,909312.0,-0.12318258639425039,-0.12367750687214234,909312.0,-0.12550633074715734,-0.12968800788900503
921600.0,-1.3668084939320881,-1.4438381205002468,921600.0,-0.13368256708296636,-0.13840283071622253,921600.0,-0.12172425864264369,-0.12332421841565519,921600.0,-0.12464799623315533,-0.1287404116243124
933888.0,-1.3519286786516507,-1.4249312741061053,933888.0,-0.13277026258098582,-0.1373401046032086,933888.0,-0.12095983854184549,-0.1230362875930344,933888.0,-0.12380702514201403,-0.12781332235317674
946176.0,-1.3359892753263314,-1.4078433554619552,946176.0,-0.13226396458533904,-0.13632965239230543,946176.0,-0.1201869211314867,-0.12283518599967162,946176.0,-0.1229829234847178,-0.12690601546006897
958464.0,-1.3260947993646066,-1.3918591630334656,958464.0,-0.13181779572429755,-0.13539159280868868,958464.0,-0.11058817004474501,-0.12095378655164193,958464.0,-0.12178761892331143,-0.12597905135092635
970752.0,-1.3198929199328024,-1.3771977538863818,970752.0,-0.13084104106140634,-0.13444431379903107,970752.0,-0.11894733939940731,-0.12083954440119367,970752.0,-0.11877043390025695,-0.1248480120440945
983040.0,-1.311709084858497,-1.3633651410539946,983040.0,-0.1304891131973515,-0.13357213964530576,983040.0,-0.10085091227665544,-0.11826954039279372,983040.0,-0.11793546634726226,-0.12372896725622315
995328.0,-1.3012894360969465,-1.3500556693101922,995328.0,-0.12930790785079202,-0.13273584976171454,995328.0,-0.11614764217908184,-0.11731374519101034,995328.0,-0.11733209225349128,-0.12264300347305834
1007616.0,-1.2941466712703307,-1.3380463503301143,1007616.0,-0.12768187552380064,-0.1318671807879582,1007616.0,-0.09090276248753071,-0.11390446094640842,1007616.0,-0.11647258256562054,-0.12156250720533232
1019904.0,-1.2842069442073505,-1.327017377813657,1019904.0,-0.12691365422991416,-0.13102723339106886,1019904.0,-0.10553393280133605,-0.11290243638989828,1019904.0,-0.1158263017423451,-0.1205068771339332
1032192.0,-1.280925028026104,-1.3172991331666706,1032192.0,-0.1273679391015321,-0.13031361209383854,1032192.0,-0.1044088137956957,-0.11102505913004282,1032192.0,-0.11530140771841009,-0.11948638483105847
1044480.0,-1.275654638806979,-1.3081837476541598,1044480.0,-0.1263600621993343,-0.12958136160547534,1044480.0,-0.11176433810032904,-0.11002906707581132,1044480.0,-0.11432650211888055,-0.118454235419631
1056768.0,-1.2720528282225132,-1.300196162611246,1056768.0,-0.12544118124060333,-0.1288484534714371,1056768.0,-0.10232176282443106,-0.1081652595040699,1056768.0,-0.11383608100004494,-0.1174571410054341
1069056.0,-1.2664684988558292,-1.293244084964196,1069056.0,-0.125180749145026,-0.12814013192740578,1069056.0,-0.1019395914239188,-0.10634052653331309,1069056.0,-0.11309139834096034,-0.11646798849105833
1081344.0,-1.2583598370353382,-1.286470588731269,1081344.0,-0.12451660066532592,-0.12741001242150865,1081344.0,-0.09194737571912508,-0.1044764471007511,1081344.0,-0.11250803208289047,-0.11554002980701623
1093632.0,-1.2526012926052015,-1.279741425998509,1093632.0,-0.12378764610427122,-0.12670467292579513,1093632.0,-0.0995623340519766,-0.10253794656600804,1093632.0,-0.11188221932388842,-0.11485120834937938
1105920.0,-1.2467512525618076,-1.27324564276884,1105920.0,-0.12342480764103432,-0.1259982423701634,1105920.0,-0.08922819156820576,-0.10137567449516308,1105920.0,-0.11130108800716698,-0.11418777051536988
1118208.0,-1.2326207462077339,-1.2663787737799188,1118208.0,-0.1226721106407543,-0.1253346626491596,1118208.0,-0.10555555469666918,-0.1003164657469218,1118208.0,-0.11074844600322346,-0.11352940589034308
1130496.0,-1.2332654452572267,-1.2602906511786085,1130496.0,-0.12238924934839208,-0.12480540003161875,1130496.0,-0.10471016215160489,-0.10169720571332923,1130496.0,-0.10998628435966869,-0.11288077606974789
1142784.0,-1.2242330703884363,-1.2542932637967168,1142784.0,-0.12107567155423264,-0.12422160176405062,1142784.0,-0.09530204099913438,-0.10067401653310906,1142784.0,-0.109467785883074,-0.11224492448382077
1155072.0,-1.2117588908101122,-1.2473766500751178,1155072.0,-0.12072862319958706,-0.1235576701738561,1155072.0,-0.09492314932867885,-0.09972545008640736,1155072.0,-0.10875764884985983,-0.11159054859696578
1167360.0,-1.2164177695910137,-1.2414529631535212,1167360.0,-0.120420632030194,-0.12296372715694208,1167360.0,-0.07726864035551746,-0.09627588031192622,1167360.0,-0.10825897046985726,-0.11098379543206345
1179648.0,-1.2092142564555008,-1.23516910597682,1179648.0,-0.11898057271415989,-0.12231766630429775,1179648.0,-0.09266053101358314,-0.09530975713084142,1179648.0,-0.10761780904916425,-0.11036196823697537
1191936.0,-1.2011318647613127,-1.2286354425673685,1191936.0,-0.11794000460455815,-0.12159359185025095,1191936.0,-0.09958623209968209,-0.09507442119841775,1191936.0,-0.10710719507187605,-0.10976354791006696
1204224.0,-1.1793046444654465,-1.2207299233103792,1204224.0,-0.11627380185139675,-0.12076931196885803,1204224.0,-0.09129812677080433,-0.09500949630358566,1204224.0,-0.10653943079523742,-0.10916668778130163
1216512.0,-1.184264072527488,-1.213896201302608,1216512.0,-0.11500069149769843,-0.11989061650820076,1216512.0,-0.0978041406099995,-0.09483367695938796,1216512.0,-0.10592789233972628,-0.10857125508288543
1228800.0,-1.1761847663049896,-1.2068395526769262,1228800.0,-0.10651044516513745,-0.11819918026061108,1228800.0,-0.09762692886094253,-0.09567355068866164,1228800.0,-0.10545741735647123,-0.10798688801781584
1241088.0,-1.1321149251113336,-1.196788970567286,1241088.0,-0.11372304366280635,-0.11730427356281628,1241088.0,-0.08881848383074005,-0.09399984360206873,1241088.0,-0.10494874782549839,-0.10740691820004333
1253376.0,-1.097076328471303,-1.1831700588886938,1253376.0,-0.11114086769521236,-0.11617943539749831,1253376.0,-0.08842158045930167,-0.09237098543283842,1253376.0,-0.1043435896281153,-0.106842648726888
1265664.0,-1.0809417876104515,-1.168840930610895,1265664.0,-0.09783562715165317,-0.11385543095724035,1265664.0,-0.0877461968921125,-0.09161540102213621,1265664.0,-0.10378992712746064,-0.10627486285132666
1277952.0,-1.106492328767975,-1.1583142744066817,1277952.0,-0.10319368867203593,-0.11210193750448524,1277952.0,-0.044836158282123506,-0.08660670191748068,1277952.0,-0.10366986963587503,-0.10576608492992819
1290240.0,-1.1602526176720858,-1.152697759214789,1290240.0,-0.09096904906133811,-0.10915677920759966,1290240.0,-0.09323059914944072,-0.088202897796873,1290240.0,-0.10284277944204707,-0.10522446582714715
1302528.0,-1.223860136543711,-1.1541623472236098,1302528.0,-0.08082277917613585,-0.10534099985379726,1302528.0,-0.06744352479775746,-0.08568119717529044,1302528.0,-0.10236892049821715,-0.10469957697205245
1314816.0,-1.2383743307242792,-1.157886593819906,1314816.0,-0.08783517971945305,-0.10233051736528676,1314816.0,-0.06653603228429954,-0.08237617719375218,1314816.0,-0.10182635408515732,-0.10417149287338057
1327104.0,-1.2408286792536576,-1.1640389972987275,1327104.0,-0.07652241092485686,-0.09835537827263277,1327104.0,-0.06488683943947156,-0.0797350484606189,1327104.0,-0.10138144444984694,-0.10365569423884154
1339392.0,-1.272835395609339,-1.1728961296069127,1339392.0,-0.07366083787443738,-0.09422139291030665,1339392.0,-0.08005572203546762,-0.07796020660316572,1339392.0,-0.10079585062339902,-0.10314249006720881
1351680.0,-1.2955582501987617,-1.1848334779962897,1351680.0,-0.08462211722508073,-0.09203256011630098,1351680.0,-0.0463369763456285,-0.07283121135163431,1351680.0,-0.10052548713671665,-0.10264929704523336
1363968.0,-1.2925346133609612,-1.2008754468212524,1363968.0,-0.08224934882794817,-0.08888519063281516,1363968.0,-0.08526686703165372,-0.07247604967172569,1363968.0,-0.100002032937482,-0.1021546255564317
1376256.0,-1.2853292984267075,-1.219700743816793,1376256.0,-0.07192193251103163,-0.0849632971143971,1376256.0,-0.04465935088228434,-0.06809982671402395,1376256.0,-0.09950296813622117,-0.1016705634072423
1388544.0,-1.2722149280210335,-1.2388280578578512,1388544.0,-0.08002857735846192,-0.08318259213507798,1388544.0,-0.07542605942580849,-0.06686781296739355,1388544.0,-0.09914188575930893,-0.10120575927042715
1400832.0,-1.2546170173833768,-1.2536405267193913,1400832.0,-0.07697780655386548,-0.0805610039232609,1400832.0,-0.0417259499275436,-0.06655679213193556,1400832.0,-0.09849563132350643,-0.10068833543919027
1413120.0,-1.241661489630739,-1.2617814139152563,1413120.0,-0.058087435589792825,-0.07727284257610638,1413120.0,-0.007299156316245596,-0.05796364784861604,1413120.0,-0.09825354760202269,-0.10022941225518782
1425408.0,-1.2340724964936574,-1.2628026499102512,1425408.0,-0.06454351676317553,-0.07564491633481035,1425408.0,-0.0024846449571972093,-0.051467759864560016,1425408.0,-0.09771151483679812,-0.09976367168904592
1437696.0,-1.2170375225444634,-1.2606689690922699,1437696.0,-0.07299219564689945,-0.07416061792755499,1437696.0,-0.0006769896329691013,-0.044881855599426965,1437696.0,-0.09741116470346849,-0.09932215275087704
1449984.0,-1.2178661512831848,-1.2583727162952223,1449984.0,-0.04846610613943388,-0.0713549874490127,1449984.0,0.0017696855356916785,-0.038216203101910644,1449984.0,-0.09704842410671215,-0.09888885071656354
1462272.0,-1.2095831856131554,-1.252047495295604,1462272.0,-0.06966936537840714,-0.07095584019940968,1462272.0,-0.0034315925634776554,-0.03055379015471165,1462272.0,-0.09652802542162438,-0.0984620681963861
1474560.0,-1.1989440216372411,-1.242386072439452,1474560.0,-0.06893728929571807,-0.06938735740647342,1474560.0,0.06501121256345262,-0.01941897126380354,1474560.0,-0.09636087156832218,-0.09804560663954666
1486848.0,-1.1895462206254404,-1.2320872331658999,1486848.0,-0.06911523240463187,-0.06807394576414179,1486848.0,0.1035473586525768,-0.0005375486953804895,1486848.0,-0.09578202478587627,-0.09762360582438609
1499136.0,-1.1815194332351286,-1.221706246646742,1499136.0,-0.06827989752249171,-0.06770974226528778,1499136.0,0.0858146403528129,0.012509850428129233,1499136.0,-0.09530397062189877,-0.09720370607295384
1511424.0,-1.163696330351134,-1.210854386879752,1511424.0,-0.06879556935746223,-0.06658644146518783,1511424.0,0.13940647318183133,0.03399310368889321,1511424.0,-0.0951448359216253,-0.09680400108918548
1523712.0,-1.165297317629059,-1.2019224169043206,1523712.0,-0.07162787687654297,-0.06605144849745556,1523712.0,0.17324293458659668,0.05548999214030724,1523712.0,-0.09448394652766486,-0.09640283260960132
1536000.0,-1.1522259122381608,-1.1929788591650625,1536000.0,-0.07338226322705547,-0.06758093126118182,1536000.0,0.2119170814694371,0.0774116159188755,1536000.0,-0.09422464327265818,-0.09599994217666488
1548288.0,-1.1419551031043131,-1.183767119826128,1548288.0,-0.07670505383672814,-0.06879708496853709,1548288.0,0.22407468282229578,0.10006754869682481,1548288.0,-0.09386622354698677,-0.09561541304768374
1560576.0,-1.1240501919140418,-1.174468386763086,1560576.0,-0.07499745802488178,-0.06899761120633532,1560576.0,0.17330768588241577,0.11746601624836331,1560576.0,-0.09361398522742093,-0.09523569510007898
1572864.0,-1.1239945720881224,-1.1650812288435797,1572864.0,-0.06101389000347505,-0.07025238959273944,1572864.0,0.256292120404396,0.14291825973523373,1572864.0,-0.0932473389742275,-0.09485558658683052
1585152.0,-1.095953702305754,-1.1537182805128396,1585152.0,-0.06115139741450548,-0.06940059279634928,1585152.0,0.35943737869471687,0.17920515686105318,1585152.0,-0.09269712454018493,-0.09447249649868658
1597440.0,-1.0746261120463412,-1.1412864895537496,1597440.0,-0.03596071316860616,-0.06610293518363809,1597440.0,0.21428656645002775,0.1941326922497107,1597440.0,-0.09242667444050312,-0.09407907678590467
1609728.0,-1.0554964449256659,-1.127881511983772,1609728.0,-0.04092015034984797,-0.0632834269781597,1609728.0,0.21112995181465521,0.20489095156591858,1609728.0,-0.09209362386415403,-0.09371023669373243
1622016.0,-1.0674263077477615,-1.1164721994350353,1622016.0,-0.00420296397836258,-0.05687573362374678,1622016.0,0.27361853957215015,0.22367134148785225,1622016.0,-0.09165945687952141,-0.0933457853194947
1634304.0,-1.0558089449380834,-1.1056834608937303,1634304.0,-0.008109117819306752,-0.050807088469931226,1634304.0,0.29849996130603057,0.23958069030027218,1634304.0,-0.09150678936081628,-0.0929819806634138
1646592.0,-1.0358966576556365,-1.092743394896388,1646592.0,-0.04424567574945589,-0.04806886835722253,1646592.0,0.34004682729331154,0.2562610795709437,1646592.0,-0.09081244717041652,-0.09261483072768896
1658880.0,-0.9931064117699862,-1.0768314448495706,1658880.0,-0.05859968054573983,-0.04659061008909097,1658880.0,0.5196670591831207,0.28703607734231207,1658880.0,-0.09060795217131574,-0.09225316161755473
1671168.0,-1.0077714587872226,-1.0634130804178616,1671168.0,-0.028780190720378112,-0.04179812377745596,1671168.0,0.3497165342560038,0.29960026248568283,1671168.0,-0.09035788235875468,-0.0919023274987315
1683456.0,-0.9810434986526767,-1.0491124110917251,1683456.0,-0.04377152712550014,-0.0386755306875178,1683456.0,0.4226248617827271,0.32453198007571393,1683456.0,-0.08997783654679854,-0.09153871263066929
1695744.0,-0.9258184544742107,-1.0292947993303339,1695744.0,-0.054219660038749375,-0.037996107691045236,1695744.0,0.5021574515073249,0.3491185131860069,1695744.0,-0.08967321746361752,-0.09118130047960829
1708032.0,-0.9338478781282902,-1.0130842169125875,1708032.0,-0.05164128735971948,-0.03704509668556663,1708032.0,0.6654171971604228,0.37971649503257743,1708032.0,-0.08928334045534332,-0.09083992207112412
1720320.0,-0.9577036444097757,-1.0013919701489309,1720320.0,-0.029919834923930466,-0.03644100886109906,1720320.0,0.5996385508527359,0.4182516934728483,1720320.0,-0.08891753409989178,-0.09048900803706297
1732608.0,-0.9488660873224338,-0.9907289343886079,1732608.0,-0.04496003050977985,-0.03684499687709225,1732608.0,0.4837564733655502,0.44551434562793774,1732608.0,-0.08860495577876766,-0.09014014122852435
1744896.0,-1.0347278357173006,-0.9874590871855616,1744896.0,-0.034637409068333604,-0.03988844138608936,1744896.0,0.5489379961509258,0.4730462912858154,1744896.0,-0.08846780161062877,-0.08982097570163508
1757184.0,-1.090596579015255,-0.9909378505932788,1757184.0,-0.040764970860133566,-0.04315402669017203,1757184.0,0.5639061449716488,0.4995869096523772,1757184.0,-0.08793957624584436,-0.08946425439013789
1769472.0,-1.0694497851654887,-0.994293163344264,1769472.0,-0.042418714767942824,-0.042971330592020726,1769472.0,0.490687034248064,0.5146509303478525,1769472.0,-0.08770508412271738,-0.08915351808536798
1781760.0,-1.0842121442159016,-1.0034037365888557,1781760.0,-0.02650749929792558,-0.039762112467239305,1781760.0,0.42838875219846767,0.5055230996493871,1781760.0,-0.08731697352292637,-0.08882442022052903
1794048.0,-1.1385778337717056,-1.016484374087304,1794048.0,-0.047179135940192886,-0.04160200698922077,1794048.0,0.35288804055502015,0.5058402502792887,1794048.0,-0.08714895679925878,-0.08850352766457945
1806336.0,-1.1583732872580488,-1.0342173529478411,1806336.0,-0.03742207256921878,-0.04096706153359264,1806336.0,0.2789454939775169,0.49147231349876763,1806336.0,-0.08693336850653093,-0.0881990808605527
1818624.0,-1.185270441385607,-1.0601625516389805,1818624.0,-0.039795664294312395,-0.03952466195914894,1818624.0,0.30829976266250014,0.47208654461428523,1818624.0,-0.08636547656108935,-0.08786830677029986
1830912.0,-1.2034344921509426,-1.0871212130412458,1830912.0,-0.04377970865850026,-0.03873850408902703,1830912.0,0.3403281825594604,0.439577643154189,1830912.0,-0.08628839611386259,-0.08756881233615181
1843200.0,-1.1788107653458912,-1.1092319251348575,1843200.0,-0.04678375044992814,-0.04042489564162679,1843200.0,0.3256862599713107,0.4121824140660465,1843200.0,-0.08588034054264426,-0.08726509298042705
1855488.0,-1.1971033280715346,-1.1340556492097675,1855488.0,-0.03756934988390034,-0.03968582757903884,1855488.0,0.31468143857394654,0.39527491058688613,1855488.0,-0.0856190191116184,-0.08696649931371211
1867776.0,-1.1900140739356477,-1.1495842730316022,1867776.0,-0.031672156939748675,-0.03938930236618034,1867776.0,0.3037481598245601,0.3707559269542495,1867776.0,-0.08531198433289926,-0.08665091758593915
1880064.0,-1.1993289965515335,-1.16045751478523,1880064.0,-0.03823461994761601,-0.03913626727492859,1880064.0,0.2744441752632459,0.3418097299834092,1880064.0,-0.08493885293137282,-0.086350845254492
1892352.0,-1.2024820471803348,-1.1737607409867148,1892352.0,-0.04635309105894218,-0.03952970490402853,1892352.0,0.27953510157143074,0.32069453671574594,1892352.0,-0.0846534170365582,-0.0860456785458761
1904640.0,-1.138964396590988,-1.179235966224223,1904640.0,-0.02143963082926348,-0.03902291805716231,1904640.0,0.28491774170349043,0.3063474356662482,1904640.0,-0.0843791162672763,-0.08575189282031108
1916928.0,-1.1620256633808215,-1.181580749185135,1916928.0,-0.026130811059071373,-0.036918085569050164,1916928.0,0.3036673725582659,0.3014253688665728,1916928.0,-0.08417297080935289,-0.08545429422132052
1929216.0,-1.1188688607265551,-1.1776303065319857,1929216.0,-0.02610402222489938,-0.03578628053461823,1929216.0,0.3434280327831705,0.30787362274713814,1929216.0,-0.08390268780446301,-0.0851512261511137
1941504.0,-1.1502947906653087,-1.1741327414599556,1941504.0,-0.03539911647870516,-0.0353466257530575,1941504.0,0.28455796279013157,0.3054994427599013,1941504.0,-0.0835179832065478,-0.08486647681565955
1953792.0,-1.0506222750991583,-1.1588515197547773,1953792.0,-0.017807256934853893,-0.03274938058069286,1953792.0,0.27329523644099635,0.2987961481480549,1953792.0,-0.08331009334263702,-0.084568646538537
1966080.0,-1.0127616366371512,-1.1422466068839032,1966080.0,0.007285135933974137,-0.02734249194230264,1966080.0,0.2651019765374561,0.2927377198046694,1966080.0,-0.08326488694486518,-0.0843071011787591
1978368.0,-0.9954459881410003,-1.12208087289085,1978368.0,-0.024038368166657165,-0.025989393770578316,1978368.0,0.295924994473656,0.2908620753946404,1978368.0,-0.08279757422860712,-0.08402495669045797
1990656.0,-0.815794985430936,-1.0846589640403788,1990656.0,-0.01406222777829195,-0.024228400854432643,1990656.0,0.302167106885463,0.2907039701007307,1990656.0,-0.08262293413281441,-0.08375605167044949
2002944.0,-0.9391302627821764,-1.058639090663443,2002944.0,0.0016690165308925013,-0.020238037206581794,2002944.0,0.26160786347463727,0.2894203389218698,2002944.0,-0.08246993541251868,-0.08350915991856406
2015232.0,-0.9098038940380017,-1.0293712753492097,2015232.0,-0.006395693946008881,-0.016242297495288466,2015232.0,0.2572291987016797,0.28718974863489466,2015232.0,-0.08194524399004877,-0.08323834261391312
2027520.0,-0.8961188346147537,-1.0050867191515862,2027520.0,0.009002002382961413,-0.013198134174065975,2027520.0,0.2636911830243965,0.2850670927669853,2027520.0,-0.08194584166631103,-0.08299501515381659
2039808.0,-0.8155652390172085,-0.9704406767152249,2039808.0,-0.019113457916925352,-0.012496398859851373,2039808.0,0.3559058429673314,0.29029093980789183,2039808.0,-0.08164988050702959,-0.08274270612358427
2052096.0,-0.7015493496631583,-0.9287087256088855,2052096.0,0.028608509611027937,-0.007025145676258641,2052096.0,0.34353134765600163,0.290301271295175,2052096.0,-0.08132544439285994,-0.08248498178242394
2064384.0,-0.7045170158768693,-0.8841309481300413,2064384.0,0.04523545556003228,0.0010383115276151032,2064384.0,0.3398857459736367,0.2958340496135255,2064384.0,-0.0811281269416213,-0.0822459961559313
2076672.0,-0.5592923757309715,-0.8349979581932226,2076672.0,0.042015548465618245,0.007020592067662317,2076672.0,0.2981371224547426,0.29831823821490006,2076672.0,-0.08092207779797415,-0.08200719460146501
2088960.0,-0.6253502412388722,-0.7962568186533948,2088960.0,0.03610786885838024,0.009902865360102927,2088960.0,0.29686182271689177,0.3014942228328436,2088960.0,-0.08065467999161531,-0.08174617390614003
2101248.0,-0.5395518022899827,-0.7506674000682929,2101248.0,0.0987095812112481,0.022177660297893455,2101248.0,0.30735733654970926,0.302637457040449,2101248.0,-0.08036604019192357,-0.08150302050247168
2113536.0,-0.3692169285689791,-0.7060095943820972,2113536.0,0.061738369971862994,0.02975772007290895,2113536.0,0.27594567245493334,0.300015313597396,2113536.0,-0.08001209419065465,-0.0812419365082557
2125824.0,-0.38950710464268923,-0.6510472785681485,2125824.0,0.0748961869442913,0.037080437114248826,2125824.0,0.29486815072596073,0.3033413423225283,2125824.0,-0.07997170835733414,-0.08099211380273726
2138112.0,-0.23659164862086376,-0.5837260540264348,2138112.0,0.17584528882434824,0.05530453539128455,2138112.0,0.26343945832923055,0.30396236828528345,2138112.0,-0.07956099766306579,-0.08075368917003894
2150400.0,-0.36450000666081905,-0.5305641712310413,2150400.0,0.07338459432745974,0.061742794585734374,2150400.0,0.28907492011785507,0.30650074199462934,2150400.0,-0.07942405110225081,-0.08050151011363293
2162688.0,-0.16094225365668535,-0.46510187269498904,2162688.0,0.12264583240175853,0.07591872361760275,2162688.0,0.26914992028226453,0.2978251497261227,2162688.0,-0.07902199941842507,-0.08023872200477247
2174976.0,-0.11859405599534512,-0.40680634332820775,2174976.0,0.16150199355615769,0.08920807201211574,2174976.0,0.32205804049347836,0.29567781900987034,2174976.0,-0.07900363008957356,-0.08000654057444384
2187264.0,-0.3492376289019982,-0.3712784046307206,2187264.0,0.1077085247998184,0.09545537893609435,2187264.0,0.27511984171966714,0.2892012285844733,2187264.0,-0.07881143328268081,-0.07977487120854979
2199552.0,-0.25493641290813684,-0.3408428083484371,2199552.0,0.2952384152937763,0.12077766561891017,2199552.0,0.29538315410415333,0.2889258317494144,2199552.0,-0.07841973557757835,-0.07952463698651022
2211840.0,-0.29007150294880074,-0.30731493451943004,2211840.0,0.2768615076577892,0.14485302949885107,2211840.0,0.2608439498580992,0.28532404446353515,2211840.0,-0.07828205160330981,-0.07928737414767964
2224128.0,-0.32806805490205687,-0.2861665597806374,2224128.0,0.3076919893946979,0.16575127031719603,2224128.0,0.2942615112600227,0.28401446193456653,2224128.0,-0.07819284898384164,-0.07907005502687146
2236416.0,-0.2691400054221352,-0.2761588674659531,2236416.0,0.24843487600931743,0.18442092092094148,2236416.0,0.2888342752121389,0.2853033222102871,2236416.0,-0.07783128297887743,-0.07885197390569373
2248704.0,-0.32154457084834576,-0.26936261408651874,2248704.0,0.27612546931292553,0.20454384915780488,2248704.0,0.25989551981911063,0.281806059119602,2248704.0,-0.07762245977452646,-0.07861704904741297
2260992.0,-0.3669220535084605,-0.2823956545752784,2260992.0,0.16324229462770745,0.20328354973814083,2260992.0,0.25757968984544277,0.28122008227122325,2260992.0,-0.07748295335719983,-0.07840924461682637
2273280.0,-0.40253444481641054,-0.28619909839083746,2273280.0,0.24627135711489245,0.2205722260168841,2273280.0,0.25407316504667204,0.2777199067641049,2273280.0,-0.07707973554109533,-0.07817481306071083
2285568.0,-0.3638413141792019,-0.3064890044430892,2285568.0,0.3432269398860323,0.24263033676531146,2285568.0,0.254116367859145,0.27621655152179303,2285568.0,-0.07700854516588151,-0.07797346763545648
2297856.0,-0.4319124734029174,-0.3378208461838464,2297856.0,0.4783027590601705,0.2743104133157127,2297856.0,0.2492097873861591,0.26893172621106104,2297856.0,-0.0767770439463978,-0.0777508090211389
2310144.0,-0.45552606756488484,-0.34844969005013504,2310144.0,0.4211475863509501,0.30565431947082594,2310144.0,0.25370827813943225,0.2667905698530376,2310144.0,-0.07662958768196404,-0.07753262446106722
2322432.0,-0.40385639388114214,-0.36334168814743556,2322432.0,0.6640799378898615,0.3425384717304344,2322432.0,0.24610564516236386,0.26186281895885866,2322432.0,-0.07635542273055762,-0.07732619317636516
2334720.0,-0.4514720110843579,-0.3794817389609913,2334720.0,0.6217187085033705,0.3770241918149926,2334720.0,0.24042284457633892,0.2598207084306826,2334720.0,-0.07604719632460426,-0.07710270764849458
2347008.0,-0.4770940787469347,-0.39438434134547906,2347008.0,0.5266576305342218,0.398920755928945,2347008.0,0.2390237731548647,0.2542969346201668,2347008.0,-0.07607672084122896,-0.07689109483423331
2359296.0,-0.4978062541534503,-0.4172509662186107,2359296.0,0.5629658754914999,0.43037385587716326,2359296.0,0.2330466133231918,0.2487181684312721,2359296.0,-0.0757072411555176,-0.07667869065189734
2371584.0,-0.5061882228280107,-0.4357153314165771,2371584.0,0.7510275184952965,0.4778640607954003,2371584.0,0.23221742330739895,0.24595035878010094,2371584.0,-0.07577043767863263,-0.07649348844230797
2383872.0,-0.4921386061857144,-0.4482369866843025,2383872.0,0.47824637390052277,0.5093644687226818,2383872.0,0.22864647411430875,0.24305703720698751,2383872.0,-0.07539841769418369,-0.07628503487600634
2396160.0,-0.5213916962966323,-0.46012271183232467,2396160.0,0.41267769255985814,0.5260051022671783,2396160.0,0.22671191223586598,0.24032091192590688,2396160.0,-0.07511295564472675,-0.07608835688636949
2408448.0,-0.48421459334592026,-0.47216003974899656,2408448.0,0.6139635370733837,0.5530787619859135,2408448.0,0.22423224026958147,0.23733249916695054,2408448.0,-0.0748876731377095,-0.07587626968355228
2420736.0,-0.5375381577759981,-0.48272260818630464,2420736.0,0.5691464745129148,0.5621631335311881,2420736.0,0.22408930289869508,0.23482045071820418,2420736.0,-0.074790391100881,-0.0756776043990006
2433024.0,-0.5677645225077868,-0.4939464536805948,2433024.0,0.5175977656617761,0.5718081514622706,2433024.0,0.22047683084383607,0.23149730598864457,2433024.0,-0.07442353196286906,-0.07545699882709112
2445312.0,-0.5903668335328499,-0.5125974976457657,2445312.0,0.45768673981850344,0.5511688316551347,2445312.0,0.21614637008557716,0.22850137848096588,2445312.0,-0.0743309527169913,-0.07525455182573448
2457600.0,-0.6334057714169224,-0.530790873679022,2457600.0,0.421661847581466,0.5311631455629442,2457600.0,0.21332372507701317,0.2257914665310333,2457600.0,-0.07425460223263751,-0.07507529241653779
2469888.0,-0.679274657741189,-0.5510089315784474,2469888.0,0.4012048648049434,0.5186178689900164,2469888.0,0.21416708889106909,0.22330579810465373,2469888.0,-0.07395624575049926,-0.07486324490746483
2482176.0,-0.7169997536887726,-0.5729282815319796,2482176.0,0.3610506784170866,0.4984263492825751,2482176.0,0.217761414591223,0.22177727823145688,2482176.0,-0.07389662911494572,-0.07468218370340765
2494464.0,-0.7544202357530594,-0.5977514828244845,2494464.0,0.4855622765608132,0.47187982508912685,2494464.0,0.21511454787105322,0.22006699068782226,2494464.0,-0.07373891223687679,-0.07447903115923206
2506752.0,-0.7993250930060943,-0.6284701315065224,2506752.0,0.40537361164266866,0.4645925488633414,2506752.0,0.2110604924770693,0.21830839252409837,2506752.0,-0.07334629962376009,-0.0742738193521897
2519040.0,-0.8280523177236319,-0.6591361936492224,2519040.0,0.3993780901655555,0.4632625886239111,2519040.0,0.2124088710794846,0.21687808840846023,2519040.0,-0.07334155127561341,-0.07409667891527835
2531328.0,-0.8949265237897635,-0.7002073866936068,2531328.0,0.3992542087410887,0.4417916557906816,2531328.0,0.211869980674237,0.2156418624489258,2531328.0,-0.06613835288832585,-0.07322174689034
2543616.0,-0.9294338636100292,-0.7393969572770099,2543616.0,0.3576686978340149,0.42064387812279164,2543616.0,0.2101179378417631,0.21424472594323257,2543616.0,-0.07466531847603619,-0.07320923962785551
2555904.0,-0.9545543740193049,-0.7780759424281618,2555904.0,0.33512437700604397,0.4023965392572184,2555904.0,0.20393410340572396,0.21259045319942133,2555904.0,-0.07672249789660175,-0.0734391362212288
2568192.0,-0.9585780429964265,-0.8148970633745194,2568192.0,0.3857559689010183,0.3952034621654699,2568192.0,0.20513553963974118,0.2114893701548378,2568192.0,-0.07227897376287729,-0.07323393832581739
2580480.0,-0.971494946628809,-0.8487059808957081,2580480.0,0.48923686348522705,0.401960963755846,2580480.0,0.21090984484180808,0.21124798213131726,2580480.0,-0.07654300871460389,-0.07346277897401401
2592768.0,-0.9438068779806296,-0.8751592029196521,2592768.0,0.40549475885927677,0.4023899531612793,2592768.0,0.20847427751868963,0.2106787009940793,2592768.0,-0.07636117717872064,-0.07370327211683615
2605056.0,-0.9689525937040647,-0.9003544869211814,2605056.0,0.42325822620963055,0.4086107079405338,2605056.0,0.2056884697328011,0.20947140650823712,2605056.0,-0.07617953148049612,-0.0739315623533912
2617344.0,-0.9778058758626381,-0.9226930509321392,2617344.0,0.35725038731470704,0.3957795190159232,2617344.0,0.21563393265629807,0.20952334498676164,2617344.0,-0.07599901718397935,-0.07415757284810146
2629632.0,-0.9737888434901834,-0.940139425980548,2629632.0,0.34322819113731384,0.3895649769653876,2629632.0,0.2075241939164698,0.20916971513070165,2629632.0,-0.0648498897595952,-0.07330793186168497
2641920.0,-0.9934922183553377,-0.9566834160437185,2641920.0,0.36530426517128944,0.38615759446596104,2641920.0,0.20436159940436482,0.20836498796318964,2641920.0,-0.07567955056826274,-0.07354173179094989
2654208.0,-0.999678460881114,-0.9671586097528536,2654208.0,0.3474596117933591,0.38097813477118814,2654208.0,0.2057067002169788,0.20774865991746383,2654208.0,-0.0755167033445711,-0.07447956683657442
2666496.0,-0.9958901374290386,-0.9738042371347545,2666496.0,0.40342900638158125,0.38555416562594474,2666496.0,0.21270774397999048,0.2080076405312866,2666496.0,-0.07534104977579166,-0.07454713996654996
2678784.0,-0.9801042253772417,-0.9763592222705482,2678784.0,0.38126173584411543,0.39016790150975184,2678784.0,0.20411310779551664,0.20802554097026588,2678784.0,-0.07516660925466567,-0.07439155110235637
2691072.0,-1.0066717099398375,-0.9811685889648893,2691072.0,0.3707640858677526,0.3886687132064253,2691072.0,0.2334394541879495,0.2108559324250867,2691072.0,-0.0749933688590924,-0.07466299061197787
2703360.0,-0.9992989916354418,-0.9839489934655526,2703360.0,0.3714074189774692,0.37688576875564955,2703360.0,0.207850716697673,0.21055001961067318,2703360.0,-0.07482130662538111,-0.07449082040305559
2715648.0,-0.9999719578772783,-0.9895655014552176,2715648.0,0.3428472063193719,0.370621013501659,2715648.0,0.2091787176517149,0.21062046362397574,2715648.0,-0.07465041362835716,-0.07431974404801925
2727936.0,-1.00806671132644,-0.9934769132174551,2727936.0,0.33020298431317013,0.36131548931201296,2727936.0,0.2378931900796791,0.21384093565866352,2727936.0,-0.07066980140128483,-0.07376877104009813
2740224.0,-1.0048438652108114,-0.9961807121522724,2740224.0,0.3843595272240539,0.3640264033029477,2740224.0,0.20957424895217022,0.2132349672882507,2740224.0,-0.07024348775545756,-0.07319321809724595
2752512.0,-1.0018035490065813,-0.9989821827039123,2752512.0,0.3489840786593656,0.3646019920551528,2752512.0,0.20395619127278528,0.21287816702388226,2752512.0,-0.07016539422329515,-0.07372476854361593
2764800.0,-0.9993739364047846,-0.9995703545088569,2764800.0,0.40019783237949014,0.36809134877597294,2764800.0,0.2033098217410346,0.21277298925754926,2764800.0,-0.06971133841822545,-0.0731279473286122
2777088.0,-0.9938465176771084,-0.9989871601884562,2777088.0,0.3683413771602015,0.37017952531265713,2777088.0,0.20089300333832702,0.21229161956968406,2777088.0,-0.06293127627577633,-0.07186940462173273
2789376.0,-0.9884106113264958,-0.998239207578202,2789376.0,0.3446786406760414,0.3643044887421032,2789376.0,0.19931115520497164,0.2109519606921822,2789376.0,-0.07377153619502981,-0.07171245326365655
2801664.0,-0.9804944166292747,-0.9982782267034054,2801664.0,0.3645025227839748,0.36262856743608907,2801664.0,0.20148933120071888,0.21068958303270238,2801664.0,-0.0718187732854858,-0.07137766966673856
2813952.0,-0.9826154845456282,-0.9958726041639844,2813952.0,0.341455084271729,0.3596976672764868,2813952.0,0.20275398964683214,0.20762103657859066,2813952.0,-0.07341486386333902,-0.07121981916716323
2826240.0,-0.9757100834200779,-0.993513713342448,2826240.0,0.3396364403888583,0.35652056941762567,2826240.0,0.19826657588904104,0.2066626224977275,2826240.0,-0.07329284054382394,-0.07106697255900751
2838528.0,-0.9615024396528801,-0.9896667615200083,2838528.0,0.4350264344053964,0.3657384922262281,2838528.0,0.19795110588893294,0.20553986132144927,2838528.0,-0.07313293804569791,-0.07091522500074157
2850816.0,-0.9537446604420742,-0.9842345564315718,2850816.0,0.3830954022705555,0.37102773402196665,2850816.0,0.19821243453770876,0.20157178576725227,2850816.0,-0.06863716570660472,-0.07071196143127358
2863104.0,-0.947109509880344,-0.9784611208985249,2863104.0,0.36470326222479343,0.3690621075220406,2863104.0,0.19527686682219306,0.20014204755425452,2863104.0,-0.06867916462942958,-0.07055552911867077
2875392.0,-0.9390534516423941,-0.9721861111621062,2875392.0,0.3631989409526189,0.37048359375136597,2875392.0,0.19480615388602018,0.19922704381557804,2875392.0,-0.06881326033423345,-0.07042031572976461
2887680.0,-0.9268057718873024,-0.9649292947103578,2887680.0,0.39969107415527105,0.37043291792894406,2887680.0,0.2088476214557886,0.19978082378705342,2887680.0,-0.06811271281912923,-0.07026045316985498
2899968.0,-0.9119792009393374,-0.9567425630365808,2899968.0,0.4342547166161239,0.37702425187453625,2899968.0,0.2285845287454625,0.202549976327767,2899968.0,-0.06828612147364765,-0.07079593768964212
2912256.0,-0.8979761525988579,-0.947699117163817,2912256.0,0.3798259594477713,0.3805389837517093,2912256.0,0.20507503859698772,0.2031263646669686,2912256.0,-0.06796188625351836,-0.07021497269549096
2924544.0,-0.889616891120871,-0.9386113646129767,2924544.0,0.3540847703504066,0.37949720850835245,2924544.0,0.19452029016489783,0.20242946056338645,2924544.0,-0.06095935730263591,-0.06912903109720599
2936832.0,-0.8835885102550188,-0.9287086671839158,2936832.0,0.3786649303510785,0.38321819311628735,2936832.0,0.19340349826961756,0.20149441142566502,2936832.0,-0.07188871929732461,-0.06897641664060454
2949120.0,-0.8766491239269575,-0.9188025712346037,2949120.0,0.364719678958257,0.3857265169732273,2949120.0,0.19855433950821558,0.20152318778758244,2949120.0,-0.06410682989129175,-0.06805781557535133
2961408.0,-0.8816730094452699,-0.9108196282138428,2961408.0,0.36671911568070453,0.37889578510075805,2961408.0,0.19461340472723046,0.20118941767141224,2961408.0,-0.07177640458879371,-0.0679221622296609
2973696.0,-0.8729067364086708,-0.9027358358105024,2973696.0,0.3189159738831222,0.3724778422620147,2973696.0,0.19136951103185615,0.20050512532082698,2973696.0,-0.07162710966076702,-0.06822115662507713
2985984.0,-0.8676035137226185,-0.8947852361947299,2985984.0,0.315366468547533,0.3675441628942887,2985984.0,0.1895822693283359,0.19993566557144127,2985984.0,-0.06181566995413353,-0.06753480715754753
2998272.0,-0.8388732944925626,-0.8847672204797468,2998272.0,0.42854744537423056,0.3740790133364499,2998272.0,0.19192070482919613,0.19964712066575885,2998272.0,-0.0705769028281793,-0.0677111714069421
3010560.0,-0.8338508146504561,-0.875471724756062,3010560.0,0.36682144505903125,0.3707920504268259,3010560.0,0.18959705655773482,0.19772206417595345,3010560.0,-0.07117199350614101,-0.06801709947564329
3022848.0,-0.827006824935476,-0.8669744871556759,3022848.0,0.3551755454391241,0.3628841333091259,3022848.0,0.22804670051361123,0.19766828135276832,3022848.0,-0.0710815533141916,-0.06829664265969768
3035136.0,-0.828065383558472,-0.8599834102516374,3035136.0,0.3689983411071201,0.3618013714750608,3035136.0,0.19517432913805047,0.19667821040687464,3035136.0,-0.07093688931005697,-0.06859414296535155
3047424.0,-0.8448167822013298,-0.8555033993596831,3047424.0,0.4478197251446545,0.3711748669544856,3047424.0,0.1810830698814243,0.19533448837852727,3047424.0,-0.06882036446283261,-0.0693802436813712
3059712.0,-0.8614626048753659,-0.853290808821718,3059712.0,0.38287864640975994,0.37159623856035373,3059712.0,0.18083513791983327,0.19407765234354882,3059712.0,-0.0664716533307607,-0.06883853708471481
3072000.0,-0.8717289548367262,-0.8527987919126947,3072000.0,0.36515754864861566,0.3716400255293896,3072000.0,0.1828603147684286,0.19250824986957013,3072000.0,-0.06579753752642621,-0.06900760784822826
3084288.0,-0.8684607775261005,-0.8514775687207778,3084288.0,0.3457779792758326,0.3695459118889024,3084288.0,0.18323127428690592,0.19137003682553771,3084288.0,-0.0658334882852311,-0.06841331621787201
3096576.0,-0.8601162228733301,-0.8501985173672437,3096576.0,0.34578118985518813,0.372232433486109,3096576.0,0.18042015773244202,0.1902751014955963,3096576.0,-0.05864406567222128,-0.06711501181901743
3108864.0,-0.8502541240304708,-0.8484635783980291,3108864.0,0.31544366975625354,0.3722401536069811,3108864.0,0.18095060267175236,0.18941193482993793,3108864.0,-0.07019130028008173,-0.06795257485161224
3121152.0,-0.8323754413674275,-0.8478137930855155,3121152.0,0.30402875303601223,0.35978828437315924,3121152.0,0.17943785161090395,0.18816364950810868,3121152.0,-0.07005399244371802,-0.06790028381316612
3133440.0,-0.8226514762888352,-0.8466938592493534,3133440.0,0.3206713388984402,0.3551732737571001,3133440.0,0.17615845954666534,0.18681978980700176,3133440.0,-0.0577035256040593,-0.06655343702295796
3145728.0,-0.8186894369622072,-0.8458621204520265,3145728.0,0.3748727669008076,0.3571429959032685,3145728.0,0.17803446816590926,0.18181856657223155,3145728.0,-0.06827350313930462,-0.06627263200546926
3158016.0,-0.7954229451715946,-0.8425978766133386,3158016.0,0.3856775052845478,0.35881091232101125,3158016.0,0.17377235918926695,0.17967836957735323,3158016.0,-0.06962667494857062,-0.06614161056932062
3170304.0,-0.7942505236715078,-0.8375412507603566,3170304.0,0.37407878615582985,0.35143681842212876,3170304.0,0.18149951620337865,0.1797200142095486,3170304.0,-0.06955939674905191,-0.06621551379794255
3182592.0,-0.7687726989388466,-0.8282722601667046,3182592.0,0.4555034174894293,0.3586992955300957,3182592.0,0.1804159590198348,0.17967809631954879,3182592.0,-0.06942414791168024,-0.06651076325603451
3194880.0,-0.7693492112060388,-0.818034285803636,3194880.0,0.38860300664479536,0.3610438413297137,3194880.0,0.19553751087126633,0.18094581592983255,3194880.0,-0.06928961087639134,-0.06685997059103102
3207168.0,-0.7339514338721832,-0.8045833514382441,3207168.0,0.3667673429784675,0.36314277769997716,3207168.0,0.1759501815928767,0.18021770666042963,3207168.0,-0.06915584641198318,-0.06719220640370623
3219456.0,-0.7248066288108627,-0.7910523920319974,3219456.0,0.47283804587398964,0.3758484633018574,3219456.0,0.19814028133017322,0.18198971902020275,3219456.0,-0.05707867913103352,-0.06703566774958744
3231744.0,-0.7067915877948204,-0.7767061384084325,3231744.0,0.5245948649632434,0.3967635828225563,3231744.0,0.1858615921034167,0.18248081796336918,3231744.0,-0.06892952602356672,-0.06690949032393595
3244032.0,-0.7125944222013155,-0.7647280364918213,3244032.0,0.5465923335092763,0.4210199408698827,3244032.0,0.17992689282012483,0.18252972208429127,3244032.0,-0.0688048575927193,-0.06678457683883607
3256320.0,-0.7132896023492018,-0.753791849097858,3256320.0,0.46311993012204766,0.4352647999922434,3256320.0,0.17101148585788906,0.18201502471541364,3256320.0,-0.06867405535498013,-0.06788162981392816
3268608.0,-0.6904226609816154,-0.7409651714997987,3268608.0,0.42748985330884653,0.4405265086330473,3268608.0,0.1879041607802113,0.18300199397684386,3268608.0,-0.057236454294373594,-0.06677792492943506
3280896.0,-0.6933354487021764,-0.7307564218528568,3280896.0,0.4701727715631326,0.4489760352609058,3280896.0,0.20662981465769312,0.18628773952368646,3280896.0,-0.06843616169256468,-0.06665887360383446
3293184.0,-0.6835177155832449,-0.7196831410440305,3293184.0,0.5458804302227994,0.4661561996676027,3293184.0,0.1885689510187755,0.18699468300522618,3293184.0,-0.06832866374558459,-0.06653580030348774
3305472.0,-0.6787671335041523,-0.7106825845005612,3305472.0,0.5091532735774914,0.47152118527640896,3305472.0,0.18009295182613036,0.1869623822858557,3305472.0,-0.06820077538335075,-0.06641346305065478
3317760.0,-0.6535153575241566,-0.699099199132373,3317760.0,0.5661911014467478,0.4892799947566043,3317760.0,0.22724894938680032,0.19013352613740914,3317760.0,-0.05690003580336148,-0.06517450554335179
3330048.0,-0.6548545106003681,-0.6911895068051914,3330048.0,0.5788519388685623,0.5104884543456137,3330048.0,0.18532995670102537,0.19107150364822398,3330048.0,-0.06166635861154646,-0.0644255567633081
3342336.0,-0.6455462540810307,-0.6832634693322082,3342336.0,0.4947383371181786,0.5126784834700326,3342336.0,0.20412451153000197,0.19166992666820687,3342336.0,-0.06788601206305127,-0.0655062900565099
3354624.0,-0.6316053662449121,-0.6757448471772174,3354624.0,0.46571749293555814,0.5067907462672641,3354624.0,0.2000759639001141,0.19309136384787656,3354624.0,-0.06776071207908292,-0.06538940866206151
3366912.0,-0.6199665733923515,-0.666482062296321,3366912.0,0.47258646072198945,0.49939015898853534,3366912.0,0.19019586103968322,0.19411826066983245,3366912.0,-0.06763610034249723,-0.0652725329370393
3379200.0,-0.6142922369763255,-0.6565823257590333,3379200.0,0.46821445785462856,0.4998996117617934,3379200.0,0.1993305424693972,0.19695016633098325,3379200.0,-0.05498317836706216,-0.06390344523824751
3391488.0,-0.5934730020041267,-0.6468873598612845,3391488.0,0.43745946837589145,0.5008965732684979,3391488.0,0.17675974289886653,0.19583572454284875,3391488.0,-0.06742031573473166,-0.06492183138228332
3403776.0,-0.5933336885645986,-0.6368871838475267,3403776.0,0.4083567704074085,0.49471497315292556,3403776.0,0.23907175667894384,0.19907991874497383,3403776.0,-0.06731217494234443,-0.06480943270726128
3416064.0,-0.5782948943475882,-0.6263649017239611,3416064.0,0.47940918772170943,0.4880678489028166,3416064.0,0.2507079120259732,0.2052938148456936,3416064.0,-0.06719020280676584,-0.0646955866133794
3428352.0,-0.5732675629357497,-0.6158149446671208,3428352.0,0.5359677043743432,0.4907492919825017,3428352.0,0.3254920392452429,0.21983372358760483,3428352.0,-0.05646952003007755,-0.0635224610780521
3440640.0,-0.5554175727690259,-0.6060051661916077,3440640.0,0.5739056845195591,0.49152075028978287,3440640.0,0.365002204819272,0.23360904913085206,3440640.0,-0.06693072329896192,-0.06452552982761214
3452928.0,-0.550099128857255,-0.5955296280172965,3452928.0,0.4910680428147316,0.4827423606843998,3452928.0,0.31737760454416275,0.24681381391516574,3452928.0,-0.06681703003899504,-0.065040596970357
3465216.0,-0.547096231020987,-0.585684625711292,3465216.0,0.49437279331808287,0.4827058063043902,3465216.0,0.3199556617376705,0.25839692893593263,3465216.0,-0.06667832118303825,-0.0649198278823557
3477504.0,-0.5519185836116473,-0.5777159474479656,3477504.0,0.5086631410134336,0.4870003711121777,3477504.0,0.33920233851919573,0.2723095663978408,3477504.0,-0.06662859973342468,-0.06480661664778989
3489792.0,-0.5463284042974313,-0.5703521305384734,3489792.0,0.4724211385473609,0.48698383889471486,3489792.0,0.3476131558418274,0.28805129587805517,3489792.0,-0.05497685781059166,-0.06354069239459932
3502080.0,-0.5440990754092733,-0.5633328143817683,3502080.0,0.5053808175337812,0.4907004748626302,3502080.0,0.29278039482111734,0.29739628111322725,3502080.0,-0.06638519768603146,-0.06468089432649625
3514368.0,-0.5487641117845973,-0.5588619253598154,3514368.0,0.5464204121381044,0.5015965692388514,3514368.0,0.4452159474603832,0.3242419015693789,3514368.0,-0.06631655571982265,-0.06457051832500535
3526656.0,-0.5446498806898793,-0.5539935445723433,3526656.0,0.41291242154936,0.5020521343530466,3526656.0,0.36255184343705577,0.33658991024519,3526656.0,-0.05475333775393665,-0.06331463460616457
3538944.0,-0.5529549652710557,-0.5514595516646901,3538944.0,0.5843894427331785,0.5125501598541936,3538944.0,0.40315317595377564,0.3518344366379703,3538944.0,-0.06377929196848224,-0.06297354352233621
3551232.0,-0.5613999577860037,-0.5502727911497156,3551232.0,0.44821309112012386,0.5037746985287717,3551232.0,0.40686111990362406,0.3599713447038084,3551232.0,-0.06601778033655137,-0.06392836955298359
3563520.0,-0.559289701593419,-0.550660004032155,3563520.0,0.38153278284395736,0.4845374083612115,3563520.0,0.43695040699094534,0.36716616492097576,3563520.0,-0.06590306483364354,-0.06382560370645175
3575808.0,-0.5563784095769128,-0.5512879321041206,3575808.0,0.35853933294614154,0.4712845373743524,3575808.0,0.39053874105835956,0.37448227857239547,3575808.0,-0.053174652760693185,-0.06246136597862158
3588096.0,-0.5616076905280352,-0.5527390780548255,3588096.0,0.4301895516303678,0.46486621320558086,3588096.0,0.4618850704282522,0.3886752194414536,3588096.0,-0.06472496218824138,-0.06226603007914189
3600384.0,-0.5646646802003185,-0.5540136877136926,3600384.0,0.4537704698741436,0.4593769460916519,3600384.0,0.5482597691006958,0.40958096249960363,3600384.0,-0.06560919639499237,-0.062164089745298655
3612672.0,-0.5665465208391348,-0.556035499367863,3612672.0,0.4653494756979247,0.45866977980670826,3612672.0,0.5739212337260445,0.4322117702880253,3612672.0,-0.065496848236459,-0.06321608878788539
3624960.0,-0.5690651626015703,-0.5585321080870926,3624960.0,0.4742314742567639,0.4555548454790066,3624960.0,0.6263508228585124,0.4655688130917649,3624960.0,-0.06538028308811288,-0.06311559732809352
3637248.0,-0.573576821324726,-0.5610133790411055,3637248.0,0.41249434168760973,0.4421622384339571,3637248.0,0.5430644446363052,0.47535366280935704,3637248.0,-0.05446596313655997,-0.06193053806976725
3649536.0,-0.5851824516430497,-0.5650666361364225,3649536.0,0.39555044611915946,0.440426040890937,3649536.0,0.6015574168413877,0.4992542201497902,3649536.0,-0.06517295981757343,-0.06297250027613094
3661824.0,-0.5758640166992942,-0.5673575412792464,3661824.0,0.39328784743944806,0.42131588136156406,3661824.0,0.6777363807583848,0.5267125406302513,3661824.0,-0.06507912941742688,-0.0631024840210254
3674112.0,-0.5757834371179342,-0.5687958892124395,3674112.0,0.40233037201687694,0.41672760945123927,3674112.0,0.677793486819913,0.5538057773218801,3674112.0,-0.06497996242251247,-0.0629987022296215
3686400.0,-0.5809333159898719,-0.5709602506520848,3686400.0,0.388876636667798,0.41746199483362345,3686400.0,0.58931850688532,0.5690425873113175,3686400.0,-0.05300530760238568,-0.06170892650649572
3698688.0,-0.5775717174013456,-0.573079581434528,3698688.0,0.5351555592690905,0.4351236174659182,3698688.0,0.6305750943720341,0.593046222642685,3698688.0,-0.06479423275838296,-0.06287088450626468
3710976.0,-0.5862220445026954,-0.575541016831994,3710976.0,0.3793656079409023,0.4300412230969718,3710976.0,0.5899362762769064,0.6058513432275504,3710976.0,-0.06469406812296559,-0.06286779509973713
3723264.0,-0.582205749116838,-0.577295123723646,3723264.0,0.33539078462248045,0.4182032545718054,3723264.0,0.44571665627881885,0.5955970319453627,3723264.0,-0.061708277983901404,-0.06247770325862804
3735552.0,-0.5865796819950143,-0.5792984398392339,3735552.0,0.3721398326257865,0.40888229026459155,3735552.0,0.49333146804322797,0.587538055377081,3735552.0,-0.06342041178140789,-0.062270059613122916
3747840.0,-0.5985920665164789,-0.5822511302307248,3747840.0,0.3593158198830982,0.397390724827225,3747840.0,0.5168851688504219,0.576591489976272,3747840.0,-0.06437775523712237,-0.062169806828023866
3760128.0,-0.5952629266927639,-0.5844197407675286,3760128.0,0.3131113755516708,0.38745242821363113,3760128.0,0.42799639981240034,0.5650846854938816,3760128.0,-0.061918734572827816,-0.06291508397165066
3772416.0,-0.594997262271742,-0.5854012218303979,3772416.0,0.27363284040863317,0.3752606676425784,3772416.0,0.4449391959545513,0.5494228634051979,3772416.0,-0.0640183159460624,-0.06279961958449956
3784704.0,-0.6067457497119904,-0.5884893951316674,3784704.0,0.2998834098689258,0.36592022388552625,3784704.0,0.46366396313533187,0.5280156216428925,3784704.0,-0.053728841458602496,-0.0616645907886171
3796992.0,-0.5986938293402394,-0.5907804343538979,3796992.0,0.3062735376879573,0.3563145404526343,3796992.0,0.4458022660886248,0.5048164995697637,3796992.0,-0.05229130897593374,-0.06039572544395923
3809280.0,-0.6022010510787368,-0.5929072078627844,3809280.0,0.2855396800053616,0.3459808447863907,3809280.0,0.4532993783553441,0.4912145867167661,3809280.0,-0.063924350310117,-0.06148762971473237
3821568.0,-0.6124649277577797,-0.5963965288984279,3821568.0,0.269662089801083,0.3194314978395899,3821568.0,0.46569358091801405,0.47472643537136416,3821568.0,-0.05336977211603274,-0.06034518365049735
3833856.0,-0.6193955879037579,-0.599713883238534,3833856.0,0.2681240625679493,0.3083073433022946,3833856.0,0.41046855070938665,0.45677966281461213,3833856.0,-0.06373605442543824,-0.06024938228074461
3846144.0,-0.6223966448257366,-0.603732972809424,3846144.0,0.2763303209406634,0.30240129693411294,3846144.0,0.39568133853996795,0.45177613104072706,3846144.0,-0.06366820924449712,-0.06044537540680418
3858432.0,-0.6226573313275973,-0.6073407377426824,3858432.0,0.24558238374690214,0.2897455520462245,3858432.0,0.40746165268744033,0.44318914950514837,3858432.0,-0.050707138570336006,-0.059174048085697
3870720.0,-0.6306661178047458,-0.6105481428715092,3870720.0,0.23259736923500896,0.27707370698141554,3870720.0,0.39496244428058463,0.4309968770481646,3870720.0,-0.06350526423193514,-0.05908679898517827
3883008.0,-0.6280876494323214,-0.6138306151454647,3883008.0,0.27734722134967643,0.27349729156121616,3883008.0,0.43682802918677527,0.4318800399856021,3883008.0,-0.06279808767916013,-0.05917473429581151
3895296.0,-0.6449404647573829,-0.6188249353940287,3895296.0,0.23048813051233688,0.2691828205715865,3895296.0,0.41948075871914625,0.4293341962620616,3895296.0,-0.0604698354145512,-0.058819886242660394
3907584.0,-0.6394043021524946,-0.6220907906380793,3907584.0,0.22995483487223586,0.26218996307191744,3907584.0,0.44708389649167657,0.42767618959769604,3907584.0,-0.06316435798847427,-0.059763437895647566
3919872.0,-0.6387099446728826,-0.6260924021713437,3919872.0,0.2633295866350333,0.2578955679666251,3919872.0,0.35948747691387933,0.4190447106802215,3919872.0,-0.05976761772762984,-0.060511068770817175
3932160.0,-0.6512585934251547,-0.6309981564059853,3932160.0,0.23467571381479502,0.2528091713475684,3932160.0,0.5561101945737997,0.429325792302067,3932160.0,-0.06302450314008941,-0.06042108405381441
3944448.0,-0.657481844847401,-0.6354998481149474,3944448.0,0.2255007040221244,0.24839303276967256,3944448.0,0.4281428741912047,0.42557072162938614,3944448.0,-0.06292854125301044,-0.061376960967512176
3956736.0,-0.66290899955978,-0.6398511892805496,3956736.0,0.23519685313416025,0.2451003118262937,3956736.0,0.42906064447015524,0.427429931005463,3956736.0,-0.062181442704362176,-0.061221499795404574
3969024.0,-0.6590111432597041,-0.6435126391239464,3969024.0,0.30449442146345973,0.2479167218785733,3969024.0,0.4642736624615888,0.4342891633976251,3969024.0,-0.04965542759358262,-0.05982022163031313
3981312.0,-0.6628188717489442,-0.6475287931660811,3981312.0,0.2859185241783659,0.2519503359217196,3981312.0,0.4352808087132871,0.43707107900020975,3981312.0,-0.06267162928512941,-0.06101667070179245
3993600.0,-0.6596401318286856,-0.6504261945684751,3993600.0,0.2895633809578915,0.25764693709400793,3993600.0,0.43633695505559444,0.44120853007771077,3993600.0,-0.06257523483751963,-0.060923667762350905
4005888.0,-0.6527881870667139,-0.6528962483319143,4005888.0,0.3380878600291908,0.2637210009619594,4005888.0,0.41751320209975046,0.4392770473690083,4005888.0,-0.0593216836762925,-0.06057602736206415
4018176.0,-0.6554466259355346,-0.6539468644497296,4018176.0,0.3421559282578528,0.274887780736511,4018176.0,0.3738224976696074,0.4347112212640544,4018176.0,-0.062383336713537574,-0.06076737749196278
4030464.0,-0.655951497455438,-0.6556015839800239,4030464.0,0.30336858207980794,0.2822291554572681,4030464.0,0.40048657621567446,0.4300514892364542,4030464.0,-0.06230252612537394,-0.06068119430565274
4042752.0,-0.6675942912697792,-0.6584900186397136,4042752.0,0.28706025301168364,0.2846022220949332,4042752.0,0.4908304714287321,0.44318578868793945,4042752.0,-0.06220741100454082,-0.060925173633343856
4055040.0,-0.6884991104404131,-0.6622140703412394,4055040.0,0.3113130310860773,0.29226595382206144,4055040.0,0.49416853363315266,0.43699162259387475,4055040.0,-0.06188814955142637,-0.06081153827447755
4067328.0,-0.6982036400586367,-0.666286249862363,4067328.0,0.3034968020704885,0.3000655636268979,4067328.0,0.49813321698457,0.44399065687321126,4067328.0,-0.05188986466964707,-0.05970767061614122
4079616.0,-0.705559678375721,-0.670551317743957,4079616.0,0.3268351893251141,0.3092293972459933,4079616.0,0.43170130873719853,0.4442547232999156,4079616.0,-0.0617944139521569,-0.059668967740920675
4091904.0,-0.7179306658605734,-0.676443270004044,4091904.0,0.29691781879713136,0.3084717369793604,4091904.0,0.44023336640869576,0.44185069369462626,4091904.0,-0.04955636900073538,-0.05965906188163596
4104192.0,-0.7140399729833007,-0.6815653801274796,4104192.0,0.2740759688119094,0.3072874814427147,4104192.0,0.49794186543052393,0.44811679936635,4104192.0,-0.06179753477529933,-0.059571652430652954
4116480.0,-0.7213828408469757,-0.6877396510293086,4116480.0,0.2639396139420569,0.3047251047411313,4116480.0,0.3865838471489648,0.4431414885756871,4116480.0,-0.061713915512276195,-0.05948552049812862
4128768.0,-0.7088769456992546,-0.6933485268925627,4128768.0,0.2546894478922089,0.29638526352743305,4128768.0,0.4016685715566079,0.4415570255213728,4128768.0,-0.06162166129797697,-0.05971551826029705
4141056.0,-0.7264211121946573,-0.700445975518475,4141056.0,0.24706081223363677,0.28687575192501147,4141056.0,0.43219991276661557,0.44739476703107367,4141056.0,-0.06152975318642954,-0.059630159907586244
4153344.0,-0.723721155586342,-0.7072229413315654,4153344.0,0.28500226652249694,0.28503912036928036,4153344.0,0.3815497080795467,0.4455010802174608,4153344.0,-0.04942900404178848,-0.05834280769922771
4165632.0,-0.7245781688640515,-0.7129213290909926,4165632.0,0.2505458545250197,0.281387680520614,4165632.0,0.4044057537491123,0.43685860844949886,4165632.0,-0.061336225170331694,-0.05825568911580679
4177920.0,-0.7235616346200308,-0.7164275815089544,4177920.0,0.282087257442375,0.2784651031562438,4177920.0,0.38278001189852756,0.4257197562760363,4177920.0,-0.061291707679629326,-0.05819604492862709
4190208.0,-0.7106709523747364,-0.7176743127405644,4190208.0,0.30429233703762293,0.27854465665295725,4190208.0,0.34549823698277277,0.4104562582758565,4190208.0,-0.054454841961463295,-0.05845254265780871
4202496.0,-0.7054295400157571,-0.717661298904568,4202496.0,0.3358293667746087,0.27944407439790664,4202496.0,0.4326013824902475,0.4105462656511614,4202496.0,-0.06087057859015962,-0.05836015912160899
4214784.0,-0.7162512910241882,-0.7174933614209295,4214784.0,0.37230630886430544,0.28698292340462406,4214784.0,0.35636180235693854,0.40215910924598575,4214784.0,-0.061042734188959,-0.05950879564043134
4227072.0,-0.7011098926886916,-0.7162003533914685,4227072.0,0.30178079614415765,0.2897534061378489,4227072.0,0.37720653383682173,0.3900855760866155,4227072.0,-0.06095358938910067,-0.05942440110181148
4239360.0,-0.6989115867763758,-0.7139532279844085,4239360.0,0.3483275882899761,0.2981922035726408,4239360.0,0.35692220895240706,0.38711941226695973,4239360.0,-0.04823402474479129,-0.058076412025062994
4251648.0,-0.6863211281597614,-0.7116976462304592,4251648.0,0.3069497970864177,0.3034182384920617,4251648.0,0.3395052117606004,0.380903076287359,4251648.0,-0.060372952527056135,-0.05795154114797091
4263936.0,-0.6808786801993847,-0.7071434030309319,4263936.0,0.3061564341187477,0.30932780068057275,4263936.0,0.3540404819262524,0.3730871332033227,4263936.0,-0.060723883216269314,-0.057870954150954876
4276224.0,-0.6385030585030714,-0.6986215933226049,4276224.0,0.3308962268444399,0.3139171967127671,4276224.0,0.32931360059107345,0.3678635224544754,4276224.0,-0.059608442320798836,-0.058888897978855916
4288512.0,-0.6473897102599343,-0.6909027474621932,4288512.0,0.31451001204550266,0.3203136124648153,4288512.0,0.34162642154842615,0.36158558923440676,4288512.0,-0.04946826689410955,-0.057702102151233704
4300800.0,-0.5810227496549487,-0.6766488589656849,4300800.0,0.330886361344407,0.32519352285501857,4300800.0,0.3316450184211135,0.35647208988666534,4300800.0,-0.06047305779065937,-0.057620237162336704
4313088.0,-0.5820055082440376,-0.663782314552615,4313088.0,0.4354198385650913,0.3383062730077654,4313088.0,0.3651236672885716,0.35843463291724525,4313088.0,-0.06041232403367758,-0.058215985369558146
4325376.0,-0.49744979416330654,-0.6429843399673699,4325376.0,0.4327435325831175,0.34799768958861627,4325376.0,0.33593384036794305,0.3487678787050148,4325376.0,-0.05598243174608797,-0.05772717068515097
4337664.0,-0.43420460789153975,-0.6147796716541052,4337664.0,0.4849972374116381,0.3592667824433496,4337664.0,0.35223249858245254,0.3483549483275662,4337664.0,-0.04804618093961229,-0.056427515360216306
4349952.0,-0.3529850554962953,-0.5799671879348656,4349952.0,0.4283484034240246,0.37192354317133625,4349952.0,0.34042060980573297,0.34467635592445733,4349952.0,-0.06018398061860353,-0.056350554483166594
4362240.0,-0.3739160302405556,-0.5474676322812835,4362240.0,0.43315170782928664,0.3804059551252673,4362240.0,0.3402730456242959,0.3430114395916462,4362240.0,-0.05609837869027009,-0.05713698987771447
4374528.0,-0.346437926714619,-0.5134793121367692,4374528.0,0.39629439000661176,0.38934041441728673,4374528.0,0.3544576877417664,0.34450668718976274,4374528.0,-0.06003035352720568,-0.057102729977729416
4386816.0,-0.3563562004516522,-0.481027064161996,4386816.0,0.3987398059107363,0.39859875159648556,4386816.0,0.3314065122976899,0.3422432902269065,4386816.0,-0.046896720285682626,-0.05572001368467074
4399104.0,-0.2437753394866983,-0.44155429226035875,4399104.0,0.505127631748716,0.41602189208691326,4399104.0,0.32006447420765954,0.3413183775885652,4399104.0,-0.0598975665634498,-0.05574892610893585
4411392.0,-0.349143804050982,-0.4117297016394635,4411392.0,0.5299639731335143,0.43756728819571433,4411392.0,0.30654077185317874,0.3378098126190404,4411392.0,-0.059826890705153346,-0.056784788490040226
4423680.0,-0.435023285758992,-0.3971297552498678,4423680.0,0.43919630783299607,0.4483982828445733,4423680.0,0.3447636904505392,0.339121679821983,4423680.0,-0.04714374663308263,-0.05545185737428256
4435968.0,-0.567620045815905,-0.39569120900705457,4435968.0,0.5479895792280635,0.4596552569108704,4435968.0,0.37624321955566603,0.3402336350486925,4435968.0,-0.059649423812516034,-0.0553755673521664
4448256.0,-0.4428952370459835,-0.39023575329532223,4448256.0,0.5073762312531471,0.46711852677787336,4448256.0,0.34099386259913445,0.34073963727181156,4448256.0,-0.05281041182267169,-0.055058365359824765
4460544.0,-0.30996565738071996,-0.3778118582442403,4460544.0,0.46064999606460333,0.46468380264316994,4460544.0,0.3175603107859691,0.3372724184921633,4460544.0,-0.05953471870937695,-0.05620721913680125
4472832.0,-0.5517736695085963,-0.39769071964547037,4472832.0,0.5324451088284453,0.47509347318361206,4472832.0,0.34878796820218366,0.33810915433180827,4472832.0,-0.05946649389807135,-0.05613547046474802
4485120.0,-0.42604796060671407,-0.40290391268208625,4485120.0,0.4914667174840967,0.480924974149093,4485120.0,0.33814918467154104,0.3378967682365328,4485120.0,-0.048457711682810135,-0.055371403764002014
4497408.0,-0.3207014712194602,-0.4003302671325703,4497408.0,0.515338773218294,0.4928294124702613,4497408.0,0.3124283010450502,0.3336938295668612,4497408.0,-0.059331222476127245,-0.055301490658894184
4509696.0,-0.342346611743172,-0.39892930826172235,4509696.0,0.4512538028260072,0.49808081216178823,4509696.0,0.3148184417126079,0.332035022508353,4509696.0,-0.05925163653834412,-0.05653698228416032
4521984.0,-0.11048800063629945,-0.3856005743766825,4521984.0,0.4867597691093882,0.4962440258978555,4521984.0,0.3409150483397146,0.3341200799215585,4521984.0,-0.056515188965325557,-0.05619874452434791
4534272.0,-0.006626582083602746,-0.35134885217994455,4534272.0,0.4684753711335361,0.4900951656978577,4534272.0,0.3414210088861485,0.3376081036248555,4534272.0,-0.046414337353780866,-0.05485748918921066
4546560.0,-0.06533029178778331,-0.3143795527828236,4546560.0,0.46986202740420896,0.49316173765497906,4546560.0,0.30614223005250096,0.33374595758505166,4546560.0,-0.05901974478426079,-0.05604508900432846
4558848.0,-0.19199899149437746,-0.27681744735067093,4558848.0,0.45425495970994234,0.4837882757031669,4558848.0,0.29691315970073145,0.32581295159955814,4558848.0,-0.05897145054768771,-0.05597729167784564
4571136.0,-0.15800220426172018,-0.2483281440722446,4571136.0,0.40843251316497725,0.47389390389435004,4571136.0,0.3063892762487133,0.32235249296451607,4571136.0,-0.05889191633711258,-0.05658544212928973
4583424.0,-0.19715110678225756,-0.23704668901239834,4583424.0,0.4049453684128821,0.4683234411291778,4583424.0,0.33202372258529067,0.32379883414444827,4583424.0,-0.048520488412274666,-0.05548401909957949
4595712.0,-0.13326674358298382,-0.19519599641983706,4595712.0,0.40958507312461734,0.45603743755879494,4595712.0,0.3054112914639215,0.319461166470622,4595712.0,-0.058752687803159155,-0.05541263849008828
4608000.0,-0.2934037133430441,-0.18193157169347005,4608000.0,0.391431986199071,0.4460339644302924,4608000.0,0.2932703426728646,0.31497328227075433,4608000.0,-0.04701743300150459,-0.05526861062195774
4620288.0,-0.29892919429888326,-0.17975434400141238,4620288.0,0.4033011252370973,0.43483019963217284,4620288.0,0.3332122820429504,0.31705168037054443,4620288.0,-0.05820742222325256,-0.055156230596670255
4632576.0,-0.05805072064201037,-0.1513247548912962,4632576.0,0.5349556344250838,0.44320038279208046,4632576.0,0.29770511326690513,0.3153403475259741,4632576.0,-0.05781514403255036,-0.05501258134609088
4644864.0,-0.2953647365793586,-0.16981242848560216,4644864.0,0.46228489791974425,0.44075289567311604,4644864.0,0.3243803277922173,0.3136868754712244,4644864.0,-0.05847874873628219,-0.05520893732318655
4657152.0,-0.43488954069713753,-0.21263872434695558,4657152.0,0.4480351222058137,0.43870887078034376,4657152.0,0.2878371039405465,0.3083284849766642,4657152.0,-0.05840458639431745,-0.056407962227240205
4669440.0,-0.08706100067744653,-0.21481179523592192,4669440.0,0.3961877766996622,0.4313414457098892,4669440.0,0.28147459030151367,0.30586172100156545,4669440.0,-0.05832731886766851,-0.05633871963558098
4681728.0,-0.11341631567726533,-0.20695352765421077,4681728.0,0.49527325651918847,0.4354432753908137,4681728.0,0.27853379941855866,0.30402378497334814,4681728.0,-0.04569840520465126,-0.05501141510127733
4694016.0,-0.08703598907838266,-0.19985690613587698,4694016.0,0.4959527631290257,0.4441953003872186,4694016.0,0.27798736607655883,0.30118359395613276,4694016.0,-0.05819609221847107,-0.05494183268941318
4706304.0,-0.194144151173532,-0.19955621057500444,4706304.0,0.4362212661653757,0.44732289016246796,4706304.0,0.2793614117739101,0.29591736287499465,4706304.0,-0.04629429835282887,-0.054719213683468604
4718592.0,0.0069803933923443156,-0.1855314968774716,4718592.0,0.5011257389560342,0.4564769567456096,4718592.0,0.27165295199180645,0.2925415289277832,4718592.0,-0.05802458159935971,-0.054646403063088655
4730880.0,-0.04367425354818503,-0.1605585508979857,4730880.0,0.4590250685190161,0.46323626497760406,4730880.0,0.2737149478246768,0.2905859894429644,4730880.0,-0.058009211478444435,-0.05574558091078265
4743168.0,-0.3823772793014844,-0.1689033593982458,4743168.0,0.4209435489028692,0.4650005073441813,4743168.0,0.2710256854382654,0.2843673297824959,4743168.0,-0.05793390058291455,-0.055718228746748845
4755456.0,0.06625804211944342,-0.15647248312210044,4755456.0,0.395368301620086,0.4510417740636815,4755456.0,0.3147881757467985,0.28607563603048525,4755456.0,-0.05785864040565988,-0.05572257838405979
4767744.0,-0.24413521339495978,-0.15134953080366056,4767744.0,0.3797507720688979,0.4427883614785969,4767744.0,0.2782297519346078,0.2814605784447243,4767744.0,-0.057783671150294445,-0.05565307062546102
4780032.0,-0.2604810219878952,-0.13390867893273634,4780032.0,0.3918002081724505,0.43716487007526056,4780032.0,0.2688040911840896,0.2795572771690786,4780032.0,-0.04477536792789275,-0.05429014877881855
4792320.0,-0.26394223142415285,-0.15159680200740694,4792320.0,0.4037342988885939,0.43791952229415376,4792320.0,0.2665820613813897,0.2780680242770662,4792320.0,-0.05104614305309951,-0.05356203119736165
4804608.0,-0.0379665099705259,-0.144051821436733,4804608.0,0.41300747465963167,0.42969294410819814,4804608.0,0.26088476832956076,0.2763031211681664,4804608.0,-0.05713795758007715,-0.05470598643490424
4816896.0,-0.132772924999396,-0.14862551502883437,4816896.0,0.4667991306632757,0.42677758086162304,4816896.0,0.2727541426817576,0.27577979882868625,4816896.0,-0.053936858234616615,-0.05428006303651879
4829184.0,-0.3995440900325775,-0.16916550891473892,4829184.0,0.4018200524151325,0.42333745948659873,4829184.0,0.265622497536242,0.27440590740491944,4829184.0,-0.0574733642473196,-0.055397969625967866
4841472.0,-0.3661182373762131,-0.20647537199159466,4841472.0,0.48605826279769343,0.42183071187076476,4841472.0,0.2678383393213153,0.27402444613787036,4841472.0,-0.05740017913437138,-0.05533552937946903
4853760.0,-0.12120911044379075,-0.2142288576811552,4853760.0,0.46265384430686635,0.42219358944954966,4853760.0,0.26053271427129704,0.27270622278253237,4853760.0,-0.057327229452009,-0.055267331176825495
4866048.0,0.02824458573013544,-0.17316667117799323,4866048.0,0.3969102369931837,0.4197902582585812,4866048.0,0.2948141791857779,0.2750850721572836,4866048.0,-0.054561679561932884,-0.05493010907472732
4878336.0,-0.370784484470884,-0.21687092383702597,4878336.0,0.3965754715415339,0.419910975250726,4878336.0,0.2637065858580172,0.26997691316840544,4878336.0,-0.051880402490496635,-0.05433228528321099
4890624.0,-0.21888266876339912,-0.2143456693738699,4890624.0,0.3866761081541578,0.4206035088592519,4890624.0,0.2562937076824407,0.2677833087431888,4890624.0,-0.04303929052548483,-0.05285784722073004
4902912.0,-0.29467258354028064,-0.21776482552910842,4902912.0,0.36880126719673473,0.4183036147616804,4902912.0,0.2512518377043307,0.26602808339521283,4902912.0,-0.05708357606393596,-0.05408866803433436
4915200.0,-0.259627887668709,-0.21733339115356407,4915200.0,0.3553734407760203,0.413467528950423,4915200.0,0.25991709359611076,0.265361586616685,4915200.0,-0.050942924610959985,-0.0540783461901204
4927488.0,-0.16595561833431324,-0.23013230198994278,4927488.0,0.3591359454828004,0.4080803760327399,4927488.0,0.25704359728842974,0.2649774695125719,4927488.0,-0.05695883398099492,-0.05406043383021218
4939776.0,-0.12347284549226363,-0.2292022940392296,4939776.0,0.35988210514187813,0.3973886734806001,4939776.0,0.28750979000081617,0.2664530342444778,4939776.0,-0.05689399433322251,-0.05435614744007278
4952064.0,-0.31205312597254914,-0.22045319763322668,4952064.0,0.35063936064640683,0.3922706043037275,4952064.0,0.2551461906793217,0.2654054035587857,4952064.0,-0.05682303674984723,-0.054291114690325534
4964352.0,-0.2588031680012743,-0.20972169069573288,4964352.0,0.3923769445779423,0.3829024724817524,4964352.0,0.24945092123622695,0.2635666617502769,4964352.0,-0.04267195025264906,-0.05281829180215329
4976640.0,-0.42178410726288956,-0.23977919037764273,4976640.0,0.3437535635506113,0.37101244440612696,4976640.0,0.2541812175574402,0.2629315120788912,4976640.0,-0.05513202480506152,-0.052598771337458564
4988928.0,-0.18299519550055265,-0.26090316850071155,4988928.0,0.33758178850015,0.36507959955682356,4988928.0,0.2435812458085517,0.25780821874116855,4988928.0,-0.05663472002682587,-0.05280607538394785
5001216.0,0.0017937356606125832,-0.2236453464875619,5001216.0,0.3815431371331215,0.3635763661159824,5001216.0,0.28881529656549293,0.2603190898119162,5001216.0,-0.05657697802719971,-0.053275732937618156
5013504.0,-0.10217365218947332,-0.2119744448301693,5013504.0,0.3816527283440034,0.36307402813496686,5013504.0,0.2586193382740021,0.26055165287107235,5013504.0,-0.05457756016403437,-0.054429559901473114
5025792.0,-0.20482289542754492,-0.20298947601889572,5025792.0,0.43551043964301545,0.369744945379595,5025792.0,0.2550542935108145,0.2609318984517207,5025792.0,-0.05644102856361618,-0.05436530515144113
5038080.0,-0.12376421721031268,-0.18940310897305607,5038080.0,0.430994001061966,0.37730700140818957,5038080.0,0.24664165390034518,0.25960435448214414,5038080.0,-0.05637677328195423,-0.054908690018540554
5050368.0,-0.2592436820268631,-0.19873191534231108,5050368.0,0.36033449166764814,0.37742685602667436,5050368.0,0.24382497277110815,0.258282492030412,5050368.0,-0.055475966966090105,-0.05476040331705008
5062656.0,-0.17712976348896822,-0.20409760714198155,5062656.0,0.3653012813689808,0.3779687736493846,5062656.0,0.25071727236111957,0.2546032402664423,5062656.0,-0.042532396056534104,-0.05332424348938124
5074944.0,-0.08581180746356647,-0.18147347529108324,5074944.0,0.36697926263635355,0.37960276384837927,5074944.0,0.23960048084457716,0.2530486692829679,5074944.0,-0.053710847084100045,-0.05301302452280652
5087232.0,-0.3234267458319664,-0.1879358330741525,5087232.0,0.38097717038666207,0.37846278642925124,5087232.0,0.27237363609795767,0.25534094076914093,5087232.0,-0.056143818655982614,-0.05436021136313988
5099520.0,-0.1889763424793879,-0.16465505659580232,5099520.0,0.3400858788130184,0.37809601795549197,5099520.0,0.2459263619966805,0.25451545521306496,5099520.0,-0.0426728255309475,-0.053114291435728475
5111808.0,-0.014397927870353064,-0.14779532983278237,5111808.0,0.3321218060639997,0.37755001971187696,5111808.0,0.24189663709451756,0.2543469943416615,5111808.0,-0.05601401060509185,-0.05305222049355507
5124096.0,-0.22200931794941425,-0.17017563519378504,5124096.0,0.36684933335830766,0.3760806393343955,5124096.0,0.23536074937631687,0.24900153962274393,5124096.0,-0.05597255495376885,-0.052991778186211994
5136384.0,-0.32975664859016734,-0.19293393483385443,5136384.0,0.3894682968966663,0.3768621961896618,5136384.0,0.2508562399695317,0.2482252297922969,5136384.0,-0.05590272101107985,-0.05312429427091653
5148672.0,-0.1470976611599326,-0.1871614114070932,5148672.0,0.4096649968996644,0.3742776519153267,5148672.0,0.27378392095367116,0.2500981925365825,5148672.0,-0.04657058163623636,-0.05213724957817856
5160960.0,-0.08174298952023189,-0.18295928863808514,5160960.0,0.39849357726052403,0.3710276095351825,5160960.0,0.24345452540243664,0.24977947968679168,5160960.0,-0.04969091294333339,-0.051468663544316465
5173248.0,-0.11713340350737174,-0.16874826078613597,5173248.0,0.43171745523189503,0.3781659058916072,5173248.0,0.23928095834950605,0.24932507824463146,5173248.0,-0.05573855658682684,-0.05149492250639014
5185536.0,-0.15210040068874756,-0.16624532450611393,5185536.0,0.4080952544075747,0.3824453031954666,5185536.0,0.2706733782154818,0.25132068883006775,5185536.0,-0.055673613639858864,-0.05280904426472262
5197824.0,-0.043677525905271374,-0.16203189635028442,5197824.0,0.3940264565559725,0.3851500225874285,5197824.0,0.2449241296077768,0.2518530537063877,5197824.0,-0.04168084644091626,-0.05160604420040423
5210112.0,-0.031110430136322975,-0.13280026478072007,5210112.0,0.35037462242568534,0.38208976779133075,5210112.0,0.23432872723788023,0.24804856282037996,5210112.0,-0.055553644856748484,-0.051547026820480825
5222400.0,-0.20713339683910212,-0.13461597021669147,5222400.0,0.34777969975645345,0.38285914988567427,5222400.0,0.22886682084451118,0.24634260870516295,5222400.0,-0.055510038315939404,-0.05283074809898001
5234688.0,-0.14447495030860105,-0.1476236724605163,5234688.0,0.3894390390875439,0.38859087318802865,5234688.0,0.22942075955991945,0.24509502095170319,5234688.0,-0.041366777363388486,-0.051366024774809685
5246976.0,-0.05660416713605324,-0.1310831573791802,5246976.0,0.4194786778340737,0.39385380763560535,5246976.0,0.22876710180814067,0.24443565619488558,5246976.0,-0.05008150489690403,-0.0507769197691232
5259264.0,-0.013940884421269098,-0.09950158096229036,5259264.0,0.38528096256777644,0.3934350742027163,5259264.0,0.23274160316213965,0.24262419251414635,5259264.0,-0.05534433100062112,-0.05072108076807733
5271552.0,-0.24164113216102123,-0.10895592806239922,5271552.0,0.3398425110305349,0.3864528256158034,5271552.0,0.23427352774888277,0.23867315319366753,5271552.0,-0.055294816731475294,-0.05159350427760121
5283840.0,-0.14621953604122004,-0.11540358271449805,5283840.0,0.3236158946529031,0.37896505735504127,5283840.0,0.2369695307376484,0.23802465372718867,5283840.0,-0.047233220927106835,-0.05134773507597856
5296128.0,-0.14898786693811417,-0.11858902905757229,5296128.0,0.3955212663859129,0.3753454384704431,5296128.0,0.29654202222203213,0.2437507601144413,5296128.0,-0.05513895916131636,-0.05128777533342752
5308416.0,-0.08221367870767911,-0.11160035685946543,5308416.0,0.33768546224261325,0.36830445925394695,5308416.0,0.24066552550842366,0.24074997484373553,5308416.0,-0.05512018800557902,-0.051232432769999524
5320704.0,-0.16516586020588875,-0.12374919028952718,5320704.0,0.3273235171412428,0.361634165312474,5320704.0,0.2333062036583821,0.23958818224879602,5320704.0,-0.05505075608380139,-0.05256942373428804
5332992.0,-0.2252739674101273,-0.14316554401690762,5332992.0,0.31529219044993323,0.3581259221148988,5332992.0,0.24617336333418885,0.24077264585842686,5332992.0,-0.04122209959314205,-0.051136269207927396
5345280.0,0.026615837588906288,-0.11979062057410679,5345280.0,0.3261993781973918,0.3559678899589926,5345280.0,0.2319678730952243,0.24108275108349816,5345280.0,-0.054946044770379864,-0.05107986985337145
5357568.0,-0.1582777537405491,-0.12117090091730158,5357568.0,0.31357713711137575,0.3483816997613758,5357568.0,0.2361413585022092,0.24175481097772716,5357568.0,-0.054897205089218915,-0.05243291262595449
5369856.0,-0.01659972220659256,-0.1171704564243555,5369856.0,0.3484244477003813,0.34127627674800654,5369856.0,0.25882776780053973,0.24476087757696705,5369856.0,-0.04376117407809943,-0.05180087954407403
5382144.0,-0.14038516270617643,-0.12981488425284626,5382144.0,0.361699727208664,0.33891815321209534,5382144.0,0.2405383981143435,0.24554055707218744,5382144.0,-0.05473964207340032,-0.051740410651351945
5394432.0,-0.0708885823066036,-0.11273962926740448,5394432.0,0.32885887070248526,0.33781978917929034,5394432.0,0.23809378206109008,0.2459225825034082,5394432.0,-0.054733278385053076,-0.051684256816709725
5406720.0,0.1547488852714499,-0.08264278713613747,5406720.0,0.32947024423629045,0.3384052241376291,5406720.0,0.2309190963084499,0.24531753906048834,5406720.0,-0.054671297082677484,-0.052428064432266795
5419008.0,-0.1962384283542633,-0.08736784327775239,5419008.0,0.3393458193168044,0.33278767943071824,5419008.0,0.22936664894223213,0.23860000173250834,5419008.0,-0.04079679408459924,-0.05099384792459508
5431296.0,-0.12370016984641552,-0.09151649239162604,5431296.0,0.3522978957432012,0.334248922780777,5431296.0,0.22621977468952537,0.23715542665061853,5431296.0,-0.05272475664969534,-0.05075430478900671
5443584.0,-0.02532759526123603,-0.07753266589716076,5443584.0,0.35992992545167607,0.33750956361182033,5443584.0,0.22752768686041236,0.23657757497082152,5443584.0,-0.05451998176674048,-0.050701227357300614
5455872.0,-0.03228144161403179,-0.05823341331755122,5455872.0,0.3312832916465898,0.339108673731486,5455872.0,0.23019407285998264,0.2349796459234009,5455872.0,-0.05445654507881651,-0.05202467190586807
5468160.0,0.10040508893628915,-0.05085448818281292,5468160.0,0.32302076183259487,0.33879081209500633,5468160.0,0.2246483190295597,0.23424769051683447,5468160.0,-0.051094799962205194,-0.0516395474250506
5480448.0,-0.2329917283107837,-0.05832588563983639,5480448.0,0.3126495963272949,0.33869805801659825,5480448.0,0.21896182745695114,0.23252973741230867,5480448.0,-0.05424972262699157,-0.05157479917882786
5492736.0,-0.12477564873794715,-0.06914347829297185,5492736.0,0.30713997532924014,0.3345696107794841,5492736.0,0.22584669943898916,0.22923163057615356,5492736.0,-0.05283655587118119,-0.05248233735813603
5505024.0,-0.023821469396352768,-0.057487108961989476,5505024.0,0.312744883975635,0.3296741264561812,5505024.0,0.26322231302037835,0.23150002206675707,5505024.0,-0.03966468714255219,-0.05097484186505123
5517312.0,-0.04177517257630825,-0.05457576798895995,5517312.0,0.3777432424637179,0.33456256363230447,5517312.0,0.23258156593268117,0.2309488004539162,5517312.0,-0.052869702922180295,-0.05078848431876395
5529600.0,-0.21258169878274202,-0.09130882639437914,5529600.0,0.33707555243745446,0.33532309445242087,5529600.0,0.23691011313349009,0.23154790213642024,5529600.0,-0.05413429027733704,-0.050734783638229905
5541888.0,-0.24963463501383862,-0.09664844706033668,5541888.0,0.37421695593123633,0.3388102081138641,5541888.0,0.22618400833259025,0.23122963807545602,5541888.0,-0.054078434982026614,-0.05206294772797264
5554176.0,-0.08563273089627425,-0.09284170316532254,5554176.0,0.3365151211619377,0.33723193065573775,5554176.0,0.2539458059084912,0.23400224119735263,5554176.0,-0.04055159349809401,-0.05084563141281251
5566464.0,-0.01574548954765002,-0.09188349259396393,5566464.0,0.3500350417258839,0.33624244228315847,5566464.0,0.2301673968322575,0.23426621219453714,5566464.0,-0.053972006775438786,-0.050790833913682346
5578752.0,-0.10650110524147749,-0.09930545895670852,5578752.0,0.32896157493814826,0.3360102706123143,5578752.0,0.2344412988362213,0.23469093479216102,5578752.0,-0.053928312729112804,-0.050738010678711976
5591040.0,-0.23170469577113786,-0.13251643742745123,5591040.0,0.35442380063856643,0.33915057449291147,5591040.0,0.2531174011528492,0.23753784300448996,5591040.0,-0.04087358089357925,-0.049715888771849376
5603328.0,-0.008063197446366152,-0.11002358434100945,5603328.0,0.31095511202389997,0.338981126062572,5603328.0,0.2363925644507011,0.23928091670386498,5603328.0,-0.044171608227770776,-0.048708077331927294
5615616.0,-0.05399571359157562,-0.10294559082637231,5615616.0,0.30992626150449115,0.3392597546800971,5615616.0,0.2586442356308301,0.24256067032304904,5615616.0,-0.05379054528505852,-0.04880347627331503
5627904.0,0.0682393688087662,-0.09373950700586041,5627904.0,0.3100866621049742,0.338993932493031,5627904.0,0.2304050389987727,0.2392789429208885,5627904.0,-0.053740900902388,-0.05021109764929861
5640192.0,-0.26128074806183577,-0.11569006455441318,5640192.0,0.29542597724745673,0.33076220597140493,5640192.0,0.2503543854691088,0.24105622487453124,5640192.0,-0.0499362750366951,-0.04991775486075009
5652480.0,-0.08208894015600283,-0.10264078869173925,5652480.0,0.2931042951531708,0.32636508024297656,5652480.0,0.2572097855930527,0.24308619212048752,5652480.0,-0.052200694607260324,-0.04972439529374242
5664768.0,-0.025310044176876545,-0.08020832960804304,5664768.0,0.3220435871432225,0.3211477433641752,5664768.0,0.23380756005644798,0.24384854729287325,5664768.0,-0.05357435982053479,-0.049673987777593236
5677056.0,-0.3332800641655922,-0.10497306293497484,5677056.0,0.2886944729834795,0.31636567854632935,5677056.0,0.26682180585339665,0.2451361472873638,5677056.0,-0.05351780630492916,-0.05097060905827675
5689344.0,0.03338978470613559,-0.10005953550959627,5689344.0,0.29791092593222857,0.3111532669669638,5689344.0,0.22801494489734372,0.24492090209387246,5689344.0,-0.03942008502781391,-0.04951541688351426
5701632.0,-0.23036391039689383,-0.1124458160251379,5701632.0,0.2887109081881742,0.3071282002919664,5701632.0,0.22710570491229495,0.2441873427014798,5701632.0,-0.0493072250780339,-0.04905330811840637
5713920.0,-0.43288293046255905,-0.13256363949428002,5713920.0,0.2809306257404387,0.2997788828021536,5713920.0,0.25208264278868836,0.2440838668650637,5713920.0,-0.05337001480317364,-0.05030295150936581
5726208.0,-0.32269950800885755,-0.16402727055052915,5726208.0,0.3063788174962004,0.2993212533493837,5726208.0,0.23476452426984906,0.24392106284697848,5726208.0,-0.05332565004937351,-0.051218355691526087
5738496.0,-0.23782630854596695,-0.18241033004596827,5738496.0,0.3826717456492285,0.3065958017638574,5738496.0,0.22779857196534672,0.24083649648043015,5738496.0,-0.04135564505122602,-0.04997486566814284
5750784.0,-0.3942097220569849,-0.22865523913254338,5750784.0,0.34598521546771127,0.31018565710013113,5750784.0,0.22242183005437255,0.2400381755859901,5750784.0,-0.05321638728491962,-0.049922414306396
5763072.0,-0.2909491363291939,-0.2316220779592792,5763072.0,0.297356062879165,0.31037866566330197,5763072.0,0.21905586620171866,0.23690832365925116,5763072.0,-0.05317958650023987,-0.05024674545275047
5775360.0,-0.3921119775623083,-0.26262438169990976,5775360.0,0.2929428666830063,0.3103625228162855,5775360.0,0.21861059156556925,0.2330484042565028,5775360.0,-0.03916968785536786,-0.048943644777561225
5787648.0,-0.5438371753940979,-0.3144770948216319,5787648.0,0.3180291427609821,0.3099610783780614,5787648.0,0.21663270145654678,0.2313309183965127,5787648.0,-0.0384895867415859,-0.04743516746966634
5799936.0,-0.4814968879024188,-0.32929877719531453,5799936.0,0.3352153959373633,0.3146131706734498,5799936.0,0.2493124088893334,0.22957997870010632,5799936.0,-0.053036317035245396,-0.047387018542697966
5812224.0,-0.40662031900137663,-0.37329978756606574,5812224.0,0.3434297807204227,0.31916505615226926,5812224.0,0.23396807629615068,0.23017529183998703,5812224.0,-0.05301386839710176,-0.048746396879626744
5824512.0,-0.5288981515914202,-0.4031532116855184,5824512.0,0.31108993586773676,0.32140295892022547,5824512.0,0.220213339664042,0.22948605531516172,5824512.0,-0.04591357564398398,-0.04840703193622175
5836800.0,-0.5204254475732645,-0.411907463396589,5836800.0,0.354027316129456,0.32871262795912715,5836800.0,0.22124906427537402,0.22640269746383032,5836800.0,-0.05282433443547537,-0.04835246389945193
5849088.0,-0.3134747159977754,-0.4109849841954808,5849088.0,0.30315525953968364,0.3283902721634756,5849088.0,0.21578829176723957,0.22450507421356938,5849088.0,-0.05286060553044081,-0.04830595944755866
5861376.0,-0.16055326939870915,-0.403257680280755,5861376.0,0.2919229098285238,0.3193153885814051,5861376.0,0.21773980325087905,0.22349919734212262,5861376.0,-0.045097404081995286,-0.04868013535063558
5873664.0,-0.08523860387504101,-0.37236056846256055,5873664.0,0.27606568081925315,0.31232343511655924,5873664.0,0.22325441877668104,0.22358245621435344,5873664.0,-0.05268730855702112,-0.048627227477845744
5885952.0,0.09043056657537818,-0.33422259817210337,5885952.0,0.28609571559354663,0.3111974003879974,5885952.0,0.222166263187925,0.22389349591297408,5885952.0,-0.03749685857716637,-0.04705895468553839
5898240.0,0.27721164959560457,-0.26729023545631203,5898240.0,0.29497033761193353,0.3114001474808902,5898240.0,0.21567177725955844,0.223599614482373,5898240.0,-0.05268404438781241,-0.04841039033878285
5910528.0,0.3018312124671259,-0.18272339667018972,5910528.0,0.3185483825703462,0.31145207146182663,5910528.0,0.21150014704714218,0.22308635904143254,5910528.0,-0.052632269682362676,-0.04982465863286052
5922816.0,0.2640684140763672,-0.10816686647231111,5922816.0,0.2975786807946861,0.30768839994755887,5922816.0,0.2159623933645586,0.21975135748895508,5922816.0,-0.04447763948701322,-0.04896879087803731
5935104.0,0.2960368118365295,-0.03790115338852047,5935104.0,0.2799556702375412,0.30134098889927075,5935104.0,0.21904530500372252,0.21825908035971225,5935104.0,-0.052526367867055036,-0.04892004082503263
5947392.0,0.17865237267202852,0.032853899037824395,5947392.0,0.2673694770783186,0.2969689430203289,5947392.0,0.21708539935449758,0.2179462863287578,5947392.0,-0.03814531833631918,-0.048143215094266154
5959680.0,0.1828050561841034,0.10317694941356119,5959680.0,0.27537566733856994,0.2891037781412403,5959680.0,0.21053139974052706,0.21687451987527312,5959680.0,-0.05244622224320968,-0.048105403875039573
5971968.0,0.22966873490562043,0.15749129450390076,5971968.0,0.2873510189043979,0.2875233540777117,5971968.0,0.22040337339664498,0.21733602803821364,5971968.0,-0.05233599439573785,-0.04805294276156928
5984256.0,0.21848219834888974,0.19539484127866064,5984256.0,0.27916765430321294,0.28624782852518066,5984256.0,0.21153320030619702,0.21671536774374545,5984256.0,-0.039002393857420735,-0.04744344173911182
5996544.0,0.22189943927029768,0.2261086455931945,5996544.0,0.29860570809493464,0.28850183125274875,5996544.0,0.2113236477598548,0.2155222906420628,5996544.0,-0.05232189929423233,-0.04740690081283294
6008832.0,0.2182008568973591,0.23888567462539262,6008832.0,0.2741399194734792,0.28730625164074197,6008832.0,0.2569493690195183,0.21900060122522214,6008832.0,-0.03680107508747218,-0.047337322463863525
6021120.0,0.20421340813239416,0.2315858504790716,6021120.0,0.26241406829406816,0.2840506247089555,6021120.0,0.23117027074719468,0.22055045057398578,6021120.0,-0.05224516103044152,-0.047293434128126435
6033408.0,0.15114241815172136,0.21651697104753112,6033408.0,0.3169635219189028,0.2838921386438112,6033408.0,0.32416829202945036,0.23181726507221662,6033408.0,-0.05145988004126897,-0.04717619516401707
6045696.0,0.09018087348279853,0.19912821698817423,6045696.0,0.2842521021763484,0.28255948078197735,6045696.0,0.26665753390019137,0.23688677912577988,6045696.0,-0.052132279107657574,-0.0479416591260815
6057984.0,0.1889402683979521,0.1884185626443165,6057984.0,0.26959648557628196,0.28152356231585146,6057984.0,0.23803785815835,0.2387860344412426,6057984.0,-0.052091720708025,-0.04789819441017849
6070272.0,0.16931772608465204,0.18748509798557886,6070272.0,0.2628015161802371,0.2810667662260433,6070272.0,0.230019419764479,0.24007943648224078,6070272.0,-0.036979762623862676,-0.04778163883893285
6082560.0,0.05619513140603279,0.1748241055077718,6082560.0,0.26878695997099084,0.2804078954892854,6082560.0,0.2205785003801187,0.24108414654619992,6082560.0,-0.05178196309134364,-0.047715212923746246
6094848.0,0.08757352541821699,0.16061458455903144,6094848.0,0.2994586204489072,0.28161865564373634,6094848.0,0.21403926890343428,0.24044773609687886,6094848.0,-0.05195975454989821,-0.04767758893916228
6107136.0,0.1298407779443854,0.15175044251858102,6107136.0,0.28543445048853755,0.2822453352622688,6107136.0,0.29196374490857124,0.24849079055711626,6107136.0,-0.046784771140664816,-0.04845582666748669
6119424.0,0.09475135521885629,0.13903563411343686,6119424.0,0.33551965638374287,0.2859367300911496,6119424.0,0.28566217034434277,0.2559246428155651,6119424.0,-0.046366151926728584,-0.04786025193073632
6131712.0,0.08243066702076855,0.12545861512577786,6131712.0,0.3768298270491262,0.2962057208487144,6131712.0,0.23692388646304607,0.2539220945599178,6131712.0,-0.05173704901244491,-0.0493538493232336
6144000.0,0.06214806338539347,0.11125208065107775,6144000.0,0.3280794780390958,0.3027722618232171,6144000.0,0.2633637525141239,0.25714144273661077,6144000.0,-0.051776343917784594,-0.04930696761196789
6156288.0,0.030473825415053096,0.09918522137741093,6156288.0,0.291975616166989,0.30027347124802567,6156288.0,0.2627219879068434,0.25099681232435006,6156288.0,-0.05098995081304262,-0.04925997468914526
6168576.0,0.05450875160750002,0.09561800918988107,6168576.0,0.2884868714027107,0.3006969481706619,6168576.0,0.2607489105624457,0.2504059499905755,6168576.0,-0.03614205373257088,-0.0476609521516366
6180864.0,0.050640226691029966,0.08178800501918886,6180864.0,0.38035248142356676,0.3117725477553904,6180864.0,0.2868670232904454,0.2552888665037851,6180864.0,-0.047309612040407956,-0.04718274128487489
6193152.0,0.04992482931508372,0.06984871534223203,6193152.0,0.31954424859335023,0.31744682099670174,6193152.0,0.32082113189001876,0.2643690377163391,6193152.0,-0.035875013806313895,-0.04707226640312002
6205440.0,0.06029608694370836,0.07025881089599958,6205440.0,0.30974918386588496,0.3215430433861911,6205440.0,0.34162685585518676,0.27647387326384587,6205440.0,-0.0515462209781011,-0.047048692191795756
6217728.0,0.049169304819467165,0.0664183888361246,6217728.0,0.29452401772141457,0.32104958311344184,6217728.0,0.3726107138209045,0.29233101775559284,6217728.0,-0.051524180880126856,-0.04700513482481862
6230016.0,0.04668296887151276,0.058102607928837334,6230016.0,0.337469272625943,0.32625306532718246,6230016.0,0.3537675626575947,0.2985113995304952,6230016.0,-0.051488763807962336,-0.04747553409154837
6242304.0,0.04720199104243269,0.05334767151119498,6242304.0,0.29960961857189733,0.3226620615459979,6242304.0,0.44797800031180185,0.3147429825272411,6242304.0,-0.05143782737043997,-0.047982701635919514
6254592.0,0.054999105884538345,0.05060451539757196,6254592.0,0.3226558257204791,0.3172446614131331,6254592.0,0.42200126064320403,0.3332507199452569,6254592.0,-0.03562566052035739,-0.04637156278671075
6266880.0,0.051640403806231916,0.0495537494396558,6266880.0,0.3398629082366824,0.31842300443289184,6266880.0,0.5603733562553922,0.36295168031938374,6266880.0,-0.0409647542789268,-0.04529040382282498
6279168.0,0.04938213793017591,0.051444580691168085,6279168.0,0.31909595026324195,0.3211350378425171,6279168.0,0.5108035219212373,0.3877598337208231,6279168.0,-0.04142654386426633,-0.044334063127947354
6291456.0,0.043958370360390596,0.05038954256645715,6291456.0,0.4252233069079618,0.3348086813930422,6291456.0,0.4659590511582792,0.40828084778040646,6291456.0,-0.050742898524428405,-0.0457941476071331
6303744.0,0.04003025309066288,0.04932854520642043,6303744.0,0.38268334480623406,0.33504176773130895,6303744.0,0.4473980215067665,0.4243339476020386,6303744.0,-0.05125589241894583,-0.0461887756449869
6316032.0,0.04563142229259635,0.04889920450417169,6316032.0,0.32190705416724086,0.335278048288698,6316032.0,0.4714566146334012,0.4393974958763768,6316032.0,-0.05120740132406354,-0.04772201439676186
6328320.0,0.04434470439931223,0.04730406624973209,6328320.0,0.31878993070373934,0.3361821229724834,6328320.0,0.4397131910858055,0.44920612939943866,6328320.0,-0.05115738033782691,-0.047683130332734434
6340608.0,0.06045371534613272,0.048432507302398634,6340608.0,0.418511248814563,0.34858084608179823,6340608.0,0.3912136514360706,0.4510664231609553,6340608.0,-0.03724207634998796,-0.04625491987972054
6352896.0,0.0607414966992413,0.049838360085171486,6352896.0,0.3416468946573635,0.34899860828494034,6352896.0,0.41403905519594747,0.45709357241479054,6352896.0,-0.050524500043441854,-0.04615849350326849
6365184.0,0.05496609721255178,0.0506147707021834,6365184.0,0.3205833296912412,0.3510959793968747,6365184.0,0.3831771709956229,0.4506134894831727,6365184.0,-0.05011076154187322,-0.04602578692041182
6377472.0,0.057126384655324124,0.050827498579261984,6377472.0,0.305858904030174,0.34941628722784424,6377472.0,0.40154513499389094,0.4485678769182414,6377472.0,-0.041138122226887695,-0.046577033091064854
6389760.0,0.04843374976189807,0.050506833174828604,6389760.0,0.29675913307194907,0.3451059097113709,6389760.0,0.3819588264450431,0.4307264239372065,6389760.0,-0.050886620728609465,-0.04756921973603312
6402048.0,0.07816408576521401,0.05338502795833241,6402048.0,0.30024322619040805,0.34322063730408753,6402048.0,0.38524133696531254,0.418170205441614,6402048.0,-0.05090940825175494,-0.048517506174781976
6414336.0,0.052476779518959425,0.054236868874189284,6414336.0,0.33873375520731014,0.3345716821340223,6414336.0,0.3859062627889216,0.4101649266046783,6414336.0,-0.05068872213208427,-0.048512088535547566
6426624.0,0.06495187101730455,0.05672903066685346,6426624.0,0.3293080505294104,0.32923415270633993,6426624.0,0.3737480466564496,0.40279992911964657,6426624.0,-0.04465709386082987,-0.047852208679735976
6438912.0,0.09539269652062406,0.06170515808965623,6438912.0,0.3350409436970949,0.33054754165932543,6438912.0,0.3948432269195716,0.39513859034826354,6438912.0,-0.03368417268696552,-0.04609988581602617
6451200.0,0.09214823320508003,0.066485510970233,6451200.0,0.3008671297381322,0.3287552615627646,6451200.0,0.3868891978636384,0.38985619102604685,6451200.0,-0.050504366401582956,-0.04603458442240178
6463488.0,0.08230614045169204,0.06867075348078894,6463488.0,0.2949397362147768,0.31639811030278603,6463488.0,0.37810978991910815,0.3885458048743506,6463488.0,-0.043945811688899994,-0.04670495795629298
6475776.0,0.09042295417748392,0.07163889922861319,6475776.0,0.2967479449386398,0.3119082153309137,6475776.0,0.3752225488424301,0.3846641542389989,6475776.0,-0.050639844577138625,-0.04671649240966265
6488064.0,0.09334509959444404,0.07547679946680243,6488064.0,0.28918788659696776,0.3087686710214863,6488064.0,0.3474560018318395,0.38109203732262054,6488064.0,-0.05062742317871501,-0.04676815857334683
6500352.0,0.11420880785832803,0.08118504178710281,6500352.0,0.2776480939549704,0.305947590013966,6500352.0,0.3721887196103732,0.37815639578426874,6500352.0,-0.05057947776125123,-0.047712294126783183
6512640.0,0.13803600748845687,0.09014526755975868,6512640.0,0.3227498832469185,0.3085466650314629,6512640.0,0.4387493551087876,0.38383544865064323,6512640.0,-0.04690429389787217,-0.047314061443709456
6524928.0,0.07885264558717608,0.09021412354195492,6524928.0,0.3194083427079022,0.3104631766832123,6524928.0,0.44237374622995657,0.38954868957710764,6524928.0,-0.044678245671093464,-0.04669094518564331
6537216.0,0.09957323184547325,0.09492376877460629,6537216.0,0.30326806132992107,0.30691660729547343,6537216.0,0.4682336081750691,0.39778142411572237,6537216.0,-0.035051862379380815,-0.045127259210372965
6549504.0,0.1263635929984351,0.10106494097271934,6549504.0,0.32783452157552045,0.30676925440008446,6549504.0,0.4087935979478061,0.40128597924485804,6549504.0,-0.049382523827565215,-0.0455998022070465
6561792.0,0.14338273834437132,0.10586394515509405,6561792.0,0.31660914126162726,0.30492607415653766,6561792.0,0.44938482576981187,0.4067401391298821,6561792.0,-0.050388056435622275,-0.047270190581912175
6574080.0,0.14805086783599108,0.11145420861818518,6574080.0,0.30415855115279555,0.305255216298004,6574080.0,0.4141131605332096,0.4094625353968392,6574080.0,-0.05034271259016047,-0.04725402520076993
6586368.0,0.1559718449910482,0.11882077907212078,6586368.0,0.36832988060389954,0.3125942307369163,6586368.0,0.4101181626319885,0.41266337266812725,6586368.0,-0.05029549267298231,-0.04788899329917816
6598656.0,0.14646355466296276,0.12442483912066866,6598656.0,0.3176709765878816,0.3146865339018404,6598656.0,0.40663187329967815,0.415804305113852,6598656.0,-0.05024836452988287,-0.04784984529445258
6610944.0,0.16249155377348265,0.13133948453857253,6610944.0,0.3052031995418171,0.31628806519632535,6610944.0,0.3906228132545948,0.4201209862561276,6610944.0,-0.050201354819970824,-0.04780723845857816
6623232.0,0.1599794493522495,0.13591654868796468,6623232.0,0.3206853683417042,0.3205917926349987,6623232.0,0.4657876086421311,0.4294808751593033,6623232.0,-0.04978250452162077,-0.047727541134615116
6635520.0,0.1436409455879281,0.13647704249791182,6635520.0,0.35895564158757526,0.3242123684690644,6635520.0,0.4880615089399119,0.4344120905424157,6635520.0,-0.03476450831415908,-0.046513562576243804
6647808.0,0.1681481476407498,0.1454065927032692,6647808.0,0.3406444697951277,0.326335981177787,6647808.0,0.4515224333542089,0.43532695925484105,6647808.0,-0.05008162852997581,-0.04705390086213204
6660096.0,0.1385838408023119,0.14930765359895304,6660096.0,0.3261924151641627,0.32862841656121117,6660096.0,0.5266378846329948,0.44116738690063356,6660096.0,-0.05004397542991986,-0.048553112167185955
6672384.0,0.2048791847191751,0.15715921277102704,6672384.0,0.3511766775821646,0.3309626321618756,6672384.0,0.4956284047414859,0.44985086758000153,6672384.0,-0.04999793320894241,-0.04861465310532366
6684672.0,0.18506985095640024,0.1613279240322299,6684672.0,0.31808336327473324,0.33111005436318613,6684672.0,0.5047327177599072,0.45538565677901105,6684672.0,-0.04995192342903465,-0.04857103980466491
6696960.0,0.20056315721012652,0.16657915296964346,6696960.0,0.3648513932712376,0.33717933857503035,6696960.0,0.5066763125360012,0.46464197197929025,6696960.0,-0.04990601617222031,-0.04852737016287089
6709248.0,0.18049757927656174,0.1690317263981948,6709248.0,0.33039657926807803,0.33338600844144817,6709248.0,0.44784629764035344,0.4684147854801267,6709248.0,-0.04986025261071821,-0.04848384615664448
6721536.0,0.1971493217473229,0.17410030310663085,6721536.0,0.32489431168263155,0.3341083419509232,6721536.0,0.4061072651917736,0.46836232466933636,6721536.0,-0.03347919145501995,-0.046806928849158186
6733824.0,0.23386826133355498,0.18123797386263807,6733824.0,0.3027368638043602,0.33386170837717755,6733824.0,0.38803971372544765,0.46810401471642155,6733824.0,-0.04978014912921935,-0.046764808280083045
6746112.0,0.21037136375283202,0.18627716530269633,6746112.0,0.3415431243677934,0.33594748397978647,6746112.0,0.4151912049079935,0.4630443743430079,6746112.0,-0.049753163708373904,-0.04676187419875836
6758400.0,0.24963305735339722,0.19687637647924322,6758400.0,0.34780825891842443,0.33483274571287136,6758400.0,0.42830431476856273,0.45706865492587295,6758400.0,-0.049708291344965495,-0.048256252501839
6770688.0,0.21566162925834456,0.2016277246410027,6770688.0,0.3496238475975891,0.3357306834931175,6770688.0,0.3860775299059848,0.45052416458105055,6770688.0,-0.04966311242120961,-0.048214400890962385
6782976.0,0.2512260810472071,0.21289194866549224,6782976.0,0.31153900471205515,0.33426534244790673,6782976.0,0.4043135391548276,0.43829173003323374,6782976.0,-0.04961805716933062,-0.048171809064903454
6795264.0,0.239027162703375,0.2163067464639122,6795264.0,0.3645566515624523,0.3356033398459355,6795264.0,0.4293766221962869,0.4316665517787139,6795264.0,-0.049573153645421066,-0.04812933110855132
6807552.0,0.24100783032675585,0.22190054440094778,6807552.0,0.31446107927088934,0.33524111144555113,6807552.0,0.3722470854409039,0.41841798854681356,6807552.0,-0.04776584178519746,-0.047910722944167594
6819840.0,0.29626695175344747,0.2314709238552799,6819840.0,0.3142140928345422,0.3301773814018816,6819840.0,0.4390718558182319,0.4116575428750366,6819840.0,-0.03292095254194768,-0.04621221658114033
6832128.0,0.2223524977453053,0.2356564157021542,6832128.0,0.30510665181403357,0.3276483886564771,6832128.0,0.3934895036121209,0.4062218634722134,6832128.0,-0.04945361447365334,-0.04617155276743384
6844416.0,0.27509418595582247,0.2434509021230042,6844416.0,0.3128686229077478,0.3264458197789888,6844416.0,0.3832845650613308,0.403939593459169,6844416.0,-0.04942743806168437,-0.04776637742810029
6856704.0,0.2888773061955969,0.24895180660920838,6856704.0,0.3247258296857278,0.3286447163671255,6856704.0,0.3652119863157471,0.401656820718199,6856704.0,-0.04938329531190296,-0.04772669204636865
6868992.0,0.27182900129506987,0.2550975703634321,6868992.0,0.33372658025473356,0.3278630619558195,6868992.0,0.3892636417100827,0.3990640643984079,6868992.0,-0.04933909225898484,-0.047685284901429745
6881280.0,0.3055893126875162,0.26069319589684403,6881280.0,0.34576100933675963,0.327658336997653,6881280.0,0.36374557623639703,0.39260819054519136,6881280.0,-0.04929496196564287,-0.04764395196349748
6893568.0,0.2806503333461781,0.2671920663056274,6893568.0,0.30722535665457446,0.3234184879033516,6893568.0,0.35973820742219687,0.38997425829681254,6893568.0,-0.04919728163319329,-0.04759736888469585
6905856.0,0.310567922424525,0.27312625044335925,6905856.0,0.35685310512781143,0.32794989794492724,6905856.0,0.36243326899906,0.3857862312812358,6905856.0,-0.03164368259604089,-0.04579993142736688
6918144.0,0.2877425450521211,0.27799778867823377,6918144.0,0.405586631813397,0.3320528959700217,6918144.0,0.3564441348426044,0.37849298254586755,6918144.0,-0.0491160611078764,-0.045754222173612406
6930432.0,0.30695590454464156,0.2845925961000224,6930432.0,0.4147066401007275,0.3420774520530055,6930432.0,0.36598784290254116,0.37786705829203127,6930432.0,-0.049149471296307944,-0.04589258512472345
6942720.0,0.31858576523760956,0.28682447744843864,6942720.0,0.41014336453129846,0.35167037922268113,6942720.0,0.4014158638504644,0.37410145909525455,6942720.0,-0.0491075887499998,-0.047511248745528666
6955008.0,0.30021904533108074,0.2946111322070162,6955008.0,0.38577233130733174,0.35973694717201093,6955008.0,0.4155457732267678,0.3763070860567192,6955008.0,-0.04906412629255404,-0.047472299927418735
6967296.0,0.33786686323583126,0.30088839993501704,6967296.0,0.35382322454825044,0.3638324073360612,6967296.0,0.3537302593079706,0.3733516554813832,6967296.0,-0.04902082654492309,-0.04743163877574261
6979584.0,0.3156059184111655,0.3035612611565739,6979584.0,0.3932624086737633,0.37068606523486475,6979584.0,0.3520311171499391,0.3720335685648024,6979584.0,-0.048977612517774105,-0.04739107049632972
6991872.0,0.3359257645594577,0.30997093748301263,6991872.0,0.4796604090370238,0.3852794481130938,6991872.0,0.33657424912477535,0.3667646293062717,6991872.0,-0.04889482612876842,-0.04734664388330809
7004160.0,0.34957999068622786,0.31437000528288384,7004160.0,0.4391120954727133,0.3946145567266891,7004160.0,0.3324310355819762,0.36363317524082955,7004160.0,-0.03216885359627971,-0.04563403304637177
7016448.0,0.3224454262914757,0.31854951457741365,7016448.0,0.5021478027726213,0.4141068013384938,7016448.0,0.3898011265943448,0.36663946715804435,7016448.0,-0.04246659173319737,-0.04496096405637218
7028736.0,0.353399889698873,0.32283271130484836,7028736.0,0.5048708549390236,0.428908576319615,7028736.0,0.3478539859255155,0.36518153885068994,7028736.0,-0.048834104905836284,-0.04668000628735172
7041024.0,0.3357600454861919,0.32763446134825547,7041024.0,0.5549578567345937,0.44384569881173475,7041024.0,0.33573648054152727,0.3631107734205822,7041024.0,-0.04880389311195662,-0.04664878948775974
7053312.0,0.34420182338605326,0.3313590532323966,7053312.0,0.4466455608295898,0.447039590884621,7053312.0,0.351681855507195,0.36168017468104763,7053312.0,-0.048761363684510194,-0.04660997872657996
7065600.0,0.3763697155130406,0.33713744825993974,7065600.0,0.4452117516969641,0.4505464296011875,7065600.0,0.32717215378458303,0.3542558036744594,7065600.0,-0.048718943571050964,-0.04657111420868507
7077888.0,0.3658497508925696,0.3437005188160887,7077888.0,0.4198986287228763,0.4539590593427419,7077888.0,0.3391770231537521,0.3466189286671579,7077888.0,-0.04572561125193412,-0.04623726270462308
7090176.0,0.3581114273207883,0.34572497522458434,7090176.0,0.5181214595213532,0.47038888284005226,7090176.0,0.3277201567155619,0.34401791840791707,7090176.0,-0.031305821083757714,-0.04446576215850655
7102464.0,0.4251748323440552,0.3566818666178733,7102464.0,0.4547319266324242,0.4765358346359183,7102464.0,0.3313640533015132,0.34195121202307444,7102464.0,-0.048590682563371956,-0.04442706916306634
7114752.0,0.38527583113561076,0.36161687327548864,7114752.0,0.3962464213060836,0.46819443586282433,7114752.0,0.3820685075285534,0.3465006378634522,7114752.0,-0.04131969574761266,-0.04366955612495076
7127040.0,0.41018186664829653,0.36767706087169544,7127040.0,0.3922674166969955,0.46350996798525246,7127040.0,0.31846679622928303,0.3451042139281829,7127040.0,-0.048539707087911665,-0.04530664147411396
7139328.0,0.412491772013406,0.37668169544388846,7139328.0,0.39757117241000134,0.4530523049489905,7139328.0,0.34789568387592834,0.34091366965634123,7139328.0,-0.04851422928428898,-0.045911405229223115
7151616.0,0.4265919669220845,0.3840009031662096,7151616.0,0.41958671699588496,0.4445238911546766,7151616.0,0.3148540149753292,0.33761367256132263,7151616.0,-0.04847254763202121,-0.04587524950184161
7163904.0,0.4311197893694043,0.3935368775545309,7163904.0,0.42342532286420465,0.43137063776763773,7163904.0,0.3050705931770305,0.33454708382487297,7163904.0,-0.04843088813746969,-0.04583794900439291
7176192.0,0.4229750133429964,0.4014141965502252,7176192.0,0.3952997027275463,0.4262360519574334,7176192.0,0.31117141153663397,0.33049603942781686,7176192.0,-0.031081127490324434,-0.04406992538497434
7188480.0,0.40907304858167964,0.4046845298570892,7188480.0,0.3987581421000262,0.4215906909977396,7188480.0,0.30264829099178314,0.3280436531485369,7188480.0,-0.04631185007747263,-0.0438292160356165
7200768.0,0.41016895820697147,0.4091164505885293,7200768.0,0.378366194665432,0.41743744759199525,7200768.0,0.3019888430523376,0.3243248351383954,7200768.0,-0.04832195758353919,-0.04408885066877701
7213056.0,0.40408930865426856,0.41371423872187735,7213056.0,0.4406435148169597,0.4096896531215558,7213056.0,0.2974497068983813,0.32129779015667737,7213056.0,-0.04746484092902392,-0.045704752653303635
7225344.0,0.3818458719179034,0.4093813426792622,7225344.0,0.3784541931624214,0.40206187977455554,7225344.0,0.3001586102570097,0.31817724585222706,7225344.0,-0.04791568634876361,-0.045637253031842795
7237632.0,0.3785591845711072,0.4087096780228118,7237632.0,0.3639971474185586,0.398836952385803,7237632.0,0.3303177833246688,0.31300217343183856,7237632.0,-0.048216831094274916,-0.04632696656650902
7249920.0,0.40624651095519465,0.4083161424535017,7249920.0,0.3965340810827911,0.3992636188243826,7249920.0,0.2934176983932654,0.31049726364823677,7249920.0,-0.04643917770590633,-0.04611691362830849
7262208.0,0.37806350489457446,0.40487331574161844,7262208.0,0.36862670350819826,0.3963691719342023,7262208.0,0.28966169493893784,0.3046738647545377,7262208.0,-0.0412800785076494,-0.045393498550644534
7274496.0,0.37100780848413706,0.3993148998978237,7274496.0,0.3495912430807948,0.3893696245426933,7274496.0,0.2872330836641292,0.30191177162341776,7274496.0,-0.03051482479592475,-0.043597726267034884
7286784.0,0.3613511857887109,0.3923380395397544,7286784.0,0.3430130517420669,0.3813283974304796,7286784.0,0.2872605848436554,0.30013077079008027,7286784.0,-0.04804812049648414,-0.04355944950293633
7299072.0,0.3695389401788513,0.38699443222333985,7299072.0,0.35833574101949733,0.3776320012596746,7299072.0,0.28338748946165043,0.2973523785825819,7299072.0,-0.0480586626023675,-0.04525720301414064
7311360.0,0.3719130127380292,0.38327842863897477,7311360.0,0.35655104648321867,0.3734112916979938,7311360.0,0.28113492935275036,0.29520104241867867,7311360.0,-0.038730816391762346,-0.04449909964556961
7323648.0,0.38121199049055576,0.38038273186733323,7323648.0,0.353212537864844,0.3708959260179351,7323648.0,0.2852669917047024,0.2935288572839151,7323648.0,-0.0479894793437173,-0.04446585182158742
7335936.0,0.3846488480145733,0.3784386858033637,7335936.0,0.34986501357828576,0.3618180758940677,7335936.0,0.2754970449022949,0.2913335910843064,7335936.0,-0.04795391325994084,-0.04451475905467911
7348224.0,0.38834022792677086,0.3790881214042504,7348224.0,0.334940352011472,0.3574666917789728,7348224.0,0.26993350218981504,0.288311080277587,7348224.0,-0.04791384574491531,-0.04451457499429429
7360512.0,0.394260987949868,0.3806583017421265,7360512.0,0.32826986179376644,0.3538939632164935,7360512.0,0.27957684857149917,0.28323698680227005,7360512.0,-0.02995220723581345,-0.04268811260844813
7372800.0,0.37989236041903496,0.3780228866885106,7372800.0,0.3456134991720319,0.3488019050254176,7372800.0,0.2746475433620314,0.2813599712991466,7372800.0,-0.04772873312079658,-0.04281706814993715
7385088.0,0.38314607832580805,0.3785311440316339,7385088.0,0.36512649183471996,0.3484518838580698,7385088.0,0.269603765103966,0.2793541783156494,7385088.0,-0.047792710441475116,-0.043468331343319726
7397376.0,0.38776005773494643,0.38020636895671484,7397376.0,0.36883012810721993,0.3503757723607123,7397376.0,0.275546596540759,0.2781855296033124,7397376.0,-0.047165521420538425,-0.0451334010057811
7409664.0,0.3943460276350379,0.38350585314134755,7409664.0,0.4724257397465408,0.3633170411611597,7409664.0,0.2654259535484016,0.276002066473787,7409664.0,-0.03253654555495208,-0.043582243511627886
7421952.0,0.40273602834592265,0.3868255619580547,7421952.0,0.38493774893383187,0.3659772419525931,7421952.0,0.2673344455348949,0.27439676208111147,7421952.0,-0.0477028286162143,-0.04354666011301257
7434240.0,0.4058393829812606,0.39021819898237786,7434240.0,0.4122008476406336,0.3715422220683346,7434240.0,0.26807344146072865,0.2730906132919093,7434240.0,-0.04769198689609766,-0.0444427771634461
7446528.0,0.4127091886475682,0.3933679187980791,7446528.0,0.3950655151469012,0.37572751979654034,7446528.0,0.26569135145594674,0.27113304926703374,7446528.0,-0.030204802625424538,-0.04266430949161683
7458816.0,0.41100090959419805,0.3960031249560416,7458816.0,0.4028727499147256,0.3810282934301844,7458816.0,0.26432887247453135,0.2700162320242574,7458816.0,-0.028618975012553467,-0.04073081566687809
7471104.0,0.40182678991307813,0.39735178115467235,7471104.0,0.3843234907835722,0.38596660730739435,7471104.0,0.2579868254251778,0.2688215643477937,7471104.0,-0.04762237138735751,-0.04070166823112231
7483392.0,0.37811324559152126,0.3957370069188376,7483392.0,0.3622482903301716,0.3893644501610349,7483392.0,0.2544400643867751,0.26630788592932125,7483392.0,-0.04759507765993476,-0.042465955273534445
7495680.0,0.38453185992936295,0.39620095686987045,7495680.0,0.3474026567613085,0.3895433659199625,7495680.0,0.2532574256571631,0.26416887415883444,7495680.0,-0.03094350300792333,-0.04078743226224711
7507968.0,0.38709719634304446,0.396596068671594,7507968.0,0.33371162166198093,0.3864018789026886,7507968.0,0.2529015950858593,0.26249865715702375,7507968.0,-0.047523252200335264,-0.04076048643813313
7520256.0,0.3950112300614516,0.3973211859042446,7520256.0,0.3303507314994931,0.38255393924191594,7520256.0,0.2505226351010303,0.2599962610130509,7520256.0,-0.04750539789286753,-0.04079447408536604
7532544.0,0.393887952901423,0.39727537843088306,7532544.0,0.355943077399085,0.37090567300717037,7532544.0,0.24909848145519695,0.25836351380373046,7532544.0,-0.0474666046211496,-0.042287479991985795
7544832.0,0.4001917662099004,0.39702095221728084,7544832.0,0.33139756818612415,0.36555165493239955,7544832.0,0.24789997221281132,0.2564200664715221,7544832.0,-0.0291940847140116,-0.04043660560176553
7557120.0,0.40799933796127635,0.39723694771528245,7557120.0,0.36267019249498844,0.36059858941783507,7557120.0,0.24625445498774448,0.25423816782422365,7557120.0,-0.04339126891378934,-0.040006533803534694
7569408.0,0.4080508155748248,0.39677111040800817,7569408.0,0.32842204145466286,0.35393424204861124,7569408.0,0.24395118032892546,0.2520641507115215,7569408.0,-0.04738605123323699,-0.04172465866431594
7581696.0,0.43928927804032963,0.3995999472526212,7581696.0,0.3176701889994244,0.3454139859570811,7581696.0,0.24692224090298018,0.2503234875543664,7581696.0,-0.04734851936033616,-0.04359761309909421
7593984.0,0.4066967113564412,0.4000869393969575,7593984.0,0.3073477689176798,0.3377164137704919,7593984.0,0.2525374839703242,0.24977855340888105,7593984.0,-0.041860461370864264,-0.04302142209744488
7606272.0,0.4044060728823145,0.40271622212603686,7606272.0,0.4060896097992857,0.34210054571740334,7606272.0,0.24142900668084621,0.24847744763828813,7606272.0,-0.04651176556944847,-0.04291309088839625
7618560.0,0.41108661082883674,0.4053716972159843,7618560.0,0.4409445133060217,0.3514547313718746,7618560.0,0.24035180561865369,0.2471868856344372,7618560.0,-0.047237877384759486,-0.04454252832607987
7630848.0,0.4368588762978713,0.410347865211467,7630848.0,0.3677409465114276,0.3548576638568192,7630848.0,0.23926140135154128,0.2458228662610054,7630848.0,-0.0472056680979828,-0.04451076991584463
7643136.0,0.40953597457458574,0.41180033966278035,7643136.0,0.34711901533106965,0.35653449223997685,7643136.0,0.2377704392808179,0.24454764667898415,7643136.0,-0.029126970075594727,-0.04267292713411734
7655424.0,0.40630901294449967,0.41304244566708803,7655424.0,0.3629418611526489,0.35723437061533325,7655424.0,0.23646805776904026,0.24328460431036847,7655424.0,-0.029625416592656013,-0.040888808331267984
7667712.0,0.39710712525993586,0.41273398157209157,7667712.0,0.3733000699430704,0.36142462079102794,7667712.0,0.2367144051628808,0.24216604760537544,7667712.0,-0.04713133117184043,-0.042682532977050866
7680000.0,0.3909284118562937,0.41102688896159334,7680000.0,0.3712967050572236,0.36228727204725153,7680000.0,0.2362846735243996,0.24116906945904099,7680000.0,-0.04711129081745943,-0.043054535167417876
7692288.0,0.39474945965533453,0.4096967533696443,7692288.0,0.3346974547021091,0.3629148133719961,7692288.0,0.23411138650650778,0.24018509007679917,7692288.0,-0.04707365285139531,-0.043023295329233706
7704576.0,0.29468066431581974,0.39523589199719333,7704576.0,0.3231770309309165,0.3634654975651453,7704576.0,0.23318819406752786,0.23881168539325395,7704576.0,-0.04203194874571636,-0.042491638267771734
7716864.0,0.2908808550176521,0.3836543063633144,7716864.0,0.3533725769569476,0.36806797836907207,7716864.0,0.23219815222546458,0.236777752218768,7716864.0,-0.0469932525496309,-0.04300491738564839
7729152.0,0.3309584699260692,0.37630954606768985,7729152.0,0.33731295478840667,0.3611903128679842,7729152.0,0.23031737127651772,0.23566658867833518,7729152.0,-0.03074054892689067,-0.041427795721392616
7741440.0,0.3274054676294327,0.3679414317477494,7741440.0,0.39473217198004323,0.3565690787353864,7741440.0,0.2303383812929193,0.23466524624576174,7741440.0,-0.03916714171646163,-0.040620722154562826
7753728.0,0.33803841564804316,0.35805938568276663,7753728.0,0.38347406157602865,0.35814239024184646,7753728.0,0.22888126441588005,0.23362723255219559,7753728.0,-0.031555098093425236,-0.03905566515410707
7766016.0,0.27543560865645605,0.3446493490909537,7766016.0,0.3808097350411117,0.3615114622128507,7766016.0,0.22793537626663843,0.23264372625077762,7766016.0,-0.046917500672861934,-0.04083471821383379
7778304.0,0.26047095749527216,0.3300655435460309,7778304.0,0.3309951025682191,0.3583167863544076,7778304.0,0.2636635735010107,0.2353632778239747,7778304.0,-0.046882690551380314,-0.042560445609706225
7790592.0,0.20418364834040403,0.3107731958540777,7790592.0,0.3603610284626484,0.3570228822063654,7790592.0,0.23659114524101219,0.23535095183178786,7790592.0,-0.04684582294430584,-0.04253189478695277
7802880.0,0.20119664484324554,0.29180001915277287,7802880.0,0.3339799667398135,0.35329120837462447,7802880.0,0.2744938620987038,0.23917187068921825,7802880.0,-0.04680884908884764,-0.042501650614091585
7815168.0,0.20943205749305585,0.273268278936545,7815168.0,0.33563535070667666,0.35338499797508116,7815168.0,0.2372699722958108,0.23948772926814854,7815168.0,-0.028153465364691026,-0.04060963186542116
7827456.0,0.2801287022108833,0.27181308272605137,7827456.0,0.3716454886210461,0.3582318437440942,7827456.0,0.23333916797613105,0.2395028266590089,7827456.0,-0.046429380968523525,-0.041049375087701866
7839744.0,0.23298695613630116,0.26602369283791627,7839744.0,0.34754048055037856,0.3576486341034373,7839744.0,0.2663640420263012,0.24291941563909253,7839744.0,-0.0467230836317564,-0.04102235819591442
7852032.0,0.1670802196022123,0.2496358678055306,7852032.0,0.36769329973806936,0.36068666859840354,7852032.0,0.24594122217968106,0.24448180072940887,7852032.0,-0.03770921749916548,-0.041719225053141906
7864320.0,0.3282977346486102,0.24972509450744834,7864320.0,0.3321620722611745,0.35442965862651665,7864320.0,0.23324269258106747,0.24477223185822364,7864320.0,-0.046652358956635,-0.04246774677715924
7876608.0,0.2811591175074379,0.24403716469338782,7876608.0,0.31453056711082655,0.34753530917999653,7876608.0,0.23854243848472834,0.24573834926510849,7876608.0,-0.04663288271209846,-0.043975525239026564
7888896.0,0.35707580282663304,0.2522011841104056,7888896.0,0.31243459538867074,0.3406977952147524,7888896.0,0.26461810773859423,0.24940662241230407,7888896.0,-0.046596564119681716,-0.043943431583708545
7901184.0,0.3436577348814656,0.2605198618490249,7901184.0,0.3581006438471377,0.34340834934264425,7901184.0,0.23473763822888336,0.24651402888509133,7901184.0,-0.044827685477988176,-0.04373793107636932
7913472.0,0.499466751391689,0.2900481721541534,7913472.0,0.3090335549786687,0.3382756019942462,7913472.0,0.23902820764730373,0.2467577351257205,7913472.0,-0.02834963497540836,-0.041888312279479575
7925760.0,0.32781261081496876,0.3027097687513257,7925760.0,0.3091585743241012,0.33579346275267496,7925760.0,0.273247594324251,0.2466331083482752,7925760.0,-0.030600231048689846,-0.040267450475463804
7938048.0,0.5096223031481107,0.3327287933168312,7938048.0,0.2940723149416347,0.3316371591761708,7938048.0,0.236525337677449,0.24655864488643905,7938048.0,-0.0463921040451775,-0.042091314343512445
7950336.0,0.49969863379374146,0.35468578647511706,7950336.0,0.30356567197789747,0.32482917751185597,7950336.0,0.23206284983704487,0.2464310130725304,7950336.0,-0.04643486467345307,-0.042091862714005404
7962624.0,0.42947986877212924,0.37433507773869984,7962624.0,0.293564579449594,0.3194315874017775,7962624.0,0.23720750647286573,0.24351535951718684,7962624.0,-0.04643595521338284,-0.04206314987216804
7974912.0,0.5137559799477458,0.40900265377325323,7974912.0,0.2868455240192513,0.31134680982989565,7974912.0,0.23060749347011247,0.24198198664623,7974912.0,-0.046400192698153354,-0.04293224739206683
7987200.0,0.5178727389623722,0.42796015420462935,7987200.0,0.32156654198964435,0.31028725680274266,7987200.0,0.22888390549148122,0.24154610793727138,7987200.0,-0.046364436275325716,-0.0429034551239359
7999488.0,0.5099060789992412,0.4508348503538097,7999488.0,0.3047181200236082,0.30930601209402087,7999488.0,0.2289955240363876,0.2405914164924373,7999488.0,-0.02765098497548024,-0.04100526535027409
8011776.0,0.5200279097383221,0.46713006104497856,8011776.0,0.3453719465372463,0.3125997472088784,8011776.0,0.27674000058323145,0.24180360577690102,8011776.0,-0.04631844919640571,-0.040977453857946475
8024064.0,0.4811924605940779,0.48088353361623987,8024064.0,0.3273858814500272,0.30952827096916735,8024064.0,0.2755754329264164,0.24588738524665432,8024064.0,-0.040118756354786456,-0.04050656094562631
8036352.0,0.49038427012662095,0.47997528548973306,8036352.0,0.3252642937004566,0.31115134484134616,8036352.0,0.28337711468338966,0.2503222759502629,8036352.0,-0.04624924878589809,-0.04229652232667528
8048640.0,0.5180074836437901,0.4989947727726152,8048640.0,0.3822797324197988,0.3184634606509159,8048640.0,0.32095009678353864,0.2550925261961917,8048640.0,-0.04622476416019102,-0.0438589756378254
8060928.0,0.47583241295069456,0.4956157837528735,8060928.0,0.3570615821518004,0.3247623873719324,8060928.0,0.27076279387498897,0.25851627181594566,8060928.0,-0.04618986738690486,-0.04383875197199813
8073216.0,0.4714015278344353,0.4927860731569429,8073216.0,0.3182382673646013,0.32622964691060286,8073216.0,0.25340056139975786,0.260650042972217,8073216.0,-0.046154596765215196,-0.04381072518117435
8085504.0,0.4731015885869662,0.4971482451384267,8085504.0,0.31512158177793026,0.3283853471434365,8085504.0,0.2890039201204975,0.2658296843369802,8085504.0,-0.04610123912182947,-0.04377725357201902
8097792.0,0.5036294435461363,0.4961355914982657,8097792.0,0.3601116434050103,0.3357119590820124,8097792.0,0.2916473493290444,0.2719336699228734,8097792.0,-0.027476461478120957,-0.041884880450015774
8110080.0,0.4886908220748107,0.4932173998095096,8110080.0,0.3956169000205894,0.34311699488510694,8110080.0,0.28467176016420126,0.2775124553901454,8110080.0,-0.04606422863435,-0.0418548596859182
8122368.0,0.4977121554935972,0.4919980074589452,8122368.0,0.36826398425425094,0.34947158130817113,8122368.0,0.26177959128593403,0.28079086211510007,8122368.0,-0.031814570063337065,-0.04227121819470388
8134656.0,0.4910632371902466,0.48910154020413754,8134656.0,0.42363161376367015,0.3572975480308135,8134656.0,0.2919273561177154,0.28230959766854846,8134656.0,-0.04597510921303183,-0.042236884196366495
8146944.0,0.4976581120863557,0.4907481053533654,8146944.0,0.369997998389105,0.3615587597247213,8146944.0,0.25751156359910965,0.28050321073581774,8146944.0,-0.045995038390780486,-0.0428245123999659
8159232.0,0.4925695325558384,0.49096663159628706,8159232.0,0.3302547079510987,0.36205780114978553,8159232.0,0.3201635867978136,0.2841818579472601,8159232.0,-0.04596052881485472,-0.042795640402861566
8171520.0,0.47487591579556465,0.48665347481146454,8171520.0,0.3472150752010445,0.35855133542791007,8171520.0,0.27115196889887255,0.2792020451587935,8171520.0,-0.04071418514164785,-0.04224458250100725
8183808.0,0.5042084303374091,0.489491076550136,8183808.0,0.31754130544140935,0.354599307756871,8183808.0,0.2692884936307867,0.2790546151343733,8183808.0,-0.02863174809802634,-0.040488770572119394
8196096.0,0.4550205295284589,0.4878529767195384,8196096.0,0.3178697316907346,0.3545624541894843,8196096.0,0.25292785015578073,0.27900734400997557,8196096.0,-0.04588859190698713,-0.04046217008629659
8208384.0,0.5088121248409152,0.49142403034493326,8208384.0,0.32106942031532526,0.35515723804322386,8208384.0,0.26196762671073276,0.27630371466899917,8208384.0,-0.029338125554204453,-0.038785858729534085
8220672.0,0.4490635121862094,0.48596743720894064,8220672.0,0.3198631461709738,0.3511323883198202,8220672.0,0.28225370217114687,0.27536434995320935,8220672.0,-0.04529264150187373,-0.04056747673190936
8232960.0,0.4956739417587717,0.4866657491773367,8232960.0,0.34467960909629863,0.3460386592273911,8232960.0,0.2534901142741243,0.27224618536420164,8232960.0,-0.04581070962982873,-0.040542124831457235
8245248.0,0.5010176418970028,0.4869962978176773,8245248.0,0.3323254627175629,0.34244480707372227,8245248.0,0.24673148896545172,0.2707413751321534,8245248.0,-0.0457790398504585,-0.04193857181016938
8257536.0,0.4952060328796506,0.48741057738661764,8257536.0,0.310734362496684,0.33115508194702364,8257536.0,0.2553456611931324,0.2670832056396951,8257536.0,-0.04574492713436484,-0.04191555360230268
8269824.0,0.47376856735597056,0.4850216229135792,8269824.0,0.3132626982405782,0.325481551932171,8269824.0,0.25461303753157455,0.26679335303294166,8269824.0,-0.03639362608858695,-0.04095541237208332
8282112.0,0.495377601745228,0.4853024298325181,8282112.0,0.3405044572427869,0.3265065268613398,8282112.0,0.2795847469630341,0.2627354690494637,8282112.0,-0.045132115483284,-0.04087257103892625
8294400.0,0.4791779415681958,0.4857326324097812,8294400.0,0.2999103730544448,0.32177605664667985,8294400.0,0.24984677213554582,0.26060494937313095,8294400.0,-0.04294649829777578,-0.041095802354539045
8306688.0,0.46803729111949605,0.4821155184879899,8306688.0,0.3067925389235218,0.3207011799948911,8306688.0,0.24522271659225225,0.2581983716692776,8306688.0,-0.027229987346800044,-0.040955626279416416
8318976.0,0.4676250557725628,0.48337597111240027,8318976.0,0.3016662026445071,0.31908082709026836,8318976.0,0.23823559641217193,0.25672914629491667,8318976.0,-0.045175690785981715,-0.04088433616731587
8331264.0,0.5017276356617609,0.4826675221944849,8331264.0,0.36544108965123695,0.3235179940238595,8331264.0,0.24811961082741618,0.255344344706585,8331264.0,-0.045586750687410436,-0.04250919868063647
8343552.0,0.47786336081723374,0.4855475070575873,8343552.0,0.31631074333563447,0.32316275374032555,8343552.0,0.24322973145172,0.25144194763464234,8343552.0,-0.04555468579443792,-0.042535403109892886
8355840.0,0.46259082450220984,0.4822391953319312,8355840.0,0.2844800952201088,0.3171428023527066,8355840.0,0.2402407887081305,0.25011701507804296,8355840.0,-0.04125233846328532,-0.04207956599323855
8368128.0,0.4867699683333437,0.4808144279755653,8368128.0,0.2865350862654547,0.3125637647074958,8368128.0,0.272955898505946,0.25273945603209236,8368128.0,-0.027352889388566837,-0.040236950947049384
8380416.0,0.46417142388721305,0.47771096707632144,8380416.0,0.32899798545986414,0.31439012700381375,8380416.0,0.2546108417833845,0.2526659740911176,8380416.0,-0.04545258303793768,-0.04020771653740667
8392704.0,0.46571504573027295,0.47690561491375166,8392704.0,0.3353160965877275,0.31659546683852874,8392704.0,0.29312248217562836,0.25651691855552294,8392704.0,-0.02635437357457704,-0.03920379128600568
8404992.0,0.45467632605383795,0.4728354873446127,8404992.0,0.3490007159610589,0.3174450927103559,8404992.0,0.2684398740530014,0.25540243126451967,8404992.0,-0.045426375620688,-0.039233217299746076
8417280.0,0.44612321599076193,0.4695300147868694,8417280.0,0.34725227144857246,0.32217928254976874,8417280.0,0.2569748074747622,0.25611523479844134,8417280.0,-0.04541430211005112,-0.039479997680973614
8429568.0,0.4400778254494071,0.46673406821986047,8429568.0,0.37546627192447585,0.32904665584986403,8429568.0,0.2609155646835764,0.25768451960757377,8429568.0,-0.04538244781239579,-0.04129524372753318
8441856.0,0.440145301943024,0.4639860928369065,8441856.0,0.33557375194504857,0.33243741077991823,8441856.0,0.26871433202177286,0.26073239316853386,8441856.0,-0.04534932307433337,-0.041312606956368354
8454144.0,0.4293229542672634,0.4567456246974568,8454144.0,0.3204917732315759,0.3279424791379521,8454144.0,0.3059335397556424,0.26651378606135645,8454144.0,-0.04448603050938497,-0.04120253493856581
8466432.0,0.4115820365647475,0.45011749227220815,8466432.0,0.3029562540662785,0.32660703021101656,8466432.0,0.3063049774306516,0.27282131065924964,8466432.0,-0.04316473938524723,-0.04096354029764673
8478720.0,0.42193953040987253,0.4460523628629744,8478720.0,0.30267543128381175,0.32842656381738683,8478720.0,0.2975916089490056,0.2785563926833371,8478720.0,-0.04339852572108308,-0.04117815902342652
8491008.0,0.4375035573417942,0.4411257217638195,8491008.0,0.34010647035514313,0.33378370222635567,8491008.0,0.30700031931822497,0.28196083476456507,8491008.0,-0.026876840529439505,-0.04113055413751378
8503296.0,0.48286114043245715,0.44299469341834385,8503296.0,0.3274158590162794,0.3336254895819972,8503296.0,0.30419115582481027,0.28691886616870765,8503296.0,-0.044782142310092844,-0.041063510064729296
8515584.0,0.41166418775295216,0.4375896076206118,8515584.0,0.34939331576849025,0.3350332115000735,8515584.0,0.269100574310869,0.28451667538223163,8515584.0,-0.04518486543868979,-0.04294655925114057
8527872.0,0.4483276543517907,0.4369547404504071,8527872.0,0.3199272907028596,0.33212586897425356,8527872.0,0.29349873851363856,0.2870225618282954,8527872.0,-0.0451541825896129,-0.042919339948033056
8540160.0,0.37967267508308095,0.430309686359639,8540160.0,0.30369034347434837,0.3277696761768311,8540160.0,0.31063716392964125,0.29238879747378327,8540160.0,-0.04512156491788725,-0.04289006622881668
8552448.0,0.3951081885024905,0.42581272266494724,8552448.0,0.2886668181357284,0.31908973079795644,8552448.0,0.2588802990503609,0.2921852709104617,8552448.0,-0.024585497811737394,-0.040810371228750836
8564736.0,0.3849347167027493,0.4202916641409199,8564736.0,0.3011580901220441,0.315648164615656,8564736.0,0.2794142335963746,0.2932552610679219,8564736.0,-0.045057979645207524,-0.04078123688583825
8577024.0,0.3735778351935248,0.41471715223354605,8577024.0,0.2932752314954996,0.31292651044204833,8577024.0,0.2587789127913614,0.2885397983714938,8577024.0,-0.037038486974779516,-0.0400364825323777
8589312.0,0.3779711077610652,0.4113560593531777,8589312.0,0.27965377131477,0.3105962621668975,8589312.0,0.2683481809993585,0.2847441187283645,8589312.0,-0.02689463181256239,-0.03840947177510922
8601600.0,0.36849502893164754,0.4060116092053553,8601600.0,0.27447192883118987,0.3077759119216353,8601600.0,0.28790041664615273,0.2837749994980792,8601600.0,-0.04495257810534289,-0.0385648770135352
8613888.0,0.326295407799383,0.3948907942511141,8613888.0,0.2764604240655899,0.30141130729267995,8613888.0,0.2756675169803202,0.2806417192642887,8613888.0,-0.04499452235177159,-0.040376645195768404
8626176.0,0.37254606389130157,0.3838592865969986,8626176.0,0.27149614474425715,0.2958193358654777,8626176.0,0.2865984252033134,0.27888244620213903,8626176.0,-0.04496246424969286,-0.04039467738972841
8638464.0,0.3348705562142034,0.3761799234431237,8638464.0,0.3026950291047494,0.2911495071991036,8638464.0,0.3763418436671297,0.2896065731377651,8638464.0,-0.043834819768865906,-0.04025967282274602
8650752.0,0.3535589498157303,0.36670305298951766,8650752.0,0.27546182507649064,0.2867029606364667,8650752.0,0.3134627817198634,0.2916029774583876,8650752.0,-0.03940931045993542,-0.03968518560977827
8663040.0,0.33617835119366646,0.3623536206005762,8663040.0,0.284353391888241,0.284769265477856,8663040.0,0.2828263225965202,0.2888218933250755,8663040.0,-0.02597343177330913,-0.03777037229532046
8675328.0,0.3326372637723883,0.35610652812756605,8675328.0,0.31419436385234195,0.28732202004951735,8675328.0,0.3012177020621796,0.2930556336262574,8675328.0,-0.04485551209654659,-0.039797373723801384
8687616.0,0.31889166636392474,0.3495022230936835,8687616.0,0.31241982771704596,0.28844819380901754,8687616.0,0.28831535500163835,0.29394574576678373,8687616.0,-0.02768862616358092,-0.038060438375638724
8699904.0,0.30066994080940884,0.3422114336552719,8699904.0,0.2815541410818696,0.28727608476765454,8699904.0,0.3779983695906897,0.30586769144671655,8699904.0,-0.04454227331249664,-0.038810817009410435
8712192.0,0.2679266875299315,0.3312069916321585,8712192.0,0.3277512264127533,0.29208583027745283,8712192.0,0.32888850119585794,0.31192172346636654,8712192.0,-0.04479738305478046,-0.04060109213363224
8724480.0,0.349211464325587,0.3292786351715525,8724480.0,0.29625968588516116,0.29426460598285,8724480.0,0.279648673410217,0.3110965491427729,8724480.0,-0.044769139223111175,-0.04058274824540907
8736768.0,0.3084518904797733,0.32749428343959147,8736768.0,0.3231178489513695,0.29893034847142796,8736768.0,0.29027250145251554,0.3125570475899925,8736768.0,-0.044591273996047676,-0.04054242340983667
8749056.0,0.30159021525954205,0.32039869857641556,8749056.0,0.2969483166622619,0.3014755656632284,8749056.0,0.31938359839841723,0.3158355649095029,8749056.0,-0.043440912889006235,-0.04039026827376802
8761344.0,0.2999733976709346,0.3169089827220887,8761344.0,0.2895654941288133,0.30016261216563483,8761344.0,0.3115839321787159,0.3093597737606615,8761344.0,-0.025520232103493374,-0.038558809507230764
8773632.0,0.3026458020322025,0.3118176679437359,8773632.0,0.3352310528668265,0.3061395349446684,8773632.0,0.3301964004834493,0.31103313563702006,8773632.0,-0.0446722418613111,-0.03908510264736832
8785920.0,0.2989160070816676,0.308091433532536,8785920.0,0.3063699205716451,0.30834118781300884,8785920.0,0.3260811859120925,0.31535862196857734,8785920.0,-0.023951319730258547,-0.03888289144306327
8798208.0,0.29810110991820693,0.3046378181471179,8798208.0,0.2885918542742729,0.3057809368552019,8798208.0,0.4509574292848508,0.3303325946908444,8798208.0,-0.044627133989706635,-0.03886005363237928
8810496.0,0.2975855713399748,0.3025072086447229,8810496.0,0.2823035704592864,0.30276931112942596,8810496.0,0.4668352577524881,0.3481845849659294,8810496.0,-0.04460746500020226,-0.04055193751604141
8822784.0,0.29646072210744023,0.30208628677452604,8822784.0,0.32524477612848085,0.3071383746340871,8822784.0,0.38077734177932143,0.34846248218479253,8822784.0,-0.03319561553265279,-0.03941727173805702
8835072.0,0.29560525498042506,0.3048541435195754,8835072.0,0.2958300174213946,0.3039462537349512,8835072.0,0.4647736811699967,0.36205100018220643,8835072.0,-0.04453792826582988,-0.03939132625916196
8847360.0,0.29698580751816434,0.2996315778388331,8847360.0,0.31620770894611877,0.30594105604104693,8847360.0,0.49678658647462726,0.38376479148864745,8847360.0,-0.04187226324575022,-0.039101638661425867
8859648.0,0.2968575830260913,0.2984721470934649,8859648.0,0.33287035146107274,0.3069163062920173,8859648.0,0.5061496592437228,0.4053525072677682,8859648.0,-0.044419712969101965,-0.0390844825587313
8871936.0,0.29800297304367024,0.29811342287187775,8871936.0,0.3297485411167145,0.31019632873746256,8871936.0,0.5405070224466423,0.42746484967259074,8871936.0,-0.044472404018354915,-0.03918763167166617
8884224.0,0.29393642473345,0.2975097255781293,8884224.0,0.2931346128073831,0.3105532406053196,8884224.0,0.5491703609004617,0.45122349254476524,8884224.0,-0.026078498616698198,-0.03924345832298665
8896512.0,0.30197902023792267,0.29744304739870137,8896512.0,0.29147440241649747,0.30617757556028663,8896512.0,0.4612294000883897,0.4643267925052593,8896512.0,-0.04427688929717988,-0.03920392306657353
8908800.0,0.302165395890673,0.2977679862796019,8908800.0,0.3133082961042722,0.3068714131135494,8908800.0,0.4662369806319475,0.4783423719772448,8908800.0,-0.025886428954133105,-0.03939743398896099
8921088.0,0.2997312140651047,0.2979309966942916,8921088.0,0.30652362992987037,0.3086645906791091,8921088.0,0.40949881728738546,0.47419651077749825,8921088.0,-0.04437464258323113,-0.03937218484831344
8933376.0,0.30166878768553335,0.2983393183288475,8933376.0,0.3235299059500297,0.3127872242281834,8933376.0,0.42508932823936146,0.47002191782618563,8933376.0,-0.043094066165698074,-0.039220844964863014
8945664.0,0.3071292593764762,0.2994061720557511,8945664.0,0.2883985705363254,0.30910260366896786,8945664.0,0.4576234850101173,0.47770653214926523,8945664.0,-0.04380853000717858,-0.040282136412315594
8957952.0,0.30474948650225997,0.3003205952079345,8957952.0,0.27747658484925825,0.30726726041175423,8957952.0,0.39894156095882255,0.4711233201281478,8957952.0,-0.044308777161253,-0.040259221301857905
8970240.0,0.31046564085409045,0.3016685785415272,8970240.0,0.2798257873704036,0.3036290682541828,8970240.0,0.41150203673169017,0.46259486515385406,8970240.0,-0.024687088589416817,-0.03854070383622456
8982528.0,0.3109614825807512,0.3030789684969932,8982528.0,0.3060352951288223,0.30094556262095773,8982528.0,0.3750698526079456,0.4494868844902764,8982528.0,-0.043827819327513375,-0.03848151447206571
8994816.0,0.306517381221056,0.30393040931473175,8994816.0,0.2795438067987561,0.2959250891891618,8994816.0,0.3832844761200249,0.43376462985761466,8994816.0,-0.04420910154779752,-0.038455184225009965
9007104.0,0.30749659255767864,0.30528642609715456,9007104.0,0.3103174509791036,0.2976433730063339,9007104.0,0.41453068392972153,0.42030066216054063,9007104.0,-0.043103548038440444,-0.04015768916718419
9019392.0,0.3075811006128788,0.3058466341346502,9019392.0,0.31469703388089937,0.2999656361527741,9019392.0,0.379249913773189,0.41210271352902056,9019392.0,-0.0441887992589424,-0.04014888016336045
9031680.0,0.3077023783698678,0.30640033238256975,9031680.0,0.28641057418038446,0.2972758639603853,9031680.0,0.43493134062737226,0.40897214952856303,9031680.0,-0.023784187993442174,-0.03993865606729135
12288.0,0.08905605908754903,0.28533281688481416,9043968.0,0.3080926635302603,0.29743276732042434,9043968.0,0.39679127807418507,0.407701395607243,9043968.0,-0.04414879282315572,-0.039916071091283804
24576.0,-1.5519305784255266,0.09997288027370814,9056256.0,0.2761648204177618,0.2926962587671975,9056256.0,0.4120840032895406,0.40640086311226087,9056256.0,-0.04412679587646077,-0.04001934406236008
36864.0,-1.548247454687953,-0.08556479113273477,9068544.0,0.2765435084390144,0.2915107525574664,9068544.0,0.42523363155002397,0.40316187776625156,9068544.0,-0.025036381449657103,-0.038142129206607936
49152.0,-1.551298430810372,-0.27116958286399795,9080832.0,0.27045218242953223,0.29080831231549376,9080832.0,0.37826797862847644,0.40109451953321695,9080832.0,-0.04408314439933747,-0.03811956593041638
61440.0,-1.6775943736235301,-0.46997558431176,9093120.0,0.26906544528901577,0.289732278107355,9093120.0,0.4184861869240801,0.40179293455245596,9093120.0,-0.02587915873543049,-0.03823877294501775
73728.0,-1.7167283470431964,-0.6727445672741548,9105408.0,0.31855972452710074,0.29098472104718287,9105408.0,0.4497827648495634,0.4092642257766177,9105408.0,-0.04405805158118407,-0.03826179617038482
86016.0,-1.6673756080369155,-0.870133866199952,9117696.0,0.32670595388238627,0.2957009357555459,9117696.0,0.48066731666525203,0.41900250983114046,9117696.0,-0.04402799698679397,-0.03824368571428447
98304.0,-1.6522642051180203,-1.0661099459675218,9129984.0,0.31927526571477455,0.29659671722911296,9129984.0,0.42228814618041116,0.41977825605620944,9129984.0,-0.025539900382379226,-0.03648732094867834
110592.0,-1.5957150260607402,-1.2564395586348838,9142272.0,0.27645873588820297,0.29277288742984336,9142272.0,0.46520492155104876,0.4283737568339953,9142272.0,-0.04395154615243276,-0.03646359563802738
122880.0,-1.3958881304909785,-1.4267986095209684,9154560.0,0.36723989698415,0.3008558197102199,9154560.0,0.5642019629788896,0.4413008190691471,9154560.0,-0.043614320418176554,-0.03844660888050081
135168.0,-1.6884478454788525,-1.6045489999776088,9166848.0,0.3354699046661456,0.3035935438238085,9166848.0,0.46203099843114614,0.4478247911048432,9166848.0,-0.03917758906027302,-0.03794948850421254
147456.0,-1.9252218008041382,-1.64187812221547,9179136.0,0.30023626051843166,0.3060006878338754,9179136.0,0.43255285701404017,0.4498716764772932,9179136.0,-0.04391159183190515,-0.03792796809975697
159744.0,-2.0925652608275414,-1.6963099028294284,9191424.0,0.3191348030231893,0.3102598172922929,9191424.0,0.44695497086892527,0.45204381040918334,9191424.0,-0.026512234967716115,-0.03807555345156288
172032.0,-2.1475261015196643,-1.7559326699003577,9203712.0,0.3386997552588582,0.31708457457522554,9203712.0,0.41082969432075817,0.4552999819784115,9203712.0,-0.043798814488885306,-0.038047120460517656
184320.0,-2.1390961284438768,-1.8020828453823925,9216000.0,0.3042075994114081,0.3205987899874647,9216000.0,0.46786128263920546,0.460237491549924,9216000.0,-0.04384789386919389,-0.039843993973894
196608.0,-2.0928222003082433,-1.8396922307088974,9228288.0,0.30622714028383297,0.31936553156313796,9228288.0,0.49511462775990367,0.46477067784095805,9228288.0,-0.024032483295741258,-0.037841437145349724
208896.0,-2.0196357841293016,-1.8749182483181357,9240576.0,0.3372628469951451,0.3204212208744138,9240576.0,0.4792452940406899,0.46462847557850184,9240576.0,-0.04372022188423822,-0.037810659635094154
221184.0,-1.8769798738261063,-1.8973898151889443,9252864.0,0.3089960035867989,0.3193932946616163,9252864.0,0.55031001723061,0.47743066268352174,9252864.0,-0.04253413279851278,-0.0395100828767075
233472.0,-1.8448754474520683,-1.9223058573280771,9265152.0,0.34393051266670227,0.3261404723394662,9265152.0,0.46856048749759793,0.4777662192781767,9265152.0,-0.0398018101695925,-0.039095109278423475
245760.0,-1.8872601961096127,-1.9714430638899405,9277440.0,0.3432740660694738,0.32374388924799863,9277440.0,0.516472899975876,0.4729933129778753,9277440.0,-0.0233852809566694,-0.03707220533227276
258048.0,-1.9370882635315259,-1.9963071056952075,9289728.0,0.32958797722434,0.3231556965038181,9289728.0,0.5133261143540343,0.4781228245701641,9289728.0,-0.0437293832267945,-0.03752738474892491
270336.0,-1.976714118073384,-2.0014563374221326,9302016.0,0.3150726001088818,0.3246393304628631,9302016.0,0.4414640758186579,0.47901394645062584,9302016.0,-0.043704539498624705,-0.037506679515596865
282624.0,-1.9863953031599522,-1.9908393416553736,9314304.0,0.3829211549212535,0.3310179656526695,9314304.0,0.4342499266689022,0.47774344203062347,9314304.0,-0.04367585220218947,-0.0392230412390442
294912.0,-1.9662067852914333,-1.9727074100325503,9326592.0,0.3784181725544234,0.33498980738222606,9326592.0,0.4662732562671105,0.48328779822525875,9326592.0,-0.04362011894894143,-0.03920517168504981
307200.0,-1.926668566962083,-1.951464653884371,9338880.0,0.34155036384860676,0.3387240838259459,9338880.0,0.4506356318791707,0.48156523314925526,9338880.0,-0.039868415236317865,-0.03880722382176221
319488.0,-1.8875923566520214,-1.9309416695187487,9351168.0,0.366033014220496,0.3447046712196121,9351168.0,0.43698377317438525,0.4757521476907035,9351168.0,-0.024295259142187813,-0.038833501406406866
331776.0,-1.8543958105146885,-1.9144176721572876,9363456.0,0.38007406719649833,0.34898579323974743,9363456.0,0.4149961754058798,0.46932723582722247,9363456.0,-0.04357070231344551,-0.0388185494493276
344064.0,-1.8055654702087243,-1.907276231795549,9375744.0,0.3356986688449979,0.35165605976556735,9375744.0,0.40459286064530414,0.45475552016869186,9375744.0,-0.0435580809523041,-0.03892094426470673
356352.0,-1.7653834410011768,-1.8993270311504602,9388032.0,0.35685087492068607,0.35294809599096577,9388032.0,0.4302477608434856,0.45092424750328064,9388032.0,-0.043532745873865984,-0.03929403783513408
368640.0,-1.7291235749920209,-1.8835133690387007,9400320.0,0.3333314342113833,0.3519538328051567,9400320.0,0.39822958254565793,0.43909991576025886,9400320.0,-0.04350560833700001,-0.04130607057316714
380928.0,-1.6495510581880808,-1.8547596485043563,9412608.0,0.3190574194304645,0.35090077702576916,9412608.0,0.38645022300382453,0.42641232662523787,9412608.0,-0.023826074161964545,-0.03931573966668414
393216.0,-1.5860175689061482,-1.815689993587633,9424896.0,0.3123019589111209,0.35062371290599303,9424896.0,0.4180613754627605,0.42407205658964814,9424896.0,-0.03123502437180529,-0.038068788154002206
405504.0,-1.515018882850806,-1.7685523515567183,9437184.0,0.3150107536154489,0.3438326727754126,9437184.0,0.39716392382979393,0.42036345630573735,9437184.0,-0.04345796773365388,-0.03804699970714864
417792.0,-1.4761568990846474,-1.7195473629360396,9449472.0,0.34463813668116927,0.3404546691880872,9449472.0,0.3816873735437791,0.4119048680334042,9449472.0,-0.043237167255332075,-0.03800870453778771
430080.0,-1.4506597593426704,-1.6719464821740986,9461760.0,0.3572310997794072,0.34202274278116723,9461760.0,0.4200723989245792,0.408848544737945,9461760.0,-0.042414300745197885,-0.03826329308867571
442368.0,-1.436857885370652,-1.6268730350459617,9474048.0,0.36485726820925873,0.34190516818004346,9474048.0,0.3833493096753955,0.403485098388046,9474048.0,-0.043363222697128855,-0.04017008944416981
454656.0,-1.4205375326176484,-1.5834872072562576,9486336.0,0.3314746787461142,0.3370452293350051,9486336.0,0.3735833978280425,0.3993438206302623,9486336.0,-0.04335053979108731,-0.04014807319193399
466944.0,-1.3803396423657734,-1.5409646244719624,9498624.0,0.4016381734982133,0.3436391798003266,9498624.0,0.37976391163344186,0.39686092572907605,9498624.0,-0.043322483582111694,-0.04012451345491476
479232.0,-1.2653475385159254,-1.4909610342234374,9510912.0,0.3967733920241396,0.347631431510672,9510912.0,0.38819632353261113,0.3926557819979886,9510912.0,-0.022555967788017977,-0.03802683564632996
491520.0,-1.2903987715641658,-1.447088553880652,9523200.0,0.4819143321365118,0.36248972130318485,9523200.0,0.36939833701277774,0.3897726574447006,9523200.0,-0.04160257176651309,-0.03783653198928126
503808.0,-1.3681801470617454,-1.418951462768018,9535488.0,0.4306513882863025,0.3736491181887686,9535488.0,0.37855117752527195,0.38898275289684536,9535488.0,-0.026156512217615575,-0.038069575794846364
516096.0,-1.455239124596119,-1.4058736183370153,9547776.0,0.42209986473123234,0.38462890877077976,9547776.0,0.39537710572282475,0.38671432592285176,9547776.0,-0.03314714352988327,-0.038260787710654165
528384.0,-1.5462553116182487,-1.4089972612137596,9560064.0,0.3805079055018723,0.3911786239594221,9560064.0,0.367379950825125,0.38373592862238487,9560064.0,-0.04322409781161696,-0.03823740071845047
540672.0,-1.606133750329415,-1.4219949463382364,9572352.0,0.4107503440851967,0.3977898446998248,9572352.0,0.3557396231529613,0.38114115358330314,9572352.0,-0.04321942571550608,-0.03823562656446787
552960.0,-1.642164457589388,-1.4411454161629078,9584640.0,0.49569309145833057,0.41163604386771724,9584640.0,0.3438463192433119,0.3735185456151764,9584640.0,-0.043191630470876895,-0.03831335953703577
565248.0,-1.6596145344277222,-1.4634210810686152,9596928.0,0.497959868516773,0.4249463038984686,9596928.0,0.3365518085968991,0.3688387955073268,9596928.0,-0.04316383864109715,-0.038293421131432595
577536.0,-1.6661829265455406,-1.4879856204614044,9609216.0,0.5159071691644689,0.44338955294030413,9609216.0,0.34737753014390665,0.3662182087389132,9609216.0,-0.02299366384856209,-0.03625773353718008
589824.0,-1.6681093188623588,-1.5167625881110627,9621504.0,0.5314899138174951,0.4563747269722323,9621504.0,0.3429434473315875,0.36253616230872765,9621504.0,-0.04306415487856915,-0.03623190066682582
602112.0,-1.6657972087462742,-1.5568075551340979,9633792.0,0.470016423612833,0.4636990301311016,9633792.0,0.3325700592249632,0.35697353587796293,9633792.0,-0.022905568988790037,-0.03626686078690303
614400.0,-1.6590091722706954,-1.5936685952047507,9646080.0,0.45698705812295276,0.46120630272974567,9646080.0,0.3378158120128016,0.35381528337796525,9646080.0,-0.04309156571980566,-0.03641576018223229
626688.0,-1.6500207496186097,-1.621852655460437,9658368.0,0.4330478785559535,0.4614459517567108,9658368.0,0.4201532026442389,0.35797548588986194,9658368.0,-0.04307785478886217,-0.03810789443935695
638976.0,-1.6430181004106998,-1.6406305530418954,9670656.0,0.45596416884412366,0.46483238216799994,9670656.0,0.3595969877205789,0.35439747408963734,9670656.0,-0.04305059334728867,-0.03909823942109748
651264.0,-1.634482021133105,-1.649453223993381,9682944.0,0.5406688611644009,0.4808484777342528,9682944.0,0.3456626511178911,0.352225744118914,9682944.0,-0.043023229227401316,-0.039078152562675925
663552.0,-1.6227291623751323,-1.6511127651979525,9695232.0,0.4513088893145323,0.4849043322571863,9695232.0,0.366449785263588,0.3532967603299767,9695232.0,-0.022816732927215828,-0.0370378832838469
675840.0,-1.6114009643594425,-1.648036415874958,9707520.0,0.4981184136122465,0.485146864472578,9707520.0,0.335868947673589,0.3524990231730044,9707520.0,-0.02974065327240775,-0.03569278556399998
688128.0,-1.600772502521674,-1.642152212684353,9719808.0,0.4348418678467472,0.4788350644055754,9719808.0,0.33175605814903975,0.3520194481282185,9719808.0,-0.04127753167025124,-0.03550415486691539
700416.0,-1.5918926782906055,-1.6347231878588595,9732096.0,0.42137263156473637,0.4693816106456021,9732096.0,0.37337659237285453,0.35461935435111325,9732096.0,-0.042452229924189545,-0.03745001147447814
712704.0,-1.5865552574396133,-1.6265677817165851,9744384.0,0.4486864064820111,0.4611012599120537,9744384.0,0.33475858345627785,0.35380086796358234,9744384.0,-0.0429271140601486,-0.03743630739263608
724992.0,-1.5811555422842503,-1.618103615070383,9756672.0,0.4467585931221644,0.45877547686298686,9756672.0,0.32814601017162204,0.35335846305824814,9756672.0,-0.04290511917012433,-0.039436262410769515
737280.0,-1.5762275258700054,-1.6098254504303138,9768960.0,0.39819111162796617,0.4528958822134882,9768960.0,0.3332763377887507,0.3529045156358431,9768960.0,-0.042878281557932496,-0.039414933994582194
749568.0,-1.5694035316507022,-1.601763728633523,9781248.0,0.3877227595075965,0.44836337030865253,9781248.0,0.3272690265439451,0.3436160980258137,9781248.0,-0.02231596714288268,-0.037338745229984246
761856.0,-1.562405242274205,-1.5937024428198734,9793536.0,0.37586033654709655,0.4403529870789498,9793536.0,0.31512610319380957,0.3391690095731368,9793536.0,-0.04283136664889753,-0.03731682256014513
774144.0,-1.5567987027267616,-1.585934110979239,9805824.0,0.4385588526104887,0.4301419862235586,9805824.0,0.3101228754967451,0.33561503201102216,9805824.0,-0.03456357263106232,-0.03647085690051123
786432.0,-1.5526386586328347,-1.5789250606050094,9818112.0,0.38102726933235925,0.4231138242253413,9818112.0,0.3215131003720065,0.33112136352186405,9818112.0,-0.03205577780803045,-0.03739476138859269
798720.0,-1.5477885864675045,-1.5725638228158156,9830400.0,0.4057942416208486,0.41388140702620146,9830400.0,0.30782102638234693,0.32831657139273984,9830400.0,-0.04276375969250997,-0.03869707203060291
811008.0,-1.540997142593066,-1.5665862868229548,9842688.0,0.390531243601193,0.4094503446016461,9842688.0,0.3137472855548064,0.32651569413331644,9842688.0,-0.04276684353438517,-0.0388460032170163
823296.0,-1.5068684617678325,-1.5580838651706774,9854976.0,0.37522076225529116,0.40483515767070155,9854976.0,0.3068699687719345,0.31986503177322445,9854976.0,-0.04274007002823055,-0.0388747872274204
835584.0,-1.4859367236495018,-1.5480220117916663,9867264.0,0.3567977274457614,0.39564628976707655,9867264.0,0.29858701629564166,0.31624787505716084,9867264.0,-0.042713212741849325,-0.03885339709559048
847872.0,-1.46650701140364,-1.5365571587036053,9879552.0,0.3336997328636547,0.3843404037412256,9879552.0,0.2943108365871012,0.3128643576987088,9879552.0,-0.021503593155406026,-0.03671324449411865
860160.0,-1.45003521318237,-1.523937927434842,9891840.0,0.37440806441009045,0.38196209901943806,9891840.0,0.2902987871008615,0.3085666026299198,9891840.0,-0.022351553079109483,-0.03466057164623635
872448.0,-1.4343841535349686,-1.5104359896232684,9904128.0,0.42328441437954706,0.38551826450663307,9904128.0,0.2890200132193665,0.304741701297462,9904128.0,-0.04210658555772776,-0.036639633487720855
884736.0,-1.4142398610711098,-1.495619451502959,9916416.0,0.4025295446626842,0.3881851853181918,9916416.0,0.2854389843220512,0.30177298941028613,9916416.0,-0.04256618147095045,-0.036613114969926155
897024.0,-1.3944966693719227,-1.479389248167475,9928704.0,0.40493182046338916,0.3848224821034819,9928704.0,0.28303606032083434,0.29906430789269506,9928704.0,-0.042632224038243294,-0.03741998011064425
909312.0,-1.3781074744959672,-1.4619361297537885,9940992.0,0.37101030551518005,0.383820785721764,9940992.0,0.28281627238417667,0.29519462509391203,9940992.0,-0.04260719598581394,-0.03847512192842259
921600.0,-1.3668084939320881,-1.4438381205002468,9953280.0,0.3554883785545826,0.37879019941513736,9953280.0,0.2794031739855806,0.29235283985423544,9953280.0,-0.04258091693433622,-0.03845683765260523
933888.0,-1.3519286786516507,-1.4249312741061053,9965568.0,0.3642122137049834,0.3761582964255164,9965568.0,0.2868801249812047,0.2896661237968753,9965568.0,-0.022102439797890838,-0.036390397278955794
946176.0,-1.3359892753263314,-1.4078433554619552,9977856.0,0.35696815652772784,0.37433303585276007,9977856.0,0.2800415490443508,0.28698328182411686,9977856.0,-0.04253051620131979,-0.03636944189626472
958464.0,-1.3260947993646066,-1.3918591630334656,9990144.0,0.4110752794270714,0.3797607910508911,9990144.0,0.28183675759161514,0.28530825595371423,9990144.0,-0.03734120507336532,-0.03583224112941631
970752.0,-1.3198929199328024,-1.3771977538863818,10002432.0,0.45925617947553593,0.39231643571207925,10002432.0,0.28215256131564576,0.28409242842656873,10002432.0,-0.03954906100019192,-0.037636787913894895
983040.0,-1.311709084858497,-1.3633651410539946,10014720.0,0.40235005551949143,0.39511063482301934,10014720.0,0.28136775037273765,0.28319932475375637,10014720.0,-0.04247039901868751,-0.0396486725078527
995328.0,-1.3012894360969465,-1.3500556693101922,10027008.0,0.43367598578333855,0.39614979196339845,10027008.0,0.281953572606047,0.2824926806924244,10027008.0,-0.042458961135707796,-0.0396839100656507
1007616.0,-1.2941466712703307,-1.3380463503301143,10039296.0,0.4301182506605983,0.39890866256318985,10039296.0,0.29019499057903886,0.2829682813181231,10039296.0,-0.042432876536622643,-0.03967057957221793
1019904.0,-1.2842069442073505,-1.327017377813657,10051584.0,0.4333060896024108,0.401746089477092,10051584.0,0.2778090969659388,0.2824455849826336,10051584.0,-0.04240631917491555,-0.03964798908588515
1032192.0,-1.280925028026104,-1.3172991331666706,10063872.0,0.4088072969267766,0.40552578861825167,10063872.0,0.28206940631692606,0.2823708983759085,10063872.0,-0.02163948557184388,-0.03755121804448815
1044480.0,-1.275654638806979,-1.3081837476541598,10076160.0,0.3784095145141085,0.4078179022142042,10076160.0,0.3046642739015321,0.2848970083675037,10076160.0,-0.022850344406227425,-0.03557816079167726
1056768.0,-1.2720528282225132,-1.300196162611246,10088448.0,0.3682467831919591,0.4082213591629018,10088448.0,0.2910383379397293,0.28531282966335614,10088448.0,-0.02694535944222783,-0.03606245275611096
1069056.0,-1.2664684988558292,-1.293244084964196,10100736.0,0.3645847903875013,0.40898302254887914,10100736.0,0.28182911640033126,0.28549158639895417,10100736.0,-0.042338811326771975,-0.03604328226865618
1081344.0,-1.2583598370353382,-1.286470588731269,10113024.0,0.34923563168073696,0.40279905777424574,10113024.0,0.27112224558368325,0.284420135198161,10113024.0,-0.04234591929707676,-0.03654375369102733
1093632.0,-1.2526012926052015,-1.279741425998509,10125312.0,0.3390423778134088,0.390777677608033,10125312.0,0.27598002754772705,0.2838028818213691,10125312.0,-0.04232047211068372,-0.036820894802076516
1105920.0,-1.2467512525618076,-1.27324564276884,10137600.0,0.35988570827369887,0.3865312428834538,10137600.0,0.26757728044564527,0.28242383482865985,10137600.0,-0.042294782625200845,-0.036803333162727846
1118208.0,-1.2326207462077339,-1.2663787737799188,10149888.0,0.3378050089813769,0.37694414520325764,10149888.0,0.2654527951963246,0.28077375708768765,10149888.0,-0.022494468683968687,-0.03480688391755393
1130496.0,-1.2332654452572267,-1.2602906511786085,10162176.0,0.32372941200931865,0.3663052613381297,10162176.0,0.26462206508343417,0.2782164645381272,10162176.0,-0.025170849226318143,-0.03308068118652348
1142784.0,-1.2242330703884363,-1.2542932637967168,10174464.0,0.314486567551891,0.3544233091330776,10174464.0,0.2628995811877151,0.2767255129603049,10174464.0,-0.03794824983924627,-0.03263487425295655
1155072.0,-1.2117588908101122,-1.2473766500751178,10186752.0,0.33273012066880864,0.3468155915072808,10186752.0,0.3026492482361694,0.27878349715222916,10186752.0,-0.029067125006501254,-0.033377638196422296
1167360.0,-1.2164177695910137,-1.2414529631535212,10199040.0,0.3830190376999478,0.3472765438258648,10199040.0,0.30313150739918154,0.2786302205019941,10199040.0,-0.04220349702518433,-0.03531295345831798
1179648.0,-1.2092142564555008,-1.23516910597682,10211328.0,0.3765800162218511,0.34810986712885394,10211328.0,0.2685879869386554,0.2763851854018867,10211328.0,-0.04220722650643438,-0.03683914016473864
1191936.0,-1.2011318647613127,-1.2286354425673685,10223616.0,0.3499049791134894,0.3466418860014528,10223616.0,0.2610916718840599,0.27431144095025956,10223616.0,-0.04218167889242371,-0.03682342692130381
1204224.0,-1.1793046444654465,-1.2207299233103792,10235904.0,0.3393007512204349,0.34564839795542257,10235904.0,0.2599708588483433,0.27319630227672553,10235904.0,-0.021465290597310133,-0.03473536405132714
1216512.0,-1.184264072527488,-1.213896201302608,10248192.0,0.3575762735369305,0.3475017875277748,10248192.0,0.25957787766431767,0.27155608728838465,10248192.0,-0.029595885454909876,-0.03346290538574976
1228800.0,-1.1761847663049896,-1.2068395526769262,10260480.0,0.31850660825148225,0.3433638775255531,10260480.0,0.2538299468966822,0.27018135393348836,10260480.0,-0.042110678972676396,-0.033444495020497324
1241088.0,-1.1321149251113336,-1.196788970567286,10272768.0,0.34271553810685873,0.3438549304381013,10272768.0,0.25026512145996094,0.2686625865598519,10272768.0,-0.03582705023776119,-0.03477775317587657
1253376.0,-1.097076328471303,-1.1831700588886938,10285056.0,0.31053910513098043,0.3425358997502675,10285056.0,0.2965279871908327,0.27185317877059184,10285056.0,-0.03176657931180671,-0.035437326184425424
1265664.0,-1.0809417876104515,-1.168840930610895,10297344.0,0.30147089700525004,0.3412343326956034,10297344.0,0.2946231442814072,0.2750255350799611,10297344.0,-0.04208160211176922,-0.03585066141167772
1277952.0,-1.106492328767975,-1.1583142744066817,10309632.0,0.32730691398804385,0.3406920120275269,10309632.0,0.26784227741882205,0.2715448379982263,10309632.0,-0.04206509682505081,-0.03715045859353268
1290240.0,-1.1602526176720858,-1.152697759214789,10321920.0,0.35851853402952355,0.3382419616604845,10321920.0,0.2961984402500093,0.2708515312833091,10321920.0,-0.03844985396911701,-0.03677509428792595
1302528.0,-1.223860136543711,-1.1541623472236098,10334208.0,0.3548195728411277,0.33606591732241214,10334208.0,0.2715565479981403,0.2711483873892575,10334208.0,-0.021230085445495206,-0.03467738018183202
1314816.0,-1.2383743307242792,-1.157886593819906,10346496.0,0.34999415775140125,0.3360748351862034,10346496.0,0.26345463609322906,0.27138468381017444,10346496.0,-0.041969797651593886,-0.034656192057749044
1327104.0,-1.2408286792536576,-1.1640389972987275,10358784.0,0.3280242026473085,0.3349471803288907,10358784.0,0.260570222667108,0.2714446201920509,10358784.0,-0.04199430835433304,-0.036709093833451334
1339392.0,-1.272835395609339,-1.1728961296069127,10371072.0,0.3541911157468955,0.33460866454988714,10371072.0,0.25728478794917464,0.2712153112205366,10371072.0,-0.023660985604995705,-0.036115603848459917
1351680.0,-1.2955582501987617,-1.1848334779962897,10383360.0,0.3435327719586591,0.3371112809206048,10383360.0,0.2587934929567079,0.27171166582653916,10383360.0,-0.04017667198786512,-0.035922203149978786
1363968.0,-1.2925346133609612,-1.2008754468212524,10395648.0,0.3139544289248685,0.3342351700024058,10395648.0,0.24994296968604127,0.2716794506491472,10395648.0,-0.04184133023954928,-0.036523631150157596
1376256.0,-1.2853292984267075,-1.219700743816793,10407936.0,0.360462151778241,0.3392274746671319,10407936.0,0.2511057968561848,0.2671372316156825,10407936.0,-0.04191540332976729,-0.03753851355195366
1388544.0,-1.2722149280210335,-1.2388280578578512,10420224.0,0.3571903688522677,0.34479942185183365,10420224.0,0.2498027547262609,0.26265519266016785,10420224.0,-0.01896139423539959,-0.03522649276431669
1400832.0,-1.2546170173833768,-1.2536405267193913,10432512.0,0.3248675238961975,0.34455548284264903,10432512.0,0.2521667346979181,0.2610876383880774,10432512.0,-0.041812902122425534,-0.03520127329405417
1413120.0,-1.241661489630739,-1.2617814139152563,10444800.0,0.31252777654056746,0.3399564070937534,10444800.0,0.24702180890987316,0.25616997525406376,10444800.0,-0.041871447154941656,-0.035543432612636636
1425408.0,-1.2340724964936574,-1.2628026499102512,10457088.0,0.298455573618412,0.3343200071714819,10457088.0,0.2490068858799835,0.2539150090422481,10457088.0,-0.04184722756811728,-0.037605146824898836
1437696.0,-1.2170375225444634,-1.2606689690922699,10469376.0,0.28441327686111134,0.3277619190824529,10469376.0,0.2812671943878134,0.2556962648717066,10469376.0,-0.026435624805647723,-0.036051729540304216
1449984.0,-1.2178661512831848,-1.2583727162952223,10481664.0,0.3108282641818126,0.32604232523590326,10481664.0,0.25282636331394315,0.2549218789363901,10481664.0,-0.02952958948056524,-0.034805257652927434
1462272.0,-1.2095831856131554,-1.252047495295604,10493952.0,0.28832423066099483,0.31945563672731325,10493952.0,0.29075794760137796,0.2582691949016104,10493952.0,-0.041100029135122895,-0.03654916200594016
1474560.0,-1.1989440216372411,-1.242386072439452,10506240.0,0.27671955960492295,0.3127743154919396,10506240.0,0.2461960477133592,0.2570094503772756,10506240.0,-0.041773225219609834,-0.036708817329114636
1486848.0,-1.1895462206254404,-1.2320872331658999,10518528.0,0.3110820065873365,0.31248707325818637,10518528.0,0.24716177334388098,0.25673133074305954,10518528.0,-0.02310003756065271,-0.03483468806122498
1499136.0,-1.1815194332351286,-1.221706246646742,10530816.0,0.2871547834947705,0.3051563364298393,10530816.0,0.2420611777342856,0.2558268688308696,10530816.0,-0.041744739981368184,-0.03481762172638506
1511424.0,-1.163696330351134,-1.210854386879752,10543104.0,0.2742273439653218,0.2968600339411448,10543104.0,0.24530138354748487,0.255376731712992,10543104.0,-0.04173088461781541,-0.03709457076462665
1523712.0,-1.165297317629059,-1.2019224169043206,10555392.0,0.26364697872971493,0.29073797942449653,10555392.0,0.27187861533214647,0.25734791977641486,10555392.0,-0.041217338177375495,-0.03703501437012165
1536000.0,-1.1522259122381608,-1.1929788591650625,10567680.0,0.2644236912019551,0.2859275708906353,10567680.0,0.25090051007767517,0.257735789893195,10567680.0,-0.02095327203520962,-0.03494319685814844
1548288.0,-1.1419551031043131,-1.183767119826128,10579968.0,0.2665101527236402,0.2827330288011581,10579968.0,0.27925995364785194,0.2607610966699819,10579968.0,-0.01982330857087315,-0.03274080495842403
1560576.0,-1.1240501919140418,-1.174468386763086,10592256.0,0.28094672597944736,0.28238637371299163,10592256.0,0.2866590342794855,0.26130028065914906,10592256.0,-0.04167745991920432,-0.034264988469779684
1572864.0,-1.1239945720881224,-1.1650812288435797,10604544.0,0.3082034857943654,0.28212389587424697,10604544.0,0.26428250471750897,0.26244589479950564,10604544.0,-0.041028621121464916,-0.03541489163386965
1585152.0,-1.095953702305754,-1.1537182805128396,10616832.0,0.2706936253234744,0.28036083534049494,10616832.0,0.31261469470337033,0.2646315695097049,10616832.0,-0.03978621290298179,-0.03528351001065554
1597440.0,-1.0746261120463412,-1.1412864895537496,10629120.0,0.3141384134069085,0.2841027207206935,10629120.0,0.3348943123904367,0.2735013959774127,10629120.0,-0.041612058819737285,-0.03526739337066829
1609728.0,-1.0554964449256659,-1.127881511983772,10641408.0,0.33193504499892396,0.28618802456185216,10641408.0,0.30909038552393514,0.2796942571954181,10641408.0,-0.04158939469683295,-0.03711632908428631
1622016.0,-1.0674263077477615,-1.1164721994350353,10653696.0,0.33658327208831906,0.291130873421207,10653696.0,0.27051862437898916,0.2825400018598884,10653696.0,-0.020147876739429194,-0.03495664276009241
1634304.0,-1.0558089449380834,-1.1056834608937303,10665984.0,0.30532160323734087,0.29424029934840895,10665984.0,0.30561990089093644,0.2885718535942336,10665984.0,-0.041549971618223935,-0.03493855146013326
1646592.0,-1.0358966576556365,-1.092743394896388,10678272.0,0.29349216058229405,0.2972248175336669,10678272.0,0.29364942650621134,0.2907489347116401,10678272.0,-0.030981278861872852,-0.033914945528583
1658880.0,-0.9931064117699862,-1.0768314448495706,10690560.0,0.3573961329335968,0.30652206170683105,10690560.0,0.263833306885014,0.29204221439237393,10690560.0,-0.03156612483629336,-0.034976230808691375
1671168.0,-1.0077714587872226,-1.0634130804178616,10702848.0,0.3557128016836941,0.31544232660283644,10702848.0,0.2992300579013924,0.294039224817728,10702848.0,-0.04149505301999549,-0.037143405253603615
1683456.0,-0.9810434986526767,-1.0491124110917251,10715136.0,0.3328850753605366,0.3206361615409454,10715136.0,0.2825822609787186,0.2936315474876513,10715136.0,-0.025755283068671513,-0.03555118756855034
1695744.0,-0.9258184544742107,-1.0292947993303339,10727424.0,0.35520830921207863,0.3253366438827167,10727424.0,0.3166778463249405,0.2988710816483945,10727424.0,-0.041474981155867376,-0.03559582357199058
1708032.0,-0.9338478781282902,-1.0130842169125875,10739712.0,0.37613794347271323,0.3358810756976406,10739712.0,0.3472873632175227,0.30233834849980973,10739712.0,-0.04146611659477154,-0.03576381394116955
1720320.0,-0.9577036444097757,-1.0013919701489309,10752000.0,0.3220864840162297,0.33667588275857274,10752000.0,0.3159884161626299,0.300447758877029,10752000.0,-0.01794918448649696,-0.03339752650784551
1732608.0,-0.9488660873224338,-0.9907289343886079,10764288.0,0.3363270723881821,0.3371150854974985,10764288.0,0.28330947101737064,0.29786966742637255,10764288.0,-0.04139000978708888,-0.033377588016871115
1744896.0,-1.0347278357173006,-0.9874590871855616,10776576.0,0.30092886555939913,0.3335496448446065,10776576.0,0.2706491358888646,0.2978827185773601,10776576.0,-0.022175081862466566,-0.03358030852917485
1757184.0,-1.090596579015255,-0.9909378505932788,10788864.0,0.3347367141395807,0.3364911559348305,10788864.0,0.26267566190411645,0.29358829467867814,10788864.0,-0.04139648533115784,-0.03356495990046825
1769472.0,-1.0694497851654887,-0.994293163344264,10801152.0,0.32367029941330355,0.33950896981793144,10801152.0,0.267440094302098,0.29096736145826674,10801152.0,-0.04137867815249289,-0.034604699829530246
1781760.0,-1.0842121442159016,-1.0034037365888557,10813440.0,0.3022277106841405,0.3339921275929858,10813440.0,0.32820551143959165,0.2974045819137245,10813440.0,-0.038326911065572254,-0.035280778452458125
1794048.0,-1.1385778337717056,-1.016484374087304,10825728.0,0.28875461174175143,0.32729630859879155,10825728.0,0.28338517947122455,0.29582009407070775,10825728.0,-0.041340082903237395,-0.035265281440782316
1806336.0,-1.1583732872580488,-1.0342173529478411,10838016.0,0.273852549182872,0.3213930559810251,10838016.0,0.2784425353941818,0.2954061215122541,10838016.0,-0.04132958910971259,-0.03682271204488642
1818624.0,-1.185270441385607,-1.0601625516389805,10850304.0,0.26293369149789214,0.31216559420960643,10850304.0,0.27113074095298845,0.2908514109750589,10850304.0,-0.01816928928262011,-0.034492142857561706
1830912.0,-1.2034344921509426,-1.0871212130412458,10862592.0,0.2657691463828087,0.301128714500616,10862592.0,0.2619391886206965,0.28231659351537625,10862592.0,-0.03359105381726598,-0.03370463657981115
1843200.0,-1.1788107653458912,-1.1092319251348575,10874880.0,0.2755460790358484,0.2964746740025779,10874880.0,0.2635724622135361,0.2770749981204669,10874880.0,-0.04128220526035875,-0.03603793865719733
1855488.0,-1.1971033280715346,-1.1340556492097675,10887168.0,0.25855262065306306,0.288697228829066,10887168.0,0.2648381358012557,0.2752278645988554,10887168.0,-0.04127095113896454,-0.03602603279238489
1867776.0,-1.1900140739356477,-1.1495842730316022,10899456.0,0.25435239790628356,0.2840395820637544,10899456.0,0.2550220477084319,0.2736651557808121,10899456.0,-0.028999715655421216,-0.03670849617168036
1880064.0,-1.1993289965515335,-1.16045751478523,10911744.0,0.2664736282701294,0.27721327347680924,10911744.0,0.2607663337451716,0.2734742229649176,10911744.0,-0.0412371457205154,-0.03669256221061611
1892352.0,-1.2024820471803348,-1.1737607409867148,10924032.0,0.2852472113445401,0.27337096466993294,10924032.0,0.3015508839550118,0.276885301930209,10924032.0,-0.041214588893732675,-0.036676153284740096
1904640.0,-1.138964396590988,-1.179235966224223,10936320.0,0.2692675961491962,0.2700749532164385,10936320.0,0.3055075217659275,0.27461550296284254,10936320.0,-0.04119207145413384,-0.03696266932359625
1916928.0,-1.1620256633808215,-1.181580749185135,10948608.0,0.2561031624985238,0.26680980829211576,10948608.0,0.2780810010929902,0.2740850851250191,10948608.0,-0.017713932568464468,-0.03460005429011896
1929216.0,-1.1188688607265551,-1.1776303065319857,10960896.0,0.24333337120090923,0.26375789049391946,10960896.0,0.3065034840255976,0.27689117998816076,10960896.0,-0.04101270999914656,-0.034568366379062354
1941504.0,-1.1502947906653087,-1.1741327414599556,10973184.0,0.29432845674455166,0.2668973670185854,10973184.0,0.2805399169834952,0.2778320975912114,10973184.0,-0.041147715819533914,-0.036866209032753734
1953792.0,-1.0506222750991583,-1.1588515197547773,10985472.0,0.30348850693553686,0.2706693030738582,10985472.0,0.3495390851361056,0.2865920872427523,10985472.0,-0.017658590471304098,-0.035272962698157544
1966080.0,-1.0127616366371512,-1.1422466068839032,10997760.0,0.3107811693723003,0.2741928121075034,10997760.0,0.28885450835029286,0.289120291856428,10997760.0,-0.0411256201332435,-0.03525730418544602
1978368.0,-0.9954459881410003,-1.12208087289085,11010048.0,0.29893093276768923,0.27823064331896596,11010048.0,0.2888142508454621,0.29151790336084865,11010048.0,-0.041106517640097685,-0.035240860835559336
1990656.0,-0.815794985430936,-1.0846589640403788,11022336.0,0.3377361345725755,0.2865690169855952,11022336.0,0.31949798529967666,0.2979654971199731,11022336.0,-0.04108371661277488,-0.036449260931294705
2002944.0,-0.9391302627821764,-1.058639090663443,11034624.0,0.2977636170883973,0.28969801586742205,11034624.0,0.2847160065236191,0.30036046439781783,11034624.0,-0.04106084841381138,-0.0364316312006243
2015232.0,-0.9098038940380017,-1.0293712753492097,11046912.0,0.28310855648790795,0.28948415038175884,11046912.0,0.34927177770684165,0.30513255377300086,11046912.0,-0.018262715436624905,-0.03413644385491352
2027520.0,-0.8961188346147537,-1.0050867191515862,11059200.0,0.26983172151570517,0.2895405629184097,11059200.0,0.3130594363125662,0.3058877452276647,11059200.0,-0.0410300107129539,-0.03412023778079552
2039808.0,-0.8155652390172085,-0.9704406767152249,11071488.0,0.3182042351303001,0.2957506701815874,11071488.0,0.32920722632358473,0.31100036775072415,11071488.0,-0.04101689608069137,-0.03645053413201822
2052096.0,-0.7015493496631583,-0.9287087256088855,11083776.0,0.3009875489709278,0.3015160879585892,11083776.0,0.37455056902642053,0.31780507625080645,11083776.0,-0.03791251580696553,-0.03614051471280012
2064384.0,-0.7045170158768693,-0.8841309481300413,11096064.0,0.29470956372097135,0.30155419865623123,11096064.0,0.29598477948457,0.31934956250091395,11096064.0,-0.04096631152788177,-0.0361223742836349
2076672.0,-0.5592923757309715,-0.8349979581932226,11108352.0,0.32773400750011206,0.3039787487126887,11108352.0,0.32818470693503815,0.31721412468080723,11108352.0,-0.04095283930655569,-0.03845179916716006
2088960.0,-0.6253502412388722,-0.7962568186533948,11120640.0,0.3218274445583423,0.3050833762312929,11120640.0,0.3147932728752494,0.3198080011333029,11120640.0,-0.040930207760538906,-0.0384322579298896
2101248.0,-0.5395518022899827,-0.7506674000682929,11132928.0,0.29009947103137773,0.3042002300576617,11132928.0,0.34611853522559005,0.3255384295713156,11132928.0,-0.016707760182422742,-0.03599238218412211
2113536.0,-0.3692169285689791,-0.7060095943820972,11145216.0,0.2743863131230076,0.29786524791270497,11145216.0,0.33509297172228497,0.3270979282135765,11145216.0,-0.040051836733861514,-0.035889194196230774
2125824.0,-0.38950710464268923,-0.6510472785681485,11157504.0,0.2669142954982817,0.29478031575369334,11157504.0,0.30171283101662993,0.3287976106628775,11157504.0,-0.04088981459305311,-0.03587209081415495
2138112.0,-0.23659164862086376,-0.5837260540264348,11169792.0,0.2610894649599989,0.29257840660090245,11169792.0,0.286224945448339,0.3224929274370273,11169792.0,-0.0331363560205015,-0.03735945487254261
2150400.0,-0.36450000666081905,-0.5305641712310413,11182080.0,0.31282591773197055,0.296877826222529,11182080.0,0.2852372182533145,0.3197107056311021,11182080.0,-0.04085316025884822,-0.03734176982713204
2162688.0,-0.16094225365668535,-0.46510187269498904,11194368.0,0.26845065830275416,0.2919024685397744,11194368.0,0.33275955729186535,0.3200659387279302,11194368.0,-0.04083122534211725,-0.03732320275327462
2174976.0,-0.11859405599534512,-0.40680634332820775,11206656.0,0.2606243131061395,0.2878661449532956,11206656.0,0.32845338915164274,0.3154562207404524,11206656.0,-0.040808950104595475,-0.03761284618303762
2187264.0,-0.3492376289019982,-0.3712784046307206,11218944.0,0.24670830043032765,0.2830660186242312,11218944.0,0.3080123436326782,0.31665897715526314,11218944.0,-0.040786272555124015,-0.037594842285761834
2199552.0,-0.25493641290813684,-0.3408428083484371,11231232.0,0.24515466826657453,0.2748080847008775,11231232.0,0.3256140562395255,0.31640191208571194,11231232.0,-0.018779644177508697,-0.03537752277285715
2211840.0,-0.29007150294880074,-0.30731493451943004,11243520.0,0.23889224184677005,0.2665145644297202,11243520.0,0.29359191671634716,0.3142817764698217,11243520.0,-0.040698307081280895,-0.035354332704931345
2224128.0,-0.32806805490205687,-0.2861665597806374,11255808.0,0.23615215548003712,0.2611198328745862,11255808.0,0.3177355641188721,0.31144347935914996,11255808.0,-0.03972750386067977,-0.03765630707275704
2236416.0,-0.2691400054221352,-0.2761588674659531,11268096.0,0.23985406554614505,0.2576666081168999,11268096.0,0.29444257464880746,0.30737843965180217,11268096.0,-0.038206136028748006,-0.037471737002245695
2248704.0,-0.32154457084834576,-0.26936261408651874,11280384.0,0.25658438649649423,0.2566336172167212,11280384.0,0.30249679926782846,0.307456836476922,11280384.0,-0.04069207028563445,-0.03745196257150383
2260992.0,-0.3669220535084605,-0.2823956545752784,11292672.0,0.25214077190806466,0.25573874791152773,11292672.0,0.34998475294560194,0.31383281722664835,11292672.0,-0.0406806783673043,-0.03820639480618411
2273280.0,-0.40253444481641054,-0.28619909839083746,11304960.0,0.28672875945145887,0.2531290320834766,11304960.0,0.3055010091823836,0.3158591963195553,11304960.0,-0.04065836609030763,-0.038186915389330056
2285568.0,-0.3638413141792019,-0.3064890044430892,11317248.0,0.256603055788825,0.2519442718320836,11317248.0,0.29394127304355305,0.311977367894724,11317248.0,-0.017279965695706778,-0.035831789424689
2297856.0,-0.4319124734029174,-0.3378208461838464,11329536.0,0.2444608317067226,0.25032792369214196,11329536.0,0.3326480467803776,0.3123968336575975,11329536.0,-0.040575950037843235,-0.03580848941801378
2310144.0,-0.45552606756488484,-0.34844969005013504,11341824.0,0.24014793491611877,0.24967188714072108,11341824.0,0.31726533904050785,0.31332213319838054,11341824.0,-0.04053467803169042,-0.03578332996567042
2322432.0,-0.40385639388114214,-0.36334168814743556,11354112.0,0.22957955099021396,0.248114375413085,11354112.0,0.3348584507281582,0.31424657264724376,11354112.0,-0.01917431457695784,-0.03582279700561534
2334720.0,-0.4514720110843579,-0.3794817389609913,11366400.0,0.30395406934743124,0.2546205581631512,11366400.0,0.3515974579689403,0.3200471267725031,11366400.0,-0.04059496523890024,-0.03581246282137726
2347008.0,-0.4770940787469347,-0.39438434134547906,11378688.0,0.261677829703937,0.2571731255855411,11378688.0,0.3996915848304828,0.3282427288436642,11378688.0,-0.040574780374299735,-0.03589719047273927
2359296.0,-0.4978062541534503,-0.4172509662186107,11390976.0,0.2612427407875657,0.25931199310968317,11390976.0,0.5081001527917882,0.3496084866579622,11390976.0,-0.040552757874441646,-0.03613185265730862
2371584.0,-0.5061882228280107,-0.4357153314165771,11403264.0,0.2893507252447307,0.26258862698450686,11403264.0,0.43945835654934245,0.3633046423861136,11403264.0,-0.04051363873683537,-0.036114009502428726
2383872.0,-0.4921386061857144,-0.4482369866843025,11415552.0,0.3050892598306139,0.2678834757767618,11415552.0,0.39361544931307435,0.36766771202286086,11415552.0,-0.01763862393030043,-0.033809804058728334
2396160.0,-0.5213916962966323,-0.46012271183232467,11427840.0,0.292621401604265,0.2684727399920424,11427840.0,0.45793275566150743,0.3829108866707732,11427840.0,-0.040509685776972525,-0.03379493602739482
2408448.0,-0.48421459334592026,-0.47216003974899656,11440128.0,0.31402252210925025,0.2742146866240849,11440128.0,0.542487428834041,0.407765502249822,11440128.0,-0.03743574240555366,-0.03581051369837951
2420736.0,-0.5375381577759981,-0.48272260818630464,11452416.0,0.3235573953328033,0.282124342986693,11452416.0,0.5693355978777012,0.4314342573595543,11452416.0,-0.04018202034058049,-0.03577112072865323
2433024.0,-0.5677645225077868,-0.4939464536805948,11464704.0,0.33212527850021917,0.29132207734510307,11464704.0,0.5702305013934771,0.4567307735948513,11464704.0,-0.04032653523609042,-0.03575030644909324
2445312.0,-0.5903668335328499,-0.5125974976457657,11476992.0,0.2888888550611834,0.2972530077521999,11476992.0,0.5278302856410543,0.47602795708614093,11476992.0,-0.040428925033969186,-0.03787576749479437
2457600.0,-0.6334057714169224,-0.530790873679022,11489280.0,0.28449825414766866,0.2953074262322237,11489280.0,0.5565160792320967,0.4965198192124566,11489280.0,-0.03997598206236338,-0.03781386917714068
2469888.0,-0.679274657741189,-0.5510089315784474,11501568.0,0.3127297485868136,0.30041261812051134,11501568.0,0.4894181126728654,0.5054924719966948,11501568.0,-0.019079497672161477,-0.03566434090692686
2482176.0,-0.7169997536887726,-0.5729282815319796,11513856.0,0.279709539997081,0.30225929804146284,11513856.0,0.439849969620506,0.49866745367956655,11513856.0,-0.020997442693745445,-0.033708809388857244
2494464.0,-0.7544202357530594,-0.5977514828244845,11526144.0,0.27281097943584126,0.3006053234605739,11526144.0,0.5078669525682926,0.5055083132814616,11526144.0,-0.04029611044097692,-0.03368705655927139
2506752.0,-0.7993250930060943,-0.6284701315065224,11538432.0,0.2975301247400542,0.299849409951518,11538432.0,0.4700392723704378,0.513150695587198,11538432.0,-0.017814419751933503,-0.0337046361414347
2519040.0,-0.8280523177236319,-0.6591361936492224,11550720.0,0.26302652806043625,0.29688992259713515,11550720.0,0.4262347711871068,0.5099808971397579,11550720.0,-0.03922069433610886,-0.03357573699734833
2531328.0,-0.8949265237897635,-0.7002073866936068,11563008.0,0.29320380091667175,0.2948080504778773,11563008.0,0.43609610650067526,0.4993417649064213,11563008.0,-0.04034619535862779,-0.033866782292655745
2543616.0,-0.9294338636100292,-0.7393969572770099,11575296.0,0.2835899206499259,0.29081130300958946,11575296.0,0.4084385526366532,0.48325206038231644,11575296.0,-0.04032614437164739,-0.03388119469576244
2555904.0,-0.9545543740193049,-0.7780759424281618,11587584.0,0.3043239745311439,0.28803117261268196,11587584.0,0.4026133626078566,0.4664903465037544,11587584.0,-0.015460596455037981,-0.0313946008176572
2568192.0,-0.9585780429964265,-0.8148970633745194,11599872.0,0.2744136746041477,0.28658365456697843,11599872.0,0.43152265964696807,0.4568595839043458,11599872.0,-0.04027396256181722,-0.031379104570442
2580480.0,-0.971494946628809,-0.8487059808957081,11612160.0,0.2596968086436391,0.28410351001657547,11612160.0,0.40600093997394043,0.4418080699785302,11612160.0,-0.030893350718542933,-0.030470841436059947
2592768.0,-0.9438068779806296,-0.8751592029196521,11624448.0,0.28836165368556976,0.28166670052645104,11624448.0,0.4525418421253562,0.4381204429237792,11624448.0,-0.018935726226724608,-0.030456464291516265
2605056.0,-0.9689525937040647,-0.9003544869211814,11636736.0,0.2644607378169894,0.2801418203084419,11636736.0,0.40655714894334477,0.4347911608560632,11636736.0,-0.03890077470956991,-0.032246797493098715
2617344.0,-0.9778058758626381,-0.9226930509321392,11649024.0,0.24830727760369578,0.27769145012522733,11649024.0,0.4297497913551827,0.4269794447347522,11649024.0,-0.04025836989361172,-0.032243023438362196
2629632.0,-0.9737888434901834,-0.940139425980548,11661312.0,0.2568618490671118,0.2736246225579332,11661312.0,0.4206343926489353,0.422038956762602,11661312.0,-0.04023741203127429,-0.03448532266629627
2641920.0,-0.9934922183553377,-0.9566834160437185,11673600.0,0.26143574093778926,0.27346554384566846,11673600.0,0.414425956706206,0.4208580753145118,11673600.0,-0.016852594211134903,-0.03224851265379887
2654208.0,-0.999678460881114,-0.9671586097528536,11685888.0,0.2817346987624963,0.27231863363025094,11685888.0,0.4022303555781643,0.4174715002222607,11685888.0,-0.04020623670658097,-0.032234516788594195
2666496.0,-0.9958901374290386,-0.9738042371347545,11698176.0,0.3407576750032604,0.2780354090655843,11698176.0,0.48518469883129,0.4251461148417244,11698176.0,-0.020137233645073138,-0.030215625715936768
2678784.0,-0.9801042253772417,-0.9763592222705482,11710464.0,0.28692995027328533,0.2762960066397985,11710464.0,0.49143332118789357,0.43402811069972813,11710464.0,-0.04018075542990118,-0.032687641613423093
2691072.0,-1.0066717099398375,-0.9811685889648893,11722752.0,0.3110187879453103,0.2799565179739147,11722752.0,0.4578609336167574,0.4366619380967071,11722752.0,-0.022261948317463975,-0.030886440188987764
2703360.0,-0.9992989916354418,-0.9839489934655526,11735040.0,0.33085312026863295,0.28707214913641416,11735040.0,0.5394681748002768,0.4500086615793407,11735040.0,-0.040174875660644226,-0.03181459268319789
2715648.0,-0.9999719578772783,-0.9895655014552176,11747328.0,0.3419047991434733,0.2924264636822045,11747328.0,0.5866951408485571,0.4634239914516608,11747328.0,-0.04015388848104825,-0.03393640890863025
2727936.0,-1.00806671132644,-0.9934769132174551,11759616.0,0.30202439504986006,0.2961828294054915,11759616.0,0.4888571494569381,0.4716539915030201,11759616.0,-0.023592474088218296,-0.032405578846495094
2740224.0,-1.0048438652108114,-0.9961807121522724,11771904.0,0.32610195502638817,0.3039622971477608,11771904.0,0.4754780077685912,0.47622681314436094,11771904.0,-0.04012560068319241,-0.032392301925453164
2752512.0,-1.0018035490065813,-0.9989821827039123,11784192.0,0.29540057899430394,0.30781617014048,11784192.0,0.4767953859021266,0.48184291246968003,11784192.0,-0.04005312927377721,-0.032373873649703455
2764800.0,-0.9993739364047846,-0.9995703545088569,11796480.0,0.3274917546659708,0.31442177151329814,11796480.0,0.4411952802911401,0.4845198448281735,11796480.0,-0.026077284176911537,-0.03329634264628111
2777088.0,-0.9938465176771084,-0.9989871601884562,11808768.0,0.2882430187116067,0.3150726035082092,11808768.0,0.5129710918602844,0.49559391845638545,11808768.0,-0.01696715969471067,-0.03097243494509409
2789376.0,-0.9884106113264958,-0.998239207578202,11821056.0,0.32044774495686096,0.31304161050356927,11821056.0,0.5111127520600954,0.49818672377926604,11821056.0,-0.03940179001074284,-0.03289889058166106
2801664.0,-0.9804944166292747,-0.9982782267034054,11833344.0,0.3145518700281779,0.3158038024790585,11833344.0,0.4875583639368415,0.4977992280541609,11833344.0,-0.040063521397920944,-0.03288716717846304
2813952.0,-0.9826154845456282,-0.9958726041639844,11845632.0,0.30351406692837674,0.31505333037736516,11845632.0,0.5295730276654164,0.5049704374590267,11845632.0,-0.018397423179218702,-0.03250071466463851
2826240.0,-0.9757100834200779,-0.993513713342448,11857920.0,0.3460033082713683,0.3165683491776387,11857920.0,0.4794352538883686,0.49896714536783593,11857920.0,-0.040034233359619975,-0.032486650434536087
2838528.0,-0.9615024396528801,-0.9896667615200083,11870208.0,0.34467013909791905,0.31684488317308335,11870208.0,0.4756381070862214,0.48786144199160236,11870208.0,-0.04002431522045905,-0.03247369310847716
2850816.0,-0.9537446604420742,-0.9842345564315718,11882496.0,0.35438010686387617,0.32208045435448496,11882496.0,0.5279261299098531,0.4917683400368939,11882496.0,-0.019626479008972336,-0.03207709360055257
2863104.0,-0.947109509880344,-0.9784611208985249,11894784.0,0.3088359340714912,0.32035385225899515,11894784.0,0.4868851338202755,0.4929090526420623,11894784.0,-0.020318624254286988,-0.03009639595766203
2875392.0,-0.9390534516423941,-0.9721861111621062,11907072.0,0.33850717249636847,0.3246645116092016,11907072.0,0.44886260324468213,0.49011577437631787,11907072.0,-0.0394579135075522,-0.030036874381039518
2887680.0,-0.9268057718873024,-0.9649292947103578,11919360.0,0.3580078883096576,0.32771612497357033,11919360.0,0.44227381857732934,0.4902236282049367,11919360.0,-0.03996526079329973,-0.031425672042678335
2899968.0,-0.9119792009393374,-0.9567425630365808,11931648.0,0.32411830748120946,0.33130365385053057,11931648.0,0.45671473784993094,0.4845979928039014,11931648.0,-0.01507246627867668,-0.031236202701074946
2912256.0,-0.8979761525988579,-0.947699117163817,11943936.0,0.342988517601043,0.3335577311149488,11943936.0,0.4310585632920265,0.47659257392709453,11943936.0,-0.03996220405679196,-0.031292244105679864
2924544.0,-0.889616891120871,-0.9386113646129767,11956224.0,0.35400050040334463,0.3375025941524655,11956224.0,0.4481970639899373,0.4726564439324042,11956224.0,-0.03994767336795727,-0.03128065930268349
2936832.0,-0.8835885102550188,-0.9287086671839158,11968512.0,0.3224991286794345,0.3394011003275712,11968512.0,0.4101406891519825,0.4607132100810608,11968512.0,-0.021297305802969884,-0.03157064756505861
2949120.0,-0.8766491239269575,-0.9188025712346037,11980800.0,0.35017660663773614,0.339818430164208,11980800.0,0.44565384928137064,0.45733506962036097,11980800.0,-0.03841102660711234,-0.03140832688980784
2961408.0,-0.8816730094452699,-0.9108196282138428,11993088.0,0.30655241400624317,0.33600665765504045,11993088.0,0.3987918170168996,0.4496504406134288,11993088.0,-0.019756922947029427,-0.029381587662464882
2973696.0,-0.8729067364086708,-0.9027358358105024,12005376.0,0.3066137367859483,0.33123002064724766,12005376.0,0.39675540461515385,0.4365333680839588,12005376.0,-0.039845358328117676,-0.031403475594379414
2985984.0,-0.8676035137226185,-0.8947852361947299,12017664.0,0.2938766535371542,0.329734092593814,12017664.0,0.43742196323970955,0.4315870510259023,12017664.0,-0.03988604144736504,-0.03336021731368723
2998272.0,-0.8388732944925626,-0.8847672204797468,12029952.0,0.2878668587654829,0.3246700612207254,12029952.0,0.3978211145537595,0.42648290215681,12029952.0,-0.03977257795243835,-0.033391683758175826
3010560.0,-0.8338508146504561,-0.875471724756062,12042240.0,0.35309096969043213,0.32417836935880284,12042240.0,0.3867558998366197,0.420931110282739,12042240.0,-0.03974097165822362,-0.033369254844668225
3022848.0,-0.827006824935476,-0.8669744871556759,12054528.0,0.31239421929543215,0.3230059605402252,12054528.0,0.4280571301157276,0.4180653495093186,12054528.0,-0.015389869178761728,-0.03340099513467673
3035136.0,-0.828065383558472,-0.8599834102516374,12066816.0,0.327218543117245,0.3214289630918453,12066816.0,0.38630157709121704,0.41358965088923777,12066816.0,-0.03955773301034545,-0.03336054803003208
3047424.0,-0.8448167822013298,-0.8555033993596831,12079104.0,0.29629512829706073,0.3156584258812169,12079104.0,0.39303068816661835,0.4080730133069059,12079104.0,-0.03887674427824095,-0.03325345512106044
3059712.0,-0.8614626048753659,-0.853290808821718,12091392.0,0.34328078649317223,0.3177365916625907,12091392.0,0.38436295247326296,0.40549523963903394,12091392.0,-0.03395058055563519,-0.03451878259632698
3072000.0,-0.8717289548367262,-0.8527987919126947,12103680.0,0.42617290156582993,0.3253362211554001,12103680.0,0.39789164485409856,0.40071901919630665,12103680.0,-0.03957266812600816,-0.034634946748216565
3084288.0,-0.8684607775261005,-0.8514775687207778,12115968.0,0.4634783547371626,0.341028815228492,12115968.0,0.37134949630126357,0.3979747871247431,12115968.0,-0.016277534227810975,-0.03428700787629472
3096576.0,-0.8601162228733301,-0.8501985173672437,12128256.0,0.4229530398733914,0.3526627455372363,12128256.0,0.446123110751311,0.4029115577383588,12128256.0,-0.039731627116755895,-0.03427563475515853
3108864.0,-0.8502541240304708,-0.8484635783980291,12140544.0,0.4127451431316634,0.3645495944966873,12140544.0,0.4069988421785335,0.39986924563224113,12140544.0,-0.03974011125198255,-0.034261041735620286
3121152.0,-0.8323754413674275,-0.8478137930855155,12152832.0,0.3612385195059081,0.3718867605707298,12152832.0,0.38215512270107865,0.3983026464469731,12152832.0,-0.025662855701132987,-0.03285006951048976
3133440.0,-0.8226514762888352,-0.8466938592493534,12165120.0,0.4284052612880866,0.37941818973049524,12165120.0,0.3688287635644277,0.39650993281975394,12165120.0,-0.03797267916767547,-0.032673240261434935
3145728.0,-0.8186894369622072,-0.8458621204520265,12177408.0,0.4367693957562248,0.39185570737657444,12177408.0,0.359461204148829,0.38965034022306405,12177408.0,-0.039563713517660894,-0.035090624695324854
3158016.0,-0.7954229451715946,-0.8425978766133386,12189696.0,0.4313726533825199,0.4022711184031019,12189696.0,0.36056449528162676,0.38707663204210496,12189696.0,-0.0324204905385462,-0.034376900448144926
3170304.0,-0.7942505236715078,-0.8375412507603566,12201984.0,0.4974177836750944,0.42238338394090535,12201984.0,0.3669600690094133,0.38446957012638455,12201984.0,-0.03962073263634617,-0.03445129928395545
3182592.0,-0.7687726989388466,-0.8282722601667046,12214272.0,0.5243408878644308,0.44048939407803117,12214272.0,0.3585415668785572,0.38188743156691396,12214272.0,-0.020030113910858443,-0.03305925261947777
3194880.0,-0.7693492112060388,-0.818034285803636,12226560.0,0.51528212443615,0.44940031636506317,12226560.0,0.3515677143198748,0.37725503851349157,12226560.0,-0.039561790821608156,-0.033058164889037775
3207168.0,-0.7339514338721832,-0.8045833514382441,12238848.0,0.48691677177945775,0.45174415806929274,12238848.0,0.4285882799886167,0.38297891688222685,12238848.0,-0.039218698492428906,-0.03535228131549957
3219456.0,-0.7248066288108627,-0.7910523920319974,12251136.0,0.44106863827134174,0.4535557179090878,12251136.0,0.3776502851396799,0.3761316343210638,12251136.0,-0.01548878719950153,-0.03292799732377413
3231744.0,-0.7067915877948204,-0.7767061384084325,12263424.0,0.5301778012265762,0.465298983718579,12263424.0,0.3830003486946225,0.3737317849726726,12263424.0,-0.03957263502525166,-0.03291124970110104
3244032.0,-0.7125944222013155,-0.7647280364918213,12275712.0,0.486147401543955,0.47778987192238376,12275712.0,0.3649847594400247,0.37201474864656725,12275712.0,-0.01719056870691323,-0.03206402100167906
3256320.0,-0.7132896023492018,-0.753791849097858,12288000.0,0.4575154321889083,0.4807008890124659,12288000.0,0.38248765965302783,0.37338063825542733,12288000.0,-0.03916538101232921,-0.032183291186144436
3268608.0,-0.6904226609816154,-0.7409651714997987,,,,,,,,,
3280896.0,-0.6933354487021764,-0.7307564218528568,,,,,,,,,
3293184.0,-0.6835177155832449,-0.7196831410440305,,,,,,,,,
3305472.0,-0.6787671335041523,-0.7106825845005612,,,,,,,,,
3317760.0,-0.6535153575241566,-0.699099199132373,,,,,,,,,
3330048.0,-0.6548545106003681,-0.6911895068051914,,,,,,,,,
3342336.0,-0.6455462540810307,-0.6832634693322082,,,,,,,,,
3354624.0,-0.6316053662449121,-0.6757448471772174,,,,,,,,,
3366912.0,-0.6199665733923515,-0.666482062296321,,,,,,,,,
3379200.0,-0.6142922369763255,-0.6565823257590333,,,,,,,,,
3391488.0,-0.5934730020041267,-0.6468873598612845,,,,,,,,,
3403776.0,-0.5933336885645986,-0.6368871838475267,,,,,,,,,
3416064.0,-0.5782948943475882,-0.6263649017239611,,,,,,,,,
3428352.0,-0.5732675629357497,-0.6158149446671208,,,,,,,,,
3440640.0,-0.5554175727690259,-0.6060051661916077,,,,,,,,,
3452928.0,-0.550099128857255,-0.5955296280172965,,,,,,,,,
3465216.0,-0.547096231020987,-0.585684625711292,,,,,,,,,
3477504.0,-0.5519185836116473,-0.5777159474479656,,,,,,,,,
3489792.0,-0.5463284042974313,-0.5703521305384734,,,,,,,,,
3502080.0,-0.5440990754092733,-0.5633328143817683,,,,,,,,,
3514368.0,-0.5487641117845973,-0.5588619253598154,,,,,,,,,
3526656.0,-0.5446498806898793,-0.5539935445723433,,,,,,,,,
3538944.0,-0.5529549652710557,-0.5514595516646901,,,,,,,,,
3551232.0,-0.5613999577860037,-0.5502727911497156,,,,,,,,,
3563520.0,-0.559289701593419,-0.550660004032155,,,,,,,,,
3575808.0,-0.5563784095769128,-0.5512879321041206,,,,,,,,,
3588096.0,-0.5616076905280352,-0.5527390780548255,,,,,,,,,
3600384.0,-0.5646646802003185,-0.5540136877136926,,,,,,,,,
3612672.0,-0.5665465208391348,-0.556035499367863,,,,,,,,,
3624960.0,-0.5690651626015703,-0.5585321080870926,,,,,,,,,
3637248.0,-0.573576821324726,-0.5610133790411055,,,,,,,,,
3649536.0,-0.5851824516430497,-0.5650666361364225,,,,,,,,,
3661824.0,-0.5758640166992942,-0.5673575412792464,,,,,,,,,
3674112.0,-0.5757834371179342,-0.5687958892124395,,,,,,,,,
3686400.0,-0.5809333159898719,-0.5709602506520848,,,,,,,,,
3698688.0,-0.5775717174013456,-0.573079581434528,,,,,,,,,
3710976.0,-0.5862220445026954,-0.575541016831994,,,,,,,,,
3723264.0,-0.582205749116838,-0.577295123723646,,,,,,,,,
3735552.0,-0.5865796819950143,-0.5792984398392339,,,,,,,,,
3747840.0,-0.5985920665164789,-0.5822511302307248,,,,,,,,,
3760128.0,-0.5952629266927639,-0.5844197407675286,,,,,,,,,
3772416.0,-0.594997262271742,-0.5854012218303979,,,,,,,,,
3784704.0,-0.6067457497119904,-0.5884893951316674,,,,,,,,,
3796992.0,-0.5986938293402394,-0.5907804343538979,,,,,,,,,
3809280.0,-0.6022010510787368,-0.5929072078627844,,,,,,,,,
3821568.0,-0.6124649277577797,-0.5963965288984279,,,,,,,,,
3833856.0,-0.6193955879037579,-0.599713883238534,,,,,,,,,
3846144.0,-0.6223966448257366,-0.603732972809424,,,,,,,,,
3858432.0,-0.6226573313275973,-0.6073407377426824,,,,,,,,,
3870720.0,-0.6306661178047458,-0.6105481428715092,,,,,,,,,
3883008.0,-0.6280876494323214,-0.6138306151454647,,,,,,,,,
3895296.0,-0.6449404647573829,-0.6188249353940287,,,,,,,,,
3907584.0,-0.6394043021524946,-0.6220907906380793,,,,,,,,,
3919872.0,-0.6387099446728826,-0.6260924021713437,,,,,,,,,
3932160.0,-0.6512585934251547,-0.6309981564059853,,,,,,,,,
3944448.0,-0.657481844847401,-0.6354998481149474,,,,,,,,,
3956736.0,-0.66290899955978,-0.6398511892805496,,,,,,,,,
3969024.0,-0.6590111432597041,-0.6435126391239464,,,,,,,,,
3981312.0,-0.6628188717489442,-0.6475287931660811,,,,,,,,,
3993600.0,-0.6596401318286856,-0.6504261945684751,,,,,,,,,
4005888.0,-0.6527881870667139,-0.6528962483319143,,,,,,,,,
4018176.0,-0.6554466259355346,-0.6539468644497296,,,,,,,,,
4030464.0,-0.655951497455438,-0.6556015839800239,,,,,,,,,
4042752.0,-0.6675942912697792,-0.6584900186397136,,,,,,,,,
4055040.0,-0.6884991104404131,-0.6622140703412394,,,,,,,,,
4067328.0,-0.6982036400586367,-0.666286249862363,,,,,,,,,
4079616.0,-0.705559678375721,-0.670551317743957,,,,,,,,,
4091904.0,-0.7179306658605734,-0.676443270004044,,,,,,,,,
4104192.0,-0.7140399729833007,-0.6815653801274796,,,,,,,,,
4116480.0,-0.7213828408469757,-0.6877396510293086,,,,,,,,,
4128768.0,-0.7088769456992546,-0.6933485268925627,,,,,,,,,
4141056.0,-0.7264211121946573,-0.700445975518475,,,,,,,,,
4153344.0,-0.723721155586342,-0.7072229413315654,,,,,,,,,
4165632.0,-0.7245781688640515,-0.7129213290909926,,,,,,,,,
4177920.0,-0.7235616346200308,-0.7164275815089544,,,,,,,,,
4190208.0,-0.7106709523747364,-0.7176743127405644,,,,,,,,,
4202496.0,-0.7054295400157571,-0.717661298904568,,,,,,,,,
4214784.0,-0.7162512910241882,-0.7174933614209295,,,,,,,,,
4227072.0,-0.7011098926886916,-0.7162003533914685,,,,,,,,,
4239360.0,-0.6989115867763758,-0.7139532279844085,,,,,,,,,
4251648.0,-0.6863211281597614,-0.7116976462304592,,,,,,,,,
4263936.0,-0.6808786801993847,-0.7071434030309319,,,,,,,,,
4276224.0,-0.6385030585030714,-0.6986215933226049,,,,,,,,,
4288512.0,-0.6473897102599343,-0.6909027474621932,,,,,,,,,
4300800.0,-0.5810227496549487,-0.6766488589656849,,,,,,,,,
4313088.0,-0.5820055082440376,-0.663782314552615,,,,,,,,,
4325376.0,-0.49744979416330654,-0.6429843399673699,,,,,,,,,
4337664.0,-0.43420460789153975,-0.6147796716541052,,,,,,,,,
4349952.0,-0.3529850554962953,-0.5799671879348656,,,,,,,,,
4362240.0,-0.3739160302405556,-0.5474676322812835,,,,,,,,,
4374528.0,-0.346437926714619,-0.5134793121367692,,,,,,,,,
4386816.0,-0.3563562004516522,-0.481027064161996,,,,,,,,,
4399104.0,-0.2437753394866983,-0.44155429226035875,,,,,,,,,
4411392.0,-0.349143804050982,-0.4117297016394635,,,,,,,,,
4423680.0,-0.435023285758992,-0.3971297552498678,,,,,,,,,
4435968.0,-0.567620045815905,-0.39569120900705457,,,,,,,,,
4448256.0,-0.4428952370459835,-0.39023575329532223,,,,,,,,,
4460544.0,-0.30996565738071996,-0.3778118582442403,,,,,,,,,
4472832.0,-0.5517736695085963,-0.39769071964547037,,,,,,,,,
4485120.0,-0.42604796060671407,-0.40290391268208625,,,,,,,,,
4497408.0,-0.3207014712194602,-0.4003302671325703,,,,,,,,,
4509696.0,-0.342346611743172,-0.39892930826172235,,,,,,,,,
4521984.0,-0.11048800063629945,-0.3856005743766825,,,,,,,,,
4534272.0,-0.006626582083602746,-0.35134885217994455,,,,,,,,,
4546560.0,-0.06533029178778331,-0.3143795527828236,,,,,,,,,
4558848.0,-0.19199899149437746,-0.27681744735067093,,,,,,,,,
4571136.0,-0.15800220426172018,-0.2483281440722446,,,,,,,,,
4583424.0,-0.19715110678225756,-0.23704668901239834,,,,,,,,,
4595712.0,-0.13326674358298382,-0.19519599641983706,,,,,,,,,
4608000.0,-0.2934037133430441,-0.18193157169347005,,,,,,,,,
4620288.0,-0.29892919429888326,-0.17975434400141238,,,,,,,,,
4632576.0,-0.05805072064201037,-0.1513247548912962,,,,,,,,,
4644864.0,-0.2953647365793586,-0.16981242848560216,,,,,,,,,
4657152.0,-0.43488954069713753,-0.21263872434695558,,,,,,,,,
4669440.0,-0.08706100067744653,-0.21481179523592192,,,,,,,,,
4681728.0,-0.11341631567726533,-0.20695352765421077,,,,,,,,,
4694016.0,-0.08703598907838266,-0.19985690613587698,,,,,,,,,
4706304.0,-0.194144151173532,-0.19955621057500444,,,,,,,,,
4718592.0,0.0069803933923443156,-0.1855314968774716,,,,,,,,,
4730880.0,-0.04367425354818503,-0.1605585508979857,,,,,,,,,
4743168.0,-0.3823772793014844,-0.1689033593982458,,,,,,,,,
4755456.0,0.06625804211944342,-0.15647248312210044,,,,,,,,,
4767744.0,-0.24413521339495978,-0.15134953080366056,,,,,,,,,
4780032.0,-0.2604810219878952,-0.13390867893273634,,,,,,,,,
4792320.0,-0.26394223142415285,-0.15159680200740694,,,,,,,,,
4804608.0,-0.0379665099705259,-0.144051821436733,,,,,,,,,
4816896.0,-0.132772924999396,-0.14862551502883437,,,,,,,,,
4829184.0,-0.3995440900325775,-0.16916550891473892,,,,,,,,,
4841472.0,-0.3661182373762131,-0.20647537199159466,,,,,,,,,
4853760.0,-0.12120911044379075,-0.2142288576811552,,,,,,,,,
4866048.0,0.02824458573013544,-0.17316667117799323,,,,,,,,,
4878336.0,-0.370784484470884,-0.21687092383702597,,,,,,,,,
4890624.0,-0.21888266876339912,-0.2143456693738699,,,,,,,,,
4902912.0,-0.29467258354028064,-0.21776482552910842,,,,,,,,,
4915200.0,-0.259627887668709,-0.21733339115356407,,,,,,,,,
4927488.0,-0.16595561833431324,-0.23013230198994278,,,,,,,,,
4939776.0,-0.12347284549226363,-0.2292022940392296,,,,,,,,,
4952064.0,-0.31205312597254914,-0.22045319763322668,,,,,,,,,
4964352.0,-0.2588031680012743,-0.20972169069573288,,,,,,,,,
4976640.0,-0.42178410726288956,-0.23977919037764273,,,,,,,,,
4988928.0,-0.18299519550055265,-0.26090316850071155,,,,,,,,,
5001216.0,0.0017937356606125832,-0.2236453464875619,,,,,,,,,
5013504.0,-0.10217365218947332,-0.2119744448301693,,,,,,,,,
5025792.0,-0.20482289542754492,-0.20298947601889572,,,,,,,,,
5038080.0,-0.12376421721031268,-0.18940310897305607,,,,,,,,,
5050368.0,-0.2592436820268631,-0.19873191534231108,,,,,,,,,
5062656.0,-0.17712976348896822,-0.20409760714198155,,,,,,,,,
5074944.0,-0.08581180746356647,-0.18147347529108324,,,,,,,,,
5087232.0,-0.3234267458319664,-0.1879358330741525,,,,,,,,,
5099520.0,-0.1889763424793879,-0.16465505659580232,,,,,,,,,
5111808.0,-0.014397927870353064,-0.14779532983278237,,,,,,,,,
5124096.0,-0.22200931794941425,-0.17017563519378504,,,,,,,,,
5136384.0,-0.32975664859016734,-0.19293393483385443,,,,,,,,,
5148672.0,-0.1470976611599326,-0.1871614114070932,,,,,,,,,
5160960.0,-0.08174298952023189,-0.18295928863808514,,,,,,,,,
5173248.0,-0.11713340350737174,-0.16874826078613597,,,,,,,,,
5185536.0,-0.15210040068874756,-0.16624532450611393,,,,,,,,,
5197824.0,-0.043677525905271374,-0.16203189635028442,,,,,,,,,
5210112.0,-0.031110430136322975,-0.13280026478072007,,,,,,,,,
5222400.0,-0.20713339683910212,-0.13461597021669147,,,,,,,,,
5234688.0,-0.14447495030860105,-0.1476236724605163,,,,,,,,,
5246976.0,-0.05660416713605324,-0.1310831573791802,,,,,,,,,
5259264.0,-0.013940884421269098,-0.09950158096229036,,,,,,,,,
5271552.0,-0.24164113216102123,-0.10895592806239922,,,,,,,,,
5283840.0,-0.14621953604122004,-0.11540358271449805,,,,,,,,,
5296128.0,-0.14898786693811417,-0.11858902905757229,,,,,,,,,
5308416.0,-0.08221367870767911,-0.11160035685946543,,,,,,,,,
5320704.0,-0.16516586020588875,-0.12374919028952718,,,,,,,,,
5332992.0,-0.2252739674101273,-0.14316554401690762,,,,,,,,,
5345280.0,0.026615837588906288,-0.11979062057410679,,,,,,,,,
5357568.0,-0.1582777537405491,-0.12117090091730158,,,,,,,,,
5369856.0,-0.01659972220659256,-0.1171704564243555,,,,,,,,,
5382144.0,-0.14038516270617643,-0.12981488425284626,,,,,,,,,
5394432.0,-0.0708885823066036,-0.11273962926740448,,,,,,,,,
5406720.0,0.1547488852714499,-0.08264278713613747,,,,,,,,,
5419008.0,-0.1962384283542633,-0.08736784327775239,,,,,,,,,
5431296.0,-0.12370016984641552,-0.09151649239162604,,,,,,,,,
5443584.0,-0.02532759526123603,-0.07753266589716076,,,,,,,,,
5455872.0,-0.03228144161403179,-0.05823341331755122,,,,,,,,,
5468160.0,0.10040508893628915,-0.05085448818281292,,,,,,,,,
5480448.0,-0.2329917283107837,-0.05832588563983639,,,,,,,,,
5492736.0,-0.12477564873794715,-0.06914347829297185,,,,,,,,,
5505024.0,-0.023821469396352768,-0.057487108961989476,,,,,,,,,
5517312.0,-0.04177517257630825,-0.05457576798895995,,,,,,,,,
5529600.0,-0.21258169878274202,-0.09130882639437914,,,,,,,,,
5541888.0,-0.24963463501383862,-0.09664844706033668,,,,,,,,,
5554176.0,-0.08563273089627425,-0.09284170316532254,,,,,,,,,
5566464.0,-0.01574548954765002,-0.09188349259396393,,,,,,,,,
5578752.0,-0.10650110524147749,-0.09930545895670852,,,,,,,,,
5591040.0,-0.23170469577113786,-0.13251643742745123,,,,,,,,,
5603328.0,-0.008063197446366152,-0.11002358434100945,,,,,,,,,
5615616.0,-0.05399571359157562,-0.10294559082637231,,,,,,,,,
5627904.0,0.0682393688087662,-0.09373950700586041,,,,,,,,,
5640192.0,-0.26128074806183577,-0.11569006455441318,,,,,,,,,
5652480.0,-0.08208894015600283,-0.10264078869173925,,,,,,,,,
5664768.0,-0.025310044176876545,-0.08020832960804304,,,,,,,,,
5677056.0,-0.3332800641655922,-0.10497306293497484,,,,,,,,,
5689344.0,0.03338978470613559,-0.10005953550959627,,,,,,,,,
5701632.0,-0.23036391039689383,-0.1124458160251379,,,,,,,,,
5713920.0,-0.43288293046255905,-0.13256363949428002,,,,,,,,,
5726208.0,-0.32269950800885755,-0.16402727055052915,,,,,,,,,
5738496.0,-0.23782630854596695,-0.18241033004596827,,,,,,,,,
5750784.0,-0.3942097220569849,-0.22865523913254338,,,,,,,,,
5763072.0,-0.2909491363291939,-0.2316220779592792,,,,,,,,,
5775360.0,-0.3921119775623083,-0.26262438169990976,,,,,,,,,
5787648.0,-0.5438371753940979,-0.3144770948216319,,,,,,,,,
5799936.0,-0.4814968879024188,-0.32929877719531453,,,,,,,,,
5812224.0,-0.40662031900137663,-0.37329978756606574,,,,,,,,,
5824512.0,-0.5288981515914202,-0.4031532116855184,,,,,,,,,
5836800.0,-0.5204254475732645,-0.411907463396589,,,,,,,,,
5849088.0,-0.3134747159977754,-0.4109849841954808,,,,,,,,,
5861376.0,-0.16055326939870915,-0.403257680280755,,,,,,,,,
5873664.0,-0.08523860387504101,-0.37236056846256055,,,,,,,,,
5885952.0,0.09043056657537818,-0.33422259817210337,,,,,,,,,
5898240.0,0.27721164959560457,-0.26729023545631203,,,,,,,,,
5910528.0,0.3018312124671259,-0.18272339667018972,,,,,,,,,
5922816.0,0.2640684140763672,-0.10816686647231111,,,,,,,,,
5935104.0,0.2960368118365295,-0.03790115338852047,,,,,,,,,
5947392.0,0.17865237267202852,0.032853899037824395,,,,,,,,,
5959680.0,0.1828050561841034,0.10317694941356119,,,,,,,,,
5971968.0,0.22966873490562043,0.15749129450390076,,,,,,,,,
5984256.0,0.21848219834888974,0.19539484127866064,,,,,,,,,
5996544.0,0.22189943927029768,0.2261086455931945,,,,,,,,,
6008832.0,0.2182008568973591,0.23888567462539262,,,,,,,,,
6021120.0,0.20421340813239416,0.2315858504790716,,,,,,,,,
6033408.0,0.15114241815172136,0.21651697104753112,,,,,,,,,
6045696.0,0.09018087348279853,0.19912821698817423,,,,,,,,,
6057984.0,0.1889402683979521,0.1884185626443165,,,,,,,,,
6070272.0,0.16931772608465204,0.18748509798557886,,,,,,,,,
6082560.0,0.05619513140603279,0.1748241055077718,,,,,,,,,
6094848.0,0.08757352541821699,0.16061458455903144,,,,,,,,,
6107136.0,0.1298407779443854,0.15175044251858102,,,,,,,,,
6119424.0,0.09475135521885629,0.13903563411343686,,,,,,,,,
6131712.0,0.08243066702076855,0.12545861512577786,,,,,,,,,
6144000.0,0.06214806338539347,0.11125208065107775,,,,,,,,,
6156288.0,0.030473825415053096,0.09918522137741093,,,,,,,,,
6168576.0,0.05450875160750002,0.09561800918988107,,,,,,,,,
6180864.0,0.050640226691029966,0.08178800501918886,,,,,,,,,
6193152.0,0.04992482931508372,0.06984871534223203,,,,,,,,,
6205440.0,0.06029608694370836,0.07025881089599958,,,,,,,,,
6217728.0,0.049169304819467165,0.0664183888361246,,,,,,,,,
6230016.0,0.04668296887151276,0.058102607928837334,,,,,,,,,
6242304.0,0.04720199104243269,0.05334767151119498,,,,,,,,,
6254592.0,0.054999105884538345,0.05060451539757196,,,,,,,,,
6266880.0,0.051640403806231916,0.0495537494396558,,,,,,,,,
6279168.0,0.04938213793017591,0.051444580691168085,,,,,,,,,
6291456.0,0.043958370360390596,0.05038954256645715,,,,,,,,,
6303744.0,0.04003025309066288,0.04932854520642043,,,,,,,,,
6316032.0,0.04563142229259635,0.04889920450417169,,,,,,,,,
6328320.0,0.04434470439931223,0.04730406624973209,,,,,,,,,
6340608.0,0.06045371534613272,0.048432507302398634,,,,,,,,,
6352896.0,0.0607414966992413,0.049838360085171486,,,,,,,,,
6365184.0,0.05496609721255178,0.0506147707021834,,,,,,,,,
6377472.0,0.057126384655324124,0.050827498579261984,,,,,,,,,
6389760.0,0.04843374976189807,0.050506833174828604,,,,,,,,,
6402048.0,0.07816408576521401,0.05338502795833241,,,,,,,,,
6414336.0,0.052476779518959425,0.054236868874189284,,,,,,,,,
6426624.0,0.06495187101730455,0.05672903066685346,,,,,,,,,
6438912.0,0.09539269652062406,0.06170515808965623,,,,,,,,,
6451200.0,0.09214823320508003,0.066485510970233,,,,,,,,,
6463488.0,0.08230614045169204,0.06867075348078894,,,,,,,,,
6475776.0,0.09042295417748392,0.07163889922861319,,,,,,,,,
6488064.0,0.09334509959444404,0.07547679946680243,,,,,,,,,
6500352.0,0.11420880785832803,0.08118504178710281,,,,,,,,,
6512640.0,0.13803600748845687,0.09014526755975868,,,,,,,,,
6524928.0,0.07885264558717608,0.09021412354195492,,,,,,,,,
6537216.0,0.09957323184547325,0.09492376877460629,,,,,,,,,
6549504.0,0.1263635929984351,0.10106494097271934,,,,,,,,,
6561792.0,0.14338273834437132,0.10586394515509405,,,,,,,,,
6574080.0,0.14805086783599108,0.11145420861818518,,,,,,,,,
6586368.0,0.1559718449910482,0.11882077907212078,,,,,,,,,
6598656.0,0.14646355466296276,0.12442483912066866,,,,,,,,,
6610944.0,0.16249155377348265,0.13133948453857253,,,,,,,,,
6623232.0,0.1599794493522495,0.13591654868796468,,,,,,,,,
6635520.0,0.1436409455879281,0.13647704249791182,,,,,,,,,
6647808.0,0.1681481476407498,0.1454065927032692,,,,,,,,,
6660096.0,0.1385838408023119,0.14930765359895304,,,,,,,,,
6672384.0,0.2048791847191751,0.15715921277102704,,,,,,,,,
6684672.0,0.18506985095640024,0.1613279240322299,,,,,,,,,
6696960.0,0.20056315721012652,0.16657915296964346,,,,,,,,,
6709248.0,0.18049757927656174,0.1690317263981948,,,,,,,,,
6721536.0,0.1971493217473229,0.17410030310663085,,,,,,,,,
6733824.0,0.23386826133355498,0.18123797386263807,,,,,,,,,
6746112.0,0.21037136375283202,0.18627716530269633,,,,,,,,,
6758400.0,0.24963305735339722,0.19687637647924322,,,,,,,,,
6770688.0,0.21566162925834456,0.2016277246410027,,,,,,,,,
6782976.0,0.2512260810472071,0.21289194866549224,,,,,,,,,
6795264.0,0.239027162703375,0.2163067464639122,,,,,,,,,
6807552.0,0.24100783032675585,0.22190054440094778,,,,,,,,,
6819840.0,0.29626695175344747,0.2314709238552799,,,,,,,,,
6832128.0,0.2223524977453053,0.2356564157021542,,,,,,,,,
6844416.0,0.27509418595582247,0.2434509021230042,,,,,,,,,
6856704.0,0.2888773061955969,0.24895180660920838,,,,,,,,,
6868992.0,0.27182900129506987,0.2550975703634321,,,,,,,,,
6881280.0,0.3055893126875162,0.26069319589684403,,,,,,,,,
6893568.0,0.2806503333461781,0.2671920663056274,,,,,,,,,
6905856.0,0.310567922424525,0.27312625044335925,,,,,,,,,
6918144.0,0.2877425450521211,0.27799778867823377,,,,,,,,,
6930432.0,0.30695590454464156,0.2845925961000224,,,,,,,,,
6942720.0,0.31858576523760956,0.28682447744843864,,,,,,,,,
6955008.0,0.30021904533108074,0.2946111322070162,,,,,,,,,
6967296.0,0.33786686323583126,0.30088839993501704,,,,,,,,,
6979584.0,0.3156059184111655,0.3035612611565739,,,,,,,,,
6991872.0,0.3359257645594577,0.30997093748301263,,,,,,,,,
7004160.0,0.34957999068622786,0.31437000528288384,,,,,,,,,
7016448.0,0.3224454262914757,0.31854951457741365,,,,,,,,,
7028736.0,0.353399889698873,0.32283271130484836,,,,,,,,,
7041024.0,0.3357600454861919,0.32763446134825547,,,,,,,,,
7053312.0,0.34420182338605326,0.3313590532323966,,,,,,,,,
7065600.0,0.3763697155130406,0.33713744825993974,,,,,,,,,
7077888.0,0.3658497508925696,0.3437005188160887,,,,,,,,,
7090176.0,0.3581114273207883,0.34572497522458434,,,,,,,,,
7102464.0,0.4251748323440552,0.3566818666178733,,,,,,,,,
7114752.0,0.38527583113561076,0.36161687327548864,,,,,,,,,
7127040.0,0.41018186664829653,0.36767706087169544,,,,,,,,,
7139328.0,0.412491772013406,0.37668169544388846,,,,,,,,,
7151616.0,0.4265919669220845,0.3840009031662096,,,,,,,,,
7163904.0,0.4311197893694043,0.3935368775545309,,,,,,,,,
7176192.0,0.4229750133429964,0.4014141965502252,,,,,,,,,
7188480.0,0.40907304858167964,0.4046845298570892,,,,,,,,,
7200768.0,0.41016895820697147,0.4091164505885293,,,,,,,,,
7213056.0,0.40408930865426856,0.41371423872187735,,,,,,,,,
7225344.0,0.3818458719179034,0.4093813426792622,,,,,,,,,
7237632.0,0.3785591845711072,0.4087096780228118,,,,,,,,,
7249920.0,0.40624651095519465,0.4083161424535017,,,,,,,,,
7262208.0,0.37806350489457446,0.40487331574161844,,,,,,,,,
7274496.0,0.37100780848413706,0.3993148998978237,,,,,,,,,
7286784.0,0.3613511857887109,0.3923380395397544,,,,,,,,,
7299072.0,0.3695389401788513,0.38699443222333985,,,,,,,,,
7311360.0,0.3719130127380292,0.38327842863897477,,,,,,,,,
7323648.0,0.38121199049055576,0.38038273186733323,,,,,,,,,
7335936.0,0.3846488480145733,0.3784386858033637,,,,,,,,,
7348224.0,0.38834022792677086,0.3790881214042504,,,,,,,,,
7360512.0,0.394260987949868,0.3806583017421265,,,,,,,,,
7372800.0,0.37989236041903496,0.3780228866885106,,,,,,,,,
7385088.0,0.38314607832580805,0.3785311440316339,,,,,,,,,
7397376.0,0.38776005773494643,0.38020636895671484,,,,,,,,,
7409664.0,0.3943460276350379,0.38350585314134755,,,,,,,,,
7421952.0,0.40273602834592265,0.3868255619580547,,,,,,,,,
7434240.0,0.4058393829812606,0.39021819898237786,,,,,,,,,
7446528.0,0.4127091886475682,0.3933679187980791,,,,,,,,,
7458816.0,0.41100090959419805,0.3960031249560416,,,,,,,,,
7471104.0,0.40182678991307813,0.39735178115467235,,,,,,,,,
7483392.0,0.37811324559152126,0.3957370069188376,,,,,,,,,
7495680.0,0.38453185992936295,0.39620095686987045,,,,,,,,,
7507968.0,0.38709719634304446,0.396596068671594,,,,,,,,,
7520256.0,0.3950112300614516,0.3973211859042446,,,,,,,,,
7532544.0,0.393887952901423,0.39727537843088306,,,,,,,,,
7544832.0,0.4001917662099004,0.39702095221728084,,,,,,,,,
7557120.0,0.40799933796127635,0.39723694771528245,,,,,,,,,
7569408.0,0.4080508155748248,0.39677111040800817,,,,,,,,,
7581696.0,0.43928927804032963,0.3995999472526212,,,,,,,,,
7593984.0,0.4066967113564412,0.4000869393969575,,,,,,,,,
7606272.0,0.4044060728823145,0.40271622212603686,,,,,,,,,
7618560.0,0.41108661082883674,0.4053716972159843,,,,,,,,,
7630848.0,0.4368588762978713,0.410347865211467,,,,,,,,,
7643136.0,0.40953597457458574,0.41180033966278035,,,,,,,,,
7655424.0,0.40630901294449967,0.41304244566708803,,,,,,,,,
7667712.0,0.39710712525993586,0.41273398157209157,,,,,,,,,
7680000.0,0.3909284118562937,0.41102688896159334,,,,,,,,,
7692288.0,0.39474945965533453,0.4096967533696443,,,,,,,,,
7704576.0,0.29468066431581974,0.39523589199719333,,,,,,,,,
7716864.0,0.2908808550176521,0.3836543063633144,,,,,,,,,
7729152.0,0.3309584699260692,0.37630954606768985,,,,,,,,,
7741440.0,0.3274054676294327,0.3679414317477494,,,,,,,,,
7753728.0,0.33803841564804316,0.35805938568276663,,,,,,,,,
7766016.0,0.27543560865645605,0.3446493490909537,,,,,,,,,
7778304.0,0.26047095749527216,0.3300655435460309,,,,,,,,,
7790592.0,0.20418364834040403,0.3107731958540777,,,,,,,,,
7802880.0,0.20119664484324554,0.29180001915277287,,,,,,,,,
7815168.0,0.20943205749305585,0.273268278936545,,,,,,,,,
7827456.0,0.2801287022108833,0.27181308272605137,,,,,,,,,
7839744.0,0.23298695613630116,0.26602369283791627,,,,,,,,,
7852032.0,0.1670802196022123,0.2496358678055306,,,,,,,,,
7864320.0,0.3282977346486102,0.24972509450744834,,,,,,,,,
7876608.0,0.2811591175074379,0.24403716469338782,,,,,,,,,
7888896.0,0.35707580282663304,0.2522011841104056,,,,,,,,,
7901184.0,0.3436577348814656,0.2605198618490249,,,,,,,,,
7913472.0,0.499466751391689,0.2900481721541534,,,,,,,,,
7925760.0,0.32781261081496876,0.3027097687513257,,,,,,,,,
7938048.0,0.5096223031481107,0.3327287933168312,,,,,,,,,
7950336.0,0.49969863379374146,0.35468578647511706,,,,,,,,,
7962624.0,0.42947986877212924,0.37433507773869984,,,,,,,,,
7974912.0,0.5137559799477458,0.40900265377325323,,,,,,,,,
7987200.0,0.5178727389623722,0.42796015420462935,,,,,,,,,
7999488.0,0.5099060789992412,0.4508348503538097,,,,,,,,,
8011776.0,0.5200279097383221,0.46713006104497856,,,,,,,,,
8024064.0,0.4811924605940779,0.48088353361623987,,,,,,,,,
8036352.0,0.49038427012662095,0.47997528548973306,,,,,,,,,
8048640.0,0.5180074836437901,0.4989947727726152,,,,,,,,,
8060928.0,0.47583241295069456,0.4956157837528735,,,,,,,,,
8073216.0,0.4714015278344353,0.4927860731569429,,,,,,,,,
8085504.0,0.4731015885869662,0.4971482451384267,,,,,,,,,
8097792.0,0.5036294435461363,0.4961355914982657,,,,,,,,,
8110080.0,0.4886908220748107,0.4932173998095096,,,,,,,,,
8122368.0,0.4977121554935972,0.4919980074589452,,,,,,,,,
8134656.0,0.4910632371902466,0.48910154020413754,,,,,,,,,
8146944.0,0.4976581120863557,0.4907481053533654,,,,,,,,,
8159232.0,0.4925695325558384,0.49096663159628706,,,,,,,,,
8171520.0,0.47487591579556465,0.48665347481146454,,,,,,,,,
8183808.0,0.5042084303374091,0.489491076550136,,,,,,,,,
8196096.0,0.4550205295284589,0.4878529767195384,,,,,,,,,
8208384.0,0.5088121248409152,0.49142403034493326,,,,,,,,,
8220672.0,0.4490635121862094,0.48596743720894064,,,,,,,,,
8232960.0,0.4956739417587717,0.4866657491773367,,,,,,,,,
8245248.0,0.5010176418970028,0.4869962978176773,,,,,,,,,
8257536.0,0.4952060328796506,0.48741057738661764,,,,,,,,,
8269824.0,0.47376856735597056,0.4850216229135792,,,,,,,,,
8282112.0,0.495377601745228,0.4853024298325181,,,,,,,,,
8294400.0,0.4791779415681958,0.4857326324097812,,,,,,,,,
8306688.0,0.46803729111949605,0.4821155184879899,,,,,,,,,
8318976.0,0.4676250557725628,0.48337597111240027,,,,,,,,,
8331264.0,0.5017276356617609,0.4826675221944849,,,,,,,,,
8343552.0,0.47786336081723374,0.4855475070575873,,,,,,,,,
8355840.0,0.46259082450220984,0.4822391953319312,,,,,,,,,
8368128.0,0.4867699683333437,0.4808144279755653,,,,,,,,,
8380416.0,0.46417142388721305,0.47771096707632144,,,,,,,,,
8392704.0,0.46571504573027295,0.47690561491375166,,,,,,,,,
8404992.0,0.45467632605383795,0.4728354873446127,,,,,,,,,
8417280.0,0.44612321599076193,0.4695300147868694,,,,,,,,,
8429568.0,0.4400778254494071,0.46673406821986047,,,,,,,,,
8441856.0,0.440145301943024,0.4639860928369065,,,,,,,,,
8454144.0,0.4293229542672634,0.4567456246974568,,,,,,,,,
8466432.0,0.4115820365647475,0.45011749227220815,,,,,,,,,
8478720.0,0.42193953040987253,0.4460523628629744,,,,,,,,,
8491008.0,0.4375035573417942,0.4411257217638195,,,,,,,,,
8503296.0,0.48286114043245715,0.44299469341834385,,,,,,,,,
8515584.0,0.41166418775295216,0.4375896076206118,,,,,,,,,
8527872.0,0.4483276543517907,0.4369547404504071,,,,,,,,,
8540160.0,0.37967267508308095,0.430309686359639,,,,,,,,,
8552448.0,0.3951081885024905,0.42581272266494724,,,,,,,,,
8564736.0,0.3849347167027493,0.4202916641409199,,,,,,,,,
8577024.0,0.3735778351935248,0.41471715223354605,,,,,,,,,
8589312.0,0.3779711077610652,0.4113560593531777,,,,,,,,,
8601600.0,0.36849502893164754,0.4060116092053553,,,,,,,,,
8613888.0,0.326295407799383,0.3948907942511141,,,,,,,,,
8626176.0,0.37254606389130157,0.3838592865969986,,,,,,,,,
8638464.0,0.3348705562142034,0.3761799234431237,,,,,,,,,
8650752.0,0.3535589498157303,0.36670305298951766,,,,,,,,,
8663040.0,0.33617835119366646,0.3623536206005762,,,,,,,,,
8675328.0,0.3326372637723883,0.35610652812756605,,,,,,,,,
8687616.0,0.31889166636392474,0.3495022230936835,,,,,,,,,
8699904.0,0.30066994080940884,0.3422114336552719,,,,,,,,,
8712192.0,0.2679266875299315,0.3312069916321585,,,,,,,,,
8724480.0,0.349211464325587,0.3292786351715525,,,,,,,,,
8736768.0,0.3084518904797733,0.32749428343959147,,,,,,,,,
8749056.0,0.30159021525954205,0.32039869857641556,,,,,,,,,
8761344.0,0.2999733976709346,0.3169089827220887,,,,,,,,,
8773632.0,0.3026458020322025,0.3118176679437359,,,,,,,,,
8785920.0,0.2989160070816676,0.308091433532536,,,,,,,,,
8798208.0,0.29810110991820693,0.3046378181471179,,,,,,,,,
8810496.0,0.2975855713399748,0.3025072086447229,,,,,,,,,
8822784.0,0.29646072210744023,0.30208628677452604,,,,,,,,,
8835072.0,0.29560525498042506,0.3048541435195754,,,,,,,,,
8847360.0,0.29698580751816434,0.2996315778388331,,,,,,,,,
8859648.0,0.2968575830260913,0.2984721470934649,,,,,,,,,
8871936.0,0.29800297304367024,0.29811342287187775,,,,,,,,,
8884224.0,0.29393642473345,0.2975097255781293,,,,,,,,,
8896512.0,0.30197902023792267,0.29744304739870137,,,,,,,,,
8908800.0,0.302165395890673,0.2977679862796019,,,,,,,,,
8921088.0,0.2997312140651047,0.2979309966942916,,,,,,,,,
8933376.0,0.30166878768553335,0.2983393183288475,,,,,,,,,
8945664.0,0.3071292593764762,0.2994061720557511,,,,,,,,,
8957952.0,0.30474948650225997,0.3003205952079345,,,,,,,,,
8970240.0,0.31046564085409045,0.3016685785415272,,,,,,,,,
8982528.0,0.3109614825807512,0.3030789684969932,,,,,,,,,
8994816.0,0.306517381221056,0.30393040931473175,,,,,,,,,
9007104.0,0.30749659255767864,0.30528642609715456,,,,,,,,,
9019392.0,0.3075811006128788,0.3058466341346502,,,,,,,,,
9031680.0,0.3077023783698678,0.30640033238256975,,,,,,,,,
9043968.0,0.3095178850926459,0.3073789994853239,,,,,,,,,
9056256.0,0.3073609587736428,0.3079482165941348,,,,,,,,,
9068544.0,0.3050814322195947,0.30774343387844666,,,,,,,,,
9080832.0,0.3027948883051674,0.30754797405873735,,,,,,,,,
9093120.0,0.3004411516400675,0.3065455251373351,,,,,,,,,
9105408.0,0.2793376026675105,0.303383137146011,,,,,,,,,
9117696.0,0.31138216502343613,0.303869615526249,,,,,,,,,
9129984.0,0.27864447872464854,0.300984404142946,,,,,,,,,
9142272.0,0.2892640406886737,0.2991526981505255,,,,,,,,,
9154560.0,0.28247961929688853,0.29663042224322755,,,,,,,,,
9166848.0,0.26180231012403965,0.29185886474636696,,,,,,,,,
9179136.0,0.26400835951790214,0.28752360482079287,,,,,,,,,
9191424.0,0.28359750922148425,0.2853752125209818,,,,,,,,,
9203712.0,0.25964819686487317,0.28106054337695247,,,,,,,,,
9216000.0,0.24932738300412893,0.27594916651335855,,,,,,,,,
9228288.0,0.23829917532081404,0.27184532377868886,,,,,,,,,
9240576.0,0.25426555921634036,0.2661336631979793,,,,,,,,,
9252864.0,0.22829483775421977,0.26109869910093647,,,,,,,,,
9265152.0,0.22253561842565736,0.2544258568746348,,,,,,,,,
9277440.0,0.2480356558226049,0.25098146052720643,,,,,,,,,
9289728.0,0.16941458731889725,0.2417426882466922,,,,,,,,,
9302016.0,0.17106192900488773,0.2324480451953908,,,,,,,,,
9314304.0,0.18332664420207342,0.22242095869344972,,,,,,,,,
9326592.0,0.20416644417370358,0.21687278342433275,,,,,,,,,
9338880.0,0.20180218620225787,0.21212026374414564,,,,,,,,,
9351168.0,0.1790772502621015,0.2061980712382744,,,,,,,,,
9363456.0,0.1529007621575147,0.1960615915323918,,,,,,,,,
9375744.0,0.15182929136790335,0.18841503689376018,,,,,,,,,
9388032.0,0.20629810177100202,0.18679128522829463,,,,,,,,,
9400320.0,0.1880540392206361,0.18079312356809774,,,,,,,,,
9412608.0,0.17458791829024753,0.18131045666523277,,,,,,,,,
9424896.0,0.2293658674849818,0.1871408505132422,,,,,,,,,
9437184.0,0.17491179324376085,0.18629936541741093,,,,,,,,,
9449472.0,0.20162107213400304,0.18604482821344087,,,,,,,,,
9461760.0,0.1966655127083262,0.1855311608640477,,,,,,,,,
9474048.0,0.20509593794122338,0.1881330296319599,,,,,,,,,
9486336.0,0.1879998540195326,0.1916429388181617,,,,,,,,,
9498624.0,0.20471823262050748,0.19693183294342212,,,,,,,,,
9510912.0,0.1834036624059081,0.19464238900691272,,,,,,,,,
9523200.0,0.21641650485495725,0.1974786355703448,,,,,,,,,
9535488.0,0.20358314543652037,0.20037815828497213,,,,,,,,,
9547776.0,0.18961476146553954,0.19640304768302788,,,,,,,,,
9560064.0,0.1809833381945888,0.19701020217811066,,,,,,,,,
9572352.0,0.1761696853209287,0.19446506349680323,,,,,,,,,
9584640.0,0.16156896258083484,0.1909554084840541,,,,,,,,,
9596928.0,0.17908043949864805,0.18835385863979656,,,,,,,,,
9609216.0,0.2018082702998072,0.18973470026782402,,,,,,,,,
9621504.0,0.14948866857836643,0.18421174386360992,,,,,,,,,
9633792.0,0.2042433233000338,0.1862957099530225,,,,,,,,,
9646080.0,0.22498102594787875,0.18715216206231464,,,,,,,,,
9658368.0,0.20173706805023053,0.18696755432368567,,,,,,,,,
9670656.0,0.22091126053904495,0.1900972042310362,,,,,,,,,
9682944.0,0.18654222103456655,0.19065309251503398,,,,,,,,,
9695232.0,0.18641999977019927,0.19167812395996103,,,,,,,,,
9707520.0,0.22304296478008231,0.19782552417988578,,,,,,,,,
9719808.0,0.20253404959415397,0.20017088518943638,,,,,,,,,
9732096.0,0.20300813236584267,0.20029087139603993,,,,,,,,,
9744384.0,0.21794944644595185,0.20713694918279849,,,,,,,,,
9756672.0,0.22078636335209012,0.20879125318800407,,,,,,,,,
9768960.0,0.220737357934316,0.20836688638664783,,,,,,,,,
9781248.0,0.22261886158958077,0.21045506574058281,,,,,,,,,
9793536.0,0.2251155849856635,0.2108754981852447,,,,,,,,,
9805824.0,0.22368324858446917,0.21458960094023496,,,,,,,,,
9818112.0,0.2269931483703355,0.2186469158002486,,,,,,,,,
9830400.0,0.2237189457130929,0.21871451389354965,,,,,,,,,
9842688.0,0.22766283542538682,0.22122739247667292,,,,,,,,,
9854976.0,0.2245411059508721,0.22338068983517587,,,,,,,,,
9867264.0,0.2241585641168058,0.2240016016022613,,,,,,,,,
9879552.0,0.22997944662347436,0.22492090992939967,,,,,,,,,
9891840.0,0.2247515042933325,0.22532232456530132,,,,,,,,,
9904128.0,0.22826696280390024,0.22588713468673327,,,,,,,,,
9916416.0,0.23229080283393463,0.2266046564715604,,,,,,,,,
9928704.0,0.22981699571634331,0.22721803118474782,,,,,,,,,
9940992.0,0.22609622046972314,0.22712833839468655,,,,,,,,,
9953280.0,0.2310691874784728,0.22786336257122458,,,,,,,,,
9965568.0,0.22869220903764167,0.22796629993245004,,,,,,,,,
9977856.0,0.22561190541212758,0.2280733798785756,,,,,,,,,
9990144.0,0.22733949047202864,0.22839147251409786,,,,,,,,,
10002432.0,0.22781911306083202,0.22817543915783361,,,,,,,,,
10014720.0,0.23751995045070848,0.2294522837735713,,,,,,,,,
10027008.0,0.23414135615651807,0.23003972310883306,,,,,,,,,
10039296.0,0.2361939043427507,0.23043003325971462,,,,,,,,,
10051584.0,0.23841885880877575,0.2312902195689579,,,,,,,,,
10063872.0,0.23416088335216045,0.23209668585720164,,,,,,,,,
10076160.0,0.23941606500496468,0.23293137360985083,,,,,,,,,
10088448.0,0.23242170317098498,0.23330432302318513,,,,,,,,,
10100736.0,0.23700862331315875,0.23444399481328823,,,,,,,,,
10113024.0,0.24041873775422573,0.23575191954150795,,,,,,,,,
10125312.0,0.23554632890348634,0.2365246411257734,,,,,,,,,
10137600.0,0.23389894872282943,0.2361625409529855,,,,,,,,,
10149888.0,0.23726437225316963,0.23647484256265067,,,,,,,,,
10162176.0,0.23367950490986308,0.23622340261936192,,,,,,,,,
10174464.0,0.24123907291019955,0.23650542402950428,,,,,,,,,
10186752.0,0.24029674008488655,0.23711900970277688,,,,,,,,,
10199040.0,0.24242212002476057,0.23741961520475646,,,,,,,,,
10211328.0,0.24397451244294643,0.23857489613195262,,,,,,,,,
10223616.0,0.2484197059335808,0.23971600439399482,,,,,,,,,
10235904.0,0.2233025087043643,0.23800438148900865,,,,,,,,,
10248192.0,0.26116384177779156,0.24056613277643923,,,,,,,,,
10260480.0,0.23966620319212475,0.2411428582233687,,,,,,,,,
10272768.0,0.2585378711422284,0.24327020811227462,,,,,,,,,
10285056.0,0.25078290700912476,0.2449805483222008,,,,,,,,,
10297344.0,0.24980754281083742,0.2458373953122645,,,,,,,,,
10309632.0,0.25053902389481664,0.24686162369325756,,,,,,,,,
10321920.0,0.2532243497359256,0.24794184666437405,,,,,,,,,
10334208.0,0.2530284356325865,0.24884723898333805,,,,,,,,,
10346496.0,0.25233537176003057,0.2492388055659831,,,,,,,,,
10358784.0,0.25380017297963303,0.25228857199350996,,,,,,,,,
10371072.0,0.25615493580698967,0.2517876813964297,,,,,,,,,
10383360.0,0.24683954644327363,0.25250501572154466,,,,,,,,,
10395648.0,0.26731160484875244,0.253382389092197,,,,,,,,,
10407936.0,0.256738673740377,0.2539779657653223,,,,,,,,,
10420224.0,0.23108040960505605,0.25210525244474413,,,,,,,,,
10432512.0,0.22366793119969466,0.2494181431752319,,,,,,,,,
10444800.0,0.22359116348282745,0.24645482454992207,,,,,,,,,
10457088.0,0.12296690258275096,0.23344867124493857,,,,,,,,,
10469376.0,0.2516815761725108,0.23338329168618657,,,,,,,,,
10481664.0,0.1864612593781203,0.2266494003260353,,,,,,,,,
10493952.0,0.20984608074650168,0.22201851481998647,,,,,,,,,
10506240.0,0.18447693526589623,0.21578225370224877,,,,,,,,,
10518528.0,0.1752513347698065,0.20657622669435413,,,,,,,,,
10530816.0,0.11170945460132013,0.19207330478044848,,,,,,,,,
10543104.0,0.24540180920545632,0.19350544474048853,,,,,,,,,
10555392.0,0.18044214082571366,0.18918286570309042,,,,,,,,,
10567680.0,0.18041583057492971,0.18486533241230063,,,,,,,,,
10579968.0,0.1643354231491685,0.18900218446894237,,,,,,,,,
10592256.0,0.18575599890512726,0.182409626742204,,,,,,,,,
10604544.0,0.13723602890968323,0.1774871036953603,,,,,,,,,
10616832.0,0.22366615664213896,0.17886911128492405,,,,,,,,,
10629120.0,0.17846745376785597,0.17826816313512,,,,,,,,,
10641408.0,0.21560691366903484,0.18230372102504286,,,,,,,,,
10653696.0,0.21191564667969942,0.19232434023288078,,,,,,,,,
10665984.0,0.2066555100803574,0.1884497103203709,,,,,,,,,
10678272.0,0.22165450810765228,0.19257094704856476,,,,,,,,,
10690560.0,0.22735789030169448,0.1972651530212412,,,,,,,,,
10702848.0,0.2358880126848817,0.2044204119748126,,,,,,,,,
10715136.0,0.24227569966266552,0.2100723820505664,,,,,,,,,
10727424.0,0.23443653341382742,0.2197924325009808,,,,,,,,,
10739712.0,0.2185509376383076,0.21928091060059765,,,,,,,,,
10752000.0,0.19758867596586546,0.22119303282039865,,,,,,,,,
10764288.0,0.163184503869464,0.21595079184044152,,,,,,,,,
10776576.0,0.19764996723582348,0.2145242238960539,,,,,,,,,
10788864.0,0.1596209666070839,0.20982076954872655,,,,,,,,,
10801152.0,0.2268934492021799,0.21034466365817933,,,,,,,,,
10813440.0,0.1609604776992152,0.2037049223979314,,,,,,,,,
10825728.0,0.22962359385564923,0.20307848051500815,,,,,,,,,
10838016.0,0.24041282758116722,0.20289219330685831,,,,,,,,,
10850304.0,0.24233484749371806,0.20368202471484742,,,,,,,,,
10862592.0,0.2780634840019047,0.20963327935120715,,,,,,,,,
10874880.0,0.2704769821527104,0.2169221099698916,,,,,,,,,
10887168.0,0.2995344748099645,0.23055710706394167,,,,,,,,,
10899456.0,0.24910319301610193,0.23570242964196955,,,,,,,,,
10911744.0,0.291632109011213,0.2489035438823824,,,,,,,,,
10924032.0,0.26690043043345213,0.25290424200550965,,,,,,,,,
10936320.0,0.3354077876235048,0.2703489729979386,,,,,,,,,
10948608.0,0.2859668731689453,0.2759833009292682,,,,,,,,,
10960896.0,0.2800730761761467,0.2799493257887661,,,,,,,,,
10973184.0,0.2604530902268986,0.2817611500620842,,,,,,,,,
10985472.0,0.2744208701575796,0.28139688867765167,,,,,,,,,
10997760.0,0.2348582943280538,0.27783501989518605,,,,,,,,,
11010048.0,0.24364093815286955,0.2722456662294766,,,,,,,,,
11022336.0,0.23625706151748696,0.27096105307961504,,,,,,,,,
11034624.0,0.24279898715515932,0.2660777408940097,,,,,,,,,
11046912.0,0.2533967496516804,0.2647273728158325,,,,,,,,,
11059200.0,0.2433639424853027,0.2555229883020123,,,,,,,,,
11071488.0,0.24128866211200753,0.2510551671963185,,,,,,,,,
11083776.0,0.2714425680072357,0.25019211637942745,,,,,,,,,
11096064.0,0.25244694389402866,0.24939150174614041,,,,,,,,,
11108352.0,0.1797223152437558,0.23992164625475806,,,,,,,,,
11120640.0,0.17918967665173113,0.2343547844871258,,,,,,,,,
11132928.0,0.1250773435458541,0.22249842502642422,,,,,,,,,
11145216.0,0.1900795335532166,0.21788067222999716,,,,,,,,,
11157504.0,0.19469919020775706,0.21307069253525696,,,,,,,,,
11169792.0,0.20764034202632806,0.20849505177272176,,,,,,,,,
11182080.0,0.1566242287711551,0.19982108040130697,,,,,,,,,
11194368.0,0.22745871862086156,0.19843808605219238,,,,,,,,,
11206656.0,0.2338018723142644,0.19467401648289523,,,,,,,,,
11218944.0,0.27427823608741164,0.19685714570223353,,,,,,,,,
11231232.0,0.2738153900330265,0.2062664531811606,,,,,,,,,
11243520.0,0.2695111813955009,0.2152986036555376,,,,,,,,,
11255808.0,0.25750174233689904,0.22854104353464208,,,,,,,,,
11268096.0,0.2962075397372246,0.2391538441530429,,,,,,,,,
11280384.0,0.23663108105150363,0.24334703323741755,,,,,,,,,
11292672.0,0.27798858704045415,0.25038185773883015,,,,,,,,,
11304960.0,0.27797814800093573,0.2625172496618082,,,,,,,,,
11317248.0,0.285646576123933,0.2683360354121153,,,,,,,,,
11329536.0,0.2706626470511158,0.27202211288580047,,,,,,,,,
11341824.0,0.2668074670558174,0.27127503598264113,,,,,,,,,
11354112.0,0.2661884843061368,0.2705123454099521,,,,,,,,,
11366400.0,0.26561554583410424,0.27012278185381244,,,,,,,,,
11378688.0,0.2865888113155961,0.27303148875168215,,,,,,,,,
11390976.0,0.29312251570324105,0.2727229863482838,,,,,,,,,
11403264.0,0.30396295509611565,0.279456173752745,,,,,,,,,
11415552.0,0.30923113335544866,0.28258042838424446,,,,,,,,,
11427840.0,0.3183179651387036,0.28661441009802124,,,,,,,,,
11440128.0,0.3251453771566351,0.2905642902012915,,,,,,,,,
11452416.0,0.3280869978480041,0.2963067252809803,,,,,,,,,
11464704.0,0.33477417938411236,0.30310339651380974,,,,,,,,,
11476992.0,0.3356944729263584,0.31005399537583195,,,,,,,,,
11489280.0,0.3416371922940016,0.3176561600218216,,,,,,,,,
11501568.0,0.3445196157942216,0.3234492404696842,,,,,,,,,
11513856.0,0.3467091138785084,0.32880790028721096,,,,,,,,,
11526144.0,0.34589625305185717,0.3330012300827851,,,,,,,,,
11538432.0,0.350895997757713,0.3371677165230115,,,,,,,,,
11550720.0,0.35553412496422726,0.3408893325055639,,,,,,,,,
11563008.0,0.35546100077529746,0.34392089486743016,,,,,,,,,
11575296.0,0.35587559221312404,0.3466997543039422,,,,,,,,,
11587584.0,0.3583938926458359,0.3490617256301145,,,,,,,,,
11599872.0,0.35873598667482537,0.35136587700496114,,,,,,,,,
11612160.0,0.35930098375926417,0.3531322561514874,,,,,,,,,
11624448.0,0.3636603004609545,0.3550463246181607,,,,,,,,,
11636736.0,0.3638070148105423,0.35675611471136415,,,,,,,,,
11649024.0,0.3620967185124755,0.35837616125742594,,,,,,,,,
11661312.0,0.35902677693714696,0.3591892391753694,,,,,,,,,
11673600.0,0.36067348532378674,0.35970317521132533,,,,,,,,,
11685888.0,0.3614963637664914,0.3603067115104447,,,,,,,,,
11698176.0,0.3328312866700192,0.35800228095613423,,,,,,,,,
11710464.0,0.37287579802796245,0.3594504714943469,,,,,,,,,
11722752.0,0.37169605509067577,0.3607464783359319,,,,,,,,,
11735040.0,0.365966181581219,0.3614129981181274,,,,,,,,,
11747328.0,0.3702886250490944,0.36207583057694137,,,,,,,,,
11759616.0,0.33747114582608145,0.35944224367849525,,,,,,,,,
11771904.0,0.368431535239021,0.3600757253511498,,,,,,,,,
11784192.0,0.3559965854510665,0.3597727062025418,,,,,,,,,
11796480.0,0.3750100019387901,0.36120635786404215,,,,,,,,,
11808768.0,0.36436411971226335,0.3614931334586193,,,,,,,,,
11821056.0,0.3580069215968251,0.3640106969512999,,,,,,,,,
11833344.0,0.35477784431229037,0.36220090157973267,,,,,,,,,
11845632.0,0.35124540391067666,0.36015583646173277,,,,,,,,,
11857920.0,0.349625490916272,0.3585217673952381,,,,,,,,,
11870208.0,0.3524860314403971,0.35674150803436844,,,,,,,,,
11882496.0,0.359567125638326,0.3589511060155929,,,,,,,,,
11894784.0,0.3604366568227609,0.35815161817396685,,,,,,,,,
11907072.0,0.3643937812497218,0.35899133775383235,,,,,,,,,
11919360.0,0.3638277817517519,0.3578731157351286,,,,,,,,,
11931648.0,0.3569278058906396,0.35712948435296615,,,,,,,,,
11943936.0,0.35392460754762095,0.35672125294804574,,,,,,,,,
11956224.0,0.3976482118790348,0.36100828970472015,,,,,,,,,
11968512.0,0.3633826896548271,0.36222201827913525,,,,,,,,,
11980800.0,0.3445658207250138,0.3617160512600094,,,,,,,,,
11993088.0,0.322260186697046,0.35869346678567426,,,,,,,,,
12005376.0,0.3047376316972077,0.3532105173915624,,,,,,,,,
12017664.0,0.3100043407951792,0.3481672857888043,,,,,,,,,
12029952.0,0.3136121383868158,0.3430891215025137,,,,,,,,,
12042240.0,0.312616809271276,0.3379680242544661,,,,,,,,,
12054528.0,0.319396714369456,0.3342149151023477,,,,,,,,,
12066816.0,0.33170075512801606,0.33199252986038724,,,,,,,,,
12079104.0,0.3133274745196104,0.32356045612444484,,,,,,,,,
12091392.0,0.3491685405994455,0.3221390412189066,,,,,,,,,
12103680.0,0.3622317351400852,0.3239056326604138,,,,,,,,,
12115968.0,0.3569572639341156,0.32737534038412075,,,,,,,,,
12128256.0,0.35594880767166615,0.3324964579815666,,,,,,,,,
12140544.0,0.3613838870078325,0.33763441260283195,,,,,,,,,
12152832.0,0.3642947804182768,0.34270267680597805,,,,,,,,,
12165120.0,0.3657900635153055,0.348020002230381,,,,,,,,,
12177408.0,0.3692870335653424,0.35300903414996965,,,,,,,,,
12189696.0,0.35759182771046955,0.355598141408215,,,,,,,,,
12201984.0,0.31851679816221196,0.35611707377247515,,,,,,,,,
12214272.0,0.3231034018099308,0.35351055989352365,,,,,,,,,
12226560.0,0.36559413963307935,0.35384680034282306,,,,,,,,,
12238848.0,0.36125379350657266,0.35427645330006874,,,,,,,,,
12251136.0,0.3416474371527632,0.35284631624817847,,,,,,,,,
12263424.0,0.3313036602921784,0.34983829357661306,,,,,,,,,
12275712.0,0.29883013137926656,0.3432918286727121,,,,,,,,,
12288000.0,0.3128560866850118,0.3379984309896827,,,,,,,,,
