v2_latent_discrepancy_timesteps,v2_latent_discrepancy_score,v2_latent_discrepancy_score_mean,v3_latent_plus_clamped_eme_timesteps,v3_latent_plus_clamped_eme_score,v3_latent_plus_clamped_eme_score_mean,v4_latent_plus_normalised_eme_timesteps,v4_latent_plus_normalised_eme_score,v4_latent_plus_normalised_eme_score_mean
12288.0,1.0,1.0,12288.0,1.0,1.0,12288.0,1.0001002941280603,1.0001002941280603
24576.0,1.0,1.0,24576.0,1.0,1.0,24576.0,2.6444586627185345,1.8222794784232974
36864.0,1.0,1.0,36864.0,1.0,1.0,36864.0,2.5679874842365584,2.0708488136943846
49152.0,1.0,1.0,49152.0,1.0,1.0,49152.0,1.5454257143040497,1.9394930388468008
61440.0,1.0,1.0,61440.0,1.0,1.0,61440.0,1.166284641250968,1.7848513593276345
73728.0,1.0,1.0,73728.0,1.2595263651261728,1.0432543941876955,73728.0,1.7732687753935654,1.7829209286719563
86016.0,1.0,1.0,86016.0,2.0308162520329156,1.1843346595941555,86016.0,1.5132637744148572,1.7443984780637993
98304.0,1.0,1.0,98304.0,1.5643276584645112,1.23183378445295,98304.0,0.40698781702667475,1.5772221454341584
110592.0,1.0,1.0,110592.0,5.0,1.6505189195137335,110592.0,2.4199238742391267,1.6708556708569327
122880.0,1.0,1.0,122880.0,5.0,1.98546702756236,122880.0,1.3233131282031536,1.6361014165915548
135168.0,1.0,1.0,135168.0,5.0,2.3854670275623597,135168.0,1.2794633743663628,1.664037724615385
147456.0,1.0,1.0,147456.0,5.0,2.78546702756236,147456.0,1.8154024860511224,1.581132106948644
159744.0,1.0,1.0,159744.0,5.0,3.1854670275623596,159744.0,1.5353982355445623,1.4778731820794442
172032.0,1.0,1.0,172032.0,5.0,3.5854670275623604,172032.0,0.859703000014027,1.409300910650442
184320.0,1.0,1.0,184320.0,5.0,3.98546702756236,184320.0,0.5423434448118011,1.3469067910065253
196608.0,1.0,1.0,196608.0,5.0,4.359514391049743,196608.0,0.6126519733419021,1.2308451108013592
208896.0,1.0,1.0,208896.0,5.0,4.656432765846451,208896.0,0.9590820539742708,1.1754269387573006
221184.0,1.0,1.0,221184.0,5.0,5.0,221184.0,1.0257766072948773,1.2373058177841207
233472.0,1.0,1.0,233472.0,5.0,5.0,233472.0,0.6793804333234826,1.0632514736925562
245760.0,1.0,1.0,245760.0,5.0,5.0,245760.0,0.9701911173760891,1.0279392726098497
258048.0,1.0,1.0,258048.0,5.0,5.0,258048.0,0.81460544342796,0.9814534795160095
270336.0,1.0,1.0,270336.0,2.404578441133102,4.74045784411331,270336.0,1.1692339467505615,0.9168366255859535
282624.0,1.0,1.0,282624.0,5.0,4.74045784411331,282624.0,2.0457247644662857,0.9678692784781259
294912.0,1.0,1.0,294912.0,5.0,4.74045784411331,294912.0,0.4375322369548182,0.9256522021722047
307200.0,1.0,1.0,307200.0,5.0,4.74045784411331,307200.0,1.5124874686201413,1.022666604553039
319488.0,1.0,1.0,319488.0,5.0,4.74045784411331,319488.0,0.919037688523531,1.0533051760712018
331776.0,1.0,1.0,331776.0,5.0,4.74045784411331,331776.0,0.9527316372841597,1.0526701344021907
344064.0,1.0,1.0,344064.0,5.0,4.74045784411331,344064.0,0.6722253815581402,1.017315011828517
356352.0,1.0,1.0,356352.0,5.0,4.74045784411331,356352.0,2.308901243532697,1.1802670928494385
368640.0,1.0,1.0,368640.0,5.0,4.74045784411331,368640.0,1.4270091441770394,1.2259488955295335
380928.0,1.0,1.0,380928.0,5.0,4.74045784411331,380928.0,0.7309329959874352,1.217581650785481
393216.0,1.0,1.0,393216.0,5.0,5.0,393216.0,0.7457347549498081,1.1752317316054057
405504.0,1.0,1.0,405504.0,5.0,5.0,405504.0,1.0267262794077396,1.0733318830995509
417792.0,1.0,1.0,417792.0,5.0,5.0,417792.0,1.1961164884269238,1.1491903082467616
430080.0,1.0,1.0,430080.0,5.0,5.0,430080.0,0.26740135182626545,1.024681696567374
442368.0,1.0,1.0,442368.0,5.0,5.0,442368.0,0.43279898166656494,0.9760578258816774
454656.0,1.0,1.0,454656.0,5.0,5.0,454656.0,0.9983307365328074,0.9806177358065421
466944.0,1.0,1.0,466944.0,5.0,5.0,466944.0,1.4829415151228507,1.0616893491630133
479232.0,1.0,1.0,479232.0,5.0,5.0,479232.0,1.5022983426849048,0.9810290590782339
491520.0,1.0,1.0,491520.0,5.0,5.0,491520.0,0.4693191737557451,0.8852600620361043
503808.0,1.0,1.0,503808.0,5.0,5.0,503808.0,0.8189000307271878,0.8940567655100796
516096.0,1.0,1.0,516096.0,5.0,5.0,516096.0,1.265354871749878,0.9460187771900866
528384.0,1.0,1.0,528384.0,5.0,5.0,528384.0,1.9588944197942812,1.0392355912287408
540672.0,1.0,1.0,540672.0,5.0,5.0,540672.0,1.733271189654867,1.0929510613515352
552960.0,1.0,1.0,552960.0,5.0,5.0,552960.0,0.3485164870508015,1.1010625748739886
565248.0,1.0,1.0,565248.0,5.0,5.0,565248.0,0.5771540943533182,1.115498086142664
577536.0,1.0,1.0,577536.0,5.0,5.0,577536.0,1.393090217684706,1.154974034257854
589824.0,1.0,1.0,589824.0,5.0,5.0,589824.0,1.7606216538697481,1.182742048132544
602112.0,1.0,1.0,602112.0,5.0,5.0,602112.0,1.3763237322370212,1.1701445870877554
614400.0,1.0,1.0,614400.0,5.0,5.0,614400.0,1.7026788275688887,1.2934805524690698
626688.0,1.0,1.0,626688.0,5.0,5.0,626688.0,0.6769972862675786,1.2792902780231088
638976.0,1.0,1.0,638976.0,5.0,5.0,638976.0,1.1298872909198205,1.265743519940103
651264.0,1.0,1.0,651264.0,5.0,5.0,651264.0,0.79763721053799,1.149617799014474
663552.0,1.0,1.0,663552.0,5.0,5.0,663552.0,0.3688864662932853,1.013179326678316
675840.0,1.0,1.0,675840.0,5.0,5.0,675840.0,0.36445440755536157,1.0147731187287719
688128.0,1.0,1.0,688128.0,5.0,5.0,688128.0,0.3119511191422741,0.9882528212076676
700416.0,1.0,1.0,700416.0,5.0,5.0,700416.0,0.3545759868187209,0.884401398121069
712704.0,1.0,1.0,712704.0,5.0,5.0,712704.0,1.2408053098867338,0.8324197637227675
724992.0,1.0,1.0,724992.0,5.0,5.0,724992.0,0.9731157471736273,0.7920989652164281
737280.0,1.0,1.0,737280.0,5.0,5.0,737280.0,0.9445026696970066,0.7162813494292398
749568.0,1.0,1.0,749568.0,5.0,5.0,749568.0,1.0870735769470532,0.7572889784971872
761856.0,1.0,1.0,761856.0,5.0,5.0,761856.0,1.1442337160309155,0.7587236210082968
774144.0,1.0,1.0,774144.0,5.0,5.0,774144.0,0.9719525997837385,0.7761551599328715
786432.0,1.0,1.0,786432.0,5.0,5.0,786432.0,0.9482806995511055,0.8340945832586536
798720.0,1.0,1.0,798720.0,5.0,5.0,798720.0,1.0516929818938177,0.9028184406924993
811008.0,1.0,1.0,811008.0,5.0,5.0,811008.0,0.9977519530802965,0.9713985240863016
823296.0,1.0,1.0,823296.0,5.0,5.0,823296.0,0.8355184985945622,1.0194927752638856
835584.0,1.0,1.0,835584.0,4.999361529946327,4.999936152994633,835584.0,0.7989989891648293,0.9753121431916952
847872.0,1.0,1.0,847872.0,4.99973014742136,4.999909167736769,847872.0,0.9141711903115114,0.9694176875054836
860160.0,1.0,1.0,860160.0,5.0,4.999909167736769,860160.0,0.762852929222087,0.9512527134579918
872448.0,1.0,1.0,872448.0,5.0,4.999909167736769,872448.0,0.9927867539227009,0.9418240311555565
884736.0,1.0,1.0,884736.0,5.0,4.999909167736769,884736.0,0.7933308612555265,0.9067337456780177
897024.0,1.0,1.0,897024.0,1.9109378792345524,4.691002955660224,897024.0,0.7833697572350502,0.8878754614231485
909312.0,1.0,1.0,909312.0,2.9860736479361853,4.489610320453843,909312.0,1.1490315943956375,0.907950550907602
921600.0,1.0,1.0,921600.0,5.0,4.489610320453843,921600.0,1.627182566250364,0.9654995093432565
933888.0,1.0,1.0,933888.0,5.0,4.489610320453843,933888.0,0.49412718787789345,0.9151370328230162
946176.0,1.0,1.0,946176.0,5.0,4.489610320453843,946176.0,1.8134277233233054,1.0129279552958907
958464.0,1.0,1.0,958464.0,5.0,4.48967416745921,958464.0,1.3158688855667908,1.0646149449360869
970752.0,1.0,1.0,970752.0,5.0,4.489701152717074,970752.0,0.736236210912466,1.0468214469961823
983040.0,1.0,1.0,983040.0,5.0,4.489701152717074,983040.0,0.8635463571796814,1.0568907897919417
995328.0,1.0,1.0,995328.0,5.0,4.489701152717074,995328.0,2.235221983244022,1.1811343127240737
1007616.0,1.0,1.0,1007616.0,5.0,4.489701152717074,1007616.0,1.2161336888869603,1.2234145954872173
1019904.0,1.0,1.0,1019904.0,5.0,4.798607364793619,1019904.0,0.983499201014638,1.2434275398651757
1032192.0,1.0,1.0,1032192.0,5.0,5.0,1032192.0,0.8242896609008312,1.2109533465156954
1044480.0,1.0,1.0,1044480.0,5.0,5.0,1044480.0,1.199056349073847,1.1681407247980435
1056768.0,1.0,1.0,1056768.0,5.0,5.0,1056768.0,0.8063764528681835,1.1993656512970727
1069056.0,1.0,1.0,1069056.0,5.0,5.0,1069056.0,0.3945576533054312,1.0574786442952853
1081344.0,1.0,1.0,1081344.0,5.0,5.0,1081344.0,0.32267010072246194,0.9581587658108524
1093632.0,1.0,1.0,1093632.0,5.0,5.0,1093632.0,1.1469974108040333,0.9992348858000089
1105920.0,1.0,1.0,1105920.0,5.0,5.0,1105920.0,1.015977242961526,1.0144779743781935
1118208.0,1.0,1.0,1118208.0,5.0,5.0,1118208.0,0.9164137095212936,0.8825971470059205
1130496.0,1.0,1.0,1130496.0,5.0,5.0,1130496.0,0.49227369545648497,0.810211147662873
1142784.0,1.0,1.0,1142784.0,5.0,5.0,1142784.0,1.277829833328724,0.8396442108942818
1155072.0,1.0,1.0,1155072.0,5.0,5.0,1155072.0,1.70727713778615,0.9279429585828136
1167360.0,1.0,1.0,1167360.0,5.0,5.0,1167360.0,1.0700785089284182,0.9150451745682707
1179648.0,1.0,1.0,1179648.0,5.0,5.0,1179648.0,0.612351045322915,0.8956426338137439
1191936.0,1.0,1.0,1191936.0,5.0,5.0,1191936.0,0.2656597546301782,0.8827528439462184
1204224.0,1.0,1.0,1204224.0,5.0,5.0,1204224.0,1.440347225094835,0.9945205563834557
1216512.0,1.0,1.0,1216512.0,5.0,5.0,1216512.0,1.4996256412317355,1.029783379426226
1228800.0,1.0,1.0,1228800.0,5.0,5.0,1228800.0,1.025707288334767,1.03075638396355
1241088.0,1.0,1.0,1241088.0,5.0,5.0,1241088.0,0.7810957990586758,1.0172245929172883
1253376.0,1.0,1.0,1253376.0,5.0,5.0,1253376.0,1.1581474045912425,1.083811963830764
1265664.0,1.0,1.0,1265664.0,5.0,5.0,1265664.0,1.290957111865282,1.08512469168442
1277952.0,1.0,1.0,1277952.0,5.0,5.0,1277952.0,1.2341802008450031,1.0378149979903053
1290240.0,1.0,1.0,1290240.0,5.0,5.0,1290240.0,0.9281183692316214,1.0236189840206256
1302528.0,1.0,1.0,1302528.0,5.0,5.0,1302528.0,0.35587404295802116,0.9979712837841361
1314816.0,1.0,1.0,1314816.0,5.0,5.0,1314816.0,2.18416578322649,1.1898218866437673
1327104.0,1.0,1.0,1327104.0,5.0,5.0,1327104.0,1.162195038671295,1.1620066680014134
1339392.0,1.0,1.0,1339392.0,5.0,5.0,1339392.0,0.3063484109006822,1.042678944968308
1351680.0,1.0,1.0,1351680.0,5.0,5.0,1351680.0,1.6207600571215153,1.1021842218469828
1363968.0,1.0,1.0,1363968.0,5.0,5.0,1363968.0,1.4469241953144472,1.1687670614725598
1376256.0,1.0,1.0,1376256.0,5.0,5.0,1376256.0,1.553214358786742,1.2082737568921098
1388544.0,1.0,1.0,1388544.0,5.0,5.0,1388544.0,0.42839712416753173,1.1220177581223347
1400832.0,1.0,1.0,1400832.0,5.0,5.0,1400832.0,1.1451120171695948,1.1131109397547942
1413120.0,1.0,1.0,1413120.0,5.0,5.0,1413120.0,1.0518851137409608,1.125487614205728
1425408.0,1.0,1.0,1425408.0,5.0,5.0,1425408.0,0.3662598424901565,1.1265261941589415
1437696.0,1.0,1.0,1437696.0,5.0,5.0,1437696.0,0.25415878688606125,0.9335254945248987
1449984.0,1.0,1.0,1449984.0,5.0,5.0,1449984.0,0.3271936358263095,0.8500253542404002
1462272.0,1.0,1.0,1462272.0,5.0,5.0,1462272.0,0.38524106548478204,0.8579146196988102
1474560.0,1.0,1.0,1474560.0,5.0,5.0,1474560.0,0.4561187444875638,0.741450488435415
1486848.0,1.0,1.0,1486848.0,5.0,5.0,1486848.0,0.27027027456400293,0.6237850963603705
1499136.0,1.0,1.0,1499136.0,5.0,5.0,1499136.0,0.022372927274166916,0.470700953209113
1511424.0,1.0,1.0,1511424.0,5.0,5.0,1511424.0,0.30413387219111127,0.458274628011471
1523712.0,1.0,1.0,1523712.0,5.0,5.0,1523712.0,0.344897768770655,0.37825320317157696
1536000.0,1.0,1.0,1536000.0,5.0,5.0,1536000.0,0.3042984491524597,0.3034945367127269
1548288.0,1.0,1.0,1548288.0,5.0,5.0,1548288.0,1.960639222835501,0.4629324747472613
1560576.0,1.0,1.0,1560576.0,5.0,5.0,1560576.0,1.1577442921698093,0.5532910252756361
1572864.0,1.0,1.0,1572864.0,5.0,5.0,1572864.0,0.6102871267745892,0.5816003743704641
1585152.0,1.0,1.0,1585152.0,5.0,5.0,1585152.0,0.07510409597307444,0.5505866774192933
1597440.0,1.0,1.0,1597440.0,5.0,5.0,1597440.0,0.1957168758381158,0.5245464905543485
1609728.0,1.0,1.0,1609728.0,5.0,5.0,1609728.0,0.5039099032680193,0.5479104534247502
1622016.0,1.0,1.0,1622016.0,5.0,5.0,1622016.0,1.864050657177965,0.73207822641513
1634304.0,1.0,1.0,1634304.0,5.0,5.0,1634304.0,1.1871295534074306,0.820377794536762
1646592.0,1.0,1.0,1646592.0,5.0,5.0,1646592.0,0.7534209825098515,0.8612301159106815
1658880.0,1.0,1.0,1658880.0,5.0,5.0,1658880.0,1.0628111530095339,0.9370813862963889
1671168.0,1.0,1.0,1671168.0,5.0,5.0,1671168.0,1.4256570109476645,0.8835831651076054
1683456.0,1.0,1.0,1683456.0,5.0,5.0,1683456.0,1.0008691648642223,0.8678956523770467
1695744.0,1.0,1.0,1695744.0,5.0,5.0,1695744.0,0.6939265790084997,0.8762595976004375
1708032.0,1.0,1.0,1708032.0,5.0,5.0,1708032.0,1.1012489565958579,0.9788740836627161
1720320.0,1.0,1.0,1720320.0,5.0,5.0,1720320.0,0.9885107067724069,1.0581534667561452
1732608.0,1.0,1.0,1732608.0,5.0,5.0,1732608.0,0.7424585710590085,1.0820083335352444
1744896.0,1.0,1.0,1744896.0,5.0,5.0,1744896.0,0.6710140779614449,0.962704675613592
1757184.0,1.0,1.0,1757184.0,4.999420387049516,4.999942038704952,1757184.0,0.6120574918265144,0.9051974694555005
1769472.0,1.0,1.0,1769472.0,5.0,4.999942038704952,1769472.0,0.9532738464574019,0.9251827558502553
1781760.0,1.0,1.0,1781760.0,5.0,4.999942038704951,1781760.0,0.5715741037080685,0.8760590509201089
1794048.0,1.0,1.0,1794048.0,5.0,4.999942038704951,1794048.0,0.9947031879176697,0.8329636686171096
1806336.0,1.0,1.0,1806336.0,5.0,4.999942038704951,1806336.0,0.707962516695261,0.8036730038002133
1818624.0,1.0,1.0,1818624.0,5.0,4.999942038704951,1818624.0,0.19477840955369174,0.7537581868547325
1830912.0,1.0,1.0,1830912.0,5.0,4.999942038704951,1830912.0,2.3334814546008906,0.8769814366552359
1843200.0,1.0,1.0,1843200.0,5.0,4.999942038704951,1843200.0,1.5111250064025323,0.9292428666182483
1855488.0,1.0,1.0,1855488.0,5.0,4.999942038704951,1855488.0,0.8649081227680048,0.941487821789148
1867776.0,1.0,1.0,1867776.0,5.0,4.999942038704951,1867776.0,0.8047116994857788,0.9548575839415813
1880064.0,1.0,1.0,1880064.0,5.0,5.0,1880064.0,0.9987838845700026,0.9935302232159302
1892352.0,1.0,1.0,1892352.0,5.0,5.0,1892352.0,0.5480314915378889,0.9530059877239789
1904640.0,1.0,1.0,1904640.0,5.0,5.0,1904640.0,0.8695475310087204,0.9828033304540442
1916928.0,1.0,1.0,1916928.0,5.0,5.0,1916928.0,1.2685380826393764,1.0101868199262147
1929216.0,1.0,1.0,1929216.0,5.0,5.0,1929216.0,0.9255934208631516,1.0319499103430039
1941504.0,1.0,1.0,1941504.0,5.0,5.0,1941504.0,0.7938813219467798,1.0918602015823127
1953792.0,1.0,1.0,1953792.0,5.0,5.0,1953792.0,1.2206722876677911,0.9805792848890025
1966080.0,1.0,1.0,1966080.0,5.0,5.0,1966080.0,1.2254687224825223,0.9520136564970016
1978368.0,1.0,1.0,1978368.0,5.0,5.0,1978368.0,0.8412238421539465,0.9496452284355958
1990656.0,1.0,1.0,1990656.0,5.0,5.0,1990656.0,0.8755954193572203,0.9567336004227398
2002944.0,1.0,1.0,2002944.0,5.0,5.0,2002944.0,1.4275719622770946,0.9996124081934491
2015232.0,1.0,1.0,2015232.0,5.0,5.0,2015232.0,1.1376116517931223,1.0585704242189724
2027520.0,1.0,1.0,2027520.0,5.0,5.0,2027520.0,1.0453276634216309,1.0761484374602637
2039808.0,1.0,1.0,2039808.0,5.0,5.0,2039808.0,1.0166373122483492,1.0509583604211608
2052096.0,1.0,1.0,2052096.0,5.0,5.0,2052096.0,0.8042975881447395,1.0388287771493199
2064384.0,1.0,1.0,2064384.0,5.0,5.0,2064384.0,0.4102621645045777,1.0004668614050996
2076672.0,1.0,1.0,2076672.0,5.0,5.0,2076672.0,1.5301688102384408,1.0314165136621647
2088960.0,1.0,1.0,2088960.0,5.0,5.0,2088960.0,1.4598567082236211,1.0548553122362743
2101248.0,1.0,1.0,2101248.0,5.0,5.0,2101248.0,0.3990731779485941,1.010640245815739
2113536.0,1.0,1.0,2113536.0,5.0,5.0,2113536.0,1.3929799695809681,1.062378700838114
2125824.0,1.0,1.0,2125824.0,5.0,5.0,2125824.0,1.1124451979994774,1.030866024410352
2138112.0,1.0,1.0,2138112.0,5.0,5.0,2138112.0,1.0882260433087747,1.0259274635619173
2150400.0,1.0,1.0,2150400.0,5.0,5.0,2150400.0,0.8137798712899288,1.0027726843487472
2162688.0,1.0,1.0,2162688.0,5.0,5.0,2162688.0,0.9870518607397875,0.9998141391978912
2174976.0,1.0,1.0,2174976.0,5.0,5.0,2174976.0,0.9599615732828776,1.0153805377117047
2187264.0,1.0,1.0,2187264.0,5.0,5.0,2187264.0,1.981909581149618,1.1725452793762088
2199552.0,1.0,1.0,2199552.0,5.0,5.0,2199552.0,1.2320261939118307,1.1427310177435477
2211840.0,1.0,1.0,2211840.0,5.0,5.0,2211840.0,1.0056549155463774,1.0973108384758234
2224128.0,1.0,1.0,2224128.0,5.0,5.0,2224128.0,1.3888108072181542,1.1962846014027797
2236416.0,1.0,1.0,2236416.0,5.0,5.0,2236416.0,0.7447503761698803,1.1314616420616708
2248704.0,1.0,1.0,2248704.0,5.0,5.0,2248704.0,2.267102364450693,1.2469273587067922
2260992.0,1.0,1.0,2260992.0,5.0,5.0,2260992.0,1.2454015656063955,1.262644910936554
2273280.0,1.0,1.0,2273280.0,5.0,5.0,2273280.0,0.8319683540612459,1.264463759213686
2285568.0,1.0,1.0,2285568.0,5.0,5.0,2285568.0,1.0819786302745342,1.2739564361671607
2297856.0,1.0,1.0,2297856.0,5.0,5.0,2297856.0,1.371526104087631,1.315112889247636
2310144.0,1.0,1.0,2310144.0,5.0,5.0,2310144.0,0.7949374299496412,1.1964156741276382
2322432.0,1.0,1.0,2322432.0,5.0,5.0,2322432.0,0.7710546550030509,1.1503185202367603
2334720.0,1.0,1.0,2334720.0,5.0,5.0,2334720.0,1.1170045789331198,1.1614534865754345
2347008.0,1.0,1.0,2347008.0,5.0,5.0,2347008.0,1.0807389728724957,1.130646303140869
2359296.0,1.0,1.0,2359296.0,5.0,5.0,2359296.0,1.0604996339728434,1.162221228921165
2371584.0,1.0,1.0,2371584.0,5.0,5.0,2371584.0,1.0444197816153367,1.0399529706376296
2383872.0,1.0,1.0,2383872.0,5.0,5.0,2383872.0,0.6388735255847374,0.9793001666354637
2396160.0,1.0,1.0,2396160.0,5.0,5.0,2396160.0,0.049114730927006654,0.9010148043220397
2408448.0,1.0,1.0,2408448.0,5.0,5.0,2408448.0,1.4414084497839212,0.9369577862729784
2420736.0,1.0,1.0,2420736.0,5.0,5.0,2420736.0,1.0755375033865373,0.9073589262028691
2433024.0,1.0,1.0,2433024.0,4.9999997193614645,4.9999999719361465,2433024.0,0.5436137955014905,0.882226562758054
2445312.0,1.0,1.0,2445312.0,1.095088543370366,4.609508826273183,2445312.0,1.6147452505926292,0.9665956223170117
2457600.0,1.0,1.0,2457600.0,2.7112293243408203,4.380631758707265,2457600.0,1.1297714884082477,0.9678723132645244
2469888.0,1.0,1.0,2469888.0,5.0,4.380631758707265,2469888.0,1.1900636708984773,0.9788047830671227
2482176.0,1.0,1.0,2482176.0,4.943413803974788,4.374973139104744,2482176.0,1.4334142139802377,1.0160962410678622
2494464.0,1.0,1.0,2494464.0,2.6464108812312284,4.139614227227867,2494464.0,1.1361878514289856,1.0252730480492271
2506752.0,1.0,1.0,2506752.0,1.0254429175208013,3.7421585189799464,2506752.0,0.9605579214791456,1.0574414876386677
2519040.0,1.0,1.0,2519040.0,1.0,3.3421585189799465,2519040.0,0.5293136757488052,1.1054613821208477
2531328.0,1.0,1.0,2531328.0,1.0,2.942158518979947,2531328.0,0.8763861916959286,1.0489591563120484
2543616.0,1.0,1.0,2543616.0,1.0,2.5421585189799467,2543616.0,1.7602178839345772,1.1174271943668526
2555904.0,1.0,1.0,2555904.0,1.0,2.1421585470438003,2555904.0,1.2976556370655696,1.1928313785232603
2568192.0,1.0,1.0,2568192.0,1.0,2.1326496927067637,2568192.0,0.8147644766916832,1.1128333011331657
2580480.0,1.0,1.0,2580480.0,1.0,1.9615267602726818,2580480.0,0.2961244342538218,1.0294685957177232
2592768.0,1.0,1.0,2592768.0,1.0,1.5615267602726817,2592768.0,0.6304375529289246,0.9735059839207677
2605056.0,1.0,1.0,2605056.0,1.0,1.1671853798752028,2605056.0,1.2658349039653938,0.9567480529192833
2617344.0,1.0,1.0,2617344.0,1.0,1.0025442917520802,2617344.0,1.5470754435906808,0.9978368121354529
2629632.0,1.0,1.0,2629632.0,1.0,1.0,2629632.0,1.168753403549393,1.0186563603424779
2641920.0,1.0,1.0,2641920.0,1.0,1.0,2641920.0,0.7895367077241341,1.0446786635400105
2654208.0,1.0,1.0,2654208.0,1.0,1.0,2654208.0,0.5788124933217963,1.0149212937025975
2666496.0,1.0,1.0,2666496.0,1.0,1.0,2666496.0,0.6265962508817514,0.901559130397315
2678784.0,1.0,1.0,2678784.0,1.0,1.0,2678784.0,0.820847537368536,0.8538783204276115
2691072.0,1.0,1.0,2691072.0,1.0,1.0,2691072.0,1.3684249427169561,0.9092443670301389
2703360.0,1.0,1.0,2703360.0,1.0,1.0,2703360.0,0.9133351022998492,0.9709654338347414
2715648.0,1.0,1.0,2715648.0,1.0,1.0,2715648.0,0.22457595239393413,0.9303792737812424
2727936.0,1.0,1.0,2727936.0,1.0,1.0,2727936.0,1.6200643486032884,0.9658022182450319
2740224.0,1.0,1.0,2740224.0,1.0,1.0,2740224.0,1.4486976228654385,0.9559644361725077
2752512.0,1.0,1.0,2752512.0,1.0,1.0,2752512.0,0.8134176104019085,0.9204308568577592
2764800.0,1.0,1.0,2764800.0,1.0,1.0,2764800.0,0.48449239041656256,0.8899264251270023
2777088.0,1.0,1.0,2777088.0,1.0,1.0,2777088.0,1.24813143722713,0.9568583195175353
2789376.0,1.0,1.0,2789376.0,1.0,1.0,2789376.0,1.321571948627631,1.0263558892921234
2801664.0,1.0,1.0,2801664.0,1.0001937349637349,1.0000193734963736,2801664.0,1.2179415890326102,1.066065294458531
2813952.0,1.0,1.0,2813952.0,1.0014124574760597,1.0001606192439794,2813952.0,0.5964612464110056,0.9888689248279359
2826240.0,1.0,1.0,2826240.0,1.0,1.0001606192439794,2826240.0,0.550950234134992,0.95263043801145
2838528.0,1.0,1.0,2838528.0,1.0,1.0001606192439794,2838528.0,1.6760764761517446,1.097780490387231
2850816.0,1.0,1.0,2850816.0,1.0,1.0001606192439794,2850816.0,0.9741490166634321,1.0331889571932453
2863104.0,1.0,1.0,2863104.0,1.0,1.0001606192439794,2863104.0,0.7586763600508372,0.9641868309117854
2875392.0,1.0,1.0,2875392.0,1.0,1.0001606192439794,2875392.0,0.8431114206711451,0.967156211938709
2887680.0,1.0,1.0,2887680.0,1.0,1.0001606192439794,2887680.0,0.9006695616990328,1.008773929066956
2899968.0,1.0,1.0,2899968.0,1.0,1.0001606192439794,2899968.0,1.7396606964369614,1.0579268549879393
2912256.0,1.0,1.0,2912256.0,1.0,1.0001606192439794,2912256.0,1.282139887412389,1.053983648866415
2924544.0,1.0,1.0,2924544.0,1.0,1.000141245747606,2924544.0,0.5639781495556235,0.9885873049187163
2936832.0,1.0,1.0,2936832.0,1.49479553475976,1.049479553475976,2936832.0,0.1361849100018541,0.9425596712778012
2949120.0,1.0,1.0,2949120.0,2.2203388723234334,1.1715134407083192,2949120.0,1.8100539880494277,1.0684700466692445
2961408.0,1.0,1.0,2961408.0,1.1883679299304883,1.190350233701368,2961408.0,1.3812584231297176,1.038988241367042
2973696.0,1.0,1.0,2973696.0,2.161148359378179,1.306465069639186,2973696.0,0.9191365440686544,1.0334869941075642
2985984.0,1.0,1.0,2985984.0,4.994753936926524,1.7059404633318382,2985984.0,0.7270498368889093,1.0303243417913714
2998272.0,1.0,1.0,2998272.0,4.998697916666667,2.105810254998505,2998272.0,0.2968028288645049,0.9756934826107075
3010560.0,1.0,1.0,3010560.0,4.913643844425678,2.4971746394410728,3010560.0,1.131130166972677,0.9987395431380719
3022848.0,1.0,1.0,3022848.0,1.6574216845134895,2.562916807892422,3022848.0,1.8649338129907846,1.0112668547934542
3035136.0,1.0,1.0,3035136.0,4.999348958333333,2.962851703725755,3035136.0,1.0617017187178135,0.9892230379239967
3047424.0,1.0,1.0,3047424.0,5.0,3.362851703725755,3047424.0,0.5981575154388944,0.9926409745123237
3059712.0,1.0,1.0,3059712.0,5.0,3.7133721502497794,3059712.0,0.2580817410101493,1.0048306576131534
3072000.0,1.0,1.0,3072000.0,4.999348958333333,3.9912731588507695,3072000.0,1.6651911803831656,0.9903443768465271
3084288.0,1.0,1.0,3084288.0,3.749332000811895,4.247369565938911,3084288.0,1.4469237495213747,0.9969109094856929
3096576.0,1.0,1.0,3096576.0,2.6722613846262298,4.298480868463715,3096576.0,1.0462851878255606,1.0096257738613832
3108864.0,1.0,1.0,3108864.0,4.999348958333333,4.298940370604396,3108864.0,0.6649442150567969,1.003415211678172
3121152.0,1.0,1.0,3121152.0,4.997395833333333,4.298810162271063,3121152.0,0.5352210402488708,1.0272570328166089
3133440.0,1.0,1.0,3133440.0,4.989908854166667,4.306436663245161,3133440.0,1.08971065406998,1.023115081526339
3145728.0,1.0,1.0,3145728.0,4.998064644634724,4.640500959257285,3145728.0,0.7144405522073308,0.9080657554479936
3158016.0,1.0,1.0,3158016.0,4.993457580606143,4.639911821484565,3158016.0,0.7463072178264459,0.8765263053588569
3170304.0,1.0,1.0,3170304.0,4.995783232152462,4.639490144699812,3170304.0,1.5208735031386216,0.9687979041288297
3182592.0,1.0,1.0,3182592.0,4.986159833769004,4.638106128076712,3182592.0,1.1662822390596073,1.0596179539337753
3194880.0,1.0,1.0,3194880.0,4.980145302911599,4.63618576253454,3194880.0,1.1351667568087578,1.0066155115763347
3207168.0,1.0,1.0,3207168.0,4.975108017524083,4.758763364205758,3207168.0,0.8600472006946802,0.9479278566936653
3219456.0,1.0,1.0,3219456.0,4.966451908151309,4.988182416558265,3219456.0,0.7721795790518323,0.9205172958162924
3231744.0,1.0,1.0,3231744.0,4.955831242104371,4.983830644935369,3231744.0,1.3383345194160938,0.9878563262522221
3244032.0,1.0,1.0,3244032.0,4.923192481199901,4.976410309722026,3244032.0,1.0416036477933328,1.0384945870066682
3256320.0,1.0,1.0,3256320.0,4.9140625,4.968825674305359,3256320.0,0.712998641654849,1.000823385765155
3268608.0,1.0,1.0,3268608.0,4.900065104166667,4.959025720258554,3268608.0,0.832474106301864,1.0126267411746086
3280896.0,1.0,1.0,3280896.0,1.8906856228907902,4.648748524487019,3280896.0,0.5795425483956933,0.9959502742315332
3293184.0,1.0,1.0,3293184.0,2.5056263208389282,4.399732833355666,3293184.0,0.6657386096194386,0.910436784879615
3305472.0,1.0,1.0,3305472.0,2.0962931998074055,4.110746169959505,3305472.0,1.5487718880176544,0.9486857497754195
3317760.0,1.0,1.0,3317760.0,2.3627492636442184,3.8490065660327675,3317760.0,0.9311673150708278,0.9282858056016268
3330048.0,1.0,1.0,3330048.0,2.9245337458948293,3.643949138869842,3330048.0,0.2982785090183218,0.8721089364339909
3342336.0,1.0,1.0,3342336.0,3.6389364674687386,3.5111975948015854,3342336.0,1.5096350312232971,0.9458544816511374
3354624.0,1.0,1.0,3354624.0,3.1525980681180954,3.3308742774029576,3354624.0,1.1402834213028352,0.9260493718398115
3366912.0,1.0,1.0,3366912.0,2.849609375,3.123515966782967,3366912.0,0.7012956095859408,0.8920185680190722
3379200.0,1.0,1.0,3379200.0,2.8987630208333335,2.9219860188663,3379200.0,1.0818815703193347,0.9289068608855209
3391488.0,1.0,1.0,3391488.0,2.9488932291666665,2.7268688313663008,3391488.0,1.1785206403583288,0.9635115142911672
3403776.0,1.0,1.0,3403776.0,2.9583333333333335,2.833633602410555,3403776.0,0.471471824683249,0.9527044419199229
3416064.0,1.0,1.0,3416064.0,2.2671266409258046,2.8097836344192424,3416064.0,1.3137743640691042,1.0175080173648894
3428352.0,1.0,1.0,3428352.0,1.0,2.7001543144385023,3428352.0,0.8820858771602312,0.950839416279147
3440640.0,1.0,1.0,3440640.0,1.9175259321928024,2.65563198129336,3440640.0,0.9893147312104702,0.9566541578931114
3452928.0,1.0,1.0,3452928.0,1.5068117938935757,2.513859786093235,3452928.0,1.6180487951884668,1.0886311865101257
3465216.0,1.0,1.0,3465216.0,2.082840871065855,2.3582502264529466,3465216.0,0.7977009974420071,1.0174377831319967
3477504.0,1.0,1.0,3477504.0,1.6701067152122657,2.210001091162364,3477504.0,0.9744924580057462,1.000858686802288
3489792.0,1.0,1.0,3489792.0,2.991883931060632,2.224228546768427,3489792.0,1.5425263723979394,1.0849817630834877
3502080.0,1.0,1.0,3502080.0,3.1197379007935524,2.2463260347644485,3502080.0,1.076316462829709,1.084425252334525
3514368.0,1.0,1.0,3514368.0,3.0013020833333335,2.2515669201811153,3514368.0,0.6575569693620006,1.0323288852348924
3526656.0,1.0,1.0,3526656.0,3.116192643841108,2.2673528512318923,3526656.0,0.6047989303867022,1.0456615958052375
3538944.0,1.0,1.0,3538944.0,3.380666568875313,2.3787068440268437,3538944.0,1.4586003596584003,1.0601441953641673
3551232.0,1.0,1.0,3551232.0,3.3740292017658553,2.6161097642034292,3551232.0,1.5183765466014545,1.1237732623082894
3563520.0,1.0,1.0,3563520.0,3.0316058521469436,2.7275177561988433,3563520.0,1.0939741618931293,1.1342392053765555
3575808.0,1.0,1.0,3575808.0,3.1654580185810723,2.893382378667593,3575808.0,0.840027650197347,1.0564370908774436
3588096.0,1.0,1.0,3588096.0,3.90764702608188,3.0758629941691957,3588096.0,0.6551759497572979,1.0421845861089727
3600384.0,1.0,1.0,3600384.0,4.719075520833333,3.3807598747313024,3600384.0,0.5997203796481093,1.0047073782732092
3612672.0,1.0,1.0,3612672.0,3.7695787201325097,3.4585293536384905,3612672.0,0.7194027348111073,0.9223950145145258
3624960.0,1.0,1.0,3624960.0,2.9182942708333335,3.4383849906424677,3624960.0,0.8330405795325836,0.8980674261848133
3637248.0,1.0,1.0,3637248.0,3.3575598249832788,3.4740107648074625,3637248.0,0.6147436356792847,0.8937860928165415
3649536.0,1.0,1.0,3649536.0,4.64481300363938,3.6268728007872904,3649536.0,1.1762007201711338,0.9509262717949847
3661824.0,1.0,1.0,3661824.0,3.9327660923202834,3.6820827531317875,3661824.0,1.1901951277007659,0.9240857485992213
3674112.0,1.0,1.0,3674112.0,3.10359113663435,3.6550389466186366,3674112.0,1.2082176407178242,0.8930698580108583
3686400.0,1.0,1.0,3686400.0,3.0383492385347686,3.655713285257419,3686400.0,0.9100688037772974,0.8746793221992751
3698688.0,1.0,1.0,3698688.0,3.924808663626512,3.7316483497619637,3698688.0,0.5505486444259683,0.8457314216221372
3710976.0,1.0,1.0,3710976.0,4.432789276043574,3.7841625747581324,3710976.0,1.5701015355686347,0.9372239802032709
3723264.0,1.0,1.0,3723264.0,4.1891926899552345,3.7311742916703223,3723264.0,1.2396191526204348,1.0012138575005034
3735552.0,1.0,1.0,3735552.0,3.5812571172912917,3.712342131386201,3735552.0,0.3551112908559541,0.964784713104988
3747840.0,1.0,1.0,3747840.0,3.779952955742677,3.7985079998771356,3747840.0,1.2331153843551874,1.0047921935872486
3760128.0,1.0,1.0,3760128.0,3.5468252326051393,3.8174345406393213,3760128.0,1.3271812939395506,1.0760359594132751
3772416.0,1.0,1.0,3772416.0,3.20740282535553,3.673693522810936,3772416.0,0.8669886129597822,1.04511474869214
3784704.0,1.0,1.0,3784704.0,3.0192057291666665,3.5823374864955744,3784704.0,0.6150421757871906,0.9875994535007824
3796992.0,1.0,1.0,3796992.0,3.00467266390721,3.5724456392228605,3796992.0,1.2546466303368409,0.9922423524626842
3809280.0,1.0,1.0,3809280.0,3.0891283626357713,3.57752355163296,3809280.0,1.2569681107997894,1.0269322831649332
3821568.0,1.0,1.0,3821568.0,3.356383147339026,3.5206810000042124,3821568.0,1.2168586819122236,1.0935632869135588
3833856.0,1.0,1.0,3833856.0,3.475045623878638,3.424906634787719,3833856.0,0.7669673599302769,1.013249869349723
3846144.0,1.0,1.0,3846144.0,3.513855963945389,3.3573729621867345,3846144.0,1.0230549406260252,0.9915934481502822
3858432.0,1.0,1.0,3858432.0,3.353419028222561,3.33458915327986,3858432.0,1.0896541352073352,1.0650477325854202
3870720.0,1.0,1.0,3870720.0,3.066408141205708,3.263234671826164,3870720.0,0.47187856398522854,0.9889240505484244
3883008.0,1.0,1.0,3883008.0,3.0771606477598348,3.216268213341633,3883008.0,1.1625750623643398,0.9724634273909032
3895296.0,1.0,1.0,3895296.0,3.474157877266407,3.2429437185327217,3895296.0,1.1098521556705236,0.9967497816619775
3907584.0,1.0,1.0,3907584.0,3.3523135458429656,3.276254500200351,3907584.0,0.7518898394579688,1.0104345480290553
3919872.0,1.0,1.0,3919872.0,3.0319010416666665,3.278977337976296,3919872.0,0.8925567455589771,0.9742255595512688
3932160.0,1.0,1.0,3932160.0,3.0723695009946823,3.277301451812188,3932160.0,1.2802612458666165,0.9765548730579516
3944448.0,1.0,1.0,3944448.0,3.178900867700577,3.259553223848343,3944448.0,1.0184118958810966,0.9567101944548388
3956736.0,1.0,1.0,3956736.0,3.1504659752051034,3.2270952589809894,3956736.0,0.4543712555120389,0.925450584013015
3969024.0,1.0,1.0,3969024.0,3.1665004417300224,3.192359706759453,3969024.0,1.7440614855537813,0.9975512385057905
3981312.0,1.0,1.0,3981312.0,3.3308309813340506,3.1901009020706015,3981312.0,1.361104980732004,1.0246963230582575
3993600.0,1.0,1.0,3993600.0,3.2824385513861976,3.2117039430886507,3993600.0,0.7866489179432392,1.0561733584540585
4005888.0,1.0,1.0,4005888.0,3.0227864583333335,3.206266524146,4005888.0,1.033078250164787,1.0432236772341033
4018176.0,1.0,1.0,4018176.0,3.0120442708333335,3.160055163502693,4018176.0,1.5129587904860575,1.0835343407156566
4030464.0,1.0,1.0,4030464.0,3.0139973958333335,3.12622354850173,4030464.0,1.0662530108044546,1.1149706578503051
4042752.0,1.0,1.0,4042752.0,3.0162760416666665,3.12466104850173,4042752.0,0.5525367616986235,1.0809686594642698
4055040.0,1.0,1.0,4055040.0,2.6298573004702726,3.0804098284492896,4055040.0,0.31162354660530883,0.9841048895381392
4067328.0,1.0,1.0,4067328.0,1.080170741925637,2.8705368158717954,4067328.0,0.7924758940935135,0.9615112893593809
4079616.0,1.0,1.0,4079616.0,1.0,2.655490218351285,4079616.0,1.6497443976501625,1.0810486035731932
4091904.0,1.0,1.0,4091904.0,1.0,2.4388401741782824,4091904.0,1.3392215197285016,1.040564606990665
4104192.0,1.0,1.0,4104192.0,1.0,2.2057570760448777,4104192.0,0.8723148598025242,0.9916855948977172
4116480.0,1.0,1.0,4116480.0,1.0,1.9775132209062576,4116480.0,0.9530176421006521,1.0083224673134583
4128768.0,1.0,1.0,4128768.0,1.0,1.7752345750729244,4128768.0,1.0718572338422139,1.0122003656812013
4141056.0,1.0,1.0,4141056.0,1.0,1.5740301479895908,4141056.0,1.306459890678525,0.9915504757004479
4153344.0,1.0,1.0,4153344.0,1.0,1.3726304084062577,4153344.0,1.1407978826512892,0.9990049628851315
4165632.0,1.0,1.0,4165632.0,1.0,1.1710028042395908,4165632.0,0.6605043147380153,1.0098017181890706
4177920.0,1.0,1.0,4177920.0,1.0,1.0080170741925638,4177920.0,0.43737775428841513,1.0223771389573812
4190208.0,1.0,1.0,4190208.0,1.0,1.0,4190208.0,1.3150836310038965,1.0746379126484193
4202496.0,1.0,1.0,4202496.0,1.0,1.0,4202496.0,0.9203364544858536,1.0016971183319885
4214784.0,1.0,1.0,4214784.0,1.0,1.0,4214784.0,0.82506273748974,0.9502812401081124
4227072.0,1.0,1.0,4227072.0,1.0,1.0,4227072.0,1.5216667763888836,1.0152164317667485
4239360.0,1.0,1.0,4239360.0,1.0,1.0,4239360.0,0.8575432424743971,1.0056689918041228
4251648.0,1.0,1.0,4251648.0,1.0,1.0,4251648.0,0.8374946614106497,0.9822327345609665
4263936.0,1.0,1.0,4263936.0,1.0,1.0,4263936.0,1.3388409484177828,0.9854708403348924
4276224.0,1.0,1.0,4276224.0,1.0,1.0,4276224.0,0.8862178021421036,0.9600128322839737
4288512.0,1.0,1.0,4288512.0,1.0,1.0,4288512.0,0.13121867323449501,0.9070842681336216
4300800.0,1.0,1.0,4300800.0,1.0,1.0,4300800.0,1.6868554800748825,1.0320320407122683
4313088.0,1.0,1.0,4313088.0,1.0,1.0,4313088.0,1.6108764242380857,1.0616113200356874
4325376.0,1.0,1.0,4325376.0,1.0,1.0,4325376.0,0.7558495275055369,1.0451626273376555
4337664.0,1.0,1.0,4337664.0,1.0,1.0,4337664.0,0.13423197157680988,0.9760795507463629
4349952.0,1.0,1.0,4349952.0,1.0,1.0,4349952.0,1.025895928343137,0.9265024659417881
4362240.0,1.0,1.0,4362240.0,1.0,1.0,4362240.0,1.7990161925554276,1.020649760949891
4374528.0,1.0,1.0,4374528.0,1.0,1.0,4374528.0,0.6998199122026563,1.0068822860290918
4386816.0,1.0,1.0,4386816.0,1.0,1.0,4386816.0,1.2762106551478307,1.0006192567020964
4399104.0,1.0,1.0,4399104.0,1.0,1.0,4399104.0,0.936202165360252,1.0056176930239114
4411392.0,1.0,1.0,4411392.0,1.0,1.0,4411392.0,0.7649447036286195,1.0689902960633237
4423680.0,1.0,1.0,4423680.0,1.0,1.0,4423680.0,0.8138682991266251,0.9816915779684982
4435968.0,1.0,1.0,4435968.0,1.0,1.0,4435968.0,0.9587762722124656,0.9164815627659362
4448256.0,1.0,1.0,4448256.0,1.0,1.0,4448256.0,2.1622742153704166,1.0571240315524242
4460544.0,1.0,1.0,4460544.0,1.0,1.0,4460544.0,1.2487510877350967,1.1685759431682528
4472832.0,1.0,1.0,4472832.0,1.0,1.0,4472832.0,1.0266523119062185,1.1686515815245608
4485120.0,1.0,1.0,4485120.0,1.0,1.0,4485120.0,1.9393181664248307,1.1826817789115014
4497408.0,1.0,1.0,4497408.0,1.0,1.0,4497408.0,0.8226138589282831,1.1949611735840642
4509696.0,1.0,1.0,4509696.0,1.0,1.0,4509696.0,0.4147226829081774,1.1088123763600986
4521984.0,1.0,1.0,4521984.0,1.0,1.0,4521984.0,1.0733386880407731,1.1225260286281507
4534272.0,1.0,1.0,4534272.0,1.0,1.0,4534272.0,0.29435504134744406,1.0754670624000329
4546560.0,1.0,1.0,4546560.0,1.0,1.0,4546560.0,1.5698275075604518,1.1510629832434156
4558848.0,1.0,1.0,4558848.0,1.0,1.0,4558848.0,0.8460871657977501,1.1397940726019442
4571136.0,1.0,1.0,4571136.0,1.0,1.0,4571136.0,1.3421672930320103,1.0577833803681036
4583424.0,1.0,1.0,4583424.0,1.0,1.0,4583424.0,1.078166578585903,1.0407249294531842
4595712.0,1.0,1.0,4595712.0,1.0150668596227963,1.0015066859622797,4595712.0,0.47268935199826956,0.9853286334623892
4608000.0,1.0,1.0,4608000.0,1.0405899416655302,1.0055656801288326,4608000.0,0.7030486778045694,0.8617016846003631
4620288.0,1.0,1.0,4620288.0,1.0,1.0055656801288326,4620288.0,1.2669456421087186,0.9061348629184067
4632576.0,1.0,1.0,4632576.0,1.0,1.0055656801288326,4632576.0,0.9612867118169864,0.9607912658092876
4644864.0,1.0,1.0,4644864.0,1.0,1.0055656801288326,4644864.0,1.1157713724921148,0.9650345342544216
4657152.0,1.0,1.0,4657152.0,1.0,1.0055656801288326,4657152.0,1.1306439048300188,1.048663420602679
4669440.0,1.0,1.0,4669440.0,1.0,1.0055656801288326,4669440.0,0.7307011388863126,0.9647507837352653
4681728.0,1.0,1.0,4681728.0,1.0,1.0055656801288326,4681728.0,1.389394427339236,1.0190815098894137
4694016.0,1.0,1.0,4694016.0,1.0013684468964736,1.0057025248184799,4694016.0,0.9043829627335072,0.9753030768595636
4706304.0,1.0,1.0,4706304.0,1.0,1.0057025248184799,4706304.0,0.47925790352746844,0.9154122093537203
4718592.0,1.0,1.0,4718592.0,1.2723617708931367,1.0314320159455141,4718592.0,1.145377468938629,0.9826810210477561
4730880.0,1.0,1.0,4730880.0,1.2986361278841894,1.05723663456738,4730880.0,0.7542887165521582,0.9878050249225151
4743168.0,1.0,1.0,4743168.0,1.3356413307289283,1.0908007676402727,4743168.0,1.0167115777730942,0.9627816184889527
4755456.0,1.0,1.0,4755456.0,1.459948589404424,1.136795626580715,4755456.0,1.1515520885586739,0.9818081561631213
4767744.0,1.0,1.0,4767744.0,1.0617101111759741,1.1429666376983127,4767744.0,0.9204127434641123,0.962272293260321
4780032.0,1.0,1.0,4780032.0,1.0,1.1429666376983127,4780032.0,1.3704689877728622,0.9862548015546053
4792320.0,1.0,1.0,4792320.0,1.0,1.1429666376983127,4792320.0,0.707153364084661,0.9839000240744402
4804608.0,1.0,1.0,4804608.0,1.1520814274748166,1.1581747804457942,4804608.0,1.1121557268003623,0.9561761540205529
4816896.0,1.0,1.0,4816896.0,1.7066826770702999,1.2287062034631768,4816896.0,1.3693122745802004,1.0026690852052222
4829184.0,1.0,1.0,4829184.0,1.0,1.2287062034631768,4829184.0,0.8818713296204805,1.0429304278145235
4841472.0,1.0,1.0,4841472.0,1.0382994369914134,1.2052999700730047,4841472.0,0.4132603680094083,0.9697187177216013
4853760.0,1.0,1.0,4853760.0,1.6669650363425415,1.2421328609188396,4853760.0,1.5550935212522745,1.049799198191613
4866048.0,1.0,1.0,4866048.0,1.8224075076480706,1.290809478610754,4866048.0,1.0273081983129184,1.0508588602455953
4878336.0,1.0,1.0,4878336.0,1.0,1.2448146196703116,4878336.0,0.07320045978606989,0.943023697368335
4890624.0,1.0,1.0,4890624.0,1.1745667960494757,1.2561002881576617,4890624.0,1.2374031711369753,0.9747227401356214
4902912.0,1.0,1.0,4902912.0,2.299407680829366,1.3860410562405983,4902912.0,1.4398008150358994,0.9816559228619249
4915200.0,1.0,1.0,4915200.0,1.638500348975261,1.4498910911381244,4915200.0,0.5992141369109353,0.9708620001445525
4927488.0,1.0,1.0,4927488.0,1.0787987721463044,1.4425628256052732,4927488.0,1.1405091863125563,0.9736973460957717
4939776.0,1.0,1.0,4939776.0,1.5639987972875435,1.4282944376269977,4939776.0,0.7666281104708711,0.9134289296848388
4952064.0,1.0,1.0,4952064.0,1.642486033340295,1.4925430409610272,4952064.0,1.256750860561927,0.9509168827789836
4964352.0,1.0,1.0,4964352.0,1.2620587976028521,1.5149189770221712,4964352.0,1.6058448652426403,1.0701753325023067
4976640.0,1.0,1.0,4976640.0,1.7443689107894897,1.522659364466866,4976640.0,0.7765758621195952,0.9923235665890386
4988928.0,1.0,1.0,4988928.0,2.383132508645455,1.5787318645666042,4988928.0,0.829153249040246,0.9725080716617714
5001216.0,1.0,1.0,5001216.0,2.8367880123356977,1.762410665800174,5001216.0,1.4370341897010803,1.1088914446532727
5013504.0,1.0,1.0,5013504.0,2.9506972978512445,1.940023715980351,5013504.0,1.1095886435359716,1.0961099918931723
5025792.0,1.0,1.0,5025792.0,1.1621193376680214,1.8262948816642166,5025792.0,1.0389235354959965,1.056022263939182
5038080.0,1.0,1.0,5038080.0,1.0896294328073661,1.771407790047427,5038080.0,0.36069776583462954,1.0321706268315514
5050368.0,1.0,1.0,5050368.0,2.7424924733738103,1.9377771601701776,5050368.0,1.581443098684152,1.076264018068711
5062656.0,1.0,1.0,5062656.0,3.0159505208333335,2.0829723325247564,5062656.0,1.5099477842450142,1.1505959854461252
5074944.0,1.0,1.0,5074944.0,2.479821981241306,2.1667059273148572,5074944.0,0.9373603239655495,1.1186569317864876
5087232.0,1.0,1.0,5087232.0,1.493876372774442,2.1898876848320166,5087232.0,0.3780018510296941,0.9958726303651929
5099520.0,1.0,1.0,5099520.0,1.4601940841724474,2.161470202170312,5099520.0,0.749775942414999,0.9931926383947332
5111808.0,1.0,1.0,5111808.0,1.9335567392408848,2.116512625229855,5111808.0,1.184332113713026,1.0287105248620112
5124096.0,1.0,1.0,5124096.0,1.2351728895058234,1.956351112946868,5124096.0,1.4271560416867335,1.0277227100605766
5136384.0,1.0,1.0,5136384.0,1.0,1.7612813831617433,5136384.0,1.7677361971388261,1.0935374654208618
5148672.0,1.0,1.0,5148672.0,1.2706594641009967,1.7721353958050412,5148672.0,0.8519764045874277,1.074842752330005
5160960.0,1.0,1.0,5160960.0,1.8997744023799896,1.8531498927623034,5160960.0,0.2129342263409247,1.0600663983806347
5173248.0,1.0,1.0,5173248.0,2.2726151645183563,1.8061621618767583,5173248.0,1.340946030492584,1.036016691561478
5185536.0,1.0,1.0,5185536.0,1.5229618785281975,1.6568632976462443,5185536.0,1.1629398328562577,1.0013158964226023
5197824.0,1.0,1.0,5197824.0,1.0,1.508881099522114,5197824.0,0.40645258392517764,0.9482251224185652
5210112.0,1.0,1.0,5210112.0,1.0,1.4594934622446696,5210112.0,0.6316540918002526,0.9735903464956209
5222400.0,1.0,1.0,5222400.0,1.1991707279036443,1.433391126617789,5222400.0,0.524560489381353,0.9510688011922561
5234688.0,1.0,1.0,5234688.0,1.2814359447608392,1.3681790471697846,5234688.0,1.9413882456719875,1.0267744143881523
5246976.0,1.0,1.0,5246976.0,1.4703282142678897,1.3916945796459914,5246976.0,0.6151674166321754,0.9455755518826967
5259264.0,1.0,1.0,5259264.0,1.2200804501771927,1.4137026246637105,5259264.0,1.7792716355373461,0.9467290957225487
5271552.0,1.0,1.0,5271552.0,1.0,1.3866366782536108,5271552.0,0.8582539924730858,0.9473568545111146
5283840.0,1.0,1.0,5283840.0,1.0,1.296659238015612,5283840.0,1.088916481162111,1.034955079993233
5296128.0,1.0,1.0,5296128.0,1.0,1.1693977215637763,5296128.0,0.8487964471181234,0.985740121655787
5308416.0,1.0,1.0,5308416.0,1.0,1.1171015337109567,5308416.0,2.1383703760802746,1.0832831759781887
5320704.0,1.0,1.0,5320704.0,1.0,1.1171015337109567,5320704.0,1.1707209702581167,1.1597100146114827
5332992.0,1.0,1.0,5332992.0,1.0,1.1171015337109567,5332992.0,0.37626178143545985,1.1341707835750034
5345280.0,1.0,1.0,5345280.0,1.2235005181282759,1.1195345127334198,5345280.0,1.5160389561206102,1.233318630248929
5357568.0,1.0,1.0,5357568.0,1.3467840055624645,1.1260693188135824,5357568.0,0.861983540157477,1.1253781596974781
5369856.0,1.0,1.0,5369856.0,1.1210081254442532,1.0911373099312187,5369856.0,0.665479350524644,1.1304093530867247
5382144.0,1.0,1.0,5382144.0,1.0,1.0691292649134996,5382144.0,2.120658858989676,1.164548075431958
5394432.0,1.0,1.0,5394432.0,1.131554413586855,1.0822847062721848,5394432.0,1.2715867062409718,1.2058813468087464
5406720.0,1.0,1.0,5406720.0,1.438521343593796,1.1261368406315646,5406720.0,0.6163558534656962,1.1586252840391051
5419008.0,1.0,1.0,5419008.0,1.4228310361504555,1.16841994424661,5419008.0,2.4254981813331447,1.3162954574606072
5431296.0,1.0,1.0,5431296.0,1.0,1.1684199442466099,5431296.0,0.7790526409323016,1.1803636839458096
5443584.0,1.0,1.0,5443584.0,1.0524482845018308,1.1736647726967928,5443584.0,0.21212427869128683,1.0845040147891267
5455872.0,1.0,1.0,5455872.0,1.3644923977553844,1.2101140124723313,5455872.0,0.327856351621449,1.0796634718077256
5468160.0,1.0,1.0,5468160.0,1.0432522588719924,1.1920891865467032,5468160.0,0.471840961681058,0.9752436723637705
5480448.0,1.0,1.0,5480448.0,1.1140804179012775,1.1688188277805844,5480448.0,0.40718377272908884,0.9297636956209316
5492736.0,1.0,1.0,5492736.0,1.9647124459346135,1.2531892598296204,5492736.0,1.2237408198416233,0.9855898425526297
5505024.0,1.0,1.0,5505024.0,1.7704640589654446,1.330235665726165,5505024.0,1.2893238303562005,0.902456339689282
5517312.0,1.0,1.0,5517312.0,1.0626002258310716,1.3233402469505866,5517312.0,1.1017588060349226,0.8854735496686772
5529600.0,1.0,1.0,5529600.0,1.0,1.2794881125912068,5529600.0,0.6649647218485674,0.8903344365069643
5541888.0,1.0,1.0,5541888.0,1.0,1.2372050089761615,5541888.0,1.3457835304240386,0.7823629714160536
5554176.0,1.0,1.0,5554176.0,1.0,1.2372050089761615,5554176.0,1.168617982417345,0.8213195055645579
5566464.0,1.0,1.0,5566464.0,1.0,1.2319601805259783,5566464.0,0.723034793821474,0.8724105570775768
5578752.0,1.0,1.0,5578752.0,1.0,1.1955109407504398,5578752.0,0.41431186720728874,0.8810561086361608
5591040.0,1.0,1.0,5591040.0,1.0,1.1911857148632408,5591040.0,0.8712962530553341,0.9210016377735883
5603328.0,1.0,1.0,5603328.0,1.0,1.1797776730731129,5603328.0,1.4889402718593676,1.029177287686616
5615616.0,1.0,1.0,5615616.0,1.0248685230811436,1.0857932807877662,5615616.0,0.08957760769408196,0.915760966471862
5627904.0,1.0,1.0,5627904.0,1.4034961039821308,1.0490964852894347,5627904.0,1.8445377337435882,0.9712823568106007
5640192.0,1.0,1.0,5640192.0,1.0,1.0428364627063273,5640192.0,2.1183641428748765,1.0729428904945961
5652480.0,1.0,1.0,5652480.0,1.0,1.0428364627063273,5652480.0,1.4230323440084856,1.1487496527105878
5664768.0,1.0,1.0,5664768.0,1.0978335073838632,1.0526198134447138,5664768.0,1.161067043741544,1.1302780040423386
5677056.0,1.0,1.0,5677056.0,1.0366406347602606,1.0562838769207397,5677056.0,1.133422256136934,1.1267584314142973
5689344.0,1.0,1.0,5689344.0,1.0,1.0562838769207399,5689344.0,2.484779921670755,1.3029329441992255
5701632.0,1.0,1.0,5701632.0,2.2188871999581656,1.1781725969165566,5701632.0,0.7744888532906771,1.3389506428075644
5713920.0,1.0,1.0,5713920.0,2.5472983941435814,1.3329024363309148,5713920.0,0.19774899204882482,1.2715959167069133
5726208.0,1.0,1.0,5726208.0,1.1821266748011112,1.3511151038110256,5726208.0,0.5660019780819615,1.1793020873291729
5738496.0,1.0,1.0,5738496.0,1.0,1.3486282515029113,5738496.0,0.9019238582501808,1.2605367123847828
5750784.0,1.0,1.0,5750784.0,1.0,1.3082786411046983,5750784.0,0.7718530154476563,1.1532682405551895
5763072.0,1.0,1.0,5763072.0,1.0,1.3082786411046983,5763072.0,0.4155160393565893,0.9829834302033607
5775360.0,1.0,1.0,5775360.0,1.0,1.3082786411046983,5775360.0,0.41745794129868347,0.8824259899323807
5787648.0,1.0,1.0,5787648.0,1.0,1.2984952903663118,5787648.0,0.6783229115729531,0.8341515767155215
5799936.0,1.0,1.0,5799936.0,1.0642313311497371,1.3012543600052595,5799936.0,0.684795722986261,0.7892889234004542
5812224.0,1.0,1.0,5812224.0,1.0,1.3012543600052595,5812224.0,1.1756819803267717,0.6583791292660559
5824512.0,1.0,1.0,5824512.0,1.0,1.179365640009443,5824512.0,1.7162903112669785,0.752559275063686
5836800.0,1.0,1.0,5836800.0,1.0,1.0246358005950849,5836800.0,1.3136113571623962,0.8641455115750432
5849088.0,1.0,1.0,5849088.0,1.0,1.0064231331149738,5849088.0,0.9361655612786611,0.9011618698947131
5861376.0,1.0,1.0,5861376.0,1.0,1.0064231331149738,5861376.0,0.33354228797058266,0.8443237128667531
5873664.0,1.0,1.0,5873664.0,1.1998466936250527,1.0264078024774792,5873664.0,0.7605716741333405,0.8431955787353218
5885952.0,1.0,1.0,5885952.0,1.171658570567767,1.0435736595342557,5885952.0,1.4143954198807478,0.9430835167877376
5898240.0,1.0,1.0,5898240.0,1.0,1.0435736595342555,5898240.0,0.5114912645270427,0.9524868491105736
5910528.0,1.0,1.0,5910528.0,1.0,1.0435736595342557,5910528.0,1.2764578765879075,1.012300345612069
5922816.0,1.0,1.0,5922816.0,1.0,1.037150526419282,5922816.0,1.1290486647437017,1.0567256397878129
5935104.0,1.0,1.0,5935104.0,1.0,1.037150526419282,5935104.0,1.1890505483994882,1.0580624965950844
5947392.0,1.0,1.0,5947392.0,1.0,1.037150526419282,5947392.0,0.5674385900298754,0.9431773244713743
5959680.0,1.0,1.0,5959680.0,1.0914731174707413,1.0462978381663561,5959680.0,1.3947398867458105,0.9512901774297158
5971968.0,1.0,1.0,5971968.0,1.0,1.0462978381663561,5971968.0,1.3556336853653193,0.9932369898383817
5984256.0,1.0,1.0,5984256.0,1.0,1.0462978381663561,5984256.0,0.8938106056302786,1.049263821604351
5996544.0,1.0,1.0,5996544.0,1.0,1.026313168803851,5996544.0,0.8376871856550375,1.0569753727565208
6008832.0,1.0,1.0,6008832.0,1.099546951552232,1.0191020069022974,6008832.0,0.9059558374186357,1.0061314145103097
6021120.0,1.0,1.0,6021120.0,1.0,1.0191020069022974,6021120.0,1.4110293754686911,1.0960852256044746
6033408.0,1.0,1.0,6033408.0,1.0,1.0191020069022971,6033408.0,1.2945251831163962,1.0978919562573235
6045696.0,1.0,1.0,6045696.0,1.0115957732001941,1.0202615842223166,6045696.0,1.0814212312301,1.0931292129059635
6057984.0,1.0,1.0,6057984.0,1.0885184165090322,1.0291134258732197,6057984.0,0.8333118781447411,1.0575553458804885
6070272.0,1.0,1.0,6070272.0,1.0,1.02911342587322,6070272.0,0.6606191704049706,1.0668734039179981
6082560.0,1.0,1.0,6082560.0,1.0,1.0199661141261458,6082560.0,0.5788199144105116,0.9852814066844682
6094848.0,1.0,1.0,6094848.0,1.0,1.0199661141261458,6094848.0,0.44155966366330784,0.8938740045142669
6107136.0,1.0,1.0,6107136.0,1.0,1.0199661141261458,6107136.0,1.086868891492486,0.9131798331004877
6119424.0,1.0,1.0,6119424.0,1.0,1.0199661141261458,6119424.0,0.921325663725535,0.9215436809075375
6131712.0,1.0,1.0,6131712.0,1.0,1.0100114189709228,6131712.0,1.2904030748953421,0.9599884046552083
6144000.0,1.0,1.0,6144000.0,1.0,1.0100114189709228,6144000.0,0.9683328388879696,0.915718750997136
6156288.0,1.0,1.0,6156288.0,1.0226505491882563,1.0122764738897483,6156288.0,1.1815737541764975,0.9044236081031463
6168576.0,1.0,1.0,6168576.0,1.0,1.0111168965697288,6168576.0,1.0278028169025977,0.8990617666703958
6180864.0,1.0,1.0,6180864.0,1.0,1.0022650549188257,6180864.0,0.9014858491718769,0.9058791637731094
6193152.0,1.0,1.0,6193152.0,1.0,1.0022650549188257,6193152.0,1.048805131887396,0.944697759921352
6205440.0,1.0,1.0,6205440.0,1.171736712877949,1.0194387262066207,6205440.0,1.1262329996873934,0.9994390684490403
6217728.0,1.0,1.0,6217728.0,1.0,1.0194387262066207,6217728.0,0.8747523197283348,1.0427583340555429
6230016.0,1.0,1.0,6230016.0,1.0,1.0194387262066205,6230016.0,0.7669505827749769,1.010766503183792
6242304.0,1.0,1.0,6242304.0,1.0,1.0194387262066205,6242304.0,0.6318872822448611,0.9818226650357245
6254592.0,1.0,1.0,6254592.0,1.0,1.0194387262066205,6254592.0,0.9016481507569551,0.9429471726218859
6266880.0,1.0,1.0,6266880.0,1.0,1.0194387262066205,6266880.0,1.263522297764818,0.9724661185095707
6279168.0,1.0,1.0,6279168.0,1.0,1.0171736712877948,6279168.0,1.2243085615336895,0.9767395992452899
6291456.0,1.0,1.0,6291456.0,1.0,1.0171736712877948,6291456.0,0.6979148844256997,0.9437508059976002
6303744.0,1.0,1.0,6303744.0,1.0,1.0171736712877948,6303744.0,1.3786186464130878,0.9914640857217213
6316032.0,1.0,1.0,6316032.0,1.0,1.0171736712877948,6316032.0,1.2217395200083654,1.008757524533818
6328320.0,1.0,1.0,6328320.0,1.0,1.0,6328320.0,0.476693959441036,0.9438036205091824
6340608.0,1.0,1.0,6340608.0,1.0,1.0,6340608.0,2.016937401766578,1.0580221287130067
6352896.0,1.0,1.0,6352896.0,1.0,1.0,6352896.0,0.9872805873552958,1.0800551291710385
6365184.0,1.0,1.0,6365184.0,1.0,1.0,6365184.0,0.4114604291195671,1.0580124438585092
6377472.0,1.0,1.0,6377472.0,1.0,1.0,6377472.0,1.4149492668608825,1.109342555468902
6389760.0,1.0,1.0,6389760.0,1.0,1.0,6389760.0,1.5016100307305653,1.1331513287654769
6402048.0,1.0,1.0,6402048.0,1.0,1.0,6402048.0,1.1953458742549021,1.130255060037598
6414336.0,1.0,1.0,6414336.0,1.0,1.0,6414336.0,0.8412043011436859,1.1445840017093967
6426624.0,1.0,1.0,6426624.0,1.0,1.0,6426624.0,0.43372143789504963,1.0500942808575928
6438912.0,1.0,1.0,6438912.0,1.0,1.0,6438912.0,0.6996944046889743,0.9978897693256539
6451200.0,1.0,1.0,6451200.0,1.0,1.0,6451200.0,0.4750014760841926,0.9977205209899693
6463488.0,1.0,1.0,6463488.0,1.0,1.0,6463488.0,1.181569840759039,0.9141837648892153
6475776.0,1.0,1.0,6475776.0,1.0,1.0,6475776.0,1.7120969680448372,0.9866654029581697
6488064.0,1.0,1.0,6488064.0,1.0,1.0,6488064.0,0.902415344491601,1.0357608944953731
6500352.0,1.0,1.0,6500352.0,1.0,1.0,6500352.0,0.7899600180486838,0.973261969614153
6512640.0,1.0,1.0,6512640.0,1.0,1.0,6512640.0,0.8501683479795853,0.9081178013390551
6524928.0,1.0,1.0,6524928.0,1.0,1.0,6524928.0,0.4572939593344927,0.8343126098470142
6537216.0,1.0,1.0,6537216.0,1.0,1.0,6537216.0,1.5159881735841434,0.9017909970910598
6549504.0,1.0,1.0,6549504.0,1.0,1.0,6549504.0,0.21121576079167426,0.8795404293807223
6561792.0,1.0,1.0,6561792.0,1.0,1.0,6561792.0,1.9565050601959229,1.005221494931417
6574080.0,1.0,1.0,6574080.0,1.0,1.0,6574080.0,1.2835066119829814,1.0860720085212958
6586368.0,1.0,1.0,6586368.0,1.0,1.0,6586368.0,1.274855677659313,1.0954005922113232
6598656.0,1.0,1.0,6598656.0,1.0,1.0,6598656.0,1.4559611243506272,1.0697870078419025
6610944.0,1.0,1.0,6610944.0,1.0,1.0,6610944.0,1.0304307223608096,1.0825885456288236
6623232.0,1.0,1.0,6623232.0,1.0,1.0,6623232.0,1.1689094429214795,1.120483488116103
6635520.0,1.0,1.0,6635520.0,1.0,1.0,6635520.0,1.0895360286037128,1.1444202561785157
6647808.0,1.0,1.0,6647808.0,1.0,1.0,6647808.0,1.1641397383064032,1.2151048340757067
6660096.0,1.0,1.0,6660096.0,1.0,1.0,6660096.0,1.0729689349730809,1.1708029102146005
6672384.0,1.0,1.0,6672384.0,1.0,1.0,6672384.0,0.19071168444740275,1.1687525025801733
6684672.0,1.0,1.0,6684672.0,1.0,1.0,6684672.0,2.262995115791758,1.1994015081397567
6696960.0,1.0,1.0,6696960.0,1.0,1.0,6696960.0,0.10244583020297189,1.0812954299617559
6709248.0,1.0,1.0,6709248.0,1.0,1.0,6709248.0,0.2875748278262715,0.9825673449784518
6721536.0,1.0,1.0,6721536.0,1.0,1.0,6721536.0,0.12842457524190345,0.8498136900675792
6733824.0,1.0,1.0,6733824.0,1.0,1.0,6733824.0,0.47590029099956155,0.7943606469314546
6746112.0,1.0,1.0,6746112.0,1.0,1.0,6746112.0,0.631078202277422,0.7405775228670489
6758400.0,1.0,1.0,6758400.0,1.0,1.0,6758400.0,0.44225865866368014,0.6758497858730454
6770688.0,1.0,1.0,6770688.0,1.0,1.0,6770688.0,0.48150786804035306,0.6075865988464405
6782976.0,1.0,1.0,6782976.0,1.0,1.0,6782976.0,1.0322774623831112,0.6035174515874435
6795264.0,1.0,1.0,6795264.0,1.0,1.0,6795264.0,0.9817643389105797,0.6826227170337613
6807552.0,1.0,1.0,6807552.0,1.0,1.0,6807552.0,0.9545945152640343,0.5517826569809888
6819840.0,1.0,1.0,6819840.0,1.0,1.0,6819840.0,1.1307007260620594,0.6546081465668976
6832128.0,1.0,1.0,6832128.0,1.0,1.0,6832128.0,1.1702519978086154,0.742875863565132
6844416.0,1.0,1.0,6844416.0,1.0,1.0,6844416.0,1.0224842329819996,0.8322818293391416
6856704.0,1.0,1.0,6856704.0,1.0,1.0,6856704.0,0.9915125388652086,0.8838430541257065
6868992.0,1.0,1.0,6868992.0,1.0,1.0,6868992.0,1.0998452908049028,0.9307197629784543
6881280.0,1.0,1.0,6881280.0,1.0,1.0,6881280.0,1.0618546052525442,0.9926793576373407
6893568.0,1.0,1.0,6893568.0,1.0,1.0,6893568.0,0.9384379101296266,1.0383723618462681
6905856.0,1.0,1.0,6905856.0,1.0,1.0,6905856.0,0.3770484644919634,0.9728494620571533
6918144.0,1.0,1.0,6918144.0,1.0,1.0,6918144.0,1.5628616859515507,1.0309591967612506
6930432.0,1.0,1.0,6930432.0,1.0,1.0,6930432.0,1.3273393431057532,1.0682336795454224
6942720.0,1.0,1.0,6942720.0,1.0,1.0,6942720.0,1.3597918121765058,1.091142788156867
6955008.0,1.0,1.0,6955008.0,1.0,1.0,6955008.0,0.18201625905930996,0.9923192142819364
6967296.0,1.0,1.0,6967296.0,1.0,1.0,6967296.0,1.3653097581118345,1.0266017667949199
6979584.0,1.0,1.0,6979584.0,1.0,1.0,6979584.0,0.43411223373065394,0.9708617362814644
6991872.0,1.0,1.0,6991872.0,1.0,1.0,6991872.0,1.9869217692563932,1.0595693841266134
7004160.0,1.0,1.0,7004160.0,1.0,1.0,7004160.0,1.942840254555146,1.1476679490568737
7016448.0,1.0,1.0,7016448.0,1.0,1.0,7016448.0,1.5954005165646474,1.2133642097003756
7028736.0,1.0,1.0,7028736.0,1.0,1.0,7028736.0,1.0624910419185956,1.281908467443039
7041024.0,1.0,1.0,7041024.0,1.0,1.0,7041024.0,1.2957264371216297,1.255194942560047
7053312.0,1.0,1.0,7053312.0,1.0,1.0,7053312.0,0.9204764999449253,1.2145086582439641
7065600.0,1.0,1.0,7065600.0,1.0,1.0,7065600.0,1.3719938043504953,1.2157288574613632
7077888.0,1.0,1.0,7077888.0,1.0,1.0,7077888.0,1.2943340186029673,1.326960633415729
7090176.0,1.0,1.0,7090176.0,1.0,1.0,7090176.0,0.7457512775436044,1.2650047853589057
7102464.0,1.0,1.0,7102464.0,1.0,1.0,7102464.0,1.4681979957967997,1.3684133615655205
7114752.0,1.0,1.0,7114752.0,1.0,1.0,7114752.0,1.3311234898865223,1.3028335336285333
7127040.0,1.0,1.0,7127040.0,1.0,1.0,7127040.0,0.5836871865515908,1.166918226828178
7139328.0,1.0,1.0,7139328.0,1.0,1.0,7139328.0,1.3099959213286638,1.1383777673045794
7151616.0,1.0,1.0,7151616.0,1.0,1.0,7151616.0,1.3626213353127241,1.1683907966439924
7163904.0,1.0,1.0,7163904.0,1.0,1.0,7163904.0,0.8044525471826395,1.1192634076500934
7176192.0,1.0,1.0,7176192.0,1.0,1.0,7176192.0,0.9491808284074068,1.1221338404963415
7188480.0,1.0,1.0,7188480.0,1.0,1.0,7188480.0,1.2216308036198218,1.1070975404232741
7200768.0,1.0,1.0,7200768.0,1.0,1.0,7200768.0,1.2235437246660392,1.1000185110295813
7213056.0,1.0,1.0,7213056.0,1.0,1.0,7213056.0,1.5460243709385395,1.1800458203690747
7225344.0,1.0,1.0,7225344.0,1.0,1.0,7225344.0,0.35924830473959446,1.0691508512633543
7237632.0,1.0,1.0,7237632.0,1.0,1.0,7237632.0,0.4113810663111508,0.9771766089058171
7249920.0,1.0,1.0,7249920.0,1.0,1.0,7249920.0,0.3001286416935424,0.9488207544200122
7262208.0,1.0,1.0,7262208.0,1.0,1.0,7262208.0,0.3534589153714478,0.8531670538242906
7274496.0,1.0,1.0,7274496.0,1.0,1.0,7274496.0,1.0434622957060735,0.8212511498636257
7286784.0,1.0,1.0,7286784.0,1.0,1.0,7286784.0,0.6977351584161321,0.8105794109869748
7299072.0,1.0,1.0,7299072.0,1.0,1.0,7299072.0,0.3864775785865883,0.7543090860048931
7311360.0,1.0,1.0,7311360.0,1.0,1.0,7311360.0,0.6502544016887745,0.6971714458117882
7323648.0,1.0,1.0,7323648.0,1.0,1.0,7323648.0,0.5809729949881633,0.6329143728440006
7335936.0,1.0,1.0,7335936.0,1.0,1.0,7335936.0,0.44883966880540055,0.5231959026306867
7348224.0,1.0,1.0,7348224.0,1.0,1.0,7348224.0,1.5842675616343815,0.6456978283201655
7360512.0,1.0,1.0,7360512.0,1.0,1.0,7360512.0,1.2387739612410467,0.728437117813155
7372800.0,1.0,1.0,7372800.0,1.0,1.0,7372800.0,0.9690759008129438,0.7953318437250952
7385088.0,1.0,1.0,7385088.0,1.0,1.0,7385088.0,0.8626573029905558,0.8462516824870061
7397376.0,1.0,1.0,7397376.0,1.0,1.0,7397376.0,0.6381321571146449,0.8057186686278632
7409664.0,1.0,1.0,7409664.0,1.0,1.0,7409664.0,0.5332663503165046,0.7892717878179004
7421952.0,1.0,1.0,7421952.0,1.0,1.0,7421952.0,1.0722817480564117,0.8578522047648829
7434240.0,1.0,1.0,7434240.0,1.0,1.0,7434240.0,1.0735960422704618,0.9001863688230515
7446528.0,1.0,1.0,7446528.0,1.0,1.0,7446528.0,0.5103464362521967,0.8931237129494548
7458816.0,1.0,1.0,7458816.0,1.0,1.0,7458816.0,1.6447483617812395,1.0127145822470387
7471104.0,1.0,1.0,7471104.0,1.0,1.0,7471104.0,0.936090566838781,0.9478968827674785
7483392.0,1.0,1.0,7483392.0,1.0,1.0,7483392.0,0.30844421156992513,0.8548639078003666
7495680.0,1.0,1.0,7495680.0,1.0,1.0,7495680.0,1.5465333263079326,0.9126096503498653
7507968.0,1.0,1.0,7507968.0,1.0,1.0,7507968.0,1.0775142163038254,0.9340953416811922
7520256.0,1.0,1.0,7520256.0,1.0,1.0,7520256.0,0.48433205640564364,0.9187153316102921
7532544.0,1.0,1.0,7532544.0,1.0,1.0,7532544.0,2.178678839157025,1.0832565804943441
7544832.0,1.0,1.0,7544832.0,1.0,1.0,7544832.0,1.5067904808868964,1.1267074537773927
7557120.0,1.0,1.0,7557120.0,1.0,1.0,7557120.0,0.942720344911019,1.1136198840414484
7569408.0,1.0,1.0,7569408.0,1.0,1.0,7569408.0,0.48227725985149544,1.1108129664013782
7581696.0,1.0,1.0,7581696.0,1.0,1.0,7581696.0,0.42639007372781634,0.9889771375960359
7593984.0,1.0,1.0,7593984.0,1.0,1.0,7593984.0,1.520120371133089,1.0473801180254667
7606272.0,1.0,1.0,7606272.0,1.0,1.0,7606272.0,1.2931933018068473,1.145855027049159
7618560.0,1.0,1.0,7618560.0,1.0,1.0,7618560.0,0.750083141339322,1.0662100085522979
7630848.0,1.0,1.0,7630848.0,1.0,1.0,7630848.0,0.35980013680333894,0.9944386006022494
7643136.0,1.0,1.0,7643136.0,1.0,1.0,7643136.0,0.8418665621429682,1.0301920511759817
7655424.0,1.0,1.0,7655424.0,1.0,1.0,7655424.0,0.9301270029197136,0.9053368675522506
7667712.0,1.0,1.0,7667712.0,1.0,1.0,7667712.0,0.6533027524128556,0.8199880947048467
7680000.0,1.0,1.0,7680000.0,1.0,1.0,7680000.0,0.6529173425709208,0.7910077944708367
7692288.0,1.0,1.0,7692288.0,1.0,1.0,7692288.0,1.3767323642969131,0.8804533049153784
7704576.0,1.0,1.0,7704576.0,1.0,1.0,7704576.0,0.9910990775873264,0.9369242053013297
7716864.0,1.0,1.0,7716864.0,1.0,1.0,7716864.0,1.1146011172483365,0.8963722799128542
7729152.0,1.0,1.0,7729152.0,1.0,1.0,7729152.0,0.539096102428933,0.8209625599750628
7741440.0,1.0,1.0,7741440.0,1.0,1.0,7741440.0,0.9784313074002663,0.8437973765811572
7753728.0,1.0,1.0,7753728.0,1.0,1.0,7753728.0,1.5819665243228276,0.9660140153331062
7766016.0,1.0,1.0,7766016.0,1.0,1.0,7766016.0,0.8762279177705447,0.9694501508958637
7778304.0,1.0,1.0,7778304.0,1.0,1.0,7778304.0,0.5283109924445549,0.929268549848348
7790592.0,1.0,1.0,7790592.0,1.0,1.0,7790592.0,1.1199815012514591,0.9759364247322082
7802880.0,1.0,1.0,7802880.0,1.0,1.0,7802880.0,0.9493532981723547,1.0055800202923517
7815168.0,1.0,1.0,7815168.0,1.0,1.0,7815168.0,0.9807635918259621,0.9659831430452565
7827456.0,1.0,1.0,7827456.0,1.0,1.0,7827456.0,1.2546254719297092,0.9923357824794946
7839744.0,1.0,1.0,7839744.0,1.0,1.0,7839744.0,0.9048562329262495,0.971361294047286
7852032.0,1.0,1.0,7852032.0,1.0,1.0,7852032.0,0.20999298756942153,0.938450982561335
7864320.0,1.0,1.0,7864320.0,1.0,1.0,7864320.0,1.0359853642682235,0.9442063882481305
7876608.0,1.0,1.0,7876608.0,1.0,1.0,7876608.0,0.6802614551658431,0.8540358813324322
7888896.0,1.0,1.0,7888896.0,1.0,1.0,7888896.0,1.1990996338427067,0.8863230529396485
7901184.0,1.0,1.0,7901184.0,1.0,1.0,7901184.0,2.1560936694343886,1.049101320638632
7913472.0,1.0,1.0,7913472.0,1.0,1.0,7913472.0,0.9723861062278351,1.0343417811362694
7925760.0,1.0,1.0,7925760.0,1.0,1.0,7925760.0,0.3253661218720178,0.9719430635062357
7938048.0,1.0,1.0,7938048.0,1.0,1.0,7938048.0,1.2112288735806942,0.994989591681709
7950336.0,1.0,1.0,7950336.0,1.0,1.0,7950336.0,1.5257008771101634,1.0220971321997543
7962624.0,1.0,1.0,7962624.0,1.0,1.0,7962624.0,0.8156074918806553,1.013172258095195
7974912.0,1.0,1.0,7974912.0,1.0,1.0,7974912.0,0.607716272585094,1.0529445865967622
7987200.0,1.0,1.0,7987200.0,1.0,1.0,7987200.0,0.8219808414578438,1.0315441343157243
7999488.0,1.0,1.0,7999488.0,1.0,1.0,7999488.0,1.073505583529671,1.070868547152107
8011776.0,1.0,1.0,8011776.0,1.0,1.0,8011776.0,1.1720880574236314,1.0681673895101995
8024064.0,1.0,1.0,8024064.0,1.0,1.0,8024064.0,0.9989857189357281,0.9524565944603334
8036352.0,1.0,1.0,8036352.0,1.0,1.0,8036352.0,0.6643358071645101,0.921651564554001
8048640.0,1.0,1.0,8048640.0,1.0,1.0,8048640.0,1.253498088568449,1.0144647612236442
8060928.0,1.0,1.0,8060928.0,1.0,1.0,8060928.0,1.0561980959028006,0.9989616834558547
8073216.0,1.0,1.0,8073216.0,1.0,1.0,8073216.0,1.165678442766269,0.9629594400214652
8085504.0,1.0,1.0,8085504.0,1.0,1.0,8085504.0,1.4324061038593452,1.0246393012193342
8097792.0,1.0,1.0,8097792.0,1.0,1.0,8097792.0,0.9715423503269752,1.0610219089935222
8110080.0,1.0,1.0,8110080.0,1.0,1.0,8110080.0,0.4526859070174396,1.024092415549482
8122368.0,1.0,1.0,8122368.0,1.0,1.0,8122368.0,1.2838408574461937,1.0451259429411341
8134656.0,1.0,1.0,8134656.0,1.0,1.0,8134656.0,0.9447376622507969,1.0223909034238507
8146944.0,1.0,1.0,8146944.0,1.0,1.0,8146944.0,0.6248901619886359,0.9849813477291415
8159232.0,1.0,1.0,8159232.0,1.0,1.0,8159232.0,0.7838910892605782,0.9969368759387484
8171520.0,1.0,1.0,8171520.0,1.0,1.0,8171520.0,0.9752797068407139,0.9691150377659747
8183808.0,1.0,1.0,8183808.0,1.0,1.0,8183808.0,0.9484938674916824,0.9583446149248631
8196096.0,1.0,1.0,8196096.0,1.0,1.0,8196096.0,1.6362602083633344,1.0054027914845696
8208384.0,1.0,1.0,8208384.0,1.0,1.0,8208384.0,1.5017441262801488,1.01233659372665
8220672.0,1.0,1.0,8220672.0,1.0,1.0,8220672.0,1.0287469550967216,1.0180570542036247
8232960.0,1.0,1.0,8232960.0,1.0,1.0,8232960.0,0.6702599320560694,1.0398144567074876
8245248.0,1.0,1.0,8245248.0,1.0,1.0,8245248.0,0.3035590715395908,0.9417862781168271
8257536.0,1.0,1.0,8257536.0,1.0,1.0,8257536.0,1.901512797921896,1.037463791683937
8269824.0,1.0,1.0,8269824.0,1.0,1.0,8269824.0,1.4683016203343868,1.1218049375185122
8282112.0,1.0,1.0,8282112.0,1.0,1.0,8282112.0,0.9068329700579246,1.1340991255982469
8294400.0,1.0,1.0,8294400.0,1.0,1.0,8294400.0,0.32478151299680275,1.0690493062138557
8306688.0,1.0,1.0,8306688.0,1.0,1.0,8306688.0,1.1854951959103346,1.0927494390557209
8318976.0,1.0,1.0,8318976.0,1.0,1.0,8318976.0,1.3382296736041706,1.0629463855798045
8331264.0,1.0,1.0,8331264.0,1.0,1.0,8331264.0,0.7309677361821135,0.985868746570001
8343552.0,1.0,1.0,8343552.0,1.0,1.0,8343552.0,0.4621622731598715,0.9292102783763161
8355840.0,1.0,1.0,8355840.0,1.0,1.0,8355840.0,1.2154475891341765,0.9837290440841269
8368128.0,1.0,1.0,8368128.0,1.0,1.0,8368128.0,1.4608951608339946,1.0994626530135672
8380416.0,1.0,1.0,8380416.0,1.0,1.0,8380416.0,1.0384420088181894,1.0131555741031963
8392704.0,1.0,1.0,8392704.0,1.0,1.0,8392704.0,0.5116434637457132,0.9174897584443291
8404992.0,1.0,1.0,8404992.0,1.0,1.0,8404992.0,0.5086765745654702,0.8776741188950836
8417280.0,1.0,1.0,8417280.0,1.0,1.0,8417280.0,0.5888411526878675,0.9040800828641903
8429568.0,1.0,1.0,8429568.0,1.0,1.0,8429568.0,0.7643006605406603,0.8619606293272227
8441856.0,1.0,1.0,8441856.0,1.0,1.0,8441856.0,1.393462786450982,0.8674839406119037
8454144.0,1.0,1.0,8454144.0,1.0,1.0,8454144.0,1.1621468340357144,0.910601850397264
8466432.0,1.0,1.0,8466432.0,1.0,1.0,8466432.0,0.8641733378171921,0.9508029568629961
8478720.0,1.0,1.0,8478720.0,1.0,1.0,8478720.0,1.0339607906838257,0.9326542770179611
8491008.0,1.0,1.0,8491008.0,1.0,1.0,8491008.0,1.2639520658801,0.9129599675225715
8503296.0,1.0,1.0,8503296.0,1.0,1.0,8503296.0,1.2814654186367989,0.9372623085044325
8515584.0,1.0,1.0,8515584.0,1.0,1.0,8515584.0,0.811195115869244,0.9672174737167856
8527872.0,1.0,1.0,8527872.0,1.0,1.0,8527872.0,1.1369774291912715,1.0300475591793656
8540160.0,1.0,1.0,8540160.0,1.0,1.0,8540160.0,1.3970026442160208,1.110863708332181
8552448.0,1.0,1.0,8552448.0,1.0,1.0,8552448.0,0.9227346529563268,1.1267071075737476
8564736.0,1.0,1.0,8564736.0,1.0,1.0,8564736.0,0.23330891908456883,1.0106917208371065
8577024.0,1.0,1.0,8577024.0,1.0,1.0,8577024.0,1.4254692656298478,1.0370239639965197
8589312.0,1.0,1.0,8589312.0,1.0,1.0,8589312.0,1.5137242736915748,1.1019790575839579
8601600.0,1.0,1.0,8601600.0,1.0,1.0,8601600.0,0.930579154441754,1.0916408939597506
8613888.0,1.0,1.0,8613888.0,1.0,1.0,8613888.0,0.5326253104334077,1.0185082184150815
8626176.0,1.0,1.0,8626176.0,1.0,1.0,8626176.0,0.4752464919971923,0.9378863257511207
8638464.0,1.0,1.0,8638464.0,1.0,1.0,8638464.0,1.1818796048561733,0.9749547746498137
8650752.0,1.0,1.0,8650752.0,1.0,1.0,8650752.0,1.0692313543210428,0.9681801671627908
8663040.0,1.0,1.0,8663040.0,1.0,1.0,8663040.0,0.9285174496471882,0.9213316477059076
8675328.0,1.0,1.0,8675328.0,1.0,1.0,8675328.0,0.9536649609605471,0.9244246785063297
8687616.0,1.0,1.0,8687616.0,1.0,1.0,8687616.0,1.3710253840933244,1.038196325007205
8699904.0,1.0,1.0,8699904.0,1.0,1.0,8699904.0,1.00238159733514,0.9958875581777343
8712192.0,1.0,1.0,8712192.0,1.0,1.0,8712192.0,0.8940207728495201,0.933917208093529
8724480.0,1.0,1.0,8724480.0,1.0,1.0,8724480.0,1.03131442827483,0.9439907354768368
8736768.0,1.0,1.0,8736768.0,1.0,1.0,8736768.0,1.1055513626585405,1.00128334069935
8749056.0,1.0,1.0,8749056.0,1.0,1.0,8749056.0,0.8008348699659109,1.0338421784962217
8761344.0,1.0,1.0,8761344.0,1.0,1.0,8761344.0,0.3701504908191661,0.952669267092521
8773632.0,1.0,1.0,8773632.0,1.0,1.0,8773632.0,1.2928802488992612,0.9750341565503426
8785920.0,1.0,1.0,8785920.0,1.0,1.0,8785920.0,1.5829585486402113,1.0404782664496453
8798208.0,1.0,1.0,8798208.0,1.0,1.0,8798208.0,1.1424291531244914,1.0593546856660396
8810496.0,1.0,1.0,8810496.0,1.0,1.0,8810496.0,0.5077843035881718,0.9730305776155245
8822784.0,1.0,1.0,8822784.0,1.0,1.0,8822784.0,1.201088720311721,0.9929012899131827
8835072.0,1.0,1.0,8835072.0,1.0,1.0,8835072.0,1.6387675652901332,1.0673759691572438
8847360.0,1.0,1.0,8847360.0,1.0,1.0,8847360.0,0.9586974928776423,1.0601142756175248
8859648.0,1.0,1.0,8859648.0,1.0,1.0,8859648.0,0.3179406250516574,0.9813532018568367
8871936.0,1.0,1.0,8871936.0,1.0,1.0,8871936.0,0.05991616098132605,0.9072613309583781
8884224.0,1.0,1.0,8884224.0,1.0,1.0,8884224.0,1.6422981688131888,1.0344760987577803
8896512.0,1.0,1.0,8896512.0,1.0,1.0,8896512.0,1.4247708581387997,1.0476651596817343
8908800.0,1.0,1.0,8908800.0,1.0,1.0,8908800.0,0.8675544504076242,0.9761247498584755
8921088.0,1.0,1.0,8921088.0,1.0,1.0,8921088.0,0.6769805879642566,0.9295798933424522
8933376.0,1.0,1.0,8933376.0,1.0,1.0,8933376.0,0.06446354159076388,0.8852478171427112
8945664.0,1.0,1.0,8945664.0,1.0,1.0,8945664.0,1.8909637841085594,0.954235323522395
8957952.0,1.0,1.0,8957952.0,1.0,1.0,8957952.0,1.7057579110066097,0.9609343580940427
8970240.0,1.0,1.0,8970240.0,1.0,1.0,8970240.0,1.0578761075933774,0.9708522195656164
8982528.0,1.0,1.0,8982528.0,1.0,1.0,8982528.0,0.536645693394045,0.9927227263998551
8994816.0,1.0,1.0,8994816.0,1.0,1.0,8994816.0,0.35388043817753595,1.0221191541194758
9007104.0,1.0,1.0,9007104.0,1.0,1.0,9007104.0,1.2971630115061998,0.9876056383887771
9019392.0,1.0,1.0,9019392.0,1.0,1.0,9019392.0,1.3413109568258126,0.9792596482574785
9031680.0,1.0,1.0,9031680.0,1.0,1.0,9031680.0,1.0467075059811275,0.9971749538148288
9043968.0,1.0,1.0,9043968.0,1.0,1.0,9043968.0,0.4944665441289544,0.9789235494312984
9056256.0,1.0,1.0,9056256.0,1.0,1.0,9056256.0,1.0505828106154997,1.0775354763337721
9068544.0,1.0,1.0,9068544.0,1.0,1.0,9068544.0,1.5485307189325492,1.043292169816171
9080832.0,1.0,1.0,9080832.0,1.0,1.0,9080832.0,0.9768768275777499,0.9704040614732851
9093120.0,1.0,1.0,9093120.0,1.0,1.0,9093120.0,0.6901703408608834,0.9336334848000357
9105408.0,1.0,1.0,9105408.0,1.0,1.0,9105408.0,0.5461736787110567,0.9345862833317369
9117696.0,1.0,1.0,9117696.0,1.0,1.0,9117696.0,0.4006949885127445,0.9392677383652577
9129984.0,1.0,1.0,9129984.0,1.0,1.0,9129984.0,2.2647061770160994,1.0360220549162478
9142272.0,1.0,1.0,9142272.0,1.0,1.0,9142272.0,1.1548665929585695,1.0173776185295236
9154560.0,1.0,1.0,9154560.0,1.0,1.0,9154560.0,0.5739678094784418,0.9701036488792548
9166848.0,1.0,1.0,9166848.0,1.0,1.0,9166848.0,0.3287563140814503,0.9535326258745045
9179136.0,1.0,1.0,9179136.0,1.0,1.0,9179136.0,1.1934365729490917,0.9678180021078637
9191424.0,1.0,1.0,9191424.0,1.0,1.0,9191424.0,0.7027316121384501,0.8832380914284537
9203712.0,1.0,1.0,9203712.0,1.0,1.0,9203712.0,1.1021879805872838,0.8957692067294071
9216000.0,1.0,1.0,9216000.0,1.0,1.0,9216000.0,1.4069551409532626,0.9674476867386451
9228288.0,1.0,1.0,9228288.0,1.0,1.0,9228288.0,0.7381377300868431,0.9866440918762237
9240576.0,1.0,1.0,9240576.0,1.0,1.0,9240576.0,0.9998651469747225,1.0465611077224213
9252864.0,1.0,1.0,9252864.0,1.0,1.0,9252864.0,1.4173938979705174,0.9618298798178634
9265152.0,1.0,1.0,9265152.0,1.0,1.0,9265152.0,0.9261956022431453,0.938962780746321
9277440.0,1.0,1.0,9277440.0,1.0,1.0,9277440.0,0.5424774910012881,0.9358137488986055
9289728.0,1.0,1.0,9289728.0,1.0,1.0,9289728.0,1.0054130995025237,1.003479427440713
9302016.0,1.0,1.0,9302016.0,1.0,1.0,9302016.0,1.2684885822236538,1.0109846283681692
9314304.0,1.0,1.0,9314304.0,1.0,1.0,9314304.0,1.3962998955200117,1.0803414567063252
9326592.0,1.0,1.0,9326592.0,1.0,1.0,9326592.0,0.9346071742475033,1.063583376072347
9338880.0,1.0,1.0,9338880.0,1.0,1.0,9338880.0,0.3151226360350847,0.9544001255805294
9351168.0,1.0,1.0,9351168.0,1.0,1.0,9351168.0,1.5337146023909252,1.0339578128109375
9363456.0,1.0,1.0,9363456.0,1.0,1.0,9363456.0,1.2355476648857195,1.0575260646020372
9375744.0,1.0,1.0,9375744.0,1.0,1.0,9375744.0,0.46710265598570305,0.9624969404035559
9388032.0,1.0,1.0,9388032.0,1.0,1.0,9388032.0,0.985128544891874,0.9683902346684288
9400320.0,1.0,1.0,9400320.0,1.0,1.0,9400320.0,1.1729756767551105,1.0314400532438106
9412608.0,1.0,1.0,9412608.0,1.0,1.0,9412608.0,0.6313027935102582,0.9940290226445845
9424896.0,1.0,1.0,9424896.0,1.0,1.0,9424896.0,1.049798358231783,0.9721600002453974
9437184.0,1.0,1.0,9437184.0,1.0,1.0,9437184.0,1.2486588340252638,0.9573958940959226
9449472.0,1.0,1.0,9449472.0,1.0,1.0,9449472.0,0.6327259692673882,0.927207773597911
9461760.0,1.0,1.0,9461760.0,1.0,1.0,9461760.0,0.39845627717052895,0.9355411377114556
9474048.0,1.0,1.0,9474048.0,1.0,1.0,9474048.0,1.5788589753210545,0.9400555750044685
9486336.0,1.0,1.0,9486336.0,1.0,1.0,9486336.0,0.7139699437345067,0.887897802889347
9498624.0,1.0,1.0,9498624.0,1.0,1.0,9498624.0,0.8499747030436993,0.9261850075951467
9510912.0,1.0,1.0,9510912.0,1.0,1.0,9510912.0,1.9796248500545819,1.0256346381114176
9523200.0,1.0,1.0,9523200.0,1.0,1.0,9523200.0,0.8935715413341919,0.9976942245693257
9535488.0,1.0,1.0,9535488.0,1.0,1.0,9535488.0,0.5292193631952008,0.98748588153782
9547776.0,1.0,1.0,9547776.0,1.0,1.0,9547776.0,0.8898392394185066,0.9714899696564923
9560064.0,1.0,1.0,9560064.0,1.0,1.0,9560064.0,0.4294012701138854,0.8895642132653544
9572352.0,1.0,1.0,9572352.0,1.0,1.0,9572352.0,1.7052467986941338,0.996816296208029
9584640.0,1.0,1.0,9584640.0,1.0,1.0,9584640.0,0.7999185031900803,1.036962518809984
9596928.0,1.0,1.0,9596928.0,1.0,1.0,9596928.0,1.3321037037918966,1.0122869916570683
9609216.0,1.0,1.0,9609216.0,1.0,1.0,9609216.0,1.3508197696258624,1.075971974246204
9621504.0,1.0,1.0,9621504.0,1.0,1.0,9621504.0,0.9307420427600542,1.0840487082178396
9633792.0,1.0,1.0,9633792.0,1.0,1.0,9633792.0,0.9530000382413467,0.9813862270365158
9646080.0,1.0,1.0,9646080.0,1.0,1.0,9646080.0,0.6750094996144375,0.9595300228645407
9658368.0,1.0,1.0,9658368.0,1.0,1.0,9658368.0,1.0866726730018854,1.0152753538452088
9670656.0,1.0,1.0,9670656.0,1.0,1.0,9670656.0,0.9889316478123268,1.025184594684591
9682944.0,1.0,1.0,9682944.0,1.0,1.0,9682944.0,0.7759161746750275,1.0598360851407052
9695232.0,1.0,1.0,9695232.0,1.0,1.0,9695232.0,0.8573011352370182,0.9750415187949935
9707520.0,1.0,1.0,9707520.0,1.0,1.0,9707520.0,1.3851010060558717,1.0335597690815725
9719808.0,1.0,1.0,9719808.0,1.0,1.0,9719808.0,1.09034341139098,1.009383739841481
9732096.0,1.0,1.0,9732096.0,1.0,1.0,9732096.0,0.3075109557248652,0.9050528584513815
9744384.0,1.0,1.0,9744384.0,1.0,1.0,9744384.0,1.3404750004410744,0.9460261542194832
9756672.0,1.0,1.0,9756672.0,1.0,1.0,9756672.0,1.3268637135624886,0.9834125217515975
9768960.0,1.0,1.0,9768960.0,1.0,1.0,9768960.0,1.2025690743078787,1.0361684792209418
9781248.0,1.0,1.0,9781248.0,1.0,1.0,9781248.0,0.6989964268480738,0.9974008546055607
9793536.0,1.0,1.0,9793536.0,1.0,1.0,9793536.0,0.5972538754964868,0.9582330773739764
9805824.0,1.0,1.0,9805824.0,1.0,1.0,9805824.0,1.5764728176097076,1.0382887416674442
9818112.0,1.0,1.0,9818112.0,1.0,1.0,9818112.0,0.951631455992659,1.0477217737430087
9830400.0,1.0,1.0,9830400.0,1.0,1.0,9830400.0,0.9320906344801188,1.0024207365854332
9842688.0,1.0,1.0,9842688.0,1.0,1.0,9842688.0,0.3858952761317293,0.931975923059508
9854976.0,1.0,1.0,9854976.0,1.0,1.0,9854976.0,1.6185698981086414,1.0630818172978855
9867264.0,1.0,1.0,9867264.0,1.0,1.0,9867264.0,1.5932603261123102,1.0883603498650092
9879552.0,1.0,1.0,9879552.0,1.0,1.0,9879552.0,0.9715629356602827,1.0528302720747889
9891840.0,1.0,1.0,9891840.0,1.0,1.0,9891840.0,0.8370626488079628,1.0162796295247971
9904128.0,1.0,1.0,9904128.0,1.0,1.0,9904128.0,0.9351886169364055,1.0398988485336305
9916416.0,1.0,1.0,9916416.0,1.0,1.0,9916416.0,0.6801405583197871,1.0481875168159605
9928704.0,1.0,1.0,9928704.0,1.0,1.0,9928704.0,0.8852729424834251,0.9790675293033322
9940992.0,1.0,1.0,9940992.0,1.0,1.0,9940992.0,1.0966298542916775,0.9935673691332341
9953280.0,1.0,1.0,9953280.0,1.0,1.0,9953280.0,0.6565307462587953,0.9660113803111017
9965568.0,1.0,1.0,9965568.0,1.0,1.0,9965568.0,0.8150315706928571,1.0089250097672147
9977856.0,1.0,1.0,9977856.0,1.0,1.0,9977856.0,1.5768959615379572,1.0047576161101461
9990144.0,1.0,1.0,9990144.0,1.0,1.0,9990144.0,1.0924242952217658,0.9546740130210918
10002432.0,1.0,1.0,10002432.0,1.0,1.0,10002432.0,0.9165206228693327,0.9491697817419966
10014720.0,1.0,1.0,10014720.0,1.0,1.0,10014720.0,0.8073808246602615,0.9462015993272266
10027008.0,1.0,1.0,10027008.0,1.0,1.0,10027008.0,0.9187162593007088,0.9445543635636569
10039296.0,1.0,1.0,10039296.0,1.0,1.0,10039296.0,1.1083943403015535,0.9873797417618334
10051584.0,1.0,1.0,10051584.0,1.0,1.0,10051584.0,0.833790073171258,0.9822314548306167
10063872.0,1.0,1.0,10063872.0,1.0,1.0,10063872.0,0.4573246627114713,0.9183009356725961
10076160.0,1.0,1.0,10076160.0,1.0,1.0,10076160.0,0.5402331069732705,0.9066711717440435
10088448.0,1.0,1.0,10088448.0,1.0,1.0,10088448.0,1.4977363950262468,0.9749416541773825
10100736.0,1.0,1.0,10100736.0,1.0,1.0,10100736.0,0.9712493369976679,0.9143769917233536
10113024.0,1.0,1.0,10113024.0,1.0,1.0,10113024.0,0.8000311876336733,0.8851376809645444
10125312.0,1.0,1.0,10125312.0,1.0,1.0,10125312.0,0.34867871133610606,0.8283534898112219
10137600.0,1.0,1.0,10137600.0,1.0,1.0,10137600.0,1.0433726261059444,0.85195266995579
10149888.0,1.0,1.0,10149888.0,1.0,1.0,10149888.0,1.0321920743832986,0.8633002514640491
10162176.0,1.0,1.0,10162176.0,1.0,1.0,10162176.0,0.8311093710362911,0.8355717545375227
10174464.0,1.0,1.0,10174464.0,1.0,1.0,10174464.0,1.7725710744659107,0.929449854666988
10186752.0,1.0,1.0,10186752.0,1.0,1.0,10186752.0,1.1570548589030902,0.9994228742861498
10199040.0,1.0,1.0,10199040.0,1.0,1.0,10199040.0,0.4477973645552993,0.9901793000443527
10211328.0,1.0,1.0,10211328.0,1.0,1.0,10211328.0,0.5205371792738637,0.8924593784691146
10223616.0,1.0,1.0,10223616.0,1.0,1.0,10223616.0,1.2109793728838365,0.9164323820577314
10235904.0,1.0,1.0,10235904.0,1.0,1.0,10235904.0,1.6587348642448585,1.0023027497188497
10248192.0,1.0,1.0,10248192.0,1.0,1.0,10248192.0,1.3507919957240422,1.1025140781576437
10260480.0,1.0,1.0,10260480.0,1.0,1.0,10260480.0,0.8179111698021492,1.0799679325272642
10272768.0,1.0,1.0,10272768.0,1.0,1.0,10272768.0,0.21187474291461209,0.9979361993803954
10285056.0,1.0,1.0,10285056.0,1.0,1.0,10285056.0,1.6043996072063844,1.0752652229974047
10297344.0,1.0,1.0,10297344.0,1.0,1.0,10297344.0,1.2207132217784722,1.0200794377286608
10309632.0,1.0,1.0,10309632.0,1.0,1.0,10309632.0,0.514240333189567,0.9557979851573085
10321920.0,1.0,1.0,10321920.0,1.0,1.0,10321920.0,0.4020999303708474,0.9512282417388633
10334208.0,1.0,1.0,10334208.0,1.0,1.0,10334208.0,0.21993778405400613,0.9211683022168774
10346496.0,1.0,1.0,10346496.0,1.0,1.0,10346496.0,1.5296278490374486,0.9530331498322386
10358784.0,1.0,1.0,10358784.0,1.0,1.0,10358784.0,0.8528594380865494,0.872445607216408
10371072.0,1.0,1.0,10371072.0,1.0,1.0,10371072.0,2.3457858140269914,0.9719449890467029
10383360.0,1.0,1.0,10383360.0,1.0,1.0,10383360.0,0.9222694579511881,0.9823808178616067
10395648.0,1.0,1.0,10395648.0,1.0,1.0,10395648.0,0.342030417950203,0.9953963853651657
10407936.0,1.0,1.0,10407936.0,1.0,1.0,10407936.0,1.2775517522046964,0.962711599864997
10420224.0,1.0,1.0,10420224.0,1.0,1.0,10420224.0,2.136313003177444,1.0542715780048941
10432512.0,1.0,1.0,10432512.0,1.0,1.0,10432512.0,0.9084047594418129,1.0936880206301187
10444800.0,1.0,1.0,10444800.0,1.0,1.0,10444800.0,0.13367411028593779,1.0668454386216277
10457088.0,1.0,1.0,10457088.0,1.0,1.0,10457088.0,0.12430740885126094,1.0572824011013533
10469376.0,1.0,1.0,10469376.0,1.0,1.0,10469376.0,0.7788926362991333,0.9822088798275216
10481664.0,1.0,1.0,10481664.0,1.0,1.0,10481664.0,0.6342542894805471,0.9603483649669213
10493952.0,1.0,1.0,10493952.0,1.0,1.0,10493952.0,1.0682680880029995,0.8325965923645222
10506240.0,1.0,1.0,10506240.0,1.0,1.0,10506240.0,1.6084615880002577,0.9012158053694292
10518528.0,1.0,1.0,10518528.0,1.0,1.0,10518528.0,0.8469186859826247,0.9517046321726713
10530816.0,1.0,1.0,10530816.0,1.0,1.0,10530816.0,0.5591351150845488,0.8798629684606567
10543104.0,1.0,1.0,10543104.0,1.0,1.0,10543104.0,0.43296519030506414,0.7095281871734187
10555392.0,1.0,1.0,10555392.0,1.0,1.0,10555392.0,0.373457757756114,0.6560334870048488
10567680.0,1.0,1.0,10567680.0,1.0,1.0,10567680.0,0.6777127540359894,0.710437351379854
10579968.0,1.0,1.0,10579968.0,1.0,1.0,10579968.0,0.8936301798870167,0.7873696284834295
10592256.0,1.0,1.0,10592256.0,1.0,1.0,10592256.0,0.8173704041788975,0.7912174052714059
10604544.0,1.0,1.0,10604544.0,1.0,1.0,10604544.0,0.7432887526229024,0.8021208515856415
10616832.0,1.0,1.0,10616832.0,1.0,1.0,10616832.0,1.1485667563974857,0.81015071842509
10629120.0,1.0,1.0,10629120.0,1.0,1.0,10629120.0,0.728653526554505,0.722169912280515
10641408.0,1.0,1.0,10641408.0,1.0,1.0,10641408.0,1.0756904936085145,0.7450470930431038
10653696.0,1.0,1.0,10653696.0,1.0,1.0,10653696.0,0.6584327475478252,0.7549768562894315
10665984.0,1.0,1.0,10665984.0,1.0,1.0,10665984.0,1.3981655767808359,0.8514968949370086
10678272.0,1.0,1.0,10678272.0,1.0,1.0,10678272.0,0.7430691306168834,0.8884580322230855
10690560.0,1.0,1.0,10690560.0,1.0,1.0,10690560.0,0.8987444546073675,0.9105612022802234
10702848.0,1.0,1.0,10702848.0,1.0,1.0,10702848.0,0.820511349166433,0.9032493192081649
10715136.0,1.0,1.0,10715136.0,1.0,1.0,10715136.0,1.3482342902570963,0.9563357078159849
10727424.0,1.0,1.0,10727424.0,1.0,1.0,10727424.0,1.079528935874502,0.9899597261411447
10739712.0,1.0,1.0,10739712.0,1.0,1.0,10739712.0,0.8585524205118418,0.9609582925525804
10752000.0,1.0,1.0,10752000.0,1.0,1.0,10752000.0,1.1890148644646008,1.0069944263435902
10764288.0,1.0,1.0,10764288.0,1.0,1.0,10764288.0,0.6275670804704229,0.9621820850297809
10776576.0,1.0,1.0,10776576.0,1.0,1.0,10776576.0,0.2553691569870959,0.9218757259737078
10788864.0,1.0,1.0,10788864.0,1.0,1.0,10788864.0,1.3935664494832356,0.921415813243948
10801152.0,1.0,1.0,10801152.0,1.0,1.0,10801152.0,0.9653688073158264,0.9436457809138423
10813440.0,1.0,1.0,10813440.0,1.0,1.0,10813440.0,0.5490459663172563,0.908675932084831
10825728.0,1.0,1.0,10825728.0,1.0,1.0,10825728.0,0.9783200665066639,0.9244568038188541
10838016.0,1.0,1.0,10838016.0,1.0,1.0,10838016.0,0.8621215832730135,0.8758455331204459
10850304.0,1.0,1.0,10850304.0,1.0,1.0,10850304.0,0.5861625848338008,0.8265088980163757
10862592.0,1.0,1.0,10862592.0,1.0,1.0,10862592.0,1.4746745191514492,0.8881211078803366
10874880.0,1.0,1.0,10874880.0,1.0,1.0,10874880.0,1.4406713837136824,0.9132867598052448
10887168.0,1.0,1.0,10887168.0,1.0,1.0,10887168.0,1.1303108005474012,0.9635611318129426
10899456.0,1.0,1.0,10899456.0,1.0,1.0,10899456.0,1.2297835778445005,1.061002573898683
10911744.0,1.0,1.0,10911744.0,1.0,1.0,10911744.0,0.27930051189226407,0.949575980139586
10924032.0,1.0,1.0,10924032.0,1.0,1.0,10924032.0,0.3263363325968385,0.8856727326676872
10936320.0,1.0,1.0,10936320.0,1.0,1.0,10936320.0,1.331732153892517,0.963941351425213
10948608.0,1.0,1.0,10948608.0,1.0,1.0,10948608.0,0.7510598938291272,0.9412153341574594
10960896.0,1.0,1.0,10960896.0,1.0,1.0,10960896.0,1.385204516351223,0.9935236274652803
10973184.0,1.0,1.0,10973184.0,1.0,1.0,10973184.0,1.118762195110321,1.0467835884929326
10985472.0,1.0,1.0,10985472.0,1.0,1.0,10985472.0,0.42691029934212565,0.942007166512
10997760.0,1.0,1.0,10997760.0,1.0,1.0,10997760.0,0.7523303894946972,0.8731730670901016
11010048.0,1.0,1.0,11010048.0,1.0,1.0,11010048.0,0.9338212652752796,0.8535241135628894
11022336.0,1.0,1.0,11022336.0,1.0,1.0,11022336.0,0.702709403509895,0.800816696129429
11034624.0,1.0,1.0,11034624.0,1.0,1.0,11034624.0,1.0519085781027873,0.8780775027504811
11046912.0,1.0,1.0,11046912.0,1.0,1.0,11046912.0,1.7625672568877537,1.0217005951795728
11059200.0,1.0,1.0,11059200.0,1.0,1.0,11059200.0,0.9847456496208906,0.9870019447524101
11071488.0,1.0,1.0,11071488.0,1.0,1.0,11071488.0,1.1243198172499735,1.0243279370944947
11083776.0,1.0,1.0,11083776.0,1.0,1.0,11083776.0,0.8519126996397972,0.9709987554233521
11096064.0,1.0,1.0,11096064.0,1.0,1.0,11096064.0,0.4471178553067148,0.9038343214429915
11108352.0,1.0,1.0,11108352.0,1.0,1.0,11108352.0,1.0342943891882896,0.9645727304276079
11120640.0,1.0,1.0,11120640.0,1.0,1.0,11120640.0,1.160022096708417,1.0053419011489797
11132928.0,1.0,1.0,11132928.0,1.0,1.0,11132928.0,0.5762641485780478,0.9695861894792566
11145216.0,1.0,1.0,11145216.0,1.0,1.0,11145216.0,1.549322170515855,1.0542474661798527
11157504.0,1.0,1.0,11157504.0,1.0,1.0,11157504.0,0.9811467242737612,1.0471712807969502
11169792.0,1.0,1.0,11169792.0,1.0,1.0,11169792.0,0.5297686175132791,0.9238914168595025
11182080.0,1.0,1.0,11182080.0,1.0,1.0,11182080.0,0.966368722418944,0.9220537241393079
11194368.0,1.0,1.0,11194368.0,1.0,1.0,11194368.0,1.3430969299127657,0.9439314354055872
11206656.0,1.0,1.0,11206656.0,1.0,1.0,11206656.0,0.7481656909609834,0.9335567345377058
11218944.0,1.0,1.0,11218944.0,1.0,1.0,11218944.0,1.0681120442847412,0.9956561534355082
11231232.0,1.0,1.0,11231232.0,1.0,1.0,11231232.0,0.5585767899950346,0.9480843935161829
11243520.0,1.0,1.0,11243520.0,1.0,1.0,11243520.0,1.4215936126808326,0.9742415451134244
11255808.0,1.0,1.0,11255808.0,1.0,1.0,11255808.0,1.2845457798490922,1.0450697082405287
11268096.0,1.0,1.0,11268096.0,1.0,1.0,11268096.0,0.9557380670060714,0.9857112978895506
11280384.0,1.0,1.0,11280384.0,1.0,1.0,11280384.0,0.42828159624089795,0.9304247850862642
11292672.0,1.0,1.0,11292672.0,1.0,1.0,11292672.0,1.5316007069001596,1.0306079940249524
11304960.0,1.0,1.0,11304960.0,1.0,1.0,11304960.0,1.0024520171185334,1.034216323494911
11317248.0,1.0,1.0,11317248.0,1.0,1.0,11317248.0,1.0925401616841555,1.0091606466720502
11329536.0,1.0,1.0,11329536.0,1.0,1.0,11329536.0,0.7358549078926444,1.0079295683652163
11341824.0,1.0,1.0,11341824.0,1.0,1.0,11341824.0,1.0006302502006292,1.0011813889568049
11354112.0,1.0,1.0,11354112.0,1.0,1.0,11354112.0,0.9956955866267284,1.0448932686199746
11366400.0,1.0,1.0,11366400.0,1.0,1.0,11366400.0,1.0969766806811094,1.0124315754200022
11378688.0,1.0,1.0,11378688.0,1.0,1.0,11378688.0,0.6312912687038382,0.9471061243054768
11390976.0,1.0,1.0,11390976.0,1.0,1.0,11390976.0,2.324675837531686,1.0839999013580381
11403264.0,1.0,1.0,11403264.0,1.0,1.0,11403264.0,1.0676838271319866,1.1479401244471472
11415552.0,1.0,1.0,11415552.0,1.0,1.0,11415552.0,0.9306043678273758,1.0878404905398686
11427840.0,1.0,1.0,11427840.0,1.0,1.0,11427840.0,1.024859535197417,1.090081242347757
11440128.0,1.0,1.0,11440128.0,1.0,1.0,11440128.0,0.7446333930517236,1.0552905654845137
11452416.0,1.0,1.0,11452416.0,1.0,1.0,11452416.0,1.2048494294285774,1.1021900176381072
11464704.0,1.0,1.0,11464704.0,1.0,1.0,11464704.0,1.4710137397050858,1.1492283665885528
11476992.0,1.0,1.0,11476992.0,1.0,1.0,11476992.0,1.0221622257182996,1.15187503049771
11489280.0,1.0,1.0,11489280.0,1.0,1.0,11489280.0,1.3068076465278864,1.1728581270823875
11501568.0,1.0,1.0,11501568.0,1.0,1.0,11501568.0,1.3438746873289347,1.2441164689448974
11513856.0,1.0,1.0,11513856.0,1.0,1.0,11513856.0,1.6722330264747143,1.1788721878392001
11526144.0,1.0,1.0,11526144.0,1.0,1.0,11526144.0,0.5357392057776451,1.125677725703766
11538432.0,1.0,1.0,11538432.0,1.0,1.0,11538432.0,1.7812028136104345,1.2107375702820717
11550720.0,1.0,1.0,11550720.0,1.0,1.0,11550720.0,1.5712231031308572,1.2653739270754158
11563008.0,1.0,1.0,11563008.0,1.0,1.0,11563008.0,0.7891953357805809,1.2698301213483016
11575296.0,1.0,1.0,11575296.0,1.0,1.0,11575296.0,0.1534014424930016,1.164685322654744
11587584.0,1.0,1.0,11587584.0,1.0,1.0,11587584.0,1.8585880175232887,1.2034427504365643
11599872.0,1.0,1.0,11599872.0,1.0,1.0,11599872.0,1.3096892231454451,1.2321954501792791
11612160.0,1.0,1.0,11612160.0,1.0,1.0,11612160.0,0.5634714957947532,1.1578618351059655
11624448.0,1.0,1.0,11624448.0,1.0,1.0,11624448.0,0.7034393216793736,1.0938182985410094
11636736.0,1.0,1.0,11636736.0,1.0,1.0,11636736.0,1.3334927552690108,1.0599442714204392
11649024.0,1.0,1.0,11649024.0,1.0,1.0,11649024.0,0.25653200115387637,1.0320235509580624
11661312.0,1.0,1.0,11661312.0,1.0,1.0,11661312.0,1.6954793594777584,1.0234512055447946
11673600.0,1.0,1.0,11673600.0,1.0,1.0,11673600.0,1.449930631245176,1.0113219583562265
11685888.0,1.0,1.0,11685888.0,1.0,1.0,11685888.0,0.6241752747446299,0.9948199522526313
11698176.0,1.0,1.0,11698176.0,1.0,1.0,11698176.0,0.8225226029753685,1.0617320683008682
11710464.0,1.0,1.0,11710464.0,1.0,1.0,11710464.0,1.3310729414224625,1.0089805606907853
11722752.0,1.0,1.0,11722752.0,1.0,1.0,11722752.0,0.4331655229131381,0.9213281906675548
11735040.0,1.0,1.0,11735040.0,1.0,1.0,11735040.0,1.2447459201018016,0.9894556330982596
11747328.0,1.0,1.0,11747328.0,1.0,1.0,11747328.0,1.3829937378565471,1.057411074715977
11759616.0,1.0,1.0,11759616.0,1.0,1.0,11759616.0,0.37962026117990416,0.9620238253070662
11771904.0,1.0,1.0,11771904.0,1.0,1.0,11771904.0,1.2276944766441982,1.0591400728560985
11784192.0,1.0,1.0,11784192.0,1.0,1.0,11784192.0,1.3304274467130501,1.0226348815796276
11796480.0,1.0,1.0,11796480.0,1.0,1.0,11796480.0,0.679033227575322,0.9455451412126423
11808768.0,1.0,1.0,11808768.0,1.0,1.0,11808768.0,1.10720931366086,0.9938485451042653
11821056.0,1.0,1.0,11821056.0,1.0,1.0,11821056.0,1.1895776713887851,1.030554051945607
11833344.0,1.0,1.0,11833344.0,1.0,1.0,11833344.0,0.7390853563944498,0.9713552934428057
11845632.0,1.0,1.0,11845632.0,1.0,1.0,11845632.0,0.9920395898322264,1.0272427001347144
11857920.0,1.0,1.0,11857920.0,1.0,1.0,11857920.0,0.8395692420502504,0.9867250323295593
11870208.0,1.0,1.0,11870208.0,1.0,1.0,11870208.0,1.7946030963212252,1.0278859681760273
11882496.0,1.0,1.0,11882496.0,1.0,1.0,11882496.0,1.2701239536205928,1.116936337420096
11894784.0,1.0,1.0,11894784.0,1.0,1.0,11894784.0,0.8806657468279203,1.0822334644384681
11907072.0,1.0,1.0,11907072.0,1.0,1.0,11907072.0,0.7959927959988514,1.0287899993670484
11919360.0,1.0,1.0,11919360.0,1.0,1.0,11919360.0,0.8515004546691974,1.046036722076436
11931648.0,1.0,1.0,11931648.0,1.0,1.0,11931648.0,0.8121268544346094,1.016528476153811
11943936.0,1.0,1.0,11943936.0,1.0,1.0,11943936.0,1.1760500706732273,1.0151757160822552
11956224.0,1.0,1.0,11956224.0,1.0,1.0,11956224.0,1.4376754363377888,1.085034724076589
11968512.0,1.0,1.0,11968512.0,1.0,1.0,11968512.0,1.1816885974258184,1.1039996248359483
11980800.0,1.0,1.0,11980800.0,1.0,1.0,11980800.0,0.7631471973533431,1.0963574203662572
11993088.0,1.0,1.0,11993088.0,1.0,1.0,11993088.0,0.2086238075668613,0.9377594914908208
12005376.0,1.0,1.0,12005376.0,1.0,1.0,12005376.0,1.5617307716359694,0.9669201732923588
12017664.0,1.0,1.0,12017664.0,1.0,1.0,12017664.0,1.3231021575629711,1.0111638143658639
12029952.0,1.0,1.0,12029952.0,1.0,1.0,12029952.0,0.9065329904357592,1.0222178338095544
12042240.0,1.0,1.0,12042240.0,1.0,1.0,12042240.0,0.19685999218684933,0.9567537875613198
12054528.0,1.0,1.0,12054528.0,1.0,1.0,12054528.0,0.8225483937809864,0.9577959414959574
12066816.0,1.0,1.0,12066816.0,1.0638775508850813,1.006387755088508,12066816.0,1.2361690166095893,0.9638078360895935
12079104.0,1.0,1.0,12079104.0,1.237888737892111,1.0301766288777192,12079104.0,1.0524226520210505,0.9252825576579198
12091392.0,1.0,1.0,12091392.0,1.0,1.0301766288777192,12091392.0,0.49702792273213464,0.8568164901885515
12103680.0,1.0,1.0,12103680.0,1.0,1.0301766288777192,12103680.0,0.6431205517922839,0.8448138256324456
12115968.0,1.0,1.0,12115968.0,1.0,1.0301766288777192,12115968.0,0.6822471696262559,0.8921761618383851
12128256.0,1.0,1.0,12128256.0,1.0,1.0301766288777192,12128256.0,1.9041493802020948,0.9264180226949975
12140544.0,1.0,1.0,12140544.0,1.0,1.0301766288777192,12140544.0,1.1940553231785695,0.9135133392565574
12152832.0,1.0,1.0,12152832.0,1.1283173188567162,1.0430083607633907,12152832.0,0.6787754467998942,0.8907375848929708
12165120.0,1.0,1.0,12165120.0,1.0,1.0430083607633907,12165120.0,1.4473651442676783,1.0157881001010538
12177408.0,1.0,1.0,12177408.0,1.0,1.0430083607633907,12177408.0,1.3694737950960796,1.070480640232563
12189696.0,1.0,1.0,12189696.0,1.0,1.0366206056748826,12189696.0,0.6402967320755124,1.0108934117791555
12201984.0,1.0,1.0,12201984.0,1.0,1.0128317318856717,12201984.0,0.5619414808849493,0.9618452946655452
12214272.0,1.0,1.0,12214272.0,1.0,1.0128317318856717,12214272.0,1.5476626778642337,1.066908770178755
12226560.0,1.0,1.0,12226560.0,1.0,1.0128317318856717,12226560.0,1.163922010610501,1.1189889160605768
12238848.0,1.0,1.0,12238848.0,1.0,1.0128317318856717,12238848.0,1.0053483551989,1.1512990346178413
12251136.0,1.0,1.0,12251136.0,1.0,1.0128317318856717,12251136.0,0.38467202444250387,0.9993512990418821
12263424.0,1.0,1.0,12263424.0,1.0,1.0128317318856717,12263424.0,0.6577635994181037,0.9457221266658357
12275712.0,1.0,1.0,12275712.0,1.0,1.0,12275712.0,1.2479321633776028,1.0026377983236066
12288000.0,1.0,1.0,12288000.0,1.0,1.0,12288000.0,0.6270784378672639,0.9206091276835651
12288.0,1.0,1.0,12288.0,1.0,1.0,12288.0,1.017070014650623,0.8853687496390193
24576.0,1.0,1.0,24576.0,1.0,1.0,24576.0,2.072876758252581,1.0286267522567263
36864.0,1.0,1.0,36864.0,1.0,1.0,36864.0,0.2786570532868306,1.0002983094969145
49152.0,1.0,1.0,49152.0,1.0,1.0,49152.0,0.6658625177418193,0.9121182934846729
61440.0,1.0,1.0,61440.0,1.0,1.0,61440.0,1.7413221597671509,0.9698583084003378
73728.0,1.0,1.0,73728.0,1.0,1.0,73728.0,1.3442700350036223,1.0037504763808103
86016.0,1.0,1.0,86016.0,1.0,1.0,86016.0,2.18427432825168,1.1837107067617278
98304.0,1.0,1.0,98304.0,1.0,1.0,98304.0,0.3037694718999167,1.148311294009909
110592.0,1.0,1.0,110592.0,1.0,1.0,110592.0,0.8878646716475487,1.1123045448369038
122880.0,1.0,1.0,122880.0,1.0,1.0,122880.0,2.3747125075509152,1.2870679518052688
135168.0,1.0,1.0,135168.0,1.0,1.0,135168.0,0.9791777345041434,1.283278723790621
147456.0,1.0,1.0,147456.0,1.0,1.0,147456.0,0.8537493323286375,1.1613659811982262
159744.0,1.0,1.0,159744.0,1.0,1.0,159744.0,1.8229927184681098,1.3157995477163542
172032.0,1.0,1.0,172032.0,1.0,1.0,172032.0,2.4113551067809262,1.490348806620265
184320.0,1.0,1.0,184320.0,1.0096440544972818,1.0009644054497282,184320.0,0.1265923345539098,1.328875824098941
196608.0,1.0,1.0,196608.0,1.0003874506801367,1.0010031505177417,196608.0,1.0241633156935375,1.2968651521679324
208896.0,1.0,1.0,208896.0,1.0,1.001003150517742,208896.0,0.6983778520176808,1.1482755045445323
221184.0,1.0,1.0,221184.0,1.0,1.001003150517742,221184.0,0.4251628589505951,1.1604148432496004
233472.0,1.0,1.0,233472.0,1.0,1.001003150517742,233472.0,1.7046708427369595,1.2420954603585415
245760.0,1.0,1.0,245760.0,1.0,1.001003150517742,245760.0,0.3172998384883006,1.03635419345228
258048.0,1.0,1.0,258048.0,1.0036789836982887,1.0013710488875707,258048.0,2.044539444769422,1.142890364478808
270336.0,1.0,1.0,270336.0,2.029775800804297,1.1043486289680005,270336.0,0.9837168337156376,1.1558871146175078
282624.0,1.0,1.0,282624.0,1.0,1.1043486289680005,282624.0,1.4728013463318348,1.1208679774038806
294912.0,1.0,1.0,294912.0,1.0,1.1043486289680005,294912.0,1.1826177574694157,0.9979942424727295
307200.0,1.0,1.0,307200.0,1.0,1.1033842235182723,307200.0,1.326598284766078,1.1179948374939461
319488.0,1.0,1.0,319488.0,2.6905525227387748,1.272400730724136,319488.0,1.0369906462728977,1.1192775705518823
331776.0,1.0,1.0,331776.0,1.0,1.272400730724136,331776.0,0.49244248525549966,1.098684033875664
344064.0,1.0,1.0,344064.0,1.0,1.272400730724136,344064.0,2.326999685416619,1.2888677165222666
356352.0,1.0,1.0,356352.0,1.0,1.272400730724136,356352.0,0.4379533434597154,1.1621959665945423
368640.0,1.0,1.0,368640.0,2.10134294629097,1.3825350253532331,368640.0,0.10171121129921327,1.1406371038756333
380928.0,1.0,1.0,380928.0,1.0,1.3821671269834042,380928.0,1.1541639448453982,1.051599553883231
393216.0,1.0,1.0,393216.0,1.0,1.2791895469029746,393216.0,0.0012674150939346873,0.9533546120210608
405504.0,1.0,1.0,405504.0,1.0,1.2791895469029746,405504.0,0.00011591679632753464,0.8060860690675098
417792.0,1.0,1.0,417792.0,1.0,1.2791895469029746,417792.0,8.669863999462754e-06,0.6878251603069683
430080.0,1.0,1.0,430080.0,1.0,1.2791895469029746,430080.0,5.054934966608471e-06,0.5551658373238572
442368.0,1.0,1.0,442368.0,1.0,1.110134294629097,442368.0,1.1307610110478095e-06,0.45146688577266847
454656.0,1.0,1.0,454656.0,1.0,1.110134294629097,454656.0,0.0018348702912286778,0.40240612427624145
466944.0,1.0,1.0,466944.0,1.0,1.110134294629097,466944.0,0.00011251897948720095,0.16971740763252824
479232.0,1.0,1.0,479232.0,1.0,1.110134294629097,479232.0,0.00016455888309489333,0.1259385291748662
491520.0,1.0,1.0,491520.0,1.0,1.0,491520.0,1.5433999124070397e-05,0.11576895144485724
503808.0,1.0,1.0,503808.0,1.0,1.0,503808.0,1.3362249608424767e-05,0.0003538931852782608
516096.0,1.0,1.0,516096.0,1.0,1.0,516096.0,0.001252059317266685,0.0003523576076114606
528384.0,1.0,1.0,528384.0,1.0,1.0,528384.0,0.0005724333859689068,0.00039800926657559775
540672.0,1.0,1.0,540672.0,1.0,1.0,540672.0,0.005871475310414098,0.0009842898112170614
552960.0,1.0,1.0,552960.0,1.0,1.0,552960.0,0.05926211005620038,0.006909995323340438
565248.0,1.0,1.0,565248.0,1.0,1.0,565248.0,2.6545822794238725,0.2723681101896266
577536.0,1.0,1.0,577536.0,1.0,1.0,577536.0,0.004381317468263053,0.27262275490733
589824.0,1.0,1.0,589824.0,1.0,1.0,589824.0,0.00020482995447916133,0.27263198600482924
602112.0,1.0,1.0,602112.0,1.0,1.0,602112.0,0.009414823652453682,0.2735570124817651
614400.0,1.0,1.0,614400.0,1.0,1.0,614400.0,0.4049339458967249,0.3140488636715252
626688.0,1.0,1.0,626688.0,1.0,1.0,626688.0,0.0016843883814961675,0.314215966284714
638976.0,1.0,1.0,638976.0,1.0,1.0,638976.0,0.004376636306308986,0.31452842398361824
651264.0,1.0,1.0,651264.0,1.0,1.0,651264.0,2.35828539977471,0.5502997206224924
663552.0,1.0,1.0,663552.0,1.0,1.0,663552.0,0.4807787256625791,0.5977904456577088
675840.0,1.0,1.0,675840.0,1.0,1.0,675840.0,0.9122119136154652,0.6830854260136353
688128.0,1.0,1.0,688128.0,1.0,1.0,688128.0,0.002132199937477708,0.4178404180649958
700416.0,1.0,1.0,700416.0,1.0,1.0,700416.0,1.5531012403468292,0.5727124103528525
712704.0,1.0,1.0,712704.0,1.0,1.0,712704.0,1.4900098169843357,0.7216929090558382
724992.0,1.0,1.0,724992.0,1.0,1.0,724992.0,0.6713183860604962,0.7878832652966423
737280.0,1.0,1.0,737280.0,1.0,1.0,737280.0,1.103979821006457,0.8577878528076155
749568.0,1.0,1.0,749568.0,1.0,1.0,749568.0,0.4712370786195,0.9047431218314159
761856.0,1.0,1.0,761856.0,1.0,1.0,761856.0,1.1606245326499145,1.0203679114657764
774144.0,1.0,1.0,774144.0,1.0,1.0,774144.0,0.4868751090640823,0.8332268823947138
786432.0,1.0,1.0,786432.0,1.0,1.0,786432.0,1.5320246337602537,0.9383514732044812
798720.0,1.0,1.0,798720.0,1.0,1.0,798720.0,0.7868684449543556,0.9258171263383701
811008.0,1.0,1.0,811008.0,1.0,1.0,811008.0,1.6858642554531496,1.0941903318899375
823296.0,1.0,1.0,823296.0,1.0,1.0,823296.0,0.6061337276672324,0.9994935806219777
835584.0,1.0,1.0,835584.0,1.0,1.0,835584.0,0.9089539585014185,0.9413879947736861
847872.0,1.0,1.0,847872.0,1.0,1.0,847872.0,1.205771845454971,0.9948333407131335
860160.0,1.0,1.0,860160.0,1.0,1.0,860160.0,0.23962585992800692,0.9083979446052883
872448.0,1.0,1.0,872448.0,1.0,1.0,872448.0,0.8690665122121572,0.9481808879645541
884736.0,1.0,1.0,884736.0,1.0,1.0,884736.0,0.8109859805554152,0.9132170327551042
897024.0,1.0,1.0,897024.0,1.0,1.0,897024.0,1.7897554729133844,1.0435050691400345
909312.0,1.0,1.0,909312.0,1.0,1.0,909312.0,1.56984789421161,1.0472873951851702
921600.0,1.0,1.0,921600.0,1.0,1.0,921600.0,0.7063741457338134,1.039237965263116
933888.0,1.0,1.0,933888.0,1.0,1.0,933888.0,1.2630102317780256,0.9969525628956033
946176.0,1.0,1.0,946176.0,1.0,1.0,946176.0,1.146227004006505,1.0509618905295308
958464.0,1.0,1.0,958464.0,1.0,1.0,958464.0,1.5877440112332504,1.1188408958027138
970752.0,1.0,1.0,970752.0,1.0,1.0,970752.0,0.35355593217536807,1.0336193044747537
983040.0,1.0,1.0,983040.0,1.0,1.0,983040.0,0.8988267332315445,1.0995393918051075
995328.0,1.0,1.0,995328.0,1.0,1.0,995328.0,1.017123527203997,1.1143450933042915
1007616.0,1.0,1.0,1007616.0,1.0,1.0,1007616.0,1.3582574365039666,1.1690722388991468
1019904.0,1.0,1.0,1019904.0,1.0,1.0,1019904.0,0.5236255781104168,1.0424592494188498
1032192.0,1.0,1.0,1032192.0,1.0,1.0,1032192.0,1.0110962291558583,0.9865840829132747
1044480.0,1.0,1.0,1044480.0,1.0,1.0,1044480.0,0.7547660879790783,0.9914232771378012
1056768.0,1.0,1.0,1056768.0,1.0,1.0,1056768.0,0.8715161395569643,0.952273867915695
1069056.0,1.0,1.0,1069056.0,1.0,1.0,1069056.0,0.9695485644042492,0.9346060239554694
1081344.0,1.0,1.0,1081344.0,1.0,1.0,1081344.0,1.4338423976053793,0.9192158625926823
1093632.0,1.0,1.0,1093632.0,1.0,1.0,1093632.0,0.7731261427203814,0.9611728836471836
1105920.0,1.0,1.0,1105920.0,1.0,1.0,1105920.0,1.2047846267620723,0.9917686730002362
1118208.0,1.0,1.0,1118208.0,1.0,1.0,1118208.0,1.7314079236239195,1.0631971126422286
1130496.0,1.0,1.0,1130496.0,1.0,1.0,1130496.0,1.0268166319777567,1.0300530321896075
1142784.0,1.0,1.0,1142784.0,1.0,1.0,1142784.0,0.5497647567341725,1.0326669500519832
1155072.0,1.0,1.0,1155072.0,1.0,1.0,1155072.0,1.4570657052099705,1.0772638976573943
1167360.0,1.0,1.0,1167360.0,1.0,1.0,1167360.0,0.5195258998622497,1.0537398788457115
1179648.0,1.0,1.0,1179648.0,1.0,1.0,1179648.0,0.9255088809877634,1.0591391529887915
1191936.0,1.0,1.0,1191936.0,1.0,1.0,1191936.0,0.7162421482304732,1.0338085113714137
1204224.0,1.0,1.0,1204224.0,1.0,1.0,1204224.0,1.9442317100862663,1.0848474426195023
1216512.0,1.0,1.0,1216512.0,1.0,1.0,1216512.0,0.5312228597079715,1.0606571143182617
1228800.0,1.0,1.0,1228800.0,1.0,1.0,1228800.0,0.45890772870431346,0.9860694245124858
1241088.0,1.0,1.0,1241088.0,1.0,1.0,1241088.0,1.7364089290301006,0.9865695250531037
1253376.0,1.0,1.0,1253376.0,1.0,1.0,1253376.0,1.3964066331585248,1.0235285251711805
1265664.0,1.0,1.0,1265664.0,1.0,1.0,1265664.0,0.558823946552972,1.0244344441530606
1277952.0,1.0,1.0,1277952.0,1.0,1.0,1277952.0,0.32546292804181576,0.9112741664362451
1290240.0,1.0,1.0,1290240.0,1.0,1.0,1290240.0,0.8421879528711239,0.9435403717371325
1302528.0,1.0,1.0,1302528.0,1.0,1.0,1302528.0,1.1925696960339944,0.9702464532417554
1314816.0,1.0,1.0,1314816.0,1.0,1.0,1314816.0,1.38467450812459,1.0370896892311672
1327104.0,1.0,1.0,1327104.0,1.0,1.0,1327104.0,0.7237863692765435,0.915045155150195
1339392.0,1.0,1.0,1339392.0,1.0,1.0,1339392.0,1.1559552643448114,0.9775183956138791
1351680.0,1.0,1.0,1351680.0,1.0,1.0,1351680.0,1.372505937392513,1.0688782164826989
1363968.0,1.0,1.0,1363968.0,1.0,1.0,1363968.0,0.7686136780927578,0.9720986913889644
1376256.0,1.0,1.0,1376256.0,1.0,1.0,1376256.0,1.3990256221344073,0.9723605902865529
1388544.0,1.0,1.0,1388544.0,1.0,1.0,1388544.0,0.8522519518931707,1.0017033908205728
1400832.0,1.0,1.0,1400832.0,1.0,1.0,1400832.0,0.1652849380237361,0.985685591818765
1413120.0,1.0,1.0,1413120.0,1.0,1.0,1413120.0,1.513671737164259,1.0528339702480785
1425408.0,1.0,1.0,1425408.0,1.0,1.0,1425408.0,0.8118892138202985,1.014765922026709
1437696.0,1.0,1.0,1437696.0,1.0,1.0,1437696.0,0.4885074303795894,0.9251492142522088
1449984.0,1.0,1.0,1449984.0,1.0,1.0,1449984.0,1.3257833185295265,0.9853489091775071
1462272.0,1.0,1.0,1462272.0,1.0,1.0,1462272.0,1.045938163374861,0.9743471990805119
1474560.0,1.0,1.0,1474560.0,1.0,1.0,1474560.0,0.637854551586012,0.9008820604998619
1486848.0,1.0,1.0,1486848.0,1.0,1.0,1486848.0,1.2280629401405652,0.9468269867046427
1499136.0,1.0,1.0,1499136.0,1.0,1.0,1499136.0,0.7905471691240867,0.8859791414036107
1511424.0,1.0,1.0,1511424.0,1.0,1.0,1511424.0,1.1774041907240946,0.918494365286703
1523712.0,1.0,1.0,1523712.0,1.0,1.0,1523712.0,0.32612241338938475,0.9345781128232679
1536000.0,1.0,1.0,1536000.0,1.0,1.0,1536000.0,1.332786566267411,0.916489595733583
1548288.0,1.0,1.0,1548288.0,1.0,1.0,1548288.0,0.6163220520441731,0.8969328795559705
1560576.0,1.0,1.0,1560576.0,1.0,1.0,1560576.0,0.8343837025264899,0.9315205067706603
1572864.0,1.0,1.0,1572864.0,1.0,1.0,1572864.0,1.1158719124893348,0.9105293661666414
1585152.0,1.0,1.0,1585152.0,1.0,1.0,1585152.0,0.7672526004413763,0.8826608098732928
1597440.0,1.0,1.0,1597440.0,1.0,1.0,1597440.0,1.8318891127904255,1.0020642659937342
1609728.0,1.0,1.0,1609728.0,1.0,1.0,1609728.0,0.6382167081659039,0.9430796427962681
1622016.0,1.0,1.0,1622016.0,1.0,1.0,1622016.0,1.4557266427824895,1.0095975901621084
1634304.0,1.0,1.0,1634304.0,1.0,1.0,1634304.0,0.15785965005246302,0.9076431360949453
1646592.0,1.0,1.0,1646592.0,1.0,1.0,1646592.0,2.0830165687948465,1.0833325516354915
1658880.0,1.0,1.0,1658880.0,1.0,1.0,1658880.0,0.7080003190785646,1.0208539269166068
1671168.0,1.0,1.0,1671168.0,1.0,1.0,1671168.0,1.219037466372053,1.0811254683493947
1683456.0,1.0,1.0,1683456.0,1.0,1.0,1683456.0,1.2911132704466581,1.1267984251414114
1695744.0,1.0,1.0,1695744.0,1.0,1.0,1695744.0,0.5563893678287665,1.0708501706753546
1708032.0,1.0,1.0,1708032.0,1.0,1.0,1708032.0,0.45298633941759664,1.0394235445729767
1720320.0,1.0,1.0,1720320.0,1.0,1.0,1720320.0,0.8538624905049801,0.9416208823444323
1732608.0,1.0,1.0,1732608.0,1.0,1.0,1732608.0,1.700954269617796,1.0478946384896215
1744896.0,1.0,1.0,1744896.0,1.0,1.0,1744896.0,0.16844481291870275,0.9191664555032426
1757184.0,1.0,1.0,1757184.0,1.0,1.0,1757184.0,2.317943840598067,1.1351748745578032
1769472.0,1.0,1.0,1769472.0,1.0,1.0,1769472.0,0.6013376467550794,0.9870069823538262
1781760.0,1.0,1.0,1781760.0,1.0,1.0,1781760.0,0.4485276859874527,0.9610597190447152
1794048.0,1.0,1.0,1794048.0,1.0,1.0,1794048.0,1.686724590137601,1.00782843142127
1806336.0,1.0,1.0,1806336.0,1.0,1.0,1806336.0,0.5384632063408693,0.932563425010691
1818624.0,1.0,1.0,1818624.0,1.0,1.0,1818624.0,1.4428458617379267,1.0212090744016071
1830912.0,1.0,1.0,1830912.0,1.0,1.0,1830912.0,1.033105402564009,1.0792209807162485
1843200.0,1.0,1.0,1843200.0,1.0,1.0,1843200.0,1.3539260892818372,1.1292273405939341
1855488.0,1.0,1.0,1855488.0,1.0,1.0,1855488.0,0.9644530974328518,1.0555772233754395
1867776.0,1.0,1.0,1867776.0,1.0,1.0,1867776.0,0.08062760601751506,1.0467955026853208
1880064.0,1.0,1.0,1880064.0,1.0,1.0,1880064.0,1.078911532337467,0.9228922718592608
1892352.0,1.0,1.0,1892352.0,1.0,1.0,1892352.0,1.2004073510567348,0.9827992422894264
1904640.0,1.0,1.0,1904640.0,1.0,1.0,1904640.0,0.832623703405261,1.0212088440312073
1916928.0,1.0,1.0,1916928.0,1.0,1.0,1916928.0,1.5486853377272685,1.0074049187901741
1929216.0,1.0,1.0,1929216.0,1.0,1.0,1929216.0,0.6719919570411245,1.0207577938601997
1941504.0,1.0,1.0,1941504.0,1.0,1.0,1941504.0,1.19872327024738,0.9963455347111447
1953792.0,1.0,1.0,1953792.0,1.0,1.0,1953792.0,1.24807481157283,1.017842475612027
1966080.0,1.0,1.0,1966080.0,1.0,1.0,1966080.0,0.7857387624680996,0.9610237429306532
1978368.0,1.0,1.0,1978368.0,1.0,1.0,1978368.0,0.690002303570509,0.933578663544419
1990656.0,1.0,1.0,1990656.0,1.0,1.0,1990656.0,1.1364845434824626,1.0391643572909135
2002944.0,1.0,1.0,2002944.0,1.0,1.0,2002944.0,0.8273644925405582,1.0140096533112228
2015232.0,1.0,1.0,2015232.0,1.0,1.0,2015232.0,1.640785110493501,1.0580474292548996
2027520.0,1.0,1.0,2027520.0,1.0,1.0,2027520.0,0.6521669439971447,1.040001753314088
2039808.0,1.0,1.0,2039808.0,1.0,1.0,2039808.0,1.2010231173286836,1.0052355312742294
2052096.0,1.0,1.0,2052096.0,1.0,1.0,2052096.0,1.624053453405698,1.1004416809106865
2064384.0,1.0,1.0,2064384.0,1.0,1.0,2064384.0,0.43844405965258676,1.0244137598512075
2076672.0,1.0,1.0,2076672.0,1.0,1.0,2076672.0,0.7048501505826911,0.9700912937521935
2088960.0,1.0,1.0,2088960.0,1.0,1.0,2088960.0,0.932679474974672,0.9847853650028506
2101248.0,1.0,1.0,2101248.0,1.0,1.0,2101248.0,0.7456680232038101,0.9903519369661808
2113536.0,1.0,1.0,2113536.0,1.0,1.0,2113536.0,1.1092476844787598,0.9876282510658105
2125824.0,1.0,1.0,2125824.0,1.0,1.0,2125824.0,1.0176815334707499,1.0066599551588298
2138112.0,1.0,1.0,2138112.0,1.0,1.0,2138112.0,0.7404404329136014,0.9166254874008397
2150400.0,1.0,1.0,2150400.0,1.0,1.0,2150400.0,1.5479440987110138,1.0062032028722268
2162688.0,1.0,1.0,2162688.0,1.0,1.0,2162688.0,0.9594533033668995,0.9820462214760483
2174976.0,1.0,1.0,2174976.0,1.0,1.0,2174976.0,1.4897868676731985,0.9686195629027983
2187264.0,1.0,1.0,2187264.0,1.0,1.0,2187264.0,0.5518983521809181,0.9799649921556315
2199552.0,1.0,1.0,2199552.0,1.0,1.0,2199552.0,0.42517456350227195,0.9519974334475897
2211840.0,1.0,1.0,2211840.0,1.0,1.0,2211840.0,0.48110537820806104,0.9068400237709285
2224128.0,1.0,1.0,2224128.0,1.0,1.0,2224128.0,2.2794831302016973,1.0602215344707173
2236416.0,1.0,1.0,2236416.0,1.0,1.0,2236416.0,0.5343808910499016,1.0027348551278312
2248704.0,1.0,1.0,2248704.0,1.0,1.0,2248704.0,0.6900406979645292,0.9699707715772092
2260992.0,1.0,1.0,2260992.0,1.0,1.0,2260992.0,0.6694479162494341,0.9628715199107922
2273280.0,1.0,1.0,2273280.0,1.0,1.0,2273280.0,1.3468214565267165,0.942759255692363
2285568.0,1.0,1.0,2285568.0,1.0,1.0,2285568.0,0.8313277966032425,0.9299467050159971
2297856.0,1.0,1.0,2297856.0,1.0,1.0,2297856.0,1.1655454815675814,0.8975225664054355
2310144.0,1.0,1.0,2310144.0,1.0,1.0,2310144.0,0.9202606162677208,0.9343587928141156
2322432.0,1.0,1.0,2322432.0,1.0,1.0,2322432.0,1.1162442204852898,1.0034657585124176
2334720.0,1.0,1.0,2334720.0,1.0,1.0,2334720.0,1.6602680534124374,1.121382026032855
2347008.0,1.0,1.0,2347008.0,1.0,1.0,2347008.0,1.20382026831309,1.0138157398439942
2359296.0,1.0,1.0,2359296.0,1.0,1.0,2359296.0,0.9508534893393517,1.0554629996729392
2371584.0,1.0,1.0,2371584.0,1.0,1.0,2371584.0,0.556347302471598,1.0420936601236463
2383872.0,1.0,1.0,2383872.0,1.0,1.0,2383872.0,0.9423602571090063,1.0693848942096036
2396160.0,1.0,1.0,2396160.0,1.0,1.0,2396160.0,1.7281347432484229,1.1075162228817743
2408448.0,1.0,1.0,2408448.0,1.0,1.0,2408448.0,0.8578384860108296,1.110167291822533
2420736.0,1.0,1.0,2420736.0,1.0,1.0,2420736.0,0.06975730002159253,1.000588473667934
2433024.0,1.0,1.0,2433024.0,1.0,1.0,2433024.0,0.6921736247216662,0.9777797745133286
2445312.0,1.0,1.0,2445312.0,1.0,1.0,2445312.0,1.064262733484308,0.9725816258132302
2457600.0,1.0,1.0,2457600.0,1.0,1.0,2457600.0,2.0890235199282565,1.0154571724648123
2469888.0,1.0,1.0,2469888.0,1.0,1.0,2469888.0,0.4015173432417214,0.9352268799576752
2482176.0,1.0,1.0,2482176.0,1.0,1.0,2482176.0,1.0404143848766882,0.9441829695114091
2494464.0,1.0,1.0,2494464.0,1.0,1.0,2494464.0,1.023534484828512,0.9909016877471002
2506752.0,1.0,1.0,2506752.0,1.0,1.0,2506752.0,1.2246010111023982,1.0191257631464397
2519040.0,1.0,1.0,2519040.0,1.0,1.0,2519040.0,1.1177740550289552,0.9580896943244926
2531328.0,1.0,1.0,2531328.0,1.0,1.0,2531328.0,1.0884453368683655,0.9811503794102464
2543616.0,1.0,1.0,2543616.0,1.0,1.0,2543616.0,0.6374505000809828,1.0379196994161854
2555904.0,1.0,1.0,2555904.0,1.0,1.0,2555904.0,0.3227573148906231,1.000978068433081
2568192.0,1.0,1.0,2568192.0,1.0,1.0,2568192.0,0.9481262483944496,0.9893644199240953
2580480.0,1.0,1.0,2580480.0,1.0,1.0,2580480.0,2.1648883800953627,0.9969509059408057
2592768.0,1.0,1.0,2592768.0,1.0,1.0,2592768.0,0.48983737360686064,1.0057829089773198
2605056.0,1.0,1.0,2605056.0,1.0,1.0,2605056.0,0.8820545089741548,0.9899469213870665
2617344.0,1.0,1.0,2617344.0,1.0,1.0,2617344.0,1.7823360295345385,1.0658270758576693
2629632.0,1.0,1.0,2629632.0,1.0,1.0,2629632.0,0.46707742055878043,0.9900747168033075
2641920.0,1.0,1.0,2641920.0,1.0,1.0,2641920.0,0.5459388221303622,0.932891193513448
2654208.0,1.0,1.0,2654208.0,1.0,1.0,2654208.0,0.3913997922403117,0.8631866390506426
2666496.0,1.0,1.0,2666496.0,1.0,1.0,2666496.0,0.7773474138230085,0.8771763304248452
2678784.0,1.0,1.0,2678784.0,1.0,1.0,2678784.0,1.4829424936324358,0.9931948482990265
2691072.0,1.0,1.0,2691072.0,1.0,1.0,2691072.0,0.8052142517020305,0.9789036486297846
2703360.0,1.0,1.0,2703360.0,1.0,1.0,2703360.0,1.5182046846797068,0.9142352790882189
2715648.0,1.0,1.0,2715648.0,1.0,1.0,2715648.0,0.7241616435348988,0.9376677060810229
2727936.0,1.0,1.0,2727936.0,1.0,1.0,2727936.0,1.8437201268970966,1.033834267873317
2740224.0,1.0,1.0,2740224.0,1.0,1.0,2740224.0,0.8540078420192003,0.9410014491217831
2752512.0,1.0,1.0,2752512.0,1.0,1.0,2752512.0,0.6533103007823229,0.9596247371441373
2764800.0,1.0,1.0,2764800.0,1.0,1.0,2764800.0,0.3781261045175294,0.9428434653828541
2777088.0,1.0,1.0,2777088.0,1.0,1.0,2777088.0,0.8644271803398927,0.9901462041928122
2789376.0,1.0,1.0,2789376.0,1.0,1.0,2789376.0,2.0344783756881952,1.115859300379331
2801664.0,1.0,1.0,2801664.0,1.0,1.0,2801664.0,0.36169284194086987,1.0037343352101744
2813952.0,1.0,1.0,2813952.0,1.0,1.0,2813952.0,0.47874111387257773,0.971087021427229
2826240.0,1.0,1.0,2826240.0,1.0,1.0,2826240.0,0.8079253217826287,0.9000590851375213
2838528.0,1.0,1.0,2838528.0,1.0,1.0,2838528.0,1.0987395731111367,0.9375168780951452
2850816.0,1.0,1.0,2850816.0,1.0,1.0,2850816.0,2.1123458923151097,0.9643794546369463
2863104.0,1.0,1.0,2863104.0,1.0,1.0,2863104.0,0.8668641640494267,0.9656650868399689
2875392.0,1.0,1.0,2875392.0,1.0,1.0,2875392.0,0.7712144581601024,0.9774555025777468
2887680.0,1.0,1.0,2887680.0,1.0,1.0,2887680.0,1.0152765245487292,1.041170544580867
2899968.0,1.0,1.0,2899968.0,1.0,1.0,2899968.0,0.8008120860904455,1.0348090351559223
2912256.0,1.0,1.0,2912256.0,1.0,1.0,2912256.0,1.3813245873898268,0.9694936563260853
2924544.0,1.0,1.0,2924544.0,1.0,1.0,2924544.0,1.1809530934939783,1.0514196814813963
2936832.0,1.0,1.0,2936832.0,1.0,1.0,2936832.0,0.2893443404076,1.0324800041348983
2949120.0,1.0,1.0,2949120.0,1.0,1.0,2949120.0,1.995185395081838,1.1512060114648195
2961408.0,1.0,1.0,2961408.0,1.0,1.0,2961408.0,0.45750097930431366,1.087082152084137
2973696.0,1.0,1.0,2973696.0,1.0,1.0,2973696.0,0.5085032458106676,0.9266978874336929
2985984.0,1.0,1.0,2985984.0,1.0,1.0,2985984.0,1.4168988037854433,0.9817013514072943
2998272.0,1.0,1.0,2998272.0,1.0,1.0,2998272.0,1.0598185534278552,1.0105617609340696
3010560.0,1.0,1.0,3010560.0,1.0,1.0,3010560.0,1.2026667476942141,1.0293007832486183
3022848.0,1.0,1.0,3022848.0,1.0,1.0,3022848.0,1.0207717989881833,1.0512967545383922
3035136.0,1.0,1.0,3035136.0,1.0,1.0,3035136.0,1.194409095371763,1.0326052053365857
3047424.0,1.0,1.0,3047424.0,1.0,1.0,3047424.0,1.4223211351782084,1.0567420095050086
3059712.0,1.0,1.0,3059712.0,1.0,1.0,3059712.0,1.022569788619876,1.1300645543262362
3072000.0,1.0,1.0,3072000.0,1.0,1.0,3072000.0,0.8285784429560105,1.0134038591136536
3084288.0,1.0,1.0,3084288.0,1.0,1.0,3084288.0,0.8357924669981003,1.051233007883032
3096576.0,1.0,1.0,3096576.0,1.0,1.0,3096576.0,0.8330840710550547,1.083691090407471
3108864.0,1.0,1.0,3108864.0,1.0,1.0,3108864.0,1.4410826756308477,1.0861094775920113
3121152.0,1.0,1.0,3121152.0,1.0,1.0,3121152.0,1.35859336083134,1.1159869583323598
3133440.0,1.0,1.0,3133440.0,1.0,1.0,3133440.0,0.5632976653675238,1.0520500500996908
3145728.0,1.0,1.0,3145728.0,1.0,1.0,3145728.0,0.9727671258151531,1.0472495827823878
3158016.0,1.0,1.0,3158016.0,1.0,1.0,3158016.0,0.5484956024835507,0.9826582334935663
3170304.0,1.0,1.0,3170304.0,1.0,1.0,3170304.0,1.0121155430873234,0.9416376742844779
3182592.0,1.0,1.0,3182592.0,1.0,1.0,3182592.0,1.0872076644251745,0.9481014618650079
3194880.0,1.0,1.0,3194880.0,1.0,1.0,3194880.0,1.1740013528615236,0.982643752855559
3207168.0,1.0,1.0,3207168.0,1.0,1.0,3207168.0,1.4487422729531925,1.0439387334510684
3219456.0,1.0,1.0,3219456.0,1.0,1.0,3219456.0,0.18388146092183888,0.9790184724377466
3231744.0,1.0,1.0,3231744.0,1.0,1.0,3231744.0,1.2014285549521446,0.9550530603698766
3244032.0,1.0,1.0,3244032.0,1.0,1.0,3244032.0,1.0711566743751366,0.9263093917242562
3256320.0,1.0,1.0,3256320.0,1.0,1.0,3256320.0,0.7191495941951871,0.9418945846070226
3268608.0,1.0,1.0,3268608.0,1.0,1.0,3268608.0,0.837687399238348,0.9283866119493421
3280896.0,1.0,1.0,3280896.0,1.0,1.0,3280896.0,1.1201198995113373,0.9855490416521206
3293184.0,1.0,1.0,3293184.0,1.0,1.0,3293184.0,1.2664802316576242,1.0109855105091508
3305472.0,1.0,1.0,3305472.0,1.0,1.0,3305472.0,0.8014547402660052,0.9824102180932337
3317760.0,1.0,1.0,3317760.0,1.0,1.0,3317760.0,0.4383007870055735,0.9088401615076387
3330048.0,1.0,1.0,3330048.0,1.0,1.0,3330048.0,1.4932958421607812,0.9132955184283975
3342336.0,1.0,1.0,3342336.0,1.0,1.0,3342336.0,1.2023953143507242,1.0151469037712864
3354624.0,1.0,1.0,3354624.0,1.0,1.0,3354624.0,0.5101781223590175,0.9460218605119733
3366912.0,1.0,1.0,3366912.0,1.0,1.0,3366912.0,0.2943711068170766,0.8683433037561674
3379200.0,1.0,1.0,3379200.0,1.0,1.0,3379200.0,0.4327217284590006,0.8397005171825487
3391488.0,1.0,1.0,3391488.0,1.0,1.0,3391488.0,2.4109720153113208,0.9970289787898461
3403776.0,1.0,1.0,3403776.0,1.0,1.0,3403776.0,1.3028326394657295,1.0153002527852852
3416064.0,1.0,1.0,3416064.0,1.0,1.0,3416064.0,0.13935340762448808,0.9025875703819717
3428352.0,1.0,1.0,3428352.0,1.0,1.0,3428352.0,1.237160795678695,0.9461581759232409
3440640.0,1.0,1.0,3440640.0,1.0,1.0,3440640.0,1.5524465466539066,1.057572751888074
3452928.0,1.0,1.0,3452928.0,1.0,1.0,3452928.0,1.4200975329925616,1.0502529209712521
3465216.0,1.0,1.0,3465216.0,1.0,1.0,3465216.0,0.661164365708828,0.9961298261070624
3477504.0,1.0,1.0,3477504.0,1.0,1.0,3477504.0,0.9898990355432034,1.0441019174254809
3489792.0,1.0,1.0,3489792.0,1.0,1.0,3489792.0,0.13304617217121026,1.0279694239608945
3502080.0,1.0,1.0,3502080.0,1.0,1.0,3502080.0,1.6919886333247025,1.1538961144474646
3514368.0,1.0,1.0,3514368.0,1.0,1.0,3514368.0,0.9626016542315483,1.0090590783394873
3526656.0,1.0,1.0,3526656.0,1.0,1.0,3526656.0,1.128001448387901,0.9915759592317043
3538944.0,1.0,1.0,3538944.0,1.0,1.0,3538944.0,0.7155374251306057,1.0491943609823162
3551232.0,1.0,1.0,3551232.0,1.0,1.0,3551232.0,1.0726738199591637,1.0327456634103631
3563520.0,1.0,1.0,3563520.0,1.0,1.0,3563520.0,1.6122025195509195,1.0387212607000644
3575808.0,1.0,1.0,3575808.0,1.0,1.0,3575808.0,0.8620924626787504,0.9829207536686834
3588096.0,1.0,1.0,3588096.0,1.0,1.0,3588096.0,1.3934974291672308,1.0561540600145236
3600384.0,1.0,1.0,3600384.0,1.0,1.0,3600384.0,0.7593978339185318,1.0331039398520567
3612672.0,1.0,1.0,3612672.0,1.0,1.0,3612672.0,0.37102678744122386,1.0569020013790578
3624960.0,1.0,1.0,3624960.0,1.0,1.0,3624960.0,0.9206495204319557,0.9797680900897833
3637248.0,1.0,1.0,3637248.0,1.0,1.0,3637248.0,1.1381372238198917,0.9973216470486174
3649536.0,1.0,1.0,3649536.0,1.0,1.0,3649536.0,1.4071666995684307,1.0252381721666703
3661824.0,1.0,1.0,3661824.0,1.0,1.0,3661824.0,0.14332410980326435,0.9680168406339362
3674112.0,1.0,1.0,3674112.0,1.0,1.0,3674112.0,0.9340693466365337,0.9541563933016735
3686400.0,1.0,1.0,3686400.0,1.0,1.0,3686400.0,0.9598411830763022,0.8889202596542114
3698688.0,1.0,1.0,3698688.0,1.0,1.0,3698688.0,0.6659704552342495,0.8693080589097615
3710976.0,1.0,1.0,3710976.0,1.0,1.0,3710976.0,1.044351752847433,0.8343934912777815
3723264.0,1.0,1.0,3723264.0,1.0,1.0,3723264.0,1.456518454477191,0.9041055533336475
3735552.0,1.0,1.0,3735552.0,1.0,1.0,3735552.0,0.9312117987622818,0.9601240544657534
3747840.0,1.0,1.0,3747840.0,1.0,1.0,3747840.0,0.9601569343358278,0.9640747958561405
3760128.0,1.0,1.0,3760128.0,1.0,1.0,3760128.0,1.478034334257245,0.9980645068998759
3772416.0,1.0,1.0,3772416.0,1.0,1.0,3772416.0,0.3417932117978732,0.8915271581228202
3784704.0,1.0,1.0,3784704.0,1.0,1.0,3784704.0,1.5133917486915986,1.0285339220116536
3796992.0,1.0,1.0,3796992.0,1.0,1.0,3796992.0,0.7945262963573138,1.0145796169837316
3809280.0,1.0,1.0,3809280.0,1.0,1.0,3809280.0,1.634716569756468,1.0820671556517483
3821568.0,1.0,1.0,3821568.0,1.0,1.0,3821568.0,1.3285371748109658,1.14832382760942
3833856.0,1.0,1.0,3833856.0,1.0,1.0,3833856.0,1.106153840199113,1.154504036344588
3846144.0,1.0,1.0,3846144.0,1.0,1.0,3846144.0,0.42720299617697793,1.0515724905145665
3858432.0,1.0,1.0,3858432.0,1.0,1.0,3858432.0,0.8241493441164494,1.0408662450499835
3870720.0,1.0,1.0,3870720.0,1.0,1.0,3870720.0,1.6950187509258587,1.1143524267089864
3883008.0,1.0,1.0,3883008.0,1.0,1.0,3883008.0,0.9012658645709356,1.0566755797403555
3895296.0,1.0,1.0,3895296.0,1.0,1.0,3895296.0,0.85229282019039,1.1077255405796071
3907584.0,1.0,1.0,3907584.0,1.0,1.0,3907584.0,0.8798040294398864,1.0443667686544358
3919872.0,1.0,1.0,3919872.0,1.0,1.0,3919872.0,1.1529034040868282,1.0802044794273873
3932160.0,1.0,1.0,3932160.0,1.0,1.0,3932160.0,1.1665764823555946,1.0333904706873
3944448.0,1.0,1.0,3944448.0,1.0,1.0,3944448.0,0.7058031745254993,0.9711170706587533
3956736.0,1.0,1.0,3956736.0,1.0,1.0,3956736.0,0.5108467958246669,0.9115863662213088
3969024.0,1.0,1.0,3969024.0,1.0,1.0,3969024.0,0.9655091936389605,0.965416985967507
3981312.0,1.0,1.0,3981312.0,1.0,1.0,3981312.0,1.570750060180823,1.0400770575739442
3993600.0,1.0,1.0,3993600.0,1.0,1.0,3993600.0,0.9229268077760935,0.9628678632589678
4005888.0,1.0,1.0,4005888.0,1.0,1.0,4005888.0,0.5554810650646687,0.9282893833083412
4018176.0,1.0,1.0,4018176.0,1.0,1.0,4018176.0,2.138007141649723,1.0568608154542745
4030464.0,1.0,1.0,4030464.0,1.0,1.0,4030464.0,0.5849924047167102,1.0273796529819568
4042752.0,1.0,1.0,4042752.0,1.0,1.0,4042752.0,0.5760966328283151,0.9696989758561056
4055040.0,1.0,1.0,4055040.0,1.0,1.0,4055040.0,0.6103165845076243,0.9140729860713084
4067328.0,1.0,1.0,4067328.0,1.0,1.0,4067328.0,1.3552628935625155,0.9790189579750102
4079616.0,1.0,1.0,4079616.0,1.0,1.0,4079616.0,0.874161496758461,1.0153504280683896
4091904.0,1.0,1.0,4091904.0,1.0,1.0,4091904.0,0.9743134863674641,1.01623085734124
4104192.0,1.0,1.0,4104192.0,1.0,1.0,4104192.0,1.2308226823806763,0.9822381195612252
4116480.0,1.0,1.0,4116480.0,1.0,1.0,4116480.0,0.5965890654673179,0.9496043453303477
4128768.0,1.0,1.0,4128768.0,1.0,1.0,4128768.0,1.146502065161864,1.0087064453400671
4141056.0,1.0,1.0,4141056.0,1.0,1.0,4141056.0,1.104701491072774,0.9053758802823723
4153344.0,1.0,1.0,4153344.0,1.0,1.0,4153344.0,0.7441930416971445,0.9212959439804156
4165632.0,1.0,1.0,4165632.0,1.0,1.0,4165632.0,1.2707389450321596,0.9907601752008001
4177920.0,1.0,1.0,4177920.0,1.0,1.0,4177920.0,1.328423743446668,1.0625708910947043
4190208.0,1.0,1.0,4190208.0,1.0,1.0,4190208.0,0.5183860883116722,0.9788832105696204
4202496.0,1.0,1.0,4202496.0,1.0,1.0,4202496.0,0.8351260516792536,0.9749796660616994
4214784.0,1.0,1.0,4214784.0,1.0,1.0,4214784.0,1.3970720910777648,1.0172555265327294
4227072.0,1.0,1.0,4227072.0,1.0,1.0,4227072.0,0.718475668070217,0.9660208251016836
4239360.0,1.0,1.0,4239360.0,1.0,1.0,4239360.0,0.4737924155779183,0.9537411601127437
4251648.0,1.0,1.0,4251648.0,1.0,1.0,4251648.0,1.063771124308308,0.945468066027388
4263936.0,1.0,1.0,4263936.0,1.0,1.0,4263936.0,1.2733322512358427,0.9623311420436949
4276224.0,1.0,1.0,4276224.0,1.0,1.0,4276224.0,0.9189734247823557,0.979809180352216
4288512.0,1.0,1.0,4288512.0,1.0,1.0,4288512.0,1.3258304186165333,0.9853183277106533
4300800.0,1.0,1.0,4300800.0,1.0,1.0,4300800.0,0.7244927392651638,0.924925227292503
4313088.0,1.0,1.0,4313088.0,1.0,1.0,4313088.0,0.570774114690721,0.9301640299304077
4325376.0,1.0,1.0,4325376.0,1.0,1.0,4325376.0,2.175241207703948,1.0641755455328774
4337664.0,1.0,1.0,4337664.0,1.0,1.0,4337664.0,0.688310781493783,0.9932994145744791
4349952.0,1.0,1.0,4349952.0,1.0,1.0,4349952.0,0.7683432524402937,0.9982861730114868
4362240.0,1.0,1.0,4362240.0,1.0,1.0,4362240.0,0.7820364376530051,1.0291105752189955
4374528.0,1.0,1.0,4374528.0,1.0,1.0,4374528.0,0.6297682896256447,0.9857102917507291
4386816.0,1.0,1.0,4386816.0,1.0,1.0,4386816.0,1.3022719273964565,0.9886042593667904
4399104.0,1.0,1.0,4399104.0,1.0,1.0,4399104.0,1.0699006747454405,1.003696984363099
4411392.0,1.0,1.0,4411392.0,1.0,1.0,4411392.0,1.1585516550888617,0.9869691080103319
4423680.0,1.0,1.0,4423680.0,1.0,1.0,4423680.0,2.13664084735016,1.1281839188188314
4435968.0,1.0,1.0,4435968.0,1.0,1.0,4435968.0,0.6721667060628533,1.1383231779560448
4448256.0,1.0,1.0,4448256.0,1.0,1.0,4448256.0,0.37828420226772624,0.9586274774124226
4460544.0,1.0,1.0,4460544.0,1.0,1.0,4460544.0,0.5596256998057166,0.9457589692436159
4472832.0,1.0,1.0,4472832.0,1.0,1.0,4472832.0,1.2105180124441783,0.9899764452440042
4485120.0,1.0,1.0,4485120.0,1.0,1.0,4485120.0,1.0112648519376914,1.0128992866724729
4497408.0,1.0,1.0,4497408.0,1.0,1.0,4497408.0,1.2988189831376076,1.0798043560236692
4509696.0,1.0,1.0,4509696.0,1.0,1.0,4509696.0,0.47409188219656545,0.9969863515036803
4521984.0,1.0,1.0,4521984.0,1.0,1.0,4521984.0,1.4830763606975477,1.0383039200988908
4534272.0,1.0,1.0,4534272.0,1.0,1.0,4534272.0,0.913262061153849,1.0137749607053896
4546560.0,1.0,1.0,4546560.0,1.0,1.0,4546560.0,1.270691068843007,0.9271799828546744
4558848.0,1.0,1.0,4558848.0,1.0,1.0,4558848.0,0.22355944438216588,0.8823192566866055
4571136.0,1.0,1.0,4571136.0,1.0,1.0,4571136.0,1.5155513267964125,0.9960459691394743
4583424.0,1.0,1.0,4583424.0,1.0,1.0,4583424.0,1.072250286117196,1.0473084277706222
4595712.0,1.0,1.0,4595712.0,1.0,1.0,4595712.0,1.2428217964867752,1.0505388061748817
4608000.0,1.0,1.0,4608000.0,1.0,1.0,4608000.0,0.7227025475973884,1.0216825757408512
4620288.0,1.0,1.0,4620288.0,1.0,1.0,4620288.0,1.1604722769310076,1.0078479051201916
4632576.0,1.0,1.0,4632576.0,1.0,1.0,4632576.0,1.1471750897665818,1.0751562258771934
4644864.0,1.0,1.0,4644864.0,1.0,1.0,4644864.0,1.1374641793469589,1.0405950077421342
4657152.0,1.0,1.0,4657152.0,1.0,1.0,4657152.0,0.44822514538342756,0.9940913161650918
4669440.0,1.0,1.0,4669440.0,1.0,1.0,4669440.0,1.734007228165865,1.040422932097378
4681728.0,1.0,1.0,4681728.0,1.0,1.0,4681728.0,0.6339730365822712,1.0814642913173884
4694016.0,1.0,1.0,4694016.0,1.0,1.0,4694016.0,0.6676784825200835,0.9966770068897552
4706304.0,1.0,1.0,4706304.0,1.0,1.0,4706304.0,0.0909086485626176,0.8985428431342977
4718592.0,1.0,1.0,4718592.0,1.0,1.0,4718592.0,1.523088188841939,0.9265694823698141
4730880.0,1.0,1.0,4730880.0,1.0,1.0,4730880.0,1.3098049896458785,0.9852797265746629
4743168.0,1.0,1.0,4743168.0,1.0,1.0,4743168.0,0.7777553899213672,0.9470080378736989
4755456.0,1.0,1.0,4755456.0,1.0,1.0,4755456.0,1.8112483533720176,1.0134153642342425
4767744.0,1.0,1.0,4767744.0,1.0,1.0,4767744.0,0.5516466116532683,0.9548336074648736
4780032.0,1.0,1.0,4780032.0,1.0,1.0,4780032.0,0.3346724898243944,0.9434783419089703
4792320.0,1.0,1.0,4792320.0,1.0,1.0,4792320.0,1.236764029910167,0.8937540220834006
4804608.0,1.0,1.0,4804608.0,1.0,1.0,4804608.0,0.47889817832037807,0.8782465362572113
4816896.0,1.0,1.0,4816896.0,1.0,1.0,4816896.0,1.8925596221039693,1.0007346502155996
4829184.0,1.0,1.0,4829184.0,1.0,1.0,4829184.0,0.18315895126822093,1.00995968048616
4841472.0,1.0,1.0,4841472.0,1.0,1.0,4841472.0,1.061971180761854,0.9638479796781514
4853760.0,1.0,1.0,4853760.0,1.0,1.0,4853760.0,0.525844021079441,0.8854518828215079
4866048.0,1.0,1.0,4866048.0,1.0,1.0,4866048.0,1.8956673213591178,0.997243075965283
4878336.0,1.0,1.0,4878336.0,1.0,1.0,4878336.0,0.836110120639205,0.8997292526920017
4890624.0,1.0,1.0,4890624.0,1.0,1.0,4890624.0,0.9189700645705065,0.9364615979837255
4902912.0,1.0,1.0,4902912.0,1.0,1.0,4902912.0,0.7696927503372232,0.9799636240350083
4915200.0,1.0,1.0,4915200.0,1.0,1.0,4915200.0,0.3379469122737646,0.8900819122713679
4927488.0,1.0,1.0,4927488.0,1.0,1.0,4927488.0,1.2628778740763664,0.9684798818469668
4939776.0,1.0,1.0,4939776.0,1.0,1.0,4939776.0,1.3170350026339293,0.9109274198999628
4952064.0,1.0,1.0,4952064.0,1.0,1.0,4952064.0,1.916329109420379,1.0842444357151786
4964352.0,1.0,1.0,4964352.0,1.0,1.0,4964352.0,0.6425876809904972,1.0423060857380428
4976640.0,1.0,1.0,4976640.0,1.0,1.0,4976640.0,0.7784493047123154,1.0675666141013305
4988928.0,1.0,1.0,4988928.0,1.0,1.0,4988928.0,1.451619578525424,1.0231618398179612
5001216.0,1.0,1.0,5001216.0,1.0,1.0,5001216.0,1.6660598777234554,1.106156815526386
5013504.0,1.0,1.0,5013504.0,1.0,1.0,5013504.0,0.5377750753735503,1.0680373166066905
5025792.0,1.0,1.0,5025792.0,1.0,1.0,5025792.0,0.8867507241666317,1.0797431139896312
5038080.0,1.0,1.0,5038080.0,1.0,1.0,5038080.0,0.43217721457282704,1.0891661442195377
5050368.0,1.0,1.0,5050368.0,1.0,1.0,5050368.0,1.6571431222061317,1.128592669032514
5062656.0,1.0,1.0,5062656.0,1.0,1.0,5062656.0,1.3849490502228339,1.1353840737914047
5074944.0,1.0,1.0,5074944.0,1.0,1.0,5074944.0,0.0904950633412227,0.9528006691834892
5087232.0,1.0,1.0,5087232.0,1.0,1.0,5087232.0,0.8418433635185162,0.9727262374362908
5099520.0,1.0,1.0,5099520.0,1.0,1.0,5099520.0,0.6407392726590236,0.9589552342309616
5111808.0,1.0,1.0,5111808.0,1.0,1.0,5111808.0,1.5511364694684744,0.9689069233252667
5124096.0,1.0,1.0,5124096.0,1.0,1.0,5124096.0,1.321924215182662,0.9344933570711873
5136384.0,1.0,1.0,5136384.0,1.0,1.0,5136384.0,1.2430983191976945,1.0050256814536018
5148672.0,1.0,1.0,5148672.0,1.0,1.0,5148672.0,1.4884661758939426,1.0651972266263328
5160960.0,1.0,1.0,5160960.0,1.0,1.0,5160960.0,0.28554658327872556,1.0505341634969225
5173248.0,1.0,1.0,5173248.0,1.0,1.0,5173248.0,1.5735475247104962,1.0421746037473594
5185536.0,1.0,1.0,5185536.0,1.0,1.0,5185536.0,0.7901995902260145,0.9826996577476773
5197824.0,1.0,1.0,5197824.0,1.0,1.0,5197824.0,1.4085632245987654,1.1145064738734316
5210112.0,1.0,1.0,5210112.0,1.0,1.0,5210112.0,1.1191577365001042,1.1422379111715903
5222400.0,1.0,1.0,5222400.0,1.0,1.0,5222400.0,0.7923378944396973,1.1573977733496579
5234688.0,1.0,1.0,5234688.0,1.0,1.0,5234688.0,0.7118577252452573,1.073469898927336
5246976.0,1.0,1.0,5246976.0,1.0,1.0,5246976.0,1.3683087235937517,1.078108349768445
5259264.0,1.0,1.0,5259264.0,1.0,1.0,5259264.0,0.6812796136364341,1.0219264792123188
5271552.0,1.0,1.0,5271552.0,1.0,1.0,5271552.0,0.20073948862651983,0.8931538104855766
5283840.0,1.0,1.0,5283840.0,1.0,1.0,5283840.0,1.4386298352231581,1.0084621356800199
5296128.0,1.0,1.0,5296128.0,1.0,1.0,5296128.0,0.8012863025069237,0.9312360134596627
5308416.0,1.0,1.0,5308416.0,1.0,1.0,5308416.0,0.948743379364411,0.9470903923735021
5320704.0,1.0,1.0,5320704.0,1.0,1.0,5320704.0,1.036131142328183,0.9098471841464437
5332992.0,1.0,1.0,5332992.0,1.0,1.0,5332992.0,1.4344924551745255,0.9413806560138862
5345280.0,1.0,1.0,5345280.0,1.0,1.0,5345280.0,1.419697270418207,1.0041165936117369
5357568.0,1.0,1.0,5357568.0,1.0,1.0,5357568.0,0.6119799691562852,0.9941288180028399
5369856.0,1.0,1.0,5369856.0,1.0,1.0,5369856.0,0.7075024719039599,0.9280481928338608
5382144.0,1.0,1.0,5382144.0,1.0,1.0,5382144.0,1.0268525009353955,0.9626054815637568
5394432.0,1.0,1.0,5394432.0,1.0,1.0,5394432.0,0.8755187926193079,1.0300834119630358
5406720.0,1.0,1.0,5406720.0,1.0,1.0,5406720.0,0.18871645396575332,0.9050920738372952
5419008.0,1.0,1.0,5419008.0,1.0,1.0,5419008.0,1.833306345467766,1.0082940781333796
5431296.0,1.0,1.0,5431296.0,1.0,1.0,5431296.0,1.8828314909090598,1.1017028892878444
5443584.0,1.0,1.0,5443584.0,1.0,1.0,5443584.0,0.1140615512073661,1.0094959301757627
5455872.0,1.0,1.0,5455872.0,1.0,1.0,5455872.0,0.47509850344310206,0.9135565350026201
5468160.0,1.0,1.0,5468160.0,1.0,1.0,5468160.0,1.1077601481229067,0.8823628227730904
5480448.0,1.0,1.0,5480448.0,1.0,1.0,5480448.0,1.2892421130090952,0.9500890371583713
5492736.0,1.0,1.0,5492736.0,1.0,1.0,5492736.0,0.9418103614201149,0.9735198261099868
5505024.0,1.0,1.0,5505024.0,1.0,1.0,5505024.0,0.7071145341421167,0.9415460294306589
5517312.0,1.0,1.0,5517312.0,1.0,1.0,5517312.0,1.8898577503859997,1.042979925207328
5529600.0,1.0,1.0,5529600.0,1.0,1.0,5529600.0,0.9675259298334519,1.1208608727940979
5541888.0,1.0,1.0,5541888.0,1.0,1.0,5541888.0,0.581598445152243,0.9956900827625457
5554176.0,1.0,1.0,5554176.0,1.0,1.0,5554176.0,0.5734761906787753,0.8647545527395172
5566464.0,1.0,1.0,5566464.0,1.0,1.0,5566464.0,1.6298614628612995,1.0163345439049105
5578752.0,1.0,1.0,5578752.0,1.0,1.0,5578752.0,0.8259096859643856,1.0514156621570387
5591040.0,1.0,1.0,5591040.0,1.0,1.0,5591040.0,1.214831544086337,1.062122801753382
5603328.0,1.0,1.0,5603328.0,1.0,1.0,5603328.0,0.6168060932929317,0.9948791997817654
5615616.0,1.0,1.0,5615616.0,1.0,1.0,5615616.0,0.9513101366659006,0.995829177306344
5627904.0,1.0,1.0,5627904.0,1.0,1.0,5627904.0,1.4438893105834723,1.0695066549504797
5640192.0,1.0,1.0,5640192.0,1.0,1.0,5640192.0,0.3976769728275637,0.920288577194636
5652480.0,1.0,1.0,5652480.0,1.0,1.0,5652480.0,1.5061827326814334,0.9741542574794341
5664768.0,1.0,1.0,5664768.0,1.0,1.0,5664768.0,1.2934966733058293,1.0453440802947929
5677056.0,1.0,1.0,5677056.0,1.0,1.0,5677056.0,0.709798074948291,1.0589762687217443
5689344.0,1.0,1.0,5689344.0,1.0,1.0,5689344.0,1.524196036780874,1.0484097261137018
5701632.0,1.0,1.0,5701632.0,1.0,1.0,5701632.0,0.7888539346555868,1.0447041509828219
5713920.0,1.0,1.0,5713920.0,1.0,1.0,5713920.0,0.9406468030065298,1.0172856768748413
5726208.0,1.0,1.0,5726208.0,1.0,1.0,5726208.0,0.6490105877940854,1.0205061263249566
5738496.0,1.0,1.0,5738496.0,1.0,1.0,5738496.0,0.5406132290760676,0.9794364355659735
5750784.0,1.0,1.0,5750784.0,1.0,1.0,5750784.0,1.1057413226614397,0.94562163677377
5763072.0,1.0,1.0,5763072.0,1.0,1.0,5763072.0,0.7965342278281847,0.9855073622738321
5775360.0,1.0,1.0,5775360.0,1.0,1.0,5775360.0,1.0632425552854936,0.9412133445342382
5787648.0,1.0,1.0,5787648.0,1.0,1.0,5787648.0,2.065766961003343,1.0184403733039895
5799936.0,1.0,1.0,5799936.0,1.0,1.0,5799936.0,0.6562322952474157,1.013083795333902
5812224.0,1.0,1.0,5812224.0,1.0,1.0,5812224.0,0.7416684376075864,0.9348310354165731
5824512.0,1.0,1.0,5824512.0,1.0,1.0,5824512.0,0.614801975277563,0.9174258394787709
5836800.0,1.0,1.0,5836800.0,1.0,1.0,5836800.0,1.957067442437013,1.0190679034218193
5849088.0,1.0,1.0,5849088.0,1.0,1.0,5849088.0,0.4156664650266369,0.9957334911450744
5861376.0,1.0,1.0,5861376.0,1.0,1.0,5861376.0,0.4843166888070603,0.9901038371181737
5873664.0,1.0,1.0,5873664.0,1.0,1.0,5873664.0,1.0502610846112173,0.9845558133131513
5885952.0,1.0,1.0,5885952.0,1.0,1.0,5885952.0,1.8093498672048252,1.0858373772508154
5898240.0,1.0,1.0,5898240.0,1.0,1.0,5898240.0,0.7774673392996192,1.057259855652228
5910528.0,1.0,1.0,5910528.0,1.0,1.0,5910528.0,1.5137413597355287,1.0020572955254463
5922816.0,1.0,1.0,5922816.0,1.0,1.0,5922816.0,0.22423797581965724,0.9588578635826707
5935104.0,1.0,1.0,5935104.0,1.0,1.0,5935104.0,0.26748059092399973,0.9114390789143119
5947392.0,1.0,1.0,5947392.0,1.0,1.0,5947392.0,2.1816173382103443,1.0681206152075902
5959680.0,1.0,1.0,5959680.0,1.0,1.0,5959680.0,0.8629874102771282,0.9587126119916018
5971968.0,1.0,1.0,5971968.0,1.0,1.0,5971968.0,0.31322866026312113,0.9484688315152502
5984256.0,1.0,1.0,5984256.0,1.0,1.0,5984256.0,0.6532028109456102,0.965357443729105
5996544.0,1.0,1.0,5996544.0,1.0,1.0,5996544.0,1.2965981233865023,0.9899911476066336
6008832.0,1.0,1.0,6008832.0,1.0,1.0,6008832.0,1.5677838536600273,0.9658345462521538
6021120.0,1.0,1.0,6021120.0,1.0,1.0,6021120.0,0.9495731896410385,0.9830451312862957
6033408.0,1.0,1.0,6033408.0,1.0,1.0,6033408.0,1.0558158693214257,0.9372525822448855
6045696.0,1.0,1.0,6045696.0,1.0,1.0,6045696.0,0.4469262681280573,0.9595214114757257
6057984.0,1.0,1.0,6057984.0,1.0,1.0,6057984.0,1.0022716627766688,1.0330005186609925
6070272.0,1.0,1.0,6070272.0,1.0,1.0,6070272.0,1.5634758658707142,0.9711863714270293
6082560.0,1.0,1.0,6082560.0,1.0,1.0,6082560.0,0.7110382483030359,0.95599145522962
6094848.0,1.0,1.0,6094848.0,1.0,1.0,6094848.0,1.4386825642238061,1.0685368456256885
6107136.0,1.0,1.0,6107136.0,1.0,1.0,6107136.0,0.9124837728838125,1.0944649418195087
6119424.0,1.0,1.0,6119424.0,1.0,1.0,6119424.0,0.34230983071029186,0.9990361125518877
6131712.0,1.0,1.0,6131712.0,1.0,1.0,6131712.0,1.2564603611826897,0.9679037633041541
6144000.0,1.0,1.0,6144000.0,1.0,1.0,6144000.0,0.7282879600922266,0.9457752403492728
6156288.0,1.0,1.0,6156288.0,1.0,1.0,6156288.0,1.7392733475814264,1.0141209881752729
6168576.0,1.0,1.0,6168576.0,1.0,1.0,6168576.0,1.227465270087123,1.0921748883711795
6180864.0,1.0,1.0,6180864.0,1.0,1.0,6180864.0,0.5129757206887007,1.0432452941623827
6193152.0,1.0,1.0,6193152.0,1.0,1.0,6193152.0,0.8820002662638823,0.9750977342016995
6205440.0,1.0,1.0,6205440.0,1.0,1.0,6205440.0,0.4884734932954113,0.952841258700937
6217728.0,1.0,1.0,6217728.0,1.0,1.0,6217728.0,1.3397494318584602,0.9429479454644024
6230016.0,1.0,1.0,6230016.0,1.0,1.0,6230016.0,0.7426845720037818,0.9259680253763994
6242304.0,1.0,1.0,6242304.0,1.0,1.0,6242304.0,1.7420106089363496,1.0659381031990052
6254592.0,1.0,1.0,6254592.0,1.0,1.0,6254592.0,0.9792609674235185,1.038218163823088
6266880.0,1.0,1.0,6266880.0,1.0,1.0,6266880.0,0.5933180982246995,1.0247211776363354
6279168.0,1.0,1.0,6279168.0,1.0,1.0,6279168.0,1.3523680145541828,0.9860306443336109
6291456.0,1.0,1.0,6291456.0,1.0,1.0,6291456.0,0.4332461548037827,0.9066087328052769
6303744.0,1.0,1.0,6303744.0,1.0,1.0,6303744.0,1.2953681064148743,0.9848479713778945
6316032.0,1.0,1.0,6316032.0,1.0,1.0,6316032.0,1.5433020647615194,1.0509781512276581
6328320.0,1.0,1.0,6328320.0,1.0,1.0,6328320.0,0.5252204186593493,1.0546528437640519
6340608.0,1.0,1.0,6340608.0,1.0,1.0,6340608.0,0.26442014891654253,0.9471199154698601
6352896.0,1.0,1.0,6352896.0,1.0,1.0,6352896.0,2.185404878730575,1.0913919461425394
6365184.0,1.0,1.0,6365184.0,1.0,1.0,6365184.0,0.9487055316567421,1.0120614384145785
6377472.0,1.0,1.0,6377472.0,1.0,1.0,6377472.0,1.0517052759726842,1.0193058692694952
6389760.0,1.0,1.0,6389760.0,1.0,1.0,6389760.0,1.0779931029925744,1.0677733697462828
6402048.0,1.0,1.0,6402048.0,1.0,1.0,6402048.0,0.5070852047453324,0.9832450887653976
6414336.0,1.0,1.0,6414336.0,1.0,1.0,6414336.0,0.6601855009794235,1.0059390233829615
6426624.0,1.0,1.0,6426624.0,1.0,1.0,6426624.0,1.6970513264338176,1.046107345384856
6438912.0,1.0,1.0,6438912.0,1.0,1.0,6438912.0,1.0222466811537743,0.9940018070240815
6451200.0,1.0,1.0,6451200.0,1.0,1.0,6451200.0,0.562372791270415,0.997717044285188
6463488.0,1.0,1.0,6463488.0,1.0,1.0,6463488.0,1.0540946417798598,1.0766844935715199
6475776.0,1.0,1.0,6475776.0,1.0,1.0,6475776.0,0.44372646572689217,0.9025166522711515
6488064.0,1.0,1.0,6488064.0,1.0,1.0,6488064.0,0.3029226811292271,0.8379383672184
6500352.0,1.0,1.0,6500352.0,1.0,1.0,6500352.0,2.030402389044563,0.9358080785255879
6512640.0,1.0,1.0,6512640.0,1.0,1.0,6512640.0,1.2035745990773041,0.948366228134061
6524928.0,1.0,1.0,6524928.0,1.0,1.0,6524928.0,0.6510638116548458,0.9627640888250122
6537216.0,1.0,1.0,6537216.0,1.0,1.0,6537216.0,1.1326871551573277,1.0100142542428026
6549504.0,1.0,1.0,6549504.0,1.0,1.0,6549504.0,1.1571185017625492,0.9560209717756758
6561792.0,1.0,1.0,6561792.0,1.0,1.0,6561792.0,1.83226752653718,1.0370230563140164
6574080.0,1.0,1.0,6574080.0,1.0,1.0,6574080.0,0.20860847481526434,1.0016466246685014
6586368.0,1.0,1.0,6586368.0,1.0,1.0,6586368.0,1.122966890533765,1.008533849543892
6598656.0,1.0,1.0,6598656.0,1.0,1.0,6598656.0,1.1463690822323163,1.0787981111944345
6610944.0,1.0,1.0,6610944.0,1.0,1.0,6610944.0,0.7306145882854859,1.12156730191006
6623232.0,1.0,1.0,6623232.0,1.0,1.0,6623232.0,1.0668342479815085,1.0252104878037547
6635520.0,1.0,1.0,6635520.0,1.0,1.0,6635520.0,0.9869912974536419,1.0035521576413884
6647808.0,1.0,1.0,6647808.0,1.0,1.0,6647808.0,1.9095038728167613,1.12939616375758
6660096.0,1.0,1.0,6660096.0,1.0,1.0,6660096.0,0.675000449642539,1.0836274932061012
6672384.0,1.0,1.0,6672384.0,1.0,1.0,6672384.0,0.8363134190440178,1.051546984934248
6684672.0,1.0,1.0,6684672.0,1.0,1.0,6684672.0,0.29339925727496546,0.8976601580080266
6696960.0,1.0,1.0,6696960.0,1.0,1.0,6696960.0,1.8144691778967779,1.0582462283161778
6709248.0,1.0,1.0,6709248.0,1.0,1.0,6709248.0,0.40199560051163036,0.9861490993139646
6721536.0,1.0,1.0,6721536.0,1.0,1.0,6721536.0,0.7017254571740826,0.9416847368081411
6733824.0,1.0,1.0,6733824.0,1.0,1.0,6733824.0,0.8588313267876705,0.9545064106583595
6746112.0,1.0,1.0,6746112.0,1.0,1.0,6746112.0,1.8405046785871189,1.0318734537189205
6758400.0,1.0,1.0,6758400.0,1.0,1.0,6758400.0,0.32961932647352415,0.9661362566209089
6770688.0,1.0,1.0,6770688.0,1.0,1.0,6770688.0,1.2307346643259127,0.8982593357718238
6782976.0,1.0,1.0,6782976.0,1.0,1.0,6782976.0,1.1724901627749205,0.9480083070850622
6795264.0,1.0,1.0,6795264.0,1.0,1.0,6795264.0,0.7581608972201744,0.9401930549026776
6807552.0,1.0,1.0,6807552.0,1.0,1.0,6807552.0,0.6620733042558035,0.9770604596007615
6819840.0,1.0,1.0,6819840.0,1.0,1.0,6819840.0,1.5661646587153275,0.9522300076826165
6832128.0,1.0,1.0,6832128.0,1.0,1.0,6832128.0,0.9367964093883833,1.0057100885702919
6844416.0,1.0,1.0,6844416.0,1.0,1.0,6844416.0,0.6542510936657587,1.0009626522194595
6856704.0,1.0,1.0,6856704.0,1.0,1.0,6856704.0,1.3399961708734434,1.0490791366280365
6868992.0,1.0,1.0,6868992.0,1.0,1.0,6868992.0,1.7034308221191168,1.0353717509812363
6881280.0,1.0,1.0,6881280.0,1.0,1.0,6881280.0,0.6917158955087265,1.0715814078847568
6893568.0,1.0,1.0,6893568.0,1.0,1.0,6893568.0,0.7939606302728256,1.027904004479448
6905856.0,1.0,1.0,6905856.0,1.0,1.0,6905856.0,0.7171950719008843,0.9823744953920445
6918144.0,1.0,1.0,6918144.0,1.0,1.0,6918144.0,1.265505734210213,1.0331089790910482
6930432.0,1.0,1.0,6930432.0,1.0,1.0,6930432.0,0.590799167441825,1.0259815654096505
6942720.0,1.0,1.0,6942720.0,1.0,1.0,6942720.0,1.0178260238220294,0.9711477019203206
6955008.0,1.0,1.0,6955008.0,1.0,1.0,6955008.0,0.8576350044459105,0.9632315614260734
6967296.0,1.0,1.0,6967296.0,1.0,1.0,6967296.0,1.4464947426070769,1.0424559263202053
6979584.0,1.0,1.0,6979584.0,1.0,1.0,6979584.0,1.2129539394130309,1.0297517031741639
6991872.0,1.0,1.0,6991872.0,1.0,1.0,6991872.0,0.7517196129386624,0.9345805822561186
7004160.0,1.0,1.0,7004160.0,1.0,1.0,7004160.0,0.5438053471346697,0.9197895274187129
7016448.0,1.0,1.0,7016448.0,1.0,1.0,7016448.0,1.7177173104137182,1.0121651954328021
7028736.0,1.0,1.0,7028736.0,1.0,1.0,7028736.0,0.8350713811814785,1.0239528263608615
7041024.0,1.0,1.0,7041024.0,1.0,1.0,7041024.0,0.0633610967391481,0.903738362613755
7053312.0,1.0,1.0,7053312.0,1.0,1.0,7053312.0,1.1120675150305033,0.955865197372623
7065600.0,1.0,1.0,7065600.0,1.0,1.0,7065600.0,1.5496727439264457,1.0090498693830645
7077888.0,1.0,1.0,7077888.0,1.0,1.0,7077888.0,0.9653339125216007,1.0198197601906334
7090176.0,1.0,1.0,7090176.0,1.0,1.0,7090176.0,0.8344914323339859,0.9586194291633243
7102464.0,1.0,1.0,7102464.0,1.0,1.0,7102464.0,1.1163820028305054,0.9489622355050719
7114752.0,1.0,1.0,7114752.0,1.0,1.0,7114752.0,1.2456715404987335,0.9983574282610789
7127040.0,1.0,1.0,7127040.0,1.0,1.0,7127040.0,0.07607751126245905,0.9515846446738581
7139328.0,1.0,1.0,7139328.0,1.0,1.0,7139328.0,1.4895409252494574,0.9287670061574318
7151616.0,1.0,1.0,7151616.0,1.0,1.0,7151616.0,1.4880279892434676,0.9940626669636308
7163904.0,1.0,1.0,7163904.0,1.0,1.0,7163904.0,0.6339261041333278,1.051119167703049
7176192.0,1.0,1.0,7176192.0,1.0,1.0,7176192.0,0.5948199856405457,0.999394414764053
7188480.0,1.0,1.0,7188480.0,1.0,1.0,7188480.0,0.44661485419298214,0.8890886257907065
7200768.0,1.0,1.0,7200768.0,1.0,1.0,7200768.0,1.7157538918157418,0.9641306237201206
7213056.0,1.0,1.0,7213056.0,1.0,1.0,7213056.0,1.5342018405596416,1.0341016645426861
7225344.0,1.0,1.0,7225344.0,1.0,1.0,7225344.0,0.6087242541834712,0.9833358896779828
7237632.0,1.0,1.0,7237632.0,1.0,1.0,7237632.0,0.7122784235204259,0.929996577980152
7249920.0,1.0,1.0,7249920.0,1.0,1.0,7249920.0,0.8806276600807905,1.0104515928619853
7262208.0,1.0,1.0,7262208.0,1.0,1.0,7262208.0,1.0376266681899626,0.9652601671560357
7274496.0,1.0,1.0,7274496.0,1.0,1.0,7274496.0,2.0189260511348643,1.0183499733451753
7286784.0,1.0,1.0,7286784.0,1.0,1.0,7286784.0,0.5472028559694687,1.0096776485287893
7299072.0,1.0,1.0,7299072.0,1.0,1.0,7299072.0,0.3079456305131316,0.9809902130160479
7311360.0,1.0,1.0,7311360.0,1.0,1.0,7311360.0,0.9903140539924303,1.0353601329959927
7323648.0,1.0,1.0,7323648.0,1.0,1.0,7323648.0,1.8118196123590071,1.0449667050503195
7335936.0,1.0,1.0,7335936.0,1.0,1.0,7335936.0,0.536741699402531,0.9452206909346085
7348224.0,1.0,1.0,7348224.0,1.0,1.0,7348224.0,1.3013749762127798,1.014485763137539
7360512.0,1.0,1.0,7360512.0,1.0,1.0,7360512.0,0.6095562865957618,1.0042135494450728
7372800.0,1.0,1.0,7372800.0,1.0,1.0,7372800.0,1.6037242263555527,1.076523206072549
7385088.0,1.0,1.0,7385088.0,1.0,1.0,7385088.0,0.47482631153737503,1.0202431704072903
7397376.0,1.0,1.0,7397376.0,1.0,1.0,7397376.0,0.8960593560089668,0.9079565008947006
7409664.0,1.0,1.0,7409664.0,1.0,1.0,7409664.0,1.2687279445429642,0.9801090097520501
7421952.0,1.0,1.0,7421952.0,1.0,1.0,7421952.0,0.13856757917286208,0.9631712046180233
7434240.0,1.0,1.0,7434240.0,1.0,1.0,7434240.0,1.0725339706987143,0.9713931962886514
7446528.0,1.0,1.0,7446528.0,1.0,1.0,7446528.0,1.4134696231534083,0.9315581973680915
7458816.0,1.0,1.0,7458816.0,1.0,1.0,7458816.0,2.044857777034243,1.082369805131263
7471104.0,1.0,1.0,7471104.0,1.0,1.0,7471104.0,0.7630866433804234,1.0285409718480272
7483392.0,1.0,1.0,7483392.0,1.0,1.0,7483392.0,0.8284568041563034,1.0504310236040815
7495680.0,1.0,1.0,7495680.0,1.0,1.0,7495680.0,0.8899616406609615,0.9790547650346222
7507968.0,1.0,1.0,7507968.0,1.0,1.0,7507968.0,0.40750891668722034,0.9723230255496068
7520256.0,1.0,1.0,7520256.0,1.0,1.0,7520256.0,1.6419091938684385,1.0469080093355538
7532544.0,1.0,1.0,7532544.0,1.0,1.0,7532544.0,1.2147955397764842,1.041514768858906
7544832.0,1.0,1.0,7544832.0,1.0,1.0,7544832.0,0.6438421852265795,1.0920422294642775
7557120.0,1.0,1.0,7557120.0,1.0,1.0,7557120.0,1.2568514421582222,1.1104739766102285
7569408.0,1.0,1.0,7569408.0,1.0,1.0,7569408.0,0.3566746873160203,1.0047944830264899
7581696.0,1.0,1.0,7581696.0,1.0,1.0,7581696.0,1.5044328675915797,0.9507519920822235
7593984.0,1.0,1.0,7593984.0,1.0,1.0,7593984.0,1.8939692533264558,1.0638402530768265
7606272.0,1.0,1.0,7606272.0,1.0,1.0,7606272.0,0.4440742020184795,1.0254019928630442
7618560.0,1.0,1.0,7618560.0,1.0,1.0,7618560.0,0.7963766772300005,1.016043496519948
7630848.0,1.0,1.0,7630848.0,1.0,1.0,7630848.0,1.2219849148144324,1.0974910963326694
7643136.0,1.0,1.0,7643136.0,1.0,1.0,7643136.0,0.731936240879198,1.0064938010337454
7655424.0,1.0,1.0,7655424.0,1.0,1.0,7655424.0,0.7387443215896686,0.9588886792150637
7667712.0,1.0,1.0,7667712.0,1.0,1.0,7667712.0,0.4732258701696992,0.9418270477093756
7680000.0,1.0,1.0,7680000.0,1.0,1.0,7680000.0,0.6125939438740412,0.8774012978809574
7692288.0,1.0,1.0,7692288.0,1.0,1.0,7692288.0,1.1737127558638651,0.9591051047357422
7704576.0,1.0,1.0,7704576.0,1.0,1.0,7704576.0,1.1364074368029833,0.9223025616568823
7716864.0,1.0,1.0,7716864.0,1.0,1.0,7716864.0,2.0014029244581857,0.9330459287700552
7729152.0,1.0,1.0,7729152.0,1.0,1.0,7729152.0,0.7893628074477116,0.9675747893129785
7741440.0,1.0,1.0,7741440.0,1.0,1.0,7741440.0,0.8296156649788221,0.9708986880878607
7753728.0,1.0,1.0,7753728.0,1.0,1.0,7753728.0,1.4217479657381773,0.9908749931802351
7766016.0,1.0,1.0,7766016.0,1.0,1.0,7766016.0,0.43649326156203944,0.9613306952485194
7778304.0,1.0,1.0,7778304.0,1.0,1.0,7778304.0,0.5996164421861371,0.9474179073081663
7790592.0,1.0,1.0,7790592.0,1.0,1.0,7790592.0,1.632440498098731,1.0633393701010694
7802880.0,1.0,1.0,7802880.0,1.0,1.0,7802880.0,0.6072414138664802,1.0628041171003133
7815168.0,1.0,1.0,7815168.0,1.0,1.0,7815168.0,0.8997578142831723,1.035408622942244
7827456.0,1.0,1.0,7827456.0,1.0,1.0,7827456.0,2.0177918784320354,1.123547067105149
7839744.0,1.0,1.0,7839744.0,1.0,1.0,7839744.0,1.2202373730639617,1.0454305119657268
7852032.0,1.0,1.0,7852032.0,1.0,1.0,7852032.0,0.9145067203789949,1.057944903258855
7864320.0,1.0,1.0,7864320.0,1.0,1.0,7864320.0,0.8081203059603771,1.0557953673570108
7876608.0,1.0,1.0,7876608.0,1.0,1.0,7876608.0,0.8186842929571867,0.9954890000789117
7888896.0,1.0,1.0,7888896.0,1.0,1.0,7888896.0,0.7002535931145152,1.0218650332341592
7901184.0,1.0,1.0,7901184.0,1.0,1.0,7901184.0,1.2467983805884917,1.0865832270743947
7913472.0,1.0,1.0,7913472.0,1.0,1.0,7913472.0,0.34553642772759,0.9578928200372806
7925760.0,1.0,1.0,7925760.0,1.0,1.0,7925760.0,1.3220037333667278,1.0293690519873053
7938048.0,1.0,1.0,7938048.0,1.0,1.0,7938048.0,0.8663973417133093,1.026033004730319
7950336.0,1.0,1.0,7950336.0,1.0,1.0,7950336.0,0.4544030884280801,0.8696941257299236
7962624.0,1.0,1.0,7962624.0,1.0,1.0,7962624.0,1.9064374634375174,0.938314134767279
7974912.0,1.0,1.0,7974912.0,1.0,1.0,7974912.0,0.21495338971726596,0.8683588017011061
7987200.0,1.0,1.0,7987200.0,1.0,1.0,7987200.0,1.0172627984235685,0.8892730509474251
7999488.0,1.0,1.0,7999488.0,1.0,1.0,7999488.0,1.506067077939709,0.9580113294456775
8011776.0,1.0,1.0,8011776.0,1.0,1.0,8011776.0,0.5970907472074032,0.9476950448549664
8024064.0,1.0,1.0,8024064.0,1.0,1.0,8024064.0,1.102878797178467,0.9333030865139639
8036352.0,1.0,1.0,8036352.0,1.0,1.0,8036352.0,0.5422073686495423,0.952970180606159
8048640.0,1.0,1.0,8048640.0,1.0,1.0,8048640.0,1.49994591375192,0.9707643986446783
8060928.0,1.0,1.0,8060928.0,1.0,1.0,8060928.0,0.8789061686644951,0.9720152813397969
8073216.0,1.0,1.0,8073216.0,1.0,1.0,8073216.0,1.2188493460416794,1.0484599071011567
8085504.0,1.0,1.0,8085504.0,1.0,1.0,8085504.0,1.4471169151365757,1.0025278522710626
8097792.0,1.0,1.0,8097792.0,1.0,1.0,8097792.0,1.0200543763736885,1.0830379509367047
8110080.0,1.0,1.0,8110080.0,1.0,1.0,8110080.0,0.8315584113200506,1.064467512226353
8122368.0,1.0,1.0,8122368.0,1.0,1.0,8122368.0,0.9225708457330862,1.0061178890056908
8134656.0,1.0,1.0,8134656.0,1.0,1.0,8134656.0,1.4423199494679768,1.090640809231748
8146944.0,1.0,1.0,8146944.0,1.0,1.0,8146944.0,0.6789527330547571,1.0482482028193774
8159232.0,1.0,1.0,8159232.0,1.0,1.0,8159232.0,1.00325065292418,1.094352531246841
8171520.0,1.0,1.0,8171520.0,1.0,1.0,8171520.0,1.0083171942581732,1.0451896592974665
8183808.0,1.0,1.0,8183808.0,1.0,1.0,8183808.0,0.39814391809826094,0.997113434240843
8196096.0,1.0,1.0,8196096.0,1.0,1.0,8196096.0,0.9215318635106087,0.9673816859877358
8208384.0,1.0,1.0,8208384.0,1.0,1.0,8208384.0,1.776154729227225,1.0002854673968007
8220672.0,1.0,1.0,8220672.0,1.0,1.0,8220672.0,0.7601228831335902,0.9742923180727908
8232960.0,1.0,1.0,8232960.0,1.0,1.0,8232960.0,1.4037151796122391,1.0315079949020098
8245248.0,1.0,1.0,8245248.0,1.0,1.0,8245248.0,0.494626821950078,0.9887135925237089
8257536.0,1.0,1.0,8257536.0,1.0,1.0,8257536.0,1.1751757208257914,0.9619991696594903
8269824.0,1.0,1.0,8269824.0,1.0,1.0,8269824.0,1.205107024560372,1.0146145988100517
8282112.0,1.0,1.0,8282112.0,1.0,1.0,8282112.0,1.4234926172842581,1.0566387952460599
8294400.0,1.0,1.0,8294400.0,1.0,1.0,8294400.0,1.1834601672987144,1.0741530925501137
8306688.0,1.0,1.0,8306688.0,1.0,1.0,8306688.0,0.5978111720954379,1.0941198179498315
8318976.0,1.0,1.0,8318976.0,1.0,1.0,8318976.0,0.8539330841352543,1.0873599400122962
8331264.0,1.0,1.0,8331264.0,1.0,1.0,8331264.0,1.3160648873696725,1.0413509558265406
8343552.0,1.0,1.0,8343552.0,1.0,1.0,8343552.0,0.9207634615401427,1.057415013667196
8355840.0,1.0,1.0,8355840.0,1.0,1.0,8355840.0,0.5573661249751846,0.9727801082034905
8368128.0,1.0,1.0,8368128.0,1.0,1.0,8368128.0,0.2514747444850703,0.94846490045699
8380416.0,1.0,1.0,8380416.0,1.0,1.0,8380416.0,1.7481760308146477,1.0057649314558754
8392704.0,1.0,1.0,8392704.0,1.0,1.0,8392704.0,1.070286446561416,0.9922828736559799
8404992.0,1.0,1.0,8404992.0,1.0,1.0,8404992.0,0.37916444676617783,0.8878500566041717
8417280.0,1.0,1.0,8417280.0,1.0,1.0,8417280.0,1.0357952043414116,0.8730835603084415
8429568.0,1.0,1.0,8429568.0,1.0,1.0,8429568.0,0.8795550465583801,0.9012579477547357
8441856.0,1.0,1.0,8441856.0,1.0,1.0,8441856.0,1.1819162753721077,0.9340562668784212
8454144.0,1.0,1.0,8454144.0,1.0,1.0,8454144.0,1.7184149716049433,0.9742912753019481
8466432.0,1.0,1.0,8466432.0,1.0,1.0,8466432.0,0.598366106239458,0.9420515397718796
8478720.0,1.0,1.0,8478720.0,1.0,1.0,8478720.0,0.6104245204478502,0.9473573793191463
8491008.0,1.0,1.0,8491008.0,1.0,1.0,8491008.0,1.4599084698905547,1.0682007518596948
8503296.0,1.0,1.0,8503296.0,1.0,1.0,8503296.0,1.2604001325865586,1.0194231620368859
8515584.0,1.0,1.0,8515584.0,1.0,1.0,8515584.0,0.8606064661095539,0.9984551639916995
8527872.0,1.0,1.0,8527872.0,1.0,1.0,8527872.0,0.04769923590356484,0.9653086429054382
8540160.0,1.0,1.0,8540160.0,1.0,1.0,8540160.0,1.185906060660879,0.980319728537385
8552448.0,1.0,1.0,8552448.0,1.0,1.0,8552448.0,1.754905754700303,1.0678547993515772
8564736.0,1.0,1.0,8564736.0,1.0,1.0,8564736.0,1.2079131441811721,1.0704544862324836
8577024.0,1.0,1.0,8577024.0,1.0,1.0,8577024.0,0.7840968122084936,0.9770226702928388
8589312.0,1.0,1.0,8589312.0,1.0,1.0,8589312.0,0.5673757217203578,0.973923631840929
8601600.0,1.0,1.0,8601600.0,1.0,1.0,8601600.0,1.5941660832613707,1.0722977881222808
8613888.0,1.0,1.0,8613888.0,1.0,1.0,8613888.0,0.9868963609139124,1.0249965772246166
8626176.0,1.0,1.0,8626176.0,1.0,1.0,8626176.0,1.4714664065589507,1.046103204621856
8638464.0,1.0,1.0,8638464.0,1.0,1.0,8638464.0,0.6744941920042038,1.027491977211321
8650752.0,1.0,1.0,8650752.0,1.0,1.0,8650752.0,0.8806086710343758,1.1107829207244018
8663040.0,1.0,1.0,8663040.0,1.0,1.0,8663040.0,1.0337450845787923,1.0955668231161932
8675328.0,1.0,1.0,8675328.0,1.0,1.0,8675328.0,0.3119652771080534,0.9512727753569681
8687616.0,1.0,1.0,8687616.0,1.0,1.0,8687616.0,1.2404177685578663,0.9545232377946377
8699904.0,1.0,1.0,8699904.0,1.0,1.0,8699904.0,0.6089659094189604,0.9370101475156846
8712192.0,1.0,1.0,8712192.0,1.0,1.0,8712192.0,1.4920192913462718,1.029474504478276
8724480.0,1.0,1.0,8724480.0,1.0,1.0,8724480.0,0.9673882642139991,0.9667967225735387
8736768.0,1.0,1.0,8736768.0,1.0,1.0,8736768.0,0.7504549138247967,0.943152577864627
8749056.0,1.0,1.0,8749056.0,1.0,1.0,8749056.0,1.5941917343686025,0.9554251106455922
8761344.0,1.0,1.0,8761344.0,1.0,1.0,8761344.0,0.688119049804906,0.9567875964256624
8773632.0,1.0,1.0,8773632.0,1.0,1.0,8773632.0,1.2960261820505063,0.9983293475272754
8785920.0,1.0,1.0,8785920.0,1.0,1.0,8785920.0,1.164830816288789,1.0114379206982753
8798208.0,1.0,1.0,8798208.0,1.0,1.0,8798208.0,0.9409582807372013,1.07433722106119
8810496.0,1.0,1.0,8810496.0,1.0,1.0,8810496.0,0.5973248944307367,1.010027933648477
8822784.0,1.0,1.0,8822784.0,1.0,1.0,8822784.0,1.403690541163087,1.0895003968228898
8835072.0,1.0,1.0,8835072.0,1.0,1.0,8835072.0,1.020181108886997,1.0423165785769621
8847360.0,1.0,1.0,8847360.0,1.0,1.0,8847360.0,0.6984531252334515,1.0154230646789073
8859648.0,1.0,1.0,8859648.0,1.0,1.0,8859648.0,0.6716924551874399,1.0075468188151717
8871936.0,1.0,1.0,8871936.0,1.0,1.0,8871936.0,0.8755955994129181,0.9356872053196034
8884224.0,1.0,1.0,8884224.0,1.0,1.0,8884224.0,1.8598702972133954,1.0528623300604523
8896512.0,1.0,1.0,8896512.0,1.0,1.0,8896512.0,0.5026132958009839,0.9735210414355
8908800.0,1.0,1.0,8908800.0,1.0,1.0,8908800.0,0.9000076930969954,0.9470387291163206
8921088.0,1.0,1.0,8921088.0,1.0,1.0,8921088.0,0.2551851358730346,0.8784614146299038
8933376.0,1.0,1.0,8933376.0,1.0,1.0,8933376.0,2.1949206503729024,1.0382209902241204
8945664.0,1.0,1.0,8945664.0,1.0,1.0,8945664.0,0.9596842601895332,0.9938203621267651
8957952.0,1.0,1.0,8957952.0,1.0,1.0,8957952.0,0.7662335280328989,0.9684256040413552
8970240.0,1.0,1.0,8970240.0,1.0,1.0,8970240.0,0.8185406140983105,0.9804343529278412
8982528.0,1.0,1.0,8982528.0,1.0,1.0,8982528.0,0.8998794108629227,1.0032530484953894
8994816.0,1.0,1.0,8994816.0,1.0,1.0,8994816.0,0.7682911986485124,0.9925226084189489
9007104.0,1.0,1.0,9007104.0,1.0,1.0,9007104.0,0.48121345446755487,0.8546569241443649
9019392.0,1.0,1.0,9019392.0,1.0,1.0,9019392.0,0.9310975385208925,0.8975053484163558
9031680.0,1.0,1.0,9031680.0,1.0,1.0,9031680.0,1.4943050301323335,0.9569350821198894
9043968.0,1.0,1.0,9043968.0,1.0,1.0,9043968.0,1.6974718247850735,1.1011637510110934
9056256.0,1.0,1.0,9056256.0,1.0,1.0,9056256.0,1.011740376551946,0.9828457236289978
9068544.0,1.0,1.0,9068544.0,1.0,1.0,9068544.0,0.7299323085074624,0.9598705284607908
9080832.0,1.0,1.0,9080832.0,1.0,1.0,9080832.0,1.1644315421581268,0.9996903298733135
9093120.0,1.0,1.0,9093120.0,1.0,1.0,9093120.0,0.44529436823601526,0.9623657052870838
9105408.0,1.0,1.0,9105408.0,1.0,1.0,9105408.0,0.7961087903628746,0.951988643237079
9117696.0,1.0,1.0,9117696.0,1.0,1.0,9117696.0,1.5366857685148716,1.028828100223715
9129984.0,1.0,1.0,9129984.0,1.0,1.0,9129984.0,0.8162789382040501,1.0623346485973646
9142272.0,1.0,1.0,9142272.0,1.0,1.0,9142272.0,0.7288541486486793,1.0421103096101434
9154560.0,1.0,1.0,9154560.0,1.0,1.0,9154560.0,1.3331553569684427,1.025995342293754
9166848.0,1.0,1.0,9166848.0,1.0,1.0,9166848.0,0.8437186311930418,0.9406200229345509
9179136.0,1.0,1.0,9179136.0,1.0,1.0,9179136.0,0.22969579704416296,0.8624155649837728
9191424.0,1.0,1.0,9191424.0,1.0,1.0,9191424.0,2.191871235768,1.0086094577098266
9203712.0,1.0,1.0,9203712.0,1.0,1.0,9203712.0,0.14004648996827504,0.9061709524908415
9216000.0,1.0,1.0,9216000.0,1.0,1.0,9216000.0,1.0206044105192025,0.9637019567191603
9228288.0,1.0,1.0,9228288.0,1.0,1.0,9228288.0,1.4876796652873356,1.0328590442116063
9240576.0,1.0,1.0,9240576.0,1.0,1.0,9240576.0,0.629345804763337,0.9421250478364529
9252864.0,1.0,1.0,9252864.0,1.0,1.0,9252864.0,0.31462044424066943,0.8919591984401146
9265152.0,1.0,1.0,9265152.0,1.0,1.0,9265152.0,1.3420994027207296,0.9532837238473195
9277440.0,1.0,1.0,9277440.0,1.0,1.0,9277440.0,1.7662623922030132,0.9965944273707766
9289728.0,1.0,1.0,9289728.0,1.0,1.0,9289728.0,0.8522049734989802,0.9974430616013704
9302016.0,1.0,1.0,9302016.0,1.0,1.0,9302016.0,1.1711987958600123,1.0915933614829556
9314304.0,1.0,1.0,9314304.0,1.0,1.0,9314304.0,1.306927926838398,1.0030990305899954
9326592.0,1.0,1.0,9326592.0,1.0,1.0,9326592.0,0.5399789012347659,1.0430922717166444
9338880.0,1.0,1.0,9338880.0,1.0,1.0,9338880.0,1.3652977508803208,1.0775616057527562
9351168.0,1.0,1.0,9351168.0,1.0,1.0,9351168.0,0.4816335604215662,0.9769569952661794
9363456.0,1.0,1.0,9363456.0,1.0,1.0,9363456.0,0.4536939519457519,0.9593918099844208
9375744.0,1.0,1.0,9375744.0,1.0,1.0,9375744.0,1.8218589729319017,1.110115662853544
9388032.0,1.0,1.0,9388032.0,1.0,1.0,9388032.0,0.31062464027975994,1.006968186609447
9400320.0,1.0,1.0,9400320.0,1.0,1.0,9400320.0,1.5073556223263342,0.9810775096217792
9412608.0,1.0,1.0,9412608.0,1.0,1.0,9412608.0,0.9252331194778284,0.988380324219664
9424896.0,1.0,1.0,9424896.0,1.0,1.0,9424896.0,1.509554060176015,1.0222158506512644
9437184.0,1.0,1.0,9437184.0,1.0,1.0,9437184.0,0.6723524037127694,0.9587582983387014
9449472.0,1.0,1.0,9449472.0,1.0,1.0,9449472.0,1.223549395178755,1.0271153477331005
9461760.0,1.0,1.0,9461760.0,1.0,1.0,9461760.0,1.242204540098707,1.0148060266549388
9474048.0,1.0,1.0,9474048.0,1.0,1.0,9474048.0,1.107189464693268,1.0773616170821092
9486336.0,1.0,1.0,9486336.0,1.0,1.0,9486336.0,0.5681151480724415,1.088803736694778
9498624.0,1.0,1.0,9498624.0,1.0,1.0,9498624.0,0.632090711966157,0.9698269105982036
9510912.0,1.0,1.0,9510912.0,1.0,1.0,9510912.0,2.0498033395657935,1.1437447805268068
9523200.0,1.0,1.0,9523200.0,1.0,1.0,9523200.0,0.3640368461298446,1.029412902907158
9535488.0,1.0,1.0,9535488.0,1.0,1.0,9535488.0,1.2265380583703518,1.0595433967964103
9547776.0,1.0,1.0,9547776.0,1.0,1.0,9547776.0,1.224606119717161,1.0310486027505248
9560064.0,1.0,1.0,9560064.0,1.0,1.0,9560064.0,1.1799903642386198,1.0818123988031099
9572352.0,1.0,1.0,9572352.0,1.0,1.0,9572352.0,0.6352634405096372,1.0229838033361982
9584640.0,1.0,1.0,9584640.0,1.0,1.0,9584640.0,0.18258181090156236,0.9170215304164838
9596928.0,1.0,1.0,9596928.0,1.0,1.0,9596928.0,1.651074753453334,0.9714100592924902
9609216.0,1.0,1.0,9609216.0,1.0,1.0,9609216.0,1.4412629678845406,1.0587248412737003
9621504.0,1.0,1.0,9621504.0,1.0,1.0,9621504.0,0.029087403915279236,0.9984245104686125
9633792.0,1.0,1.0,9633792.0,1.0,1.0,9633792.0,0.4078690451569855,0.8342310810277317
9646080.0,1.0,1.0,9646080.0,1.0,1.0,9646080.0,1.314927652478218,0.929320161662569
9658368.0,1.0,1.0,9658368.0,1.0,1.0,9658368.0,1.3170985511193674,0.9383762109374704
9670656.0,1.0,1.0,9670656.0,1.0,1.0,9670656.0,1.2448684833943844,0.9404024473051928
9682944.0,1.0,1.0,9682944.0,1.0,1.0,9682944.0,0.450007447352012,0.8674041556165321
9695232.0,1.0,1.0,9695232.0,1.0,1.0,9695232.0,1.0954319803665082,0.9134210096022193
9707520.0,1.0,1.0,9707520.0,1.0,1.0,9707520.0,1.4392746513088543,1.0390902936429485
9719808.0,1.0,1.0,9719808.0,1.0,1.0,9719808.0,0.3172208185618122,0.9057049001537963
9732096.0,1.0,1.0,9732096.0,1.0,1.0,9732096.0,1.806521637365222,0.9422307671018644
9744384.0,1.0,1.0,9744384.0,1.0,1.0,9744384.0,0.465895418698589,0.9859115685801954
9756672.0,1.0,1.0,9756672.0,1.0,1.0,9756672.0,1.5873484965413809,1.1038595137186349
9768960.0,1.0,1.0,9768960.0,1.0,1.0,9768960.0,0.5278612707431117,1.0251528755451242
9781248.0,1.0,1.0,9781248.0,1.0,1.0,9781248.0,1.5870333140095074,1.052146351834138
9793536.0,1.0,1.0,9793536.0,1.0,1.0,9793536.0,1.2177152099708717,1.049431024491787
9805824.0,1.0,1.0,9805824.0,1.0,1.0,9805824.0,0.18098465213552117,1.022528744970138
9818112.0,1.0,1.0,9818112.0,1.0,1.0,9818112.0,0.4122264565279086,0.954208192586278
9830400.0,1.0,1.0,9830400.0,1.0,1.0,9830400.0,1.9104899230102699,1.0013297197564195
9842688.0,1.0,1.0,9842688.0,1.0,1.0,9842688.0,0.8213325031101704,1.051740888211255
9854976.0,1.0,1.0,9854976.0,1.0,1.0,9854976.0,0.5885803205892444,0.9299467565336574
9867264.0,1.0,1.0,9867264.0,1.0,1.0,9867264.0,0.7402808427189788,0.9573852989356965
9879552.0,1.0,1.0,9879552.0,1.0,1.0,9879552.0,1.6975498590618372,0.9684054351877421
9891840.0,1.0,1.0,9891840.0,1.0,1.0,9891840.0,0.13459641816249737,0.9290789499296805
9904128.0,1.0,1.0,9904128.0,1.0,1.0,9904128.0,1.884691574300329,0.9588447759587628
9916416.0,1.0,1.0,9916416.0,1.0,1.0,9916416.0,0.9769037353495756,0.9347636284966331
9928704.0,1.0,1.0,9928704.0,1.0,1.0,9928704.0,0.7923331564913193,0.9958984789322131
9940992.0,1.0,1.0,9940992.0,1.0,1.0,9940992.0,0.8661448576798042,1.0412903190474025
9953280.0,1.0,1.0,9953280.0,1.0,1.0,9953280.0,1.3631720623622339,0.986558532982599
9965568.0,1.0,1.0,9965568.0,1.0,1.0,9965568.0,1.2197990225007136,1.0264051849216533
9977856.0,1.0,1.0,9977856.0,1.0,1.0,9977856.0,0.7016294961795211,1.037710102480681
9990144.0,1.0,1.0,9990144.0,1.0,1.0,9990144.0,1.7347561046481133,1.1371576286735945
10002432.0,1.0,1.0,10002432.0,1.0,1.0,10002432.0,0.44727578091745573,1.0121302208591563
10014720.0,1.0,1.0,10014720.0,1.0,1.0,10014720.0,0.9905174057930708,1.0977223196222137
10027008.0,1.0,1.0,10027008.0,1.0,1.0,10027008.0,1.2385428454726934,1.03310744673945
10039296.0,1.0,1.0,10039296.0,1.0,1.0,10039296.0,1.2477567189683516,1.0601927451013275
10051584.0,1.0,1.0,10051584.0,1.0,1.0,10051584.0,1.036558773368597,1.0846153067890556
10063872.0,1.0,1.0,10063872.0,1.0,1.0,10063872.0,0.9663749560713768,1.0946383166282128
10076160.0,1.0,1.0,10076160.0,1.0,1.0,10076160.0,0.6761085825661818,1.0259319686486075
10088448.0,1.0,1.0,10088448.0,1.0,1.0,10088448.0,2.0760794449597597,1.111560010894512
10100736.0,1.0,1.0,10100736.0,1.0,1.0,10100736.0,1.0300232370694478,1.144399384983505
10113024.0,1.0,1.0,10113024.0,1.0,1.0,10113024.0,0.7463690750300884,1.0455606820217023
10125312.0,1.0,1.0,10125312.0,1.0,1.0,10125312.0,0.5136692868545651,1.052200032615413
10137600.0,1.0,1.0,10137600.0,1.0,1.0,10137600.0,0.5922426367178559,1.0123725557078918
10149888.0,1.0,1.0,10149888.0,1.0,1.0,10149888.0,1.0231147923817236,0.9908297503987947
10162176.0,1.0,1.0,10162176.0,1.0,1.0,10162176.0,1.1831987500190735,0.9843739535038669
10174464.0,1.0,1.0,10174464.0,1.0,1.0,10174464.0,0.6693067339559396,0.9476487495626011
10186752.0,1.0,1.0,10186752.0,1.0,1.0,10186752.0,0.5861489304030935,0.9096261469957728
10199040.0,1.0,1.0,10199040.0,1.0,1.0,10199040.0,1.2876568082720041,0.9707809695663551
10211328.0,1.0,1.0,10211328.0,1.0,1.0,10211328.0,1.294637783120076,0.8926368033823866
10223616.0,1.0,1.0,10223616.0,1.0,1.0,10223616.0,0.41321409136677784,0.8309558888121197
10235904.0,1.0,1.0,10235904.0,1.0,1.0,10235904.0,1.1403636982043583,0.8703553511295468
10248192.0,1.0,1.0,10248192.0,1.0,1.0,10248192.0,1.0010646432638168,0.9190948867704719
10260480.0,1.0,1.0,10260480.0,1.0,1.0,10260480.0,0.6438543796539307,0.9242560610640794
10272768.0,1.0,1.0,10272768.0,1.0,1.0,10272768.0,0.8647984769195318,0.9084244295178602
10285056.0,1.0,1.0,10285056.0,1.0,1.0,10285056.0,1.582659849897027,0.9483705395056556
10297344.0,1.0,1.0,10297344.0,1.0,1.0,10297344.0,0.32074139049897593,0.9135140051599591
10309632.0,1.0,1.0,10309632.0,1.0,1.0,10309632.0,1.3584723050395648,0.9907463426236063
10321920.0,1.0,1.0,10321920.0,1.0,1.0,10321920.0,1.1918157810966175,0.9811622399060675
10334208.0,1.0,1.0,10334208.0,1.0,1.0,10334208.0,0.42401342280209064,0.8940998038742691
10346496.0,1.0,1.0,10346496.0,1.0,1.0,10346496.0,1.7720661933223407,1.0299850140698252
10358784.0,1.0,1.0,10358784.0,1.0,1.0,10358784.0,0.6792007107287645,0.9838687153222659
10371072.0,1.0,1.0,10371072.0,1.0,1.0,10371072.0,1.0905215001354616,0.9928144010094305
10383360.0,1.0,1.0,10383360.0,1.0,1.0,10383360.0,1.0743003350992997,1.0358589965539675
10395648.0,1.0,1.0,10395648.0,1.0,1.0,10395648.0,1.3588747183481853,1.0852666206968329
10407936.0,1.0,1.0,10407936.0,1.0,1.0,10407936.0,0.5851347682376703,0.9855141125308972
10420224.0,1.0,1.0,10420224.0,1.0,1.0,10420224.0,1.3207960911095142,1.085519582591951
10432512.0,1.0,1.0,10432512.0,1.0,1.0,10432512.0,0.4745168142641584,0.9971240335144103
10444800.0,1.0,1.0,10444800.0,1.0,1.0,10444800.0,1.687197734291355,1.046662228833884
10457088.0,1.0,1.0,10457088.0,1.0,1.0,10457088.0,0.9110140819102526,1.0953622947447001
10469376.0,1.0,1.0,10469376.0,1.0,1.0,10469376.0,1.4674652684479952,1.0649022022572656
10481664.0,1.0,1.0,10481664.0,1.0,1.0,10481664.0,0.30708232754841447,1.0276903639392307
10493952.0,1.0,1.0,10493952.0,1.0,1.0,10493952.0,0.7369715419287483,0.9923353681185594
10506240.0,1.0,1.0,10506240.0,1.0,1.0,10506240.0,0.9068315445135037,0.9755884890599796
10518528.0,1.0,1.0,10518528.0,1.0,1.0,10518528.0,0.22746229148469865,0.862447246373631
10530816.0,1.0,1.0,10530816.0,1.0,1.0,10530816.0,2.2234731720139584,1.02628108675126
10543104.0,1.0,1.0,10543104.0,1.0,1.0,10543104.0,0.17736772106339535,0.911938249746648
10555392.0,1.0,1.0,10555392.0,1.0,1.0,10555392.0,1.8802719594289858,1.0525137642631308
10567680.0,1.0,1.0,10567680.0,1.0,1.0,10567680.0,0.742365843616426,0.958030575195638
10579968.0,1.0,1.0,10579968.0,1.0,1.0,10579968.0,0.6684265394384662,0.933771820948459
10592256.0,1.0,1.0,10592256.0,1.0,1.0,10592256.0,1.2738046006609995,0.9144057541697597
10604544.0,1.0,1.0,10604544.0,1.0,1.0,10604544.0,1.17262828660508,1.0009603500754263
10616832.0,1.0,1.0,10616832.0,1.0,1.0,10616832.0,0.5596535590787729,0.9832285517904287
10629120.0,1.0,1.0,10629120.0,1.0,1.0,10629120.0,1.8690646837155025,1.0794518657106285
10641408.0,1.0,1.0,10641408.0,1.0,1.0,10641408.0,1.1000854466110468,1.1667141812232633
10653696.0,1.0,1.0,10653696.0,1.0,1.0,10653696.0,1.2803827468305826,1.0724051387049258
10665984.0,1.0,1.0,10665984.0,1.0,1.0,10665984.0,0.10714154065741847,1.0653825206643281
10678272.0,1.0,1.0,10678272.0,1.0,1.0,10678272.0,1.2298208512365818,1.0003374098450875
10690560.0,1.0,1.0,10690560.0,1.0,1.0,10690560.0,1.1863942413280408,1.044740249616249
10702848.0,1.0,1.0,10702848.0,1.0,1.0,10702848.0,0.9358485800524553,1.071482453677648
10715136.0,1.0,1.0,10715136.0,1.0,1.0,10715136.0,0.9881401204814514,1.0429160056596936
10727424.0,1.0,1.0,10727424.0,1.0,1.0,10727424.0,0.5956941498443484,0.9852225919836203
10739712.0,1.0,1.0,10739712.0,1.0,1.0,10739712.0,1.1971009131520987,1.0489673273909528
10752000.0,1.0,1.0,10752000.0,1.0,1.0,10752000.0,0.42486250307410955,0.9045471093268134
10764288.0,1.0,1.0,10764288.0,1.0,1.0,10764288.0,0.24241094896569848,0.8187796595622785
10776576.0,1.0,1.0,10776576.0,1.0,1.0,10776576.0,2.038753072420756,0.8946166921212958
10788864.0,1.0,1.0,10788864.0,1.0,1.0,10788864.0,1.024213915069898,0.9863239295625439
10801152.0,1.0,1.0,10801152.0,1.0,1.0,10801152.0,0.9541614092886448,0.9587579853677501
10813440.0,1.0,1.0,10813440.0,1.0,1.0,10813440.0,0.9301072961340348,0.9331292908483496
10825728.0,1.0,1.0,10825728.0,1.0,1.0,10825728.0,0.415873019490391,0.8811317347921431
10838016.0,1.0,1.0,10838016.0,1.0,1.0,10838016.0,1.3354100715368986,0.9158587298976878
10850304.0,1.0,1.0,10850304.0,1.0,1.0,10850304.0,1.2152696407089632,0.9778162789841491
10862592.0,1.0,1.0,10862592.0,1.0,1.0,10862592.0,1.5482643886158864,1.0129326265305278
10874880.0,1.0,1.0,10874880.0,1.0,1.0,10874880.0,1.8763319856176774,1.1580795747848849
10887168.0,1.0,1.0,10887168.0,1.0,1.0,10887168.0,0.30225991178303957,1.1640644710666188
10899456.0,1.0,1.0,10899456.0,1.0,1.0,10899456.0,0.8729119133204222,1.0474803551565857
10911744.0,1.0,1.0,10911744.0,1.0,1.0,10911744.0,0.9272625204175711,1.0377852156913527
10924032.0,1.0,1.0,10924032.0,1.0,1.0,10924032.0,1.158202363178134,1.058189311080302
10936320.0,1.0,1.0,10936320.0,1.0,1.0,10936320.0,0.7278135729332765,1.037959938760226
10948608.0,1.0,1.0,10948608.0,1.0,1.0,10948608.0,0.8971727552513281,1.0860899123363197
10960896.0,1.0,1.0,10960896.0,1.0,1.0,10960896.0,1.0970357476423185,1.0622524799468616
10973184.0,1.0,1.0,10973184.0,1.0,1.0,10973184.0,1.0822266625861328,1.0489481821345785
10985472.0,1.0,1.0,10985472.0,1.0,1.0,10985472.0,0.9305560744057099,0.9871773507135609
10997760.0,1.0,1.0,10997760.0,1.0,1.0,10997760.0,1.3084504095216591,0.9303891931039592
11010048.0,1.0,1.0,11010048.0,1.0,1.0,11010048.0,0.3293574855973323,0.9330989504853886
11022336.0,1.0,1.0,11022336.0,1.0,1.0,11022336.0,1.4637368886421125,0.9921814480175575
11034624.0,1.0,1.0,11034624.0,1.0,1.0,11034624.0,0.8744138218462467,0.9868965781604251
11046912.0,1.0,1.0,11046912.0,1.0,1.0,11046912.0,0.9959925847748915,0.9706756003201008
11059200.0,1.0,1.0,11059200.0,1.0,1.0,11059200.0,0.856676805143555,0.9835619235411286
11071488.0,1.0,1.0,11071488.0,1.0,1.0,11071488.0,1.0001199344793956,0.9938566414639354
11083776.0,1.0,1.0,11083776.0,1.0,1.0,11083776.0,0.7005705886210004,0.9542101255618036
11096064.0,1.0,1.0,11096064.0,1.0,1.0,11096064.0,0.6272139189143976,0.90870885119463
11108352.0,1.0,1.0,11108352.0,1.0,1.0,11108352.0,0.9522096024205288,0.910874203996112
11120640.0,1.0,1.0,11120640.0,1.0,1.0,11120640.0,1.2665485354761283,0.9066840165915588
11132928.0,1.0,1.0,11132928.0,1.0,1.0,11132928.0,1.3718391979734104,1.0109321878291666
11145216.0,1.0,1.0,11145216.0,1.0,1.0,11145216.0,0.5603116943190495,0.9205896683968602
11157504.0,1.0,1.0,11157504.0,1.0,1.0,11157504.0,1.341862025981148,0.9673344888103506
11169792.0,1.0,1.0,11169792.0,1.0,1.0,11169792.0,1.0235383765151103,0.9700890679843726
11182080.0,1.0,1.0,11182080.0,1.0,1.0,11182080.0,1.2525562432905037,1.0096770117990674
11194368.0,1.0,1.0,11194368.0,1.0,1.0,11194368.0,0.398597478090475,0.9495247661601752
11206656.0,1.0,1.0,11206656.0,1.0,1.0,11206656.0,1.8732426532854636,1.0667919726266215
11218944.0,1.0,1.0,11218944.0,1.0,1.0,11218944.0,0.8733136337250471,1.0914019441076865
11231232.0,1.0,1.0,11231232.0,1.0,1.0,11231232.0,0.6385057413329681,1.0600315579989306
11243520.0,1.0,1.0,11243520.0,1.0,1.0,11243520.0,1.5022797596951325,1.0836046804208308
11255808.0,1.0,1.0,11255808.0,1.0,1.0,11255808.0,0.4224563582489888,0.9886663964483887
11268096.0,1.0,1.0,11268096.0,1.0,1.0,11268096.0,0.4440543918559949,0.9770406662020831
11280384.0,1.0,1.0,11280384.0,1.0,1.0,11280384.0,1.2449052308996518,0.9673449866939337
11292672.0,1.0,1.0,11292672.0,1.0,1.0,11292672.0,0.470303393745174,0.91202148841694
11304960.0,1.0,1.0,11304960.0,1.0,1.0,11304960.0,2.5280649748941264,1.0395723615773023
11317248.0,1.0,1.0,11317248.0,1.0,1.0,11317248.0,0.4041538033634424,1.040127994104599
11329536.0,1.0,1.0,11329536.0,1.0,1.0,11329536.0,1.0146374888718128,0.9542674776632338
11341824.0,1.0,1.0,11341824.0,1.0,1.0,11341824.0,0.5638663411761323,0.9233227484083424
11354112.0,1.0,1.0,11354112.0,1.0,1.0,11354112.0,1.6517615628739197,1.0246483305624376
11366400.0,1.0,1.0,11366400.0,1.0,1.0,11366400.0,0.9328751874466737,0.9677078733375918
11378688.0,1.0,1.0,11378688.0,1.0,1.0,11378688.0,1.0607289212445419,1.031535129637147
11390976.0,1.0,1.0,11390976.0,1.0,1.0,11390976.0,0.6844278511901697,1.0555724755705644
11403264.0,1.0,1.0,11403264.0,1.0,1.0,11403264.0,1.4689690756301086,1.0779788600436102
11415552.0,1.0,1.0,11415552.0,1.0,1.0,11415552.0,0.3355115956316392,1.0644996802322564
11427840.0,1.0,1.0,11427840.0,1.0,1.0,11427840.0,0.12034114260071267,0.8237272970029152
11440128.0,1.0,1.0,11440128.0,1.0,1.0,11440128.0,0.9883766708274683,0.8821495837493177
11452416.0,1.0,1.0,11452416.0,1.0,1.0,11452416.0,2.0141710868726173,0.9821029435493983
11464704.0,1.0,1.0,11464704.0,1.0,1.0,11464704.0,0.9141397985319296,1.0171302892849778
11476992.0,1.0,1.0,11476992.0,1.0,1.0,11476992.0,1.0702148266136646,0.9589756156589525
11489280.0,1.0,1.0,11489280.0,1.0,1.0,11489280.0,1.1649086140096188,0.9821789583152472
11501568.0,1.0,1.0,11501568.0,1.0,1.0,11501568.0,0.8267635020116965,0.9587824163919624
11513856.0,1.0,1.0,11513856.0,1.0,1.0,11513856.0,0.8483963813632727,0.9751792694092727
11526144.0,1.0,1.0,11526144.0,1.0,1.0,11526144.0,1.371418754880627,0.9654242373343246
11538432.0,1.0,1.0,11538432.0,1.0,1.0,11538432.0,0.7143389557798704,1.0033069733491478
11550720.0,1.0,1.0,11550720.0,1.0,1.0,11550720.0,1.0645221179972093,1.0977250708887973
11563008.0,1.0,1.0,11563008.0,1.0,1.0,11563008.0,0.9923896038283905,1.0981263641888896
11575296.0,1.0,1.0,11575296.0,1.0,1.0,11575296.0,0.7462086919695139,0.9713301246985793
11587584.0,1.0,1.0,11587584.0,1.0,1.0,11587584.0,0.5178462058926622,0.9317007654346524
11599872.0,1.0,1.0,11599872.0,1.0,1.0,11599872.0,1.1716236577679713,0.9418416485500833
11612160.0,1.0,1.0,11612160.0,1.0,1.0,11612160.0,1.2032068415234487,0.9456714713014662
11624448.0,1.0,1.0,11624448.0,1.0,1.0,11624448.0,0.9226003115375837,0.9552551522540549
11636736.0,1.0,1.0,11636736.0,1.0,1.0,11636736.0,1.505211583028237,1.0209366724205513
11649024.0,1.0,1.0,11649024.0,1.0,1.0,11649024.0,1.2927286252379417,1.0130676594562829
11661312.0,1.0,1.0,11661312.0,1.0,1.0,11661312.0,1.1007768635948498,1.051711450237781
11673600.0,1.0,1.0,11673600.0,1.0,1.0,11673600.0,0.49740027356892824,0.9949992657949528
11685888.0,1.0,1.0,11685888.0,1.0,1.0,11685888.0,0.5777074343835314,0.9535310488504669
11698176.0,1.0,1.0,11698176.0,1.0,1.0,11698176.0,1.777822927882274,1.056692472441743
11710464.0,1.0,1.0,11710464.0,1.0,1.0,11710464.0,0.6084171862651905,1.0657495704789957
11722752.0,1.0,1.0,11722752.0,1.0,1.0,11722752.0,0.8720877729356289,1.0357959819957616
11735040.0,1.0,1.0,11735040.0,1.0,1.0,11735040.0,1.4263978283852339,1.0581150806819397
11747328.0,1.0,1.0,11747328.0,1.0,1.0,11747328.0,0.6375062136600415,1.0296056708941856
11759616.0,1.0,1.0,11759616.0,1.0,1.0,11759616.0,0.7006567344069481,0.9491501860320566
11771904.0,1.0,1.0,11771904.0,1.0,1.0,11771904.0,0.891013141721487,0.9089786376804113
11784192.0,1.0,1.0,11784192.0,1.0,1.0,11784192.0,1.5374258452405531,0.9526435358449816
11796480.0,1.0,1.0,11796480.0,1.0,1.0,11796480.0,0.8669636528939009,0.9895998737774789
11808768.0,1.0,1.0,11808768.0,1.0,1.0,11808768.0,1.3515695724636316,1.0669860875854889
11821056.0,1.0,1.0,11821056.0,1.0,1.0,11821056.0,0.8231482884536186,0.9715186236426232
11833344.0,1.0,1.0,11833344.0,1.0,1.0,11833344.0,1.549034199366967,1.0655803249528009
11845632.0,1.0,1.0,11845632.0,1.0,1.0,11845632.0,0.32474940953155357,1.0108464886123936
11857920.0,1.0,1.0,11857920.0,1.0,1.0,11857920.0,0.583927808329463,0.9265994866068166
11870208.0,1.0,1.0,11870208.0,1.0,1.0,11870208.0,0.9034013984103998,0.9531890050818523
11882496.0,1.0,1.0,11882496.0,1.0,1.0,11882496.0,0.7993405976643165,0.9630573914075893
11894784.0,1.0,1.0,11894784.0,1.0,1.0,11894784.0,1.1242306381464005,0.9863791410500806
11907072.0,1.0,1.0,11907072.0,1.0,1.0,11907072.0,1.4438543605307739,0.9770219925791025
11919360.0,1.0,1.0,11919360.0,1.0,1.0,11919360.0,0.17202945503716668,0.9075285727934291
11931648.0,1.0,1.0,11931648.0,1.0,1.0,11931648.0,1.4034197758883238,0.9127135931358984
11943936.0,1.0,1.0,11943936.0,1.0,1.0,11943936.0,0.11520208682244022,0.8419189729727806
11956224.0,1.0,1.0,11956224.0,1.0,1.0,11956224.0,0.5034150363256534,0.737357056668649
11968512.0,1.0,1.0,11968512.0,1.0,1.0,11968512.0,2.1398319602012634,0.91886531173562
11980800.0,1.0,1.0,11980800.0,1.0,1.0,11980800.0,0.6971763726323843,0.9301901681659123
11993088.0,1.0,1.0,11993088.0,1.0,1.0,11993088.0,1.3950248310963314,0.9793525114345053
12005376.0,1.0,1.0,12005376.0,1.0,1.0,12005376.0,0.33480466017499566,0.9328989176855733
12017664.0,1.0,1.0,12017664.0,1.0,1.0,12017664.0,1.4155278156201045,0.9620286354329435
12029952.0,1.0,1.0,12029952.0,1.0,1.0,12029952.0,0.5457906393955151,0.8722222633194179
12042240.0,1.0,1.0,12042240.0,1.0,1.0,12042240.0,1.7754492616901796,1.032564243984719
12054528.0,1.0,1.0,12054528.0,1.0,1.0,12054528.0,0.6508405522132913,0.9573063216172158
12066816.0,1.0,1.0,12066816.0,1.0,1.0,12066816.0,1.0959616756687562,1.0553822805018473
12079104.0,1.0,1.0,12079104.0,1.0,1.0,12079104.0,0.9589942209422588,1.100940198963508
12091392.0,1.0,1.0,12091392.0,1.0,1.0,12091392.0,1.0629582293331623,0.9932528258766979
12103680.0,1.0,1.0,12103680.0,1.0,1.0,12103680.0,1.0265530223647754,1.0261904908499369
12115968.0,1.0,1.0,12115968.0,1.0,1.0,12115968.0,1.29801561186711,1.0164895689270148
12128256.0,1.0,1.0,12128256.0,1.0,1.0,12128256.0,1.7118274414290984,1.154191847052425
12140544.0,1.0,1.0,12140544.0,1.0,1.0,12140544.0,0.1935846055081735,1.031997526041232
12152832.0,1.0,1.0,12152832.0,1.0,1.0,12152832.0,0.8250150848180056,1.0599199705834812
12165120.0,1.0,1.0,12165120.0,1.0,1.0,12165120.0,1.7740055440614622,1.0597755988206095
12177408.0,1.0,1.0,12177408.0,1.0,1.0,12177408.0,1.5257977644602458,1.1472713200453046
12189696.0,1.0,1.0,12189696.0,1.0,1.0,12189696.0,0.8802196340014538,1.1256971158785745
12201984.0,1.0,1.0,12201984.0,1.0,1.0,12201984.0,1.1254200271020334,1.142339696494552
12214272.0,1.0,1.0,12214272.0,1.0,1.0,12214272.0,1.1675577759742737,1.1527996511586631
12226560.0,1.0,1.0,12226560.0,1.0,1.0,12226560.0,0.39511801255866885,1.0896561501780524
12238848.0,1.0,1.0,12238848.0,1.0,1.0,12238848.0,0.3140888136501114,0.9912634703563526
12251136.0,1.0,1.0,12251136.0,1.0,1.0,12251136.0,1.3371462828169267,0.9537953544951353
12263424.0,1.0,1.0,12263424.0,1.0,1.0,12263424.0,1.1047028253475826,1.0449071764790763
12275712.0,1.0,1.0,12275712.0,1.0,1.0,12275712.0,0.4267468179265658,1.0050803497899323
12288000.0,1.0,1.0,12288000.0,1.0,1.0,12288000.0,0.4387017162516713,0.8715499670089534
