v2_latent_discrepancy_timesteps,v2_latent_discrepancy_score,v2_latent_discrepancy_score_mean,v3_latent_plus_clamped_eme_timesteps,v3_latent_plus_clamped_eme_score,v3_latent_plus_clamped_eme_score_mean,v4_latent_plus_normalised_eme_timesteps,v4_latent_plus_normalised_eme_score,v4_latent_plus_normalised_eme_score_mean
12288.0,1.0,1.0,12288.0,0.00012491792441930252,0.00012491792441930252,12288.0,0.00012491792441930252,0.00012491792441930252
24576.0,1.0,1.0,24576.0,0.01753991258253033,0.008832415253474817,24576.0,0.017520227091154084,0.008822572507786694
36864.0,1.0,1.0,36864.0,0.33629735217740137,0.11798739422811699,36864.0,0.334680057130754,0.1174417340487758
49152.0,1.0,1.0,49152.0,0.6120652866860231,0.24150686734259352,49152.0,0.5951282450308403,0.2368633617942919
61440.0,1.0,1.0,61440.0,0.6281443228945136,0.31883435845297753,61440.0,0.6634885308643182,0.3221883956082972
73728.0,1.0,1.0,73728.0,1.2595263651261728,0.4756163595651768,73728.0,2.0993611961603165,0.6183838623669671
86016.0,1.0,1.0,86016.0,2.0308162520329156,0.6977877727748538,86016.0,3.9000271782279015,1.0871900503471006
98304.0,1.0,1.0,98304.0,1.5643276584645112,0.806105258486061,98304.0,0.8598808292299509,1.058776397707457
110592.0,1.0,1.0,110592.0,13.143975247939428,2.176979701758657,110592.0,17.607506255308788,2.8975241596631602
122880.0,1.0,1.0,122880.0,17.231674432754517,3.682449174858243,122880.0,22.619543711344402,4.869726114831285
135168.0,1.0,1.0,135168.0,8.399129942059517,4.522349677271753,135168.0,32.05666524171829,8.075380147210671
147456.0,1.0,1.0,147456.0,51.29314915339152,9.649910601352653,147456.0,103.6631691455841,18.439945039059968
159744.0,1.0,1.0,159744.0,69.17439723014832,16.533720589149745,159744.0,197.92832485834757,38.19930951918165
172032.0,1.0,1.0,172032.0,64.83053572972615,22.955567633453757,172032.0,128.1911447842916,50.95891117310773
184320.0,1.0,1.0,184320.0,26.73564871152242,25.566318072316548,184320.0,53.21310889720917,56.21387320974221
196608.0,1.0,1.0,196608.0,61.05229512850443,31.545594948654372,196608.0,35.09794386227926,59.513731476354096
208896.0,1.0,1.0,208896.0,74.13383706410725,38.755897029861806,208896.0,43.307143767674766,63.4544431352988
221184.0,1.0,1.0,221184.0,25.529687146345776,41.152432978649934,221184.0,46.25526237487793,67.9939812898636
233472.0,1.0,1.0,233472.0,156.00707213083902,55.43874266693989,233472.0,24.317107498645782,68.66494141419727
245760.0,1.0,1.0,245760.0,46.99985158443451,58.41556038210789,245760.0,28.631251235802967,69.26611216664315
258048.0,1.0,1.0,258048.0,18.174762437740963,59.39312363167603,258048.0,20.51563836137454,68.11200947860877
270336.0,1.0,1.0,270336.0,2.404578441133102,54.5042665604502,270336.0,30.637128512064617,60.80940541525681
282624.0,1.0,1.0,282624.0,36.816545049349465,51.26848134237031,282624.0,143.0467693010966,55.321249859531726
294912.0,1.0,1.0,294912.0,16.83919569849968,46.46934733924766,294912.0,32.03135246038437,45.705270627141
307200.0,1.0,1.0,307200.0,296.75316858291626,73.47109932638705,307200.0,124.3458604812622,52.818545785546306
319488.0,1.0,1.0,319488.0,269.7827253341675,94.34414234695335,319488.0,90.52419018745422,58.36117041806381
331776.0,1.0,1.0,331776.0,496.54987144470215,136.58574578501285,331776.0,86.77805240948994,62.70826128224532
344064.0,1.0,1.0,344064.0,316.01267194747925,165.6340442651262,344064.0,46.486087918281555,62.73134383658568
356352.0,1.0,1.0,356352.0,282.8787881533305,178.32121586737534,356352.0,477.49480470021564,108.04911355674267
368640.0,1.0,1.0,368640.0,477.168340365092,221.33806474544107,368640.0,730.8063729604086,178.2666257292032
380928.0,1.0,1.0,380928.0,323.27577177683514,251.8481656793505,380928.0,373.85832532246906,213.60089442531267
393216.0,1.0,1.0,393216.0,687.6050834655762,320.36821618179476,393216.0,272.54587507247925,237.79176908135415
405504.0,1.0,1.0,405504.0,1108.102144241333,427.49677610099315,405504.0,335.3973027865092,257.02682242989533
417792.0,1.0,1.0,417792.0,1483.6236368815105,574.1752202192943,417792.0,463.79486179351807,300.20317336320875
430080.0,1.0,1.0,430080.0,2062.0672289530435,750.706626256307,430080.0,66.61735161145528,294.43032247622807
442368.0,1.0,1.0,442368.0,633.3963394165039,787.0679876645406,442368.0,47.06348852316538,290.0842523097992
454656.0,1.0,1.0,454656.0,2670.518965403239,1004.4648970603943,454656.0,79.83869735399882,289.39031680425006
466944.0,1.0,1.0,466944.0,1291.031716664632,1101.9668015321097,466944.0,175.8241146405538,302.32411947647734
479232.0,1.0,1.0,479232.0,478.66262849171954,1121.5451855659487,479232.0,338.97645568847656,288.47228457530343
491520.0,1.0,1.0,491520.0,1535.7292594909668,1227.401277478536,491520.0,90.36548558870952,224.4281958381335
503808.0,1.0,1.0,503808.0,2255.015817006429,1420.5752820014955,503808.0,102.85090152422588,197.3274534583092
516096.0,1.0,1.0,516096.0,2279.9858881632485,1579.8133624712627,516096.0,179.30425771077475,188.00329172213873
528384.0,1.0,1.0,528384.0,4060.0849634806314,1875.0116443951924,528384.0,715.1041831970215,225.97397976319
540672.0,1.0,1.0,540672.0,1050.2789847056072,1831.6771791776023,540672.0,1802.2358996073406,359.81808354457223
552960.0,1.0,1.0,552960.0,1845.5065282185872,1810.0211091041565,552960.0,313.8824470837911,384.5445930918058
565248.0,1.0,1.0,565248.0,990.0346463521322,1845.684939797719,565248.0,263.9768382708232,406.2359280665716
577536.0,1.0,1.0,577536.0,499.2592131296794,1628.5589645703633,577536.0,701.236541112264,468.3757124423981
589824.0,1.0,1.0,589824.0,366.3448708852132,1536.0902799924213,589824.0,2025.756009419759,653.3689019203186
602112.0,1.0,1.0,602112.0,1008.119208017985,1589.0359379450479,602112.0,3056.4829076131186,925.1195471127828
614400.0,1.0,1.0,614400.0,1163.4951871236165,1551.8125307083128,614400.0,8145.088902791341,1730.591888833046
626688.0,1.0,1.0,626688.0,695.5951391855875,1395.8704629262288,626688.0,3511.3796463012695,2071.44476331075
638976.0,1.0,1.0,638976.0,990.707103729248,1266.9425844828288,638976.0,5478.272944132487,2601.3416319529215
651264.0,1.0,1.0,651264.0,562.0178419748942,917.135872332255,651264.0,3527.9418156941733,2882.625395202637
663552.0,1.0,1.0,663552.0,258.84605582555133,837.9925794442495,663552.0,919.8566614786783,2794.387471389771
675840.0,1.0,1.0,675840.0,5102.449727376302,1163.6868993600208,675840.0,401.7349287668864,2803.17271955808
688128.0,1.0,1.0,688128.0,661.1253534952799,1130.7959700743356,688128.0,146.21073945363364,2791.396109676361
700416.0,1.0,1.0,700416.0,1666.97359085083,1247.5674078464506,700416.0,70.57081945737202,2728.329537510872
712704.0,1.0,1.0,712704.0,456.21021302541095,1256.5539420604705,712704.0,210.08104801177979,2546.7620413700743
724992.0,1.0,1.0,724992.0,119.40182526906331,1167.6822037855784,724992.0,181.90627829233804,2259.304378437996
737280.0,1.0,1.0,737280.0,398.45107555389404,1091.1777926286063,737280.0,166.57265853881836,1461.4527540127438
749568.0,1.0,1.0,749568.0,659.1246668497721,1087.5307453950243,749568.0,199.61178143819174,1130.275967526436
761856.0,1.0,1.0,761856.0,276.8198040326436,1016.1420154253643,761856.0,246.44138479232788,607.0928115924199
774144.0,1.0,1.0,774144.0,15.277610133091608,961.4679922411837,774144.0,219.94104274113974,276.2927342971166
786432.0,1.0,1.0,786432.0,34.84369174639384,939.0677558332682,786432.0,203.2061907450358,204.62768722375233
798720.0,1.0,1.0,798720.0,36.87584696213404,432.5103677918514,798720.0,228.59867223103842,187.31406157016755
811008.0,1.0,1.0,811008.0,34.38449819882711,369.8362822622061,811008.0,222.24392366409302,194.9173799912135
823296.0,1.0,1.0,823296.0,20.051432361205418,205.1440664132436,823296.0,163.61344067255655,204.22164211273196
835584.0,1.0,1.0,835584.0,28.565811852614086,162.37962629596393,835584.0,123.07404613494873,195.52094192504885
847872.0,1.0,1.0,847872.0,49.566728393236794,155.39611660838128,847872.0,118.6057681242625,189.1908909082413
860160.0,1.0,1.0,860160.0,38.6714840332667,119.41815745631857,860160.0,78.92745435237885,180.42637048959733
872448.0,1.0,1.0,872448.0,16.77974145611127,55.18366491695245,872448.0,90.27155844370525,169.49234819014868
884736.0,1.0,1.0,884736.0,5.57073978583018,28.058758492271103,884736.0,61.231953263282776,150.97140503724418
897024.0,1.0,1.0,897024.0,1.9109378792345524,26.7220912668854,897024.0,45.98462541898092,133.57576330502826
909312.0,1.0,1.0,909312.0,2.9860736479361853,23.536329457039635,909312.0,67.84252750873566,120.03939698139827
921600.0,1.0,1.0,921600.0,11.357207298278809,20.98446549065411,921600.0,174.10361242294312,114.58989100058872
933888.0,1.0,1.0,933888.0,24.260022282600403,19.97201789903144,933888.0,48.522765715916954,97.21777520577112
946176.0,1.0,1.0,946176.0,30.567922015984852,21.023666864509384,946176.0,269.11171929041546,107.76760306755702
958464.0,1.0,1.0,958464.0,32.52126580476761,21.419212259724738,958464.0,365.9753068288167,132.0577291369438
970752.0,1.0,1.0,970752.0,22.33659150203069,18.696198570604125,970752.0,194.96564849217734,139.69371717373528
983040.0,1.0,1.0,983040.0,45.8486123085022,19.413911398127674,983040.0,179.15515518188477,149.7164872566859
995328.0,1.0,1.0,995328.0,61.152151783307396,23.851152430847286,995328.0,1337.4127419789631,274.43060561021167
1007616.0,1.0,1.0,1007616.0,22.299917221069336,25.524070174371204,1007616.0,1475.8974380493164,415.897154088815
1019904.0,1.0,1.0,1019904.0,258.480529944102,51.18102938085794,1019904.0,1311.9694023132324,542.4956317782402
1032192.0,1.0,1.0,1032192.0,88.25483520825703,59.70790553689003,1032192.0,951.4310302734375,630.8544820547104
1044480.0,1.0,1.0,1044480.0,440.96105575561523,102.66829038262367,1044480.0,1481.4529762268066,761.5894184350967
1056768.0,1.0,1.0,1056768.0,71.67972119649251,107.41026027401287,1056768.0,946.8829288482666,851.4254347483317
1069056.0,1.0,1.0,1069056.0,1107.3615703582764,215.08962510824205,1069056.0,266.9393684069316,851.2081996599833
1081344.0,1.0,1.0,1081344.0,477.71707503000897,259.60920603076613,1081344.0,95.15571943918864,824.1262409210206
1093632.0,1.0,1.0,1093632.0,801.6136792500814,337.5369148055712,1093632.0,262.2313100496928,830.8528070767721
1105920.0,1.0,1.0,1105920.0,1210.8083159128826,454.03288516600935,1105920.0,253.13727776209512,838.2510193347931
1118208.0,1.0,1.0,1118208.0,3300.6951065063477,777.9871806383132,1118208.0,215.61384423573813,726.0711295604706
1130496.0,1.0,1.0,1130496.0,3891.1727574666343,1164.8744646628697,1130496.0,75.78024133046468,586.0594098885854
1142784.0,1.0,1.0,1142784.0,16242.981160481771,2763.3245277166366,1142784.0,187.155543645223,473.5780240217844
1155072.0,1.0,1.0,1155072.0,10242.638636271158,3778.762907822927,1155072.0,517.1808576583862,430.15300676027937
1167360.0,1.0,1.0,1167360.0,2209.691121419271,3955.635914389293,1167360.0,475.93653361002606,329.6013624986013
1179648.0,1.0,1.0,1179648.0,2934.2351888020835,4241.891461149852,1179648.0,210.01654402414957,255.91472401618958
1191936.0,1.0,1.0,1191936.0,1306.1691487630208,4261.772218990327,1191936.0,43.24993109703064,233.5457802851995
1204224.0,1.0,1.0,1204224.0,322.72047821680707,4246.272559309005,1204224.0,223.80899143218994,246.41110748449964
1216512.0,1.0,1.0,1216512.0,318.32830397288006,4197.944021781285,1216512.0,433.9362487792969,263.58160135746004
1228800.0,1.0,1.0,1228800.0,352.41619332631427,4112.104809522629,1228800.0,384.123246828715,276.680198264122
1241088.0,1.0,1.0,1241088.0,214.598845799764,3803.4951834519716,1241088.0,250.42463064193726,280.1612769047419
1253376.0,1.0,1.0,1253376.0,45.038854678471886,3418.881793173155,1253376.0,375.74164326985675,310.15741709868115
1265664.0,1.0,1.0,1265664.0,16.53391695022583,1796.2370688199996,1265664.0,573.0149377187093,348.7433565060298
1277952.0,1.0,1.0,1277952.0,21.833526492118835,774.1565578420957,1277952.0,762.1753444671631,373.2428051869075
1290240.0,1.0,1.0,1290240.0,39.28376489877701,557.1158221900463,1290240.0,608.0175355275472,386.45090537865957
1302528.0,1.0,1.0,1302528.0,35.77477612098058,267.26978092193605,1302528.0,139.42800863583884,379.3920518398285
1314816.0,1.0,1.0,1314816.0,16.46542963385582,138.2994090090195,1314816.0,1722.154125213623,547.2824712514878
1327104.0,1.0,1.0,1327104.0,6.998344207803409,106.72719560811917,1327104.0,1750.0241737365723,699.9039894819259
1339392.0,1.0,1.0,1339392.0,21.73420089483261,77.06778530031443,1339392.0,299.7296408017476,686.483328684171
1351680.0,1.0,1.0,1351680.0,15.843769441048304,43.41054291178783,1351680.0,1810.445348103841,829.1155388116837
1363968.0,1.0,1.0,1363968.0,6.432618757088979,22.593920207520327,1363968.0,3118.101333618164,1115.8832091093063
1376256.0,1.0,1.0,1376256.0,18.63985514640808,19.95402025431395,1376256.0,6539.2964426676435,1732.2386890490848
1388544.0,1.0,1.0,1388544.0,70.86787124474843,25.387415683766204,1388544.0,1530.8976186116536,1828.0269571383792
1400832.0,1.0,1.0,1400832.0,68.47647901376088,30.05171093593041,1400832.0,3367.901079813639,2088.599530673027
1413120.0,1.0,1.0,1413120.0,43.63872500260671,30.487206946313375,1413120.0,3463.0582834879556,2374.103605469068
1425408.0,1.0,1.0,1425408.0,24.23450493812561,29.33317982802788,1425408.0,773.4450918833414,2437.5053137938185
1437696.0,1.0,1.0,1437696.0,11.765824437141418,28.863219308356445,1437696.0,219.66738748550415,2287.256640021006
1449984.0,1.0,1.0,1449984.0,12.077945272127787,29.371179414788884,1449984.0,113.6989193757375,2123.6241145849226
1462272.0,1.0,1.0,1462272.0,25.421519974867504,29.739911322792373,1462272.0,58.54728933175405,2099.505879437923
1474560.0,1.0,1.0,1474560.0,21.29658955335617,30.28519333402316,1474560.0,33.01444989442825,1921.7627896169822
1486848.0,1.0,1.0,1486848.0,9.24843481183052,30.566774939497314,1486848.0,8.532053753733635,1610.805861630539
1499136.0,1.0,1.0,1499136.0,36.621329843997955,32.3649224092563,1499136.0,0.23380839436625442,956.8995982032113
1511424.0,1.0,1.0,1511424.0,40.291235864162445,29.3072588711977,1511424.0,1.0900352379928033,803.9188398658454
1523712.0,1.0,1.0,1523712.0,19.657774925231934,24.425388462344806,1523712.0,0.5187091746677955,467.1806028019481
1536000.0,1.0,1.0,1536000.0,14.211360971132914,21.482652059197427,1536000.0,0.1912234641301135,120.8938967995656
1548288.0,1.0,1.0,1548288.0,23.508764167626698,21.410077982147534,1548288.0,1.908446054905653,43.74023221672202
1560576.0,1.0,1.0,1560576.0,19.59883201122284,22.193378739555676,1560576.0,1.9670459888875484,21.97019806706036
1572864.0,1.0,1.0,1572864.0,12.293110837539038,22.214895296096806,1572864.0,0.8337833521266779,10.68368446469928
1585152.0,1.0,1.0,1585152.0,10.467800115545591,20.71952331016461,1585152.0,0.042793163447640836,4.8332348478686376
1597440.0,1.0,1.0,1597440.0,7.863659198085467,19.376230274637543,1597440.0,0.03681183489970863,1.535471041915783
1609728.0,1.0,1.0,1609728.0,10.528817320863405,19.504268525540827,1609728.0,0.041682869040717684,0.6864339534464913
1622016.0,1.0,1.0,1622016.0,5.808894803126653,16.4230250214537,1622016.0,0.24499604602654776,0.6875527186125205
1634304.0,1.0,1.0,1634304.0,20.723482837279636,14.466249718765416,1634304.0,0.2688989327289164,0.605439088086132
1646592.0,1.0,1.0,1646592.0,57.158966739972435,18.216368900239466,1646592.0,0.15478672040626407,0.5690468426599788
1658880.0,1.0,1.0,1658880.0,49.07331597805023,21.7025644009312,1658880.0,0.20181771538530788,0.5701062677854982
1671168.0,1.0,1.0,1671168.0,12.680383970340094,20.61972638120254,1671168.0,0.39532721042633057,0.4187943833375661
1683456.0,1.0,1.0,1683456.0,30.396444459756214,21.699487626055877,1683456.0,0.3408050574362278,0.256170290192434
1695744.0,1.0,1.0,1695744.0,56.1222548087438,26.082402023176353,1695744.0,0.18708029047896466,0.19149998402766263
1708032.0,1.0,1.0,1708032.0,23.232865194479626,27.358908531069755,1708032.0,0.2734750754510363,0.2145681752280022
1720320.0,1.0,1.0,1720320.0,12.774839888016382,27.850026600062854,1720320.0,0.2562332732292513,0.23651031906095646
1732608.0,1.0,1.0,1732608.0,41.047583977381386,30.901903265714644,1732608.0,0.1569316127182295,0.24803519342870758
1744896.0,1.0,1.0,1744896.0,36.333038330078125,33.954317618409796,1744896.0,0.09627411025576293,0.2331629998516292
1757184.0,1.0,1.0,1757184.0,5.777863875031471,32.45975572218497,1757184.0,0.055097905142853655,0.21178289709302284
1769472.0,1.0,1.0,1769472.0,42.62487099568049,31.006346147755785,1769472.0,0.06732503305344532,0.203036728357741
1781760.0,1.0,1.0,1781760.0,29.861201107501984,29.08513466070096,1781760.0,0.028524121288986255,0.1857073689481088
1794048.0,1.0,1.0,1794048.0,36.20931931336721,31.438028195003664,1794048.0,0.03933268853385622,0.15010791675886143
1806336.0,1.0,1.0,1806336.0,20.560728410879772,30.454456590116024,1806336.0,0.022260518414744485,0.11825346285671305
1818624.0,1.0,1.0,1818624.0,29.642605384190876,27.80649164766073,1818624.0,0.002930030459538102,0.09983843685477042
1830912.0,1.0,1.0,1830912.0,23.651252806186676,27.84833040883144,1830912.0,0.08343889936804771,0.08083481924647154
1843200.0,1.0,1.0,1843200.0,27.11769636472066,29.28261605650186,1843200.0,0.14495534667124352,0.06970702659067077
1855488.0,1.0,1.0,1855488.0,82.14964354038239,33.39282201280197,1855488.0,0.09527840310086806,0.06354170562893463
1867776.0,1.0,1.0,1867776.0,69.65976862112682,36.72549504190683,1867776.0,0.07104371623912205,0.06101866622727055
1880064.0,1.0,1.0,1880064.0,24.14511315027873,38.56221996943156,1880064.0,0.07967706447622429,0.0634765821606076
1892352.0,1.0,1.0,1892352.0,20.94246695439021,36.39397956530254,1892352.0,0.03107198376286154,0.059851277231549226
1904640.0,1.0,1.0,1904640.0,57.64673364162445,39.17253281871478,1904640.0,0.03494865978912761,0.060493731081563376
1916928.0,1.0,1.0,1916928.0,254.07020791371664,60.95862167874973,1916928.0,0.05926554401715597,0.06248701662989333
1929216.0,1.0,1.0,1929216.0,246.79906797409058,83.5824556350708,1929216.0,0.04651938541792333,0.06491290333021123
1941504.0,1.0,1.0,1941504.0,81.94721790154775,88.8129168868065,1941504.0,0.03270407672971487,0.0678903079572289
1953792.0,1.0,1.0,1953792.0,39.534370601177216,90.40122866630556,1953792.0,0.05399356378863255,0.06494577439928738
1966080.0,1.0,1.0,1966080.0,33.88242701689402,91.07770173152288,1966080.0,0.07228714359613757,0.05767895409177678
1978368.0,1.0,1.0,1978368.0,67.75468611717224,89.63820598920186,1978368.0,0.04915724787861109,0.05306683856955109
1990656.0,1.0,1.0,1990656.0,101.7894713083903,92.85117625792822,1990656.0,0.042701494453164436,0.05023261639095532
2002944.0,1.0,1.0,2002944.0,111.68250894546509,101.60491583744684,2002944.0,0.09268554300069809,0.0515334642434027
2015232.0,1.0,1.0,2015232.0,111.06591812769572,110.61726095477741,2015232.0,0.10107776196673512,0.05853404206379007
2027520.0,1.0,1.0,2027520.0,56.27522281805674,110.48010987242064,2027520.0,0.10332137827451031,0.06537131391232832
2039808.0,1.0,1.0,2039808.0,98.10305269559224,94.8833943506082,2039808.0,0.10395958670414984,0.06984071818102772
2052096.0,1.0,1.0,2052096.0,105.84438180923462,80.7879257341226,2052096.0,0.07123419460064422,0.07231219909929981
2064384.0,1.0,1.0,2064384.0,87.63219571113586,81.3564235150814,2064384.0,0.021246226688769337,0.07116641409520526
2076672.0,1.0,1.0,2076672.0,58.337540904680885,83.23674054543177,2076672.0,0.0886711956312259,0.0746341772794646
2088960.0,1.0,1.0,2088960.0,90.6271112759908,88.91120897134145,2088960.0,0.15848755006057522,0.08325421792590836
2101248.0,1.0,1.0,2101248.0,162.12803983688354,98.34854434331258,2101248.0,0.03451515959265331,0.08179000909731257
2113536.0,1.0,1.0,2113536.0,162.82704830169678,104.45230204264324,2113536.0,0.11968260467983782,0.08948812011997992
2125824.0,1.0,1.0,2125824.0,86.95089920361836,101.97914106845856,2125824.0,0.1262706391668568,0.09284662973659578
2138112.0,1.0,1.0,2138112.0,156.74367984135947,106.54691723982494,2138112.0,0.1401867059369882,0.0967575241336211
2150400.0,1.0,1.0,2150400.0,120.17670353253682,112.93706531127293,2150400.0,0.09487327110643189,0.09591271341681325
2162688.0,1.0,1.0,2162688.0,357.702499071757,138.89700994888943,2162688.0,0.10347082481409113,0.09586383722780736
2174976.0,1.0,1.0,2174976.0,359.7692635854085,164.2894981265068,2174976.0,0.09677598136477172,0.09841801590422013
2187264.0,1.0,1.0,2187264.0,85.53948895136516,164.08022745052975,2187264.0,0.45318150768677395,0.1416115440040206
2199552.0,1.0,1.0,2199552.0,245.13340171178183,182.75981353123984,2199552.0,0.5274586655820409,0.18549029099910208
2211840.0,1.0,1.0,2211840.0,48.47786486148834,178.54488888978958,2211840.0,0.48469670955091715,0.2181112069481363
2224128.0,1.0,1.0,2224128.0,270.62199719746906,189.39428462584812,2224128.0,0.921065911029776,0.30676628209184853
2236416.0,1.0,1.0,2236416.0,114.66855613390605,184.57843540906907,2236416.0,0.48969287301103276,0.34376730892496804
2248704.0,1.0,1.0,2248704.0,537.7975295384725,229.66309844255449,2248704.0,4.263938916226228,0.7575341366309052
2260992.0,1.0,1.0,2260992.0,1686.8100687662761,382.6697373350462,2260992.0,4.925020940601826,1.2360175600973888
2273280.0,1.0,1.0,2273280.0,2220.0195693969727,592.6540239214897,2273280.0,3.2577701484163604,1.552307247828382
2285568.0,1.0,1.0,2285568.0,503.7696523666382,607.2607392509778,2285568.0,4.143912593523662,1.956351424699339
2297856.0,1.0,1.0,2297856.0,1659.1183115641277,737.1956440488498,2297856.0,7.400390014052391,2.6867128279681007
2310144.0,1.0,1.0,2310144.0,1768.252067565918,905.4669019103051,2310144.0,4.382672945658366,3.07966197176526
2322432.0,1.0,1.0,2322432.0,284.04931084314984,909.3584928234419,2322432.0,3.2020922750234604,3.347125332709402
2334720.0,1.0,1.0,2334720.0,533.838296254476,957.8945359627407,2334720.0,4.525827830036481,3.7512384447579583
2347008.0,1.0,1.0,2347008.0,470.8069953918457,977.9130357821783,2347008.0,4.948035828769207,4.153935436531902
2359296.0,1.0,1.0,2359296.0,156.69578035672507,982.1157582044603,2359296.0,5.293516203761101,4.634317769606907
2371584.0,1.0,1.0,2371584.0,17.820958107709885,930.118101061384,2371584.0,5.572435985008876,4.765167476485173
2383872.0,1.0,1.0,2383872.0,43.58146667480469,765.7952408522367,2383872.0,2.648190125823021,4.537484395007292
2396160.0,1.0,1.0,2396160.0,28.100839734077454,546.6033678859474,2396160.0,0.08479056352128585,4.2201864365177855
2408448.0,1.0,1.0,2408448.0,13.44950740536054,497.5713533898194,2408448.0,2.0793366159001985,4.013728838755439
2420736.0,1.0,1.0,2420736.0,14.177744060754776,333.0772966394822,2420736.0,2.0390363621215024,3.4775934735623495
2433024.0,1.0,1.0,2433024.0,5.800374527772267,156.83212733566762,2433024.0,0.7581494469195604,3.1151411236884696
2445312.0,1.0,1.0,2445312.0,1.0950401884814103,128.53670027020075,2445312.0,2.936171638468901,3.088549060033013
2457600.0,1.0,1.0,2457600.0,2.7112293243408203,75.42399357718726,2457600.0,3.0450194279352822,2.940468219822894
2469888.0,1.0,1.0,2469888.0,5.55788679420948,28.899082717423642,2469888.0,3.974107893804709,2.843075426326444
2482176.0,1.0,1.0,2482176.0,5.011709334949653,13.730675615246096,2482176.0,7.496081665158272,3.063331972466161
2494464.0,1.0,1.0,2494464.0,2.6464108812312284,12.213220892598233,2494464.0,8.156620944539705,3.3217504684192436
2506752.0,1.0,1.0,2506752.0,1.0208410086731117,7.957158325985075,2506752.0,7.156592135628064,3.772590669399748
2519040.0,1.0,1.0,2519040.0,0.42753925422827405,5.189828278000156,2519040.0,2.709884968896707,4.035100109937291
2531328.0,1.0,1.0,2531328.0,0.2421931417969366,3.8690968516437954,2531328.0,3.1669643645485244,4.1438628848021235
2543616.0,1.0,1.0,2543616.0,0.1712010858270029,2.468442554151019,2543616.0,11.294392565886179,5.06939850517859
2555904.0,1.0,1.0,2555904.0,0.09710267380190392,1.898115368753982,2555904.0,15.031366288661957,6.496720189352831
2568192.0,1.0,1.0,2568192.0,0.030907851081186283,1.7917021350139595,2568192.0,9.456587990125021,7.148761824518442
2580480.0,1.0,1.0,2580480.0,0.06484761896232764,1.5270639644761104,2580480.0,1.8571964378158252,7.029979525506496
2592768.0,1.0,1.0,2592768.0,0.05727959707534561,0.9770032447626968,2592768.0,2.0270261776944003,6.835271353895466
2605056.0,1.0,1.0,2605056.0,0.05458138506704321,0.481290449774436,2605056.0,4.145869811375936,6.500250168517232
2617344.0,1.0,1.0,2617344.0,0.08883806861316164,0.2255331685126294,2617344.0,9.06000186999639,6.5905882610629005
2629632.0,1.0,1.0,2629632.0,0.017852292037180934,0.12523429684903625,2629632.0,10.145519003272057,6.889480947827299
2641920.0,1.0,1.0,2641920.0,0.02466762496624142,0.08494713392283301,2641920.0,6.330856497089068,7.251578100646536
2654208.0,1.0,1.0,2654208.0,0.051936533146848284,0.06592147305782418,2654208.0,3.0266752193371453,7.237549186125397
2666496.0,1.0,1.0,2666496.0,0.0174570111266803,0.050547065587791914,2666496.0,1.970721001426379,6.305182029679417
2678784.0,1.0,1.0,2678784.0,0.023020756372716278,0.04313887384487316,2678784.0,1.8431488871574402,4.986360289528966
2691072.0,1.0,1.0,2691072.0,0.01699509212630801,0.04174759794938533,2691072.0,3.778578020632267,4.418559292579691
2703360.0,1.0,1.0,2703360.0,0.018202648633935798,0.037083100916546145,2703360.0,2.8169666727383933,4.514536316071948
2715648.0,1.0,1.0,2715648.0,0.012204344636605432,0.03257557567267213,2715648.0,0.3754381438096364,4.349377512683472
2727936.0,1.0,1.0,2727936.0,0.019415153956894454,0.029058952561657254,2727936.0,2.943511262536049,4.229141657799483
2740224.0,1.0,1.0,2740224.0,0.03478290185254688,0.023653435885595774,2740224.0,5.084452820320924,3.8315867528319365
2752512.0,1.0,1.0,2752512.0,0.0721096651783834,0.029079173199716025,2752512.0,3.062132492661476,3.1232481017708777
2764800.0,1.0,1.0,2764800.0,0.03421222472873827,0.030033633175965708,2764800.0,1.1245467749734719,2.602617129559318
2777088.0,1.0,1.0,2777088.0,0.08888565562665462,0.03372854542394634,2777088.0,2.6793247933189073,2.567882086957494
2789376.0,1.0,1.0,2789376.0,0.22056378796696663,0.054039223107974974,2789376.0,4.1565638308723765,2.786466369902094
2801664.0,1.0,1.0,2801664.0,0.0995280211015294,0.06168994958085629,2801664.0,5.3358583226799965,3.13573731345435
2813952.0,1.0,1.0,2813952.0,0.15192336527009806,0.0751827768952353,2813952.0,2.142447835455338,2.972124294936657
2826240.0,1.0,1.0,2826240.0,0.3175221054504315,0.10511472257688488,2826240.0,1.1369876557340224,2.8041263932362197
2838528.0,1.0,1.0,2838528.0,0.10133268396990995,0.11402755651021532,2838528.0,4.781340149541696,3.244716593809425
2850816.0,1.0,1.0,2850816.0,0.21949811543648443,0.13403585265817433,2850816.0,3.729868325094382,3.3233523000652587
2863104.0,1.0,1.0,2863104.0,0.4003093757977088,0.1705885000526905,2863104.0,2.3817008013526597,3.0530770981684325
2875392.0,1.0,1.0,2875392.0,0.1387780202397456,0.17725533555882672,2875392.0,2.0670516627530255,2.953569015177588
2887680.0,1.0,1.0,2887680.0,0.19361258282636604,0.1931953713685895,2887680.0,1.8831423670053482,3.029428574380775
2899968.0,1.0,1.0,2899968.0,0.6387255365649859,0.24817935946242264,2899968.0,6.422542457779248,3.4037503408268095
2912256.0,1.0,1.0,2912256.0,0.3031163200115164,0.2564346126668776,2912256.0,8.372240553299585,3.8253180130695297
2924544.0,1.0,1.0,2924544.0,0.3716989466920495,0.28365170522592964,2924544.0,3.0387607688705125,3.595608257688581
2936832.0,1.0,1.0,2936832.0,1.49479553475976,0.4179389221748958,2936832.0,0.31056730713074404,3.412420204856123
2949120.0,1.0,1.0,2949120.0,2.2203388723234334,0.6082205988621959,2949120.0,5.028316132724285,3.801553052555149
2961408.0,1.0,1.0,2961408.0,1.1883679299304883,0.7169241234582538,2961408.0,7.584841971596082,4.0819032347605875
2973696.0,1.0,1.0,2973696.0,2.172987062484026,0.9122730181630079,2973696.0,5.69656274219354,4.278572676470503
2985984.0,1.0,1.0,2985984.0,5.360162114103635,1.4082582919936004,2985984.0,3.50569661706686,4.3909722580419235
2998272.0,1.0,1.0,2998272.0,6.551624556382497,2.0495429456078758,2998272.0,0.7388116084039211,4.258148252607013
3010560.0,1.0,1.0,3010560.0,5.142258423070113,2.5444075296322506,3010560.0,2.1207836431761584,4.281912380224094
3022848.0,1.0,1.0,3022848.0,1.6682019072274368,2.6473551666984956,3022848.0,7.7650013615687685,4.416158270603046
3035136.0,1.0,1.0,3035136.0,6.504319513837497,3.2674754860810937,3035136.0,6.87759372095267,4.266693587368354
3047424.0,1.0,1.0,3047424.0,17.334446161985397,4.9637502076104285,3047424.0,2.948327715198199,4.257650282001122
3059712.0,1.0,1.0,3059712.0,28.79165804386139,7.693436458520591,3059712.0,0.5957657191902399,4.286170123207072
3072000.0,1.0,1.0,3072000.0,22.217626810073853,9.693165252295632,3072000.0,4.431276502708594,4.2264661602055025
3084288.0,1.0,1.0,3084288.0,3.7750035747885704,9.951828816781441,3084288.0,7.57417069375515,4.22539903242141
3096576.0,1.0,1.0,3096576.0,2.8194786831736565,10.016477978850405,3096576.0,7.041195705533028,4.359862328755359
3108864.0,1.0,1.0,3108864.0,14.542565107345581,10.9347182781746,3108864.0,3.5419502233465514,4.363487689383328
3121152.0,1.0,1.0,3121152.0,15.454266985257467,11.824982521062095,3121152.0,1.6840342010060947,4.458009948643546
3133440.0,1.0,1.0,3133440.0,22.57211301724116,13.567967980479201,3133440.0,2.8694673255085945,4.532878316876789
3145728.0,1.0,1.0,3145728.0,38.32754725217819,17.233902514974275,3145728.0,1.581653385112683,3.91454351923118
3158016.0,1.0,1.0,3158016.0,53.55055749416351,21.93852631300688,3158016.0,1.1705078507463138,3.3438349322105445
3170304.0,1.0,1.0,3170304.0,51.79904476801554,25.384986173609892,3170304.0,3.206374228000641,3.369639583490789
3182592.0,1.0,1.0,3182592.0,50.98773308595022,27.604593677818777,3182592.0,3.5936778659621873,3.6694307981679835
3194880.0,1.0,1.0,3194880.0,91.99001820882161,34.58183281769355,3194880.0,4.230745166540146,3.649377664551139
3207168.0,1.0,1.0,3207168.0,66.60915231704712,40.86524769191941,3207168.0,3.076727149387201,3.199633310114344
3219456.0,1.0,1.0,3219456.0,89.39650289217631,49.52295011281967,3219456.0,2.1559464409947395,2.711108383660515
3231744.0,1.0,1.0,3231744.0,46.90337840716044,52.75903144280115,3231744.0,4.362807308634122,2.793194092189272
3244032.0,1.0,1.0,3244032.0,8.210021461049715,52.03460689038038,3244032.0,4.137963930765788,3.038587065165242
3256320.0,1.0,1.0,3256320.0,18.69722519318263,51.64711810797453,3256320.0,2.321591770897309,2.9837995097041135
3268608.0,1.0,1.0,3268608.0,13.628784517447153,49.17724183450143,3268608.0,2.0470349863171577,3.0303376698245605
3280896.0,1.0,1.0,3280896.0,2.2026154721776643,44.042447632302846,3280896.0,0.9505241786440214,3.0083393026143312
3293184.0,1.0,1.0,3293184.0,2.927463928858439,39.15528954838713,3293184.0,0.6764303321639696,2.755344913030664
3305472.0,1.0,1.0,3305472.0,2.039590198546648,34.260475259646775,3305472.0,2.07345200330019,2.6033223267644647
3317760.0,1.0,1.0,3317760.0,1.7975748845686514,25.24123092722148,3317760.0,1.53184212744236,2.333432022854686
3330048.0,1.0,1.0,3330048.0,3.7678862561782203,18.95710432113459,3330048.0,0.28254463989287615,2.0540137719052534
3342336.0,1.0,1.0,3342336.0,5.224274088939031,10.539881440810857,3342336.0,1.4766351679960887,1.986082644605388
3354624.0,1.0,1.0,3354624.0,4.9733144491910934,6.346875045013925,3354624.0,1.5885936866203945,1.7086612824040155
3366912.0,1.0,1.0,3366912.0,4.490705952048302,5.974943494113783,3366912.0,0.8334483212480942,1.378209721452246
3379200.0,1.0,1.0,3379200.0,6.27056722342968,4.732277697138488,3379200.0,1.1728645352025826,1.2633369978827735
3391488.0,1.0,1.0,3391488.0,6.254445252319177,3.9948437706256903,3391488.0,1.5349618904292583,1.2121296882939836
3403776.0,1.0,1.0,3403776.0,4.254674804707368,4.200049703878661,3403776.0,0.45145230554044247,1.1622225009836256
3416064.0,1.0,1.0,3416064.0,1.9171086338659127,4.099014174379408,3416064.0,1.218842430661122,1.2164637108333407
3428352.0,1.0,1.0,3428352.0,0.6141330801571409,3.9564684625404576,3428352.0,0.8699244620899359,1.0961109567123155
3440640.0,1.0,1.0,3440640.0,1.8051354388395946,3.957224517967551,3440640.0,0.9108132192244133,1.0340080658905209
3452928.0,1.0,1.0,3452928.0,1.3318676954756181,3.713622661897291,3452928.0,2.4707870756586394,1.2528323094670974
3465216.0,1.0,1.0,3465216.0,1.945615182320277,3.385756771235416,3465216.0,1.3929762442906697,1.2444664170965551
3477504.0,1.0,1.0,3477504.0,1.5259393850962322,3.0410192648259304,3477504.0,1.5026202909648418,1.235869077531
3489792.0,1.0,1.0,3489792.0,4.286957775553067,3.020644447176407,3489792.0,3.670924127101898,1.5196166581163806
3502080.0,1.0,1.0,3502080.0,13.976803233226141,3.791268048156053,3502080.0,3.518109440803528,1.754141148676475
3514368.0,1.0,1.0,3514368.0,5.81823222587506,3.7476467455116413,3514368.0,1.720604990919431,1.7727054587254922
3526656.0,1.0,1.0,3526656.0,11.332804853717485,4.455459750412652,3526656.0,0.9785181072851022,1.8254120388999577
3538944.0,1.0,1.0,3538944.0,27.885477642218273,7.052296651247889,3538944.0,2.7814033031463623,1.981668126148482
3551232.0,1.0,1.0,3551232.0,20.6671346227328,9.057596805505455,3551232.0,5.525643299023311,2.4472400098418197
3563520.0,1.0,1.0,3563520.0,6.027811621626218,9.479864423784118,3563520.0,5.486991077661514,2.90485779568553
3575808.0,1.0,1.0,3575808.0,13.380039989948273,10.684681653231383,3575808.0,3.9000253876050315,3.0477816268801687
3588096.0,1.0,1.0,3588096.0,66.09919051329295,17.10003918632865,3588096.0,2.1552212859193483,3.124006131043037
3600384.0,1.0,1.0,3600384.0,100.2809313138326,26.975538379202288,3600384.0,1.212919215982159,3.0950360235447683
3612672.0,1.0,1.0,3612672.0,51.962120254834495,31.743054627130427,3612672.0,0.9483165740966797,2.822775268244247
3624960.0,1.0,1.0,3624960.0,37.27398592233658,34.07277289604147,3624960.0,0.8328842806319395,2.554252752227088
3637248.0,1.0,1.0,3637248.0,58.42497326930364,39.333447000384325,3637248.0,0.4209727691486478,2.42428953005001
3649536.0,1.0,1.0,3649536.0,86.37162748972575,46.837329263985154,3649536.0,0.7555821308245262,2.4019959324039517
3661824.0,1.0,1.0,3661824.0,61.7999324798584,50.22877474774917,3661824.0,0.97108518704772,2.2209641207940876
3674112.0,1.0,1.0,3674112.0,84.32052826881409,56.5941141123573,3674112.0,1.2797965159018834,1.796379442481945
3686400.0,1.0,1.0,3686400.0,67.18924283981323,62.710257234176005,3686400.0,0.9961296698699394,1.3472933017027873
3698688.0,1.0,1.0,3698688.0,39.59435077508291,65.33168831268947,3698688.0,0.410238020742933,0.9983145650165774
3710976.0,1.0,1.0,3710976.0,60.59072148799896,64.78084141016008,3710976.0,1.4708328420917194,0.9298757206338149
3723264.0,1.0,1.0,3723264.0,91.70828366279602,63.923576645056414,3723264.0,1.8444595982631047,0.9930297588619093
3735552.0,1.0,1.0,3735552.0,23.11603589852651,61.03896820942562,3735552.0,0.3685179892927408,0.9350499003815156
3747840.0,1.0,1.0,3747840.0,62.47617789109548,63.55918740630151,3747840.0,1.0834883376955986,0.9601103060878813
3760128.0,1.0,1.0,3760128.0,78.21729735533397,65.53841981490453,3760128.0,1.704511055101951,1.0884641346832118
3772416.0,1.0,1.0,3772416.0,28.53793226679166,59.75505029261112,3772416.0,1.1771556337674458,1.1306214849775036
3784704.0,1.0,1.0,3784704.0,11.85624368985494,54.76068141361078,3784704.0,0.5822276084994277,1.0917357271226744
3796992.0,1.0,1.0,3796992.0,41.35938153664271,50.46456674039364,3796992.0,1.1884993761777878,1.0826060131502648
3809280.0,1.0,1.0,3809280.0,19.96546756227811,45.74218921264013,3809280.0,1.6579725444316864,1.1487903006064395
3821568.0,1.0,1.0,3821568.0,15.233578691879908,43.30611200431983,3821568.0,2.1655260771512985,1.3243191062472761
3833856.0,1.0,1.0,3833856.0,54.41473046938578,42.68851290245851,3833856.0,1.27108192568024,1.304344014606128
3846144.0,1.0,1.0,3846144.0,60.892998695373535,39.60698440571626,3846144.0,1.528154415388902,1.272713496318708
3858432.0,1.0,1.0,3858432.0,46.46170904239019,41.94155172010262,3858432.0,1.768518543491761,1.4127135517386098
3870720.0,1.0,1.0,3870720.0,57.86931379636129,41.4808653106292,3870720.0,0.5388240767642856,1.3582471256454784
3883008.0,1.0,1.0,3883008.0,95.1091919740041,43.17005477249622,3883008.0,1.137112870812416,1.301507307216525
3895296.0,1.0,1.0,3895296.0,100.76329644521077,50.39259119033813,3895296.0,1.2835352271795273,1.3121452665577333
3907584.0,1.0,1.0,3907584.0,96.78738637765248,58.88570545911789,3907584.0,0.7594009004533291,1.3298625957531232
3919872.0,1.0,1.0,3919872.0,32.742188493410744,58.02398615479469,3919872.0,0.7285779248923063,1.283870450624575
3932160.0,1.0,1.0,3932160.0,77.69548809528351,63.79698820809523,3932160.0,1.2385383242120345,1.24192702860261
3944448.0,1.0,1.0,3944448.0,123.12472915649414,74.58610325455666,3944448.0,1.14679805872341,1.1400542267598213
3956736.0,1.0,1.0,3956736.0,64.50992993513744,75.59562320113181,3956736.0,0.34335587701449793,1.0472816218932468
3969024.0,1.0,1.0,3969024.0,25.191501537958782,72.02547348539034,3969024.0,1.8309749849140644,1.0775636788457632
3981312.0,1.0,1.0,3981312.0,81.13572490215302,75.49287507136663,3981312.0,2.6996219058831534,1.1706740150849024
3993600.0,1.0,1.0,3993600.0,60.126759111881256,75.71861960291862,3993600.0,1.5764808356761932,1.274439690976093
4005888.0,1.0,1.0,4005888.0,13.859893510739008,67.59368975659211,4005888.0,1.9024141989648342,1.3509698237913352
4018176.0,1.0,1.0,4018176.0,8.530609240134558,58.370421036084494,4018176.0,4.318965330719948,1.6545128341453768
4030464.0,1.0,1.0,4030464.0,7.3409018615881605,49.42577258447807,4030464.0,4.095425379772981,1.9881152820773422
4042752.0,1.0,1.0,4042752.0,3.724659184614817,46.52401965359847,4042752.0,1.5642931771775086,2.0716868073058623
4055040.0,1.0,1.0,4055040.0,2.2120632715523243,38.97567717122536,4055040.0,0.41778001313408214,1.9896109761980667
4067328.0,1.0,1.0,4067328.0,0.6794284231339892,26.731147097889334,4067328.0,0.619564856402576,1.9368876559659836
4079616.0,1.0,1.0,4079616.0,0.3890472270237903,20.31905882707797,4079616.0,1.988607349495093,2.1014128032140436
4091904.0,1.0,1.0,4091904.0,0.5603413761903843,17.85594281090113,4091904.0,2.8771764983733497,2.206032954559972
4104192.0,1.0,1.0,4104192.0,0.30732656906669337,9.773102977592497,4104192.0,2.0020966405669847,2.1362804280283547
4116480.0,1.0,1.0,4116480.0,0.15500347029107311,3.77592741343348,4116480.0,1.9740117813150089,2.176033522592237
4128768.0,1.0,1.0,4128768.0,0.10519244576183458,2.4004573069357624,4128768.0,2.294127032160759,2.215204805911829
4141056.0,1.0,1.0,4141056.0,0.0455630508173878,1.5519526880040455,4141056.0,3.7118732755382857,2.1544956003936626
4153344.0,1.0,1.0,4153344.0,0.021266190500076238,0.8199891208952369,4153344.0,4.210246821244557,2.165977744540821
4165632.0,1.0,1.0,4165632.0,0.02399661405555283,0.44992286383931057,4165632.0,2.0187476463615894,2.2114231914592284
4177920.0,1.0,1.0,4177920.0,0.020561930151113,0.2307727296991895,4177920.0,0.7344153535862764,2.243086725504448
4190208.0,1.0,1.0,4190208.0,0.013379215893413251,0.1641678089751319,4190208.0,2.0982578434050083,2.390956024204691
4202496.0,1.0,1.0,4202496.0,0.010625378155964427,0.1263256240883493,4202496.0,1.609261247018973,2.3530214139570793
4214784.0,1.0,1.0,4214784.0,0.006855679603177123,0.07097705442962857,4214784.0,1.2103988751769066,2.1863436516374355
4227072.0,1.0,1.0,4227072.0,0.00579115377816682,0.04082351290077592,4227072.0,3.1293189028898873,2.299065877869725
4239360.0,1.0,1.0,4239360.0,0.004491777983882154,0.025772343670056826,4239360.0,2.022740140557289,2.3039387137939533
4251648.0,1.0,1.0,4251648.0,0.01789757110721742,0.017042856204595107,4251648.0,1.619035938133796,2.236429604391257
4263936.0,1.0,1.0,4263936.0,0.006181790959089994,0.013104730218765325,4263936.0,3.1298577090104422,2.1782280477384726
4276224.0,1.0,1.0,4276224.0,0.01727911488463481,0.012706022657221183,4276224.0,2.236049048602581,1.9808082704742749
4288512.0,1.0,1.0,4288512.0,0.024457392593224842,0.012752100510988384,4288512.0,0.1660930081270635,1.7955428066508223
4300800.0,1.0,1.0,4300800.0,0.007046808837912977,0.011400588379668381,4300800.0,2.325573105365038,1.9546585818286986
4313088.0,1.0,1.0,4313088.0,0.031382767600007355,0.013200943550327793,4313088.0,5.06484117358923,2.251316914847121
4325376.0,1.0,1.0,4325376.0,0.009157998118704805,0.013054205546601829,4325376.0,2.6296126767992973,2.3533520578251528
4337664.0,1.0,1.0,4337664.0,0.02043138772326832,0.014411776358610951,4337664.0,0.21924834636350474,2.2542370049438127
4349952.0,1.0,1.0,4349952.0,0.007053964936252062,0.014538057474419474,4349952.0,1.0519330687820911,2.046498421533033
4362240.0,1.0,1.0,4362240.0,0.04076487276082238,0.018165366952113498,4362240.0,3.659386066099008,2.210163014087205
4374528.0,1.0,1.0,4374528.0,0.022702179431992892,0.01864582778459104,4374528.0,1.632498450577259,2.2115092653315513
4386816.0,1.0,1.0,4386816.0,0.03312220129494866,0.02133986881817691,4386816.0,3.1775825743873916,2.2162817518692464
4399104.0,1.0,1.0,4399104.0,0.039095057310381286,0.02352146306075156,4399104.0,2.539201439668735,2.2465969909758616
4411392.0,1.0,1.0,4411392.0,0.057684769039042294,0.026844200705333304,4411392.0,1.6746290897329648,2.3974505991364516
4423680.0,1.0,1.0,4423680.0,0.1196783649114271,0.03810735631268471,4423680.0,1.3654924482107162,2.30144253342102
4435968.0,1.0,1.0,4435968.0,0.09396835513568173,0.044365915066252155,4435968.0,1.4141153283417225,1.9363699488962691
4448256.0,1.0,1.0,4448256.0,0.12836137297563255,0.05628625255194493,4448256.0,8.721274748444557,2.545536156060795
4460544.0,1.0,1.0,4460544.0,0.12165273330174387,0.0664083871097925,4460544.0,10.238064323862394,3.5474177538106844
4472832.0,1.0,1.0,4472832.0,0.04926108151751881,0.07062909876791916,4472832.0,9.701100115974745,4.4123344585299495
4485120.0,1.0,1.0,4485120.0,0.13542595808394253,0.08009520730023117,4485120.0,41.34293740987778,8.180689592907827
4497408.0,1.0,1.0,4497408.0,0.19822929108825824,0.09764791846585771,4497408.0,23.34996873140335,10.352436620990435
4509696.0,1.0,1.0,4509696.0,0.059871666793090604,0.10032286501567192,4509696.0,6.940611268083255,10.728739490360024
4521984.0,1.0,1.0,4521984.0,0.2476163205380241,0.12117499133843619,4521984.0,13.858793695767721,11.86069871596992
4534272.0,1.0,1.0,4534272.0,0.0976301565921555,0.1251695300937475,4534272.0,2.3411636191109815,11.927352168907722
4546560.0,1.0,1.0,4546560.0,0.2347029383915166,0.1366719874417565,4546560.0,13.56293491522471,13.147096415609122
4558848.0,1.0,1.0,4558848.0,0.30463455834736425,0.15773860776292473,4558848.0,8.486640820900599,13.854348964865007
4571136.0,1.0,1.0,4571136.0,0.42455974128097296,0.18735844459345874,4571136.0,16.399297783772152,14.622151268397767
4583424.0,1.0,1.0,4583424.0,0.30938668083399534,0.20613183934668386,4583424.0,16.56330747405688,15.254675583417216
4595712.0,1.0,1.0,4595712.0,0.5197082556163272,0.25317655675656475,4595712.0,5.081301552553971,14.792695727075142
4608000.0,1.0,1.0,4608000.0,0.5357042498265704,0.29320438593082754,4608000.0,4.531856561700503,11.111587642257414
4620288.0,1.0,1.0,4620288.0,0.1499284231880059,0.2883742991408023,4620288.0,8.661199937264124,9.642710762843489
4632576.0,1.0,1.0,4632576.0,0.34791545492286485,0.3171786779537797,4632576.0,7.266263321042061,9.67527596813937
4644864.0,1.0,1.0,4644864.0,0.10729102798116703,0.303146148698094,4644864.0,9.065475051601728,9.19594410372277
4657152.0,1.0,1.0,4657152.0,0.19490300475930175,0.3128734335148087,4657152.0,10.80606652299563,10.042434394111236
4669440.0,1.0,1.0,4669440.0,0.4568078313022852,0.33508392280588545,4669440.0,6.062209606170654,9.29236186320583
4681728.0,1.0,1.0,4681728.0,0.29777738576134044,0.3343982055472831,4681728.0,13.735595424969992,9.817257323612768
4694016.0,1.0,1.0,4694016.0,0.3384358547627926,0.3257858168954651,4694016.0,10.0138947168986,9.178717016925415
4706304.0,1.0,1.0,4706304.0,0.20849128727180263,0.31569627753924584,4706304.0,3.419389339784781,7.864325203498206
4718592.0,1.0,1.0,4718592.0,0.7734217668573061,0.34106762866334367,4718592.0,6.929666697978973,8.049161718040704
4730880.0,1.0,1.0,4730880.0,0.8173433920989434,0.3692315428905809,4730880.0,4.059700635572274,8.001946125427882
4743168.0,1.0,1.0,4743168.0,0.8591768061742187,0.4401563811892023,4743168.0,4.877341041962306,7.623560235897699
4755456.0,1.0,1.0,4755456.0,0.9869329004238049,0.5040581257392962,4755456.0,6.287515168388684,7.525685420632362
4767744.0,1.0,1.0,4767744.0,0.5852323186894258,0.5518522548101221,4767744.0,5.093484280010064,7.128486343473194
4780032.0,1.0,1.0,4780032.0,0.4074210189282894,0.5731040562270209,4780032.0,9.828873480359713,7.030767039209604
4792320.0,1.0,1.0,4792320.0,0.47386608086526394,0.5748098811833188,4792320.0,4.851328087349732,6.9096788873275115
4804608.0,1.0,1.0,4804608.0,0.6608540825545788,0.6111175508626425,4804608.0,7.151730045676231,6.2512923493981365
4816896.0,1.0,1.0,4816896.0,1.212567575275898,0.6985307229139531,4816896.0,12.56864066918691,6.506766944626966
4829184.0,1.0,1.0,4829184.0,0.4211878792072336,0.7198003821074963,4829184.0,8.8275116533041,7.047579175978899
4841472.0,1.0,1.0,4841472.0,0.5598017564043403,0.6984383810621997,4841472.0,2.5149505510926247,6.606107561290264
4853760.0,1.0,1.0,4853760.0,1.1859112692375977,0.7352951687760652,4853760.0,10.868936022122702,7.287031099945307
4866048.0,1.0,1.0,4866048.0,1.3318542279303074,0.782562910951674,4866048.0,9.539005979895592,7.753197593738635
4878336.0,1.0,1.0,4878336.0,0.4800661215558648,0.73187623306488,4878336.0,0.35311432865758735,7.159757509765525
4890624.0,1.0,1.0,4890624.0,0.6820798149953285,0.7415609826954703,4890624.0,4.279339032868545,7.078342985051374
4902912.0,1.0,1.0,4902912.0,1.8137167195479076,0.8821905527574321,4902912.0,8.016056050856909,6.897061242101094
4915200.0,1.0,1.0,4915200.0,1.1567133087664843,0.950475275547554,4915200.0,3.03726676851511,6.7156551102176305
4927488.0,1.0,1.0,4927488.0,0.5858004884794354,0.9429699161400398,4927488.0,5.226749497155349,6.523157055365543
4939776.0,1.0,1.0,4939776.0,1.0634418968111277,0.9280573482935628,4939776.0,3.1474839076399803,5.58104137921085
4952064.0,1.0,1.0,4952064.0,1.1424570356806119,1.0001842639409007,4952064.0,5.618779997030894,5.260168213583529
4964352.0,1.0,1.0,4964352.0,0.7654226273298264,1.0207463510334491,4964352.0,13.447495132684708,6.353422671742737
4976640.0,1.0,1.0,4976640.0,1.2486801035702229,1.0270232344667118,4976640.0,7.278016229470571,5.994330692477525
4988928.0,1.0,1.0,4988928.0,1.8976036043216784,1.083598172105849,4988928.0,6.059156447649002,5.646345739252866
5001216.0,1.0,1.0,5001216.0,2.353481899946928,1.2709397499449553,5001216.0,13.746152698993683,6.985649576286475
5013504.0,1.0,1.0,5013504.0,2.4693163397411504,1.4496634024195372,5013504.0,14.266157895326614,7.984331462532282
5025792.0,1.0,1.0,5025792.0,0.6711245616897941,1.3354041866337258,5025792.0,14.558499743541082,8.638575831800697
5038080.0,1.0,1.0,5038080.0,0.5972050838172436,1.2794533641388017,5038080.0,3.207395300269127,8.655588684976099
5050368.0,1.0,1.0,5050368.0,2.2466182820498943,1.4455351434958477,5050368.0,16.034606337547302,9.736374369015298
5062656.0,1.0,1.0,5062656.0,2.6425279739002385,1.6034437512047588,5062656.0,30.615213811397552,12.483147359391054
5074944.0,1.0,1.0,5074944.0,1.9909245433906715,1.6882905019757648,5074944.0,23.068162620067596,14.228085621694722
5087232.0,1.0,1.0,5087232.0,0.9936130543549856,1.7111095446782805,5087232.0,5.675311793883641,13.45086728781462
5099520.0,1.0,1.0,5099520.0,0.9577468863377968,1.682016222955038,5099520.0,6.61399049560229,13.38446471442779
5111808.0,1.0,1.0,5111808.0,1.4273790263881285,1.634993765161683,5111808.0,10.619533667961756,13.840502436459065
5124096.0,1.0,1.0,5124096.0,0.7313476521521807,1.4727803403822084,5124096.0,19.871946553389233,14.453081821898621
5136384.0,1.0,1.0,5136384.0,0.09043967459971707,1.234892673868065,5136384.0,57.57679025332133,18.78414505769809
5148672.0,1.0,1.0,5148672.0,0.7664082227274776,1.2444210399718334,5148672.0,35.22275682290395,20.85057076563438
5160960.0,1.0,1.0,5160960.0,1.400474280739824,1.3247479596640912,5160960.0,4.5836937601367636,20.988200611621142
5173248.0,1.0,1.0,5173248.0,1.7772347281376522,1.277809604272867,5173248.0,24.57254393895467,21.841994371761878
5185536.0,1.0,1.0,5185536.0,1.0374454787621896,1.1173013547590622,5185536.0,28.643652419249218,21.644838232547045
5197824.0,1.0,1.0,5197824.0,0.31316825266306597,0.9495257256863017,5197824.0,6.979051510492961,20.03592712158958
5210112.0,1.0,1.0,5210112.0,0.16720123984850943,0.8668845442356542,5210112.0,5.929366111755371,20.06133255337675
5222400.0,1.0,1.0,5222400.0,0.7109060060853759,0.8422004562104121,5222400.0,2.831959562997023,19.683129460116227
5234688.0,1.0,1.0,5234688.0,0.7975715684394041,0.7792197104155397,5234688.0,18.10388966401418,20.43156505972147
5246976.0,1.0,1.0,5246976.0,0.99944225884974,0.8060291710852955,5246976.0,6.547796954711278,19.099150099853677
5259264.0,1.0,1.0,5259264.0,0.740872748196125,0.8710724784449363,5259264.0,29.713413695494335,16.312812444070975
5271552.0,1.0,1.0,5271552.0,0.10251216621448596,0.8046828727936373,5271552.0,18.379459937413532,14.628482755521935
5283840.0,1.0,1.0,5283840.0,0.13780953804962337,0.6784163985246171,5283840.0,23.268370767434437,16.496950456251703
5296128.0,1.0,1.0,5296128.0,0.39440642048915225,0.5401335677597671,5296128.0,16.856680820385616,15.725364144394794
5308416.0,1.0,1.0,5308416.0,0.1438774891042461,0.45077676879397277,5308416.0,106.21663435300191,23.482662337770062
5320704.0,1.0,1.0,5320704.0,0.08357641966237377,0.4278175854939036,5320704.0,109.95511364936829,33.78026855165759
5332992.0,1.0,1.0,5332992.0,0.37806057402243215,0.4489035189112959,5332992.0,24.203711986541748,35.607703139136234
5345280.0,1.0,1.0,5345280.0,0.7541389722997943,0.4532268155327377,5345280.0,106.0522669951121,45.92973388234775
5357568.0,1.0,1.0,5357568.0,0.8713089286660155,0.46060055155539886,5357568.0,69.20723919073741,51.040068835020065
5369856.0,1.0,1.0,5369856.0,0.6327698600168029,0.4239333116721052,5369856.0,38.52990680932999,54.23827982048194
5382144.0,1.0,1.0,5382144.0,0.4558259661619862,0.3954286334686913,5382144.0,272.9515396753947,78.56209241847198
5394432.0,1.0,1.0,5394432.0,0.6313100413729748,0.44830842098454016,5394432.0,333.96165386835736,110.12031181156635
5406720.0,1.0,1.0,5406720.0,0.9384526299933592,0.5283727301789137,5406720.0,138.09621699651083,121.603096434474
5419008.0,1.0,1.0,5419008.0,0.9300701537479957,0.581939103504798,5419008.0,2131.290667215983,333.0464950740337
5431296.0,1.0,1.0,5431296.0,0.4413220528513193,0.6116835598795054,5431296.0,1046.5297222137451,427.077803860108
5443584.0,1.0,1.0,5443584.0,0.5797273258989056,0.6612986505031586,5443584.0,142.78717589378357,430.3610100845496
5455872.0,1.0,1.0,5455872.0,0.8949066208054622,0.7129832551814616,5455872.0,86.58249020576477,436.5988879064718
5468160.0,1.0,1.0,5468160.0,0.5695314711580673,0.6945225050672889,5468160.0,58.0514657497406,431.7988077819347
5480448.0,1.0,1.0,5480448.0,0.6289781546220183,0.6702894276628892,5480448.0,24.18780295054118,427.29686415791514
5492736.0,1.0,1.0,5492736.0,1.4749099239706993,0.7545034340582788,5492736.0,62.95331871509552,429.73920534849174
5505024.0,1.0,1.0,5505024.0,1.274846622099479,0.836405499652028,5505024.0,93.689523935318,411.81300377448395
5517312.0,1.0,1.0,5517312.0,0.5603643866876761,0.8293109341834983,5517312.0,99.99082859357198,388.4159212470055
5529600.0,1.0,1.0,5529600.0,0.39783066340411705,0.775248737524574,5529600.0,49.136004288991295,379.5198999762535
5541888.0,1.0,1.0,5541888.0,0.48910910822451115,0.7311526329722257,5541888.0,110.24018239974976,177.41485149463017
5554176.0,1.0,1.0,5554176.0,0.34977280674502254,0.7219977083615958,5554176.0,129.60521896680197,85.72240116993586
5566464.0,1.0,1.0,5566464.0,0.0686580358305946,0.6708907793547648,5566464.0,70.5218669573466,78.49587027629215
5578752.0,1.0,1.0,5578752.0,0.4148711400727431,0.6228872312814928,5578752.0,22.56794023513794,72.09441527922948
5591040.0,1.0,1.0,5591040.0,0.42923238314688206,0.6088573224803744,5591040.0,31.248543560504913,69.41412306030591
5603328.0,1.0,1.0,5603328.0,0.24694140426193675,0.5706536474443661,5603328.0,74.63603393236797,74.45894615848859
5615616.0,1.0,1.0,5615616.0,0.5377787752076983,0.4769405325680661,5615616.0,2.9368415971597037,68.457298446695
5627904.0,1.0,1.0,5627904.0,0.9073776515821615,0.44019363551633434,5627904.0,73.79647823174794,66.46799387633801
5640192.0,1.0,1.0,5640192.0,0.468672439455986,0.4310244407931654,5640192.0,329.3565589586894,89.40456691284976
5652480.0,1.0,1.0,5652480.0,0.13993385139231881,0.4052347595919855,5652480.0,511.7379496892293,135.66476145287353
5664768.0,1.0,1.0,5664768.0,0.6063592831293741,0.41695977708247184,5664768.0,581.782039642334,182.81894717713197
5677056.0,1.0,1.0,5677056.0,0.5464339569831888,0.4366258921062884,5677056.0,684.1827866236368,238.27670394281546
5689344.0,1.0,1.0,5689344.0,0.4436331456527114,0.4741234030885001,5689344.0,9728.442642211914,1204.0687814682722
5701632.0,1.0,1.0,5701632.0,1.7410162066419919,0.6067379097454249,5701632.0,4695.259707132976,1671.3379581580562
5713920.0,1.0,1.0,5713920.0,2.066855954627196,0.7705002668934563,5713920.0,594.150541305542,1727.6281579325598
5726208.0,1.0,1.0,5726208.0,0.691146549458305,0.814920781413093,5726208.0,782.6672846476237,1798.4312830040853
5738496.0,1.0,1.0,5738496.0,0.17409164838803312,0.7785520687311267,5738496.0,916.5412896474203,1889.791727809111
5750784.0,1.0,1.0,5750784.0,0.3407142177845041,0.7218857253513609,5750784.0,625.3970212936401,1944.9517821153004
5763072.0,1.0,1.0,5763072.0,0.24878444227700433,0.6998969256334627,5763072.0,193.4081360499064,1931.3569398244224
5775360.0,1.0,1.0,5775360.0,0.06468983021720003,0.6923725235159508,5775360.0,91.62462155024211,1889.345607010524
5787648.0,1.0,1.0,5787648.0,0.35857361275702715,0.6675939564787162,5787648.0,84.87503747145335,1839.6549067934357
5799936.0,1.0,1.0,5799936.0,0.4783323959757884,0.660783800377976,5799936.0,56.778458873430885,1776.9144740184151
5812224.0,1.0,1.0,5812224.0,0.3576017135443787,0.6521806571671429,5812224.0,95.04301873842876,813.5745116710664
5824512.0,1.0,1.0,5824512.0,0.10985465832830717,0.48906450233577436,5824512.0,275.6152370770772,371.61006466547644
5836800.0,1.0,1.0,5836800.0,0.2682732455432415,0.309206231427379,5836800.0,378.9740104675293,350.0924115816752
5849088.0,1.0,1.0,5849088.0,0.24026254626611868,0.2641178311081603,5849088.0,299.0638370513916,301.732066822052
5861376.0,1.0,1.0,5861376.0,0.1289758855321755,0.25960625482257454,5861376.0,63.01619986693064,216.37955784400302
5873664.0,1.0,1.0,5873664.0,0.594607710527877,0.2849956040969118,5873664.0,82.91293974717458,162.13114968935648
5885952.0,1.0,1.0,5885952.0,0.5874387718116244,0.31886103705037383,5885952.0,190.85537481307983,161.87587356567383
5898240.0,1.0,1.0,5898240.0,0.19925856202219924,0.3323179102308738,5898240.0,58.32491918404897,158.5459033290545
5910528.0,1.0,1.0,5910528.0,0.14242904540151358,0.3107034534953224,5910528.0,139.803849140803,164.03878449598946
5922816.0,1.0,1.0,5922816.0,0.26935231576984126,0.28980544547472775,5922816.0,157.00045029322305,174.06098363796872
5935104.0,1.0,1.0,5935104.0,0.1743476549939563,0.27148003961968553,5935104.0,205.10872157414755,185.06755392154056
5947392.0,1.0,1.0,5947392.0,0.42135460178057355,0.30263003396491206,5947392.0,77.4645398457845,165.25248419841128
5959680.0,1.0,1.0,5959680.0,0.6609098464250565,0.34189369405309356,5959680.0,208.33794132868448,148.18887728452682
5971968.0,1.0,1.0,5971968.0,0.3634598543867469,0.3542134248651564,5971968.0,327.02637751897174,150.98513133128483
5984256.0,1.0,1.0,5984256.0,0.11908325126084189,0.35322416143802304,5984256.0,235.96696837743124,168.2802081823349
5996544.0,1.0,1.0,5996544.0,0.41702014037097496,0.3354654044223328,5996544.0,184.5083114306132,178.43974535067878
6008832.0,1.0,1.0,6008832.0,0.609398196451366,0.337661346886307,6008832.0,170.5628161430359,176.41048948367435
6021120.0,1.0,1.0,6021120.0,0.39332597811395925,0.357068088495483,6021120.0,353.9342228571574,205.9714198509852
6033408.0,1.0,1.0,6033408.0,0.2549895370999972,0.36832413766533134,6033408.0,501.8417561848958,242.1752105553945
6045696.0,1.0,1.0,6045696.0,0.5577105470001698,0.3971599607883642,6045696.0,516.4366210301718,278.1188276290894
6057984.0,1.0,1.0,6057984.0,0.6272778163353602,0.4424529769225046,6057984.0,364.0876801808675,294.0167234897614
6070272.0,1.0,1.0,6070272.0,0.3360155529032151,0.43391907203476887,6070272.0,204.5567167599996,306.7259411811829
6082560.0,1.0,1.0,6082560.0,0.09201405011117458,0.3770294924033806,6082560.0,108.8937116463979,296.7815182129542
6094848.0,1.0,1.0,6094848.0,0.16790306676800051,0.35747381364150593,6094848.0,43.72420767943064,268.4513012290001
6107136.0,1.0,1.0,6107136.0,0.26696023360515636,0.3722615118759373,6107136.0,85.24936385949452,253.37954077720642
6119424.0,1.0,1.0,6119424.0,0.18789208331145346,0.34934870616998526,6119424.0,70.91625034809113,242.02033466895423
6131712.0,1.0,1.0,6131712.0,0.07225299929268658,0.2956341864541173,6131712.0,120.62078046798706,237.02613110144935
6144000.0,1.0,1.0,6144000.0,0.3292538512808581,0.2892269737708072,6144000.0,101.78217625617981,211.8109264413516
6156288.0,1.0,1.0,6156288.0,0.5251565010597309,0.31624367016678057,6156288.0,141.28401056925455,175.75515187978746
6168576.0,1.0,1.0,6168576.0,0.22941854673748216,0.2834144701405118,6168576.0,137.40672874450684,137.85216265122097
6180864.0,1.0,1.0,6180864.0,0.04876271959316606,0.22556296046629237,6180864.0,113.20164171854655,112.76355880498886
6193152.0,1.0,1.0,6193152.0,0.4818296640490492,0.24014437158087582,6193152.0,130.16286412874857,105.32417354186376
6205440.0,1.0,1.0,6205440.0,0.6909192154804865,0.300034888117807,6205440.0,158.32721066474915,110.26752344369888
6217728.0,1.0,1.0,6217728.0,0.35546305899818736,0.3187908873408257,6217728.0,118.83410580952962,117.77851325670876
6230016.0,1.0,1.0,6230016.0,0.04161575570469722,0.2962564395507798,6230016.0,81.61598598957062,117.41517546971639
6242304.0,1.0,1.0,6242304.0,0.32905139308422804,0.3103723705280572,6242304.0,45.01329263051351,114.82487969795861
6254592.0,1.0,1.0,6254592.0,0.3140362212434411,0.33455069272313265,6254592.0,48.94633368651072,107.65743501981099
6266880.0,1.0,1.0,6266880.0,0.10585749614983797,0.3122110572100307,6266880.0,80.67694822947185,105.5469122171402
6279168.0,1.0,1.0,6279168.0,0.12112192274071276,0.2718075993781288,6279168.0,106.4176378250122,102.06027494271595
6291456.0,1.0,1.0,6291456.0,0.13837587142673632,0.2627033318470543,6291456.0,53.775277733802795,93.69712984164555
6303744.0,1.0,1.0,6303744.0,0.06282249030967553,0.2641093089187052,6303744.0,123.28023306528728,94.70498897631963
6316032.0,1.0,1.0,6316032.0,0.08370222853651892,0.22429656536745218,6316032.0,156.72166442871094,97.36086900631587
6328320.0,1.0,1.0,6328320.0,0.0693118943599984,0.16213583325540337,6328320.0,46.08787175019582,86.13693511486055
6340608.0,1.0,1.0,6340608.0,0.1504714855303367,0.1416366759086183,6340608.0,351.2393627166748,109.37746080557505
6352896.0,1.0,1.0,6352896.0,0.09073619303914408,0.146548719642063,6352896.0,268.17452414830524,128.0333146214485
6365184.0,1.0,1.0,6365184.0,0.038505516849303,0.11749413201857048,6365184.0,71.66458304723103,130.69844366312026
6377472.0,1.0,1.0,6377472.0,0.10179231909569353,0.09626974180379573,6377472.0,250.86529636383057,150.89033993085224
6389760.0,1.0,1.0,6389760.0,0.14533047013295194,0.10021703920210712,6389760.0,490.7567777633667,191.89832288424174
6402048.0,1.0,1.0,6402048.0,0.15870790711293617,0.10397563763932946,6402048.0,579.9844271341959,239.25500181516009
6414336.0,1.0,1.0,6414336.0,0.13026033194425204,0.10316408369108103,6414336.0,397.40264733632404,273.61773877541225
6426624.0,1.0,1.0,6426624.0,0.16356255835853517,0.11323809049596698,6426624.0,123.65034770965576,273.6547502398491
6438912.0,1.0,1.0,6438912.0,0.13024449325166643,0.11789231696748174,6438912.0,116.68089167277019,269.650672964255
6451200.0,1.0,1.0,6451200.0,0.08240927348379046,0.11920205487986095,6451200.0,45.61991262435913,269.60387705167125
6463488.0,1.0,1.0,6463488.0,0.05956235283520073,0.11011114161034734,6463488.0,98.80207848548889,244.36014862855274
6475776.0,1.0,1.0,6475776.0,0.06535332273536672,0.10757285457996961,6475776.0,283.90390094121295,245.93308630784355
6488064.0,1.0,1.0,6488064.0,0.12376160275501509,0.11609846317054082,6488064.0,193.0829291343689,258.0749209165573
6500352.0,1.0,1.0,6500352.0,0.08595837190902482,0.11451506845187395,6500352.0,136.72009372711182,246.66040065288544
6512640.0,1.0,1.0,6512640.0,0.10601834130162995,0.11058385556874176,6512640.0,117.42038027445476,209.32676090399423
6524928.0,1.0,1.0,6524928.0,0.0790963201240326,0.1026226968698514,6524928.0,38.9481797615687,155.22313616673154
6537216.0,1.0,1.0,6537216.0,0.01806902372239468,0.09140356604766567,6537216.0,147.14452274640402,130.1973237077395
6549504.0,1.0,1.0,6549504.0,0.05979655357077718,0.08102696556888987,6549504.0,14.719380388657251,119.30422697563968
6561792.0,1.0,1.0,6561792.0,0.02879525243770331,0.07088204148749355,6561792.0,198.64713128407797,127.50085093677043
6574080.0,1.0,1.0,6574080.0,0.024559480778407305,0.06509706221695524,6574080.0,251.85088348388672,148.12394802272317
6586368.0,1.0,1.0,6586368.0,0.010077625115324432,0.06014858944496761,6586368.0,358.7884324391683,174.12258341809112
6598656.0,1.0,1.0,6598656.0,0.07838131359312683,0.061451388530743625,6598656.0,680.5515311559042,213.78734643956028
6610944.0,1.0,1.0,6610944.0,0.060285336221568286,0.05510376187739894,6610944.0,613.7892913818359,255.85798266430697
6623232.0,1.0,1.0,6623232.0,0.031119574695670355,0.04961988215606349,6623232.0,808.5540110270182,323.0413743942976
6635520.0,1.0,1.0,6635520.0,0.04482819378608838,0.04350086740450933,6635520.0,880.3529974619547,399.3346361130476
6647808.0,1.0,1.0,6647808.0,0.061439120948004224,0.0417351474869065,6647808.0,1121.7873554229736,507.61855367918804
6660096.0,1.0,1.0,6660096.0,0.019254838194077212,0.041853728934074755,6660096.0,1188.0694942474365,611.7110508292914
6672384.0,1.0,1.0,6672384.0,0.05493051197845489,0.04136712477484252,6672384.0,121.31723833084106,622.3708366235097
6684672.0,1.0,1.0,6684672.0,0.08443900721613318,0.04693150025268551,6684672.0,2971.4182739257812,899.64795088768
6696960.0,1.0,1.0,6696960.0,0.08321771875489503,0.052797324050334285,6696960.0,121.10181593894958,886.5730441331864
6709248.0,1.0,1.0,6709248.0,0.015372571593616158,0.05332681869816345,6709248.0,121.30103063583374,862.824303952853
6721536.0,1.0,1.0,6721536.0,0.07582986572136481,0.05307167391098725,6721536.0,19.426020741462708,796.7117529114087
6733824.0,1.0,1.0,6733824.0,0.07848284346982837,0.05489142463581326,6733824.0,29.780843476454418,738.3109081208706
6746112.0,1.0,1.0,6746112.0,0.048259279147411384,0.05660539508098735,6746112.0,22.482898493607838,659.7037968675295
6758400.0,1.0,1.0,6758400.0,0.03444958660596361,0.05556753436297489,6758400.0,8.539124776919683,572.522409599026
6770688.0,1.0,1.0,6770688.0,0.034940503615265094,0.05291767262970097,6770688.0,4.657907535632451,460.80946481029184
6782976.0,1.0,1.0,6782976.0,0.06433937376520286,0.05742612618681353,6782976.0,7.748301098744075,342.7773454954227
6795264.0,1.0,1.0,6795264.0,0.06610733883765836,0.05854380887273388,6795264.0,7.378490835428238,331.38347074588137
6807552.0,1.0,1.0,6807552.0,0.04603881648896883,0.054703789800017444,6807552.0,6.862073888381322,34.92785074214141
6819840.0,1.0,1.0,6819840.0,0.08097953399798523,0.05447997132432647,6819840.0,8.812622447808584,23.69893139302731
6832128.0,1.0,1.0,6832128.0,0.03805503301555291,0.056748217466520146,6832128.0,11.15248833100001,12.684077162543932
6844416.0,1.0,1.0,6844416.0,0.06984897741737466,0.056150128636121135,6844416.0,10.790971716245016,11.820572260022164
6856704.0,1.0,1.0,6856704.0,0.11154739023186266,0.05945658331232456,6856704.0,10.51142851014932,9.893630763391652
6868992.0,1.0,1.0,6868992.0,0.1193423221508662,0.06656488761267004,6868992.0,12.574310024579367,8.902771916488806
6881280.0,1.0,1.0,6881280.0,0.06363031582441181,0.06948296053451486,6881280.0,13.39775182803472,9.388634621600309
6893568.0,1.0,1.0,6893568.0,0.057304567114139594,0.07171936688440231,6893568.0,11.63553030292193,10.086396898329259
6905856.0,1.0,1.0,6905856.0,0.059392729812922575,0.07122470248917427,6905856.0,2.8538055568933487,9.596947344144185
6918144.0,1.0,1.0,6918144.0,0.06641740429525574,0.07125570903493403,6918144.0,13.3924687008063,10.198345130681993
6930432.0,1.0,1.0,6930432.0,0.15298901995023093,0.08195072938106024,6930432.0,19.335501968860626,11.445687938729922
6942720.0,1.0,1.0,6942720.0,0.07242573355324566,0.08109534933658627,6942720.0,31.099935293197632,13.674419223268828
6955008.0,1.0,1.0,6955008.0,0.040242572218024485,0.08131410325683344,6955008.0,2.7309107730786004,12.832261467476684
6967296.0,1.0,1.0,6967296.0,0.02845335961319506,0.07717454147641548,6967296.0,17.454874803622562,13.498651776214441
6979584.0,1.0,1.0,6979584.0,0.017983274010475725,0.06781812985427678,6979584.0,4.340205142895381,12.881529439489046
6991872.0,1.0,1.0,6991872.0,0.024242270485653233,0.05830812468775548,6991872.0,33.96057144800822,15.020155581831933
7004160.0,1.0,1.0,7004160.0,0.04538666790661713,0.05648375989597602,7004160.0,115.40917221705119,25.221297620733576
7016448.0,1.0,1.0,7016448.0,0.04048925653720895,0.05480222883828295,7016448.0,237.33367125193277,47.79111171563466
7028736.0,1.0,1.0,7028736.0,0.028989003777193528,0.051761856234710045,7028736.0,219.8087011973063,69.48660127967597
7041024.0,1.0,1.0,7041024.0,0.02579972561215982,0.04770008836640045,7041024.0,351.16419887542725,103.26377429713804
7053312.0,1.0,1.0,7053312.0,0.02713556952464084,0.035114743323841444,7053312.0,270.94987837473553,128.42521193772555
7065600.0,1.0,1.0,7065600.0,0.029912973831718166,0.030863467351688694,7065600.0,524.3271827697754,177.7479366853833
7077888.0,1.0,1.0,7077888.0,0.056918350009558104,0.032531045130842054,7077888.0,750.8535798390707,252.5602035919825
7090176.0,1.0,1.0,7090176.0,0.0423688770388253,0.033922596873405084,7090176.0,410.79694016774494,291.8944101283948
7102464.0,1.0,1.0,7102464.0,0.045775455655530095,0.036701815037910514,7102464.0,1039.3342386881511,395.39381348292034
7114752.0,1.0,1.0,7114752.0,0.056393479889569186,0.03991693597830211,7114752.0,1541.314754486084,546.1292317867279
7127040.0,1.0,1.0,7127040.0,0.04585400487606724,0.03996366967524712,7127040.0,579.1111936569214,592.499433930715
7139328.0,1.0,1.0,7139328.0,0.01712437237923344,0.03762718125944957,7139328.0,1337.3748569488525,702.5035525004071
7151616.0,1.0,1.0,7151616.0,0.016200577568573255,0.03634833863858754,7151616.0,2172.6182696024575,897.784509340922
7163904.0,1.0,1.0,7163904.0,0.062496163959925376,0.0400179824733641,7163904.0,1313.4304421742756,994.0111336708069
7176192.0,1.0,1.0,7176192.0,0.08267007702185462,0.045571433223085475,7176192.0,1346.541088104248,1101.5702546437583
7188480.0,1.0,1.0,7188480.0,0.04826714282777781,0.04740685012269145,7188480.0,2015.893492380778,1250.7268856048584
7200768.0,1.0,1.0,7200768.0,0.014940211258362979,0.043209036247571934,7200768.0,2695.4544474283853,1445.1869723637897
7213056.0,1.0,1.0,7213056.0,0.06401118519715965,0.045373267063405366,7213056.0,5964.008021036784,2000.5080804506938
7225344.0,1.0,1.0,7225344.0,0.07505541027057916,0.04830126252491027,7225344.0,1116.0145975748699,2008.1761163393658
7237632.0,1.0,1.0,7237632.0,0.012194154871394858,0.04388133002309284,7237632.0,580.3049596150717,1912.0751368522644
7249920.0,1.0,1.0,7249920.0,0.11278545662450294,0.05057447519793641,7249920.0,183.43378241856894,1872.507395728429
7262208.0,1.0,1.0,7262208.0,0.13035309105180204,0.06189734706519327,7262208.0,91.02142095565796,1747.8720521291095
7274496.0,1.0,1.0,7274496.0,0.07515552457577239,0.06779284176591319,7274496.0,195.14917437235513,1550.1251426060994
7286784.0,1.0,1.0,7286784.0,0.031021683399255078,0.06464539370984615,7286784.0,105.8499988714854,1429.3670982758204
7299072.0,1.0,1.0,7299072.0,0.03925159325202306,0.060303545332862994,7299072.0,31.69432634115219,1297.882422099511
7311360.0,1.0,1.0,7311360.0,0.03700067242607474,0.059176898292692695,7311360.0,29.232023119926453,1099.2162751734256
7323648.0,1.0,1.0,7323648.0,0.03935379406902939,0.061618256573759335,7323648.0,15.80510750412941,831.2513411810002
7335936.0,1.0,1.0,7335936.0,0.038635432332133256,0.0590806812872567,7335936.0,6.4674321959416075,235.49728229691587
7348224.0,1.0,1.0,7348224.0,0.01607175649648222,0.053182315909847,7348224.0,27.48292714357376,126.64411525378628
7360512.0,1.0,1.0,7360512.0,0.050876072549726814,0.0570505076776802,7360512.0,34.258281886577606,72.03944748093684
7372800.0,1.0,1.0,7372800.0,0.049807259056251496,0.05075268792085506,7372800.0,29.413547257582348,56.637423964838185
7385088.0,1.0,1.0,7385088.0,0.021836680175814156,0.03990104683325626,7385088.0,23.17194402217865,49.85247627149026
7397376.0,1.0,1.0,7397376.0,0.014401167689356953,0.033825611144614715,7397376.0,12.127282867829004,31.550287121037645
7409664.0,1.0,1.0,7409664.0,0.02260738573386334,0.032984181378075544,7409664.0,5.883896867434184,21.55367692063252
7421952.0,1.0,1.0,7421952.0,0.04520618647802621,0.03357964070067586,7421952.0,9.76054254670938,19.36029854118824
7434240.0,1.0,1.0,7434240.0,0.04432251721542949,0.03431182517961133,7434240.0,10.73833261926969,17.510929491122567
7446528.0,1.0,1.0,7446528.0,0.023465402948204428,0.03272298606752884,7446528.0,3.66448242465655,16.296866983175278
7458816.0,1.0,1.0,7458816.0,0.018971504585351795,0.030756593292850687,7458816.0,15.507205684979757,17.200844332079093
7471104.0,1.0,1.0,7471104.0,0.01523447610088624,0.030672865253291094,7471104.0,11.355263829231262,15.588078000644845
7483392.0,1.0,1.0,7483392.0,0.011327269050525501,0.02671798490337096,7483392.0,2.1748417553802333,12.379733987525105
7495680.0,1.0,1.0,7495680.0,0.009980928642714085,0.02273535186201722,7495680.0,11.688916772603989,10.60727093902727
7507968.0,1.0,1.0,7507968.0,0.022487113543320447,0.022800395198767847,7507968.0,11.212550987799963,9.411331635589402
7520256.0,1.0,1.0,7520256.0,0.026886871550232172,0.02404896558485537,7520256.0,3.559236298004786,8.55452697860698
7532544.0,1.0,1.0,7532544.0,0.01700451576228564,0.0234886785876976,7532544.0,34.52463767925898,11.418601059789461
7544832.0,1.0,1.0,7544832.0,0.006748495802942974,0.019642909520189277,7544832.0,60.576841155687966,16.50023092068732
7557120.0,1.0,1.0,7557120.0,0.006458568818440351,0.015856514680490364,7557120.0,46.15122671922048,20.041520330682395
7569408.0,1.0,1.0,7569408.0,0.010618058731779456,0.014571780258847863,7569408.0,15.547111928462982,21.229783281063042
7581696.0,1.0,1.0,7581696.0,0.010266153869451955,0.013701245187257882,7581696.0,6.773446102937062,20.35640732285877
7593984.0,1.0,1.0,7593984.0,0.0038656911904884814,0.012564366696218104,7593984.0,27.146530588467915,21.93553399878244
7606272.0,1.0,1.0,7606272.0,0.015414026041980833,0.012973042395363638,7606272.0,37.44818218549093,25.462868041793506
7618560.0,1.0,1.0,7618560.0,0.01374834836072599,0.01334978436716483,7618560.0,20.68181140224139,26.362157504757242
7630848.0,1.0,1.0,7630848.0,0.00292577721120324,0.011393650733953108,7630848.0,5.415856550137202,25.782488060990964
7643136.0,1.0,1.0,7643136.0,0.013673521093248079,0.0100723156882547,7643136.0,7.895719354351361,26.216136366625626
7655424.0,1.0,1.0,7655424.0,0.023271196774051834,0.01069898378943132,7655424.0,7.612474674979846,23.524920066197716
7667712.0,1.0,1.0,7667712.0,0.017480765663397808,0.011772210775476803,7667712.0,3.962444747487704,17.863480425377684
7680000.0,1.0,1.0,7680000.0,0.009603446810312258,0.012086698574663993,7680000.0,2.5309008869032064,13.501447842145959
7692288.0,1.0,1.0,7692288.0,0.02859009705328693,0.013883902406814742,7692288.0,6.031804357965787,12.54991708509624
7704576.0,1.0,1.0,7704576.0,0.049442351524097226,0.017801522172279267,7704576.0,5.173988079031308,12.389971282705663
7716864.0,1.0,1.0,7716864.0,0.02712196416299169,0.02012714946952959,7716864.0,6.343178351720174,10.30963605903089
7729152.0,1.0,1.0,7729152.0,0.01480092240187029,0.020065839105518533,7729152.0,2.295594117293755,6.7943772522111745
7741440.0,1.0,1.0,7741440.0,0.011356993752997369,0.01982670364474567,7741440.0,3.2008005008101463,5.0462761620680485
7753728.0,1.0,1.0,7753728.0,0.02398869997705333,0.021932995921330682,7753728.0,8.279566248257956,5.332647131880124
7766016.0,1.0,1.0,7766016.0,0.01540808022643129,0.022106451834649002,7766016.0,5.479401936133702,5.0910153900583595
7778304.0,1.0,1.0,7778304.0,0.005466845369179889,0.020326016694161807,7778304.0,2.17270265892148,4.547038188452523
7790592.0,1.0,1.0,7790592.0,0.01406924705952406,0.019984864833774433,7790592.0,3.9344660292069116,4.5442403166244425
7802880.0,1.0,1.0,7802880.0,0.026814805906421196,0.021706000743385325,7802880.0,3.4041466688116393,4.631564894815286
7815168.0,1.0,1.0,7815168.0,0.009808991720395474,0.019827890210096184,7815168.0,3.375171239177386,4.365901582936447
7827456.0,1.0,1.0,7827456.0,0.013219530645680303,0.016205608122254488,7827456.0,5.245652578771114,4.373068032910426
7839744.0,1.0,1.0,7839744.0,0.010616018281628689,0.01455501353411819,7839744.0,3.980974999566873,4.136847697695097
7852032.0,1.0,1.0,7852032.0,0.0034905088250525296,0.013423972176436413,7852032.0,0.49395533464848995,3.9566838194305705
7864320.0,1.0,1.0,7864320.0,0.017279558611335233,0.014016228662270197,7864320.0,1.6154597401618958,3.7981497433657454
7876608.0,1.0,1.0,7876608.0,0.019129953434458002,0.013530354008010666,7876608.0,0.8452955838292837,3.0547226769228777
7888896.0,1.0,1.0,7888896.0,0.015401757341654351,0.013529721719532973,7888896.0,1.4776316943267982,2.654545652742187
7901184.0,1.0,1.0,7901184.0,0.006986361981641191,0.013681673380779103,7901184.0,8.095248704155287,3.246800257265568
7913472.0,1.0,1.0,7913472.0,0.007886363790021278,0.013063385053828824,7913472.0,5.935408820708592,3.446894536415736
7925760.0,1.0,1.0,7925760.0,0.007161856910291438,0.01109809015421585,7925760.0,1.189292344575127,3.2254091039920842
7938048.0,1.0,1.0,7938048.0,0.008217193613139292,0.010938910343490229,7938048.0,3.619439815481504,3.2498359616224968
7950336.0,1.0,1.0,7950336.0,0.014056187249176825,0.011022576003839882,7950336.0,7.798409437139829,3.5051116474593678
7962624.0,1.0,1.0,7962624.0,0.012030855330522172,0.011164059708729232,7962624.0,4.640286150077979,3.5710427625104786
7974912.0,1.0,1.0,7974912.0,0.013308330409927294,0.012145841867216707,7974912.0,2.333052396774292,3.754952468723059
7987200.0,1.0,1.0,7987200.0,0.006194337552490954,0.011037319761332279,7987200.0,2.2316359455386796,3.816570089260737
7999488.0,1.0,1.0,7999488.0,0.010833070152633203,0.010207631433149799,7999488.0,2.816635988652706,4.013704129743079
8011776.0,1.0,1.0,8011776.0,0.01889901719793367,0.010557357418777733,8011776.0,3.6626582940419516,4.232206789714595
8024064.0,1.0,1.0,8024064.0,0.02201437438876989,0.012060158659490602,8024064.0,3.3972524628043175,3.7624071655794977
8036352.0,1.0,1.0,8036352.0,0.0026586416073162886,0.011537386441220102,8036352.0,1.7471200488507748,3.3435782883937164
8048640.0,1.0,1.0,8048640.0,0.011960183270275593,0.012017219077218517,8048640.0,3.3863211423158646,3.5632811681677894
8060928.0,1.0,1.0,8060928.0,0.023377244360744953,0.013533224151979084,8060928.0,3.378514821330706,3.53918866875271
8073216.0,1.0,1.0,8073216.0,0.01588743569057745,0.013716348996119149,8073216.0,4.375936791300774,3.1969414041688045
8085504.0,1.0,1.0,8085504.0,0.0056740570823118714,0.013080669171298114,8085504.0,8.314492146174112,3.5643620037784176
8097792.0,1.0,1.0,8097792.0,0.019120234937872738,0.01366185962409266,8097792.0,6.786015758911769,4.009658339992165
8110080.0,1.0,1.0,8110080.0,0.023788395900434505,0.015421265458887015,8110080.0,2.068967973192533,3.993391542757551
8122368.0,1.0,1.0,8122368.0,0.010020210005071325,0.01533997944413083,8122368.0,5.483694742123286,4.260097418104609
8134656.0,1.0,1.0,8134656.0,0.0032629204712672313,0.013776369771464184,8134656.0,4.44318916151921,4.338150504852334
8146944.0,1.0,1.0,8146944.0,0.01373875344870612,0.012948807677457808,8146944.0,2.148165396104256,4.213241798182328
8159232.0,1.0,1.0,8159232.0,0.018749531872648124,0.014557896703990995,8159232.0,1.8693714290857315,4.225466936205825
8171520.0,1.0,1.0,8171520.0,0.013872682611690834,0.014749146638132515,8171520.0,2.038363952189684,4.090671217193206
8183808.0,1.0,1.0,8183808.0,0.0043468186995596625,0.012846104072013986,8183808.0,1.8797525589664776,3.940794990956783
8196096.0,1.0,1.0,8196096.0,0.012760025905057168,0.012533363093461957,8196096.0,5.359925876061122,4.039193899432818
8208384.0,1.0,1.0,8208384.0,0.019306449335999787,0.013896602318830747,8208384.0,10.008990615606308,4.208643746376038
8220672.0,1.0,1.0,8220672.0,0.00799971002076442,0.012784549827119917,8220672.0,8.900930047035217,4.420135175188383
8232960.0,1.0,1.0,8232960.0,0.007189787900036511,0.011124689027080118,8232960.0,4.575344182550907,4.67077279612422
8245248.0,1.0,1.0,8245248.0,0.004129334107953279,0.010535601437368314,8245248.0,1.0421429785589378,4.226617619767785
8257536.0,1.0,1.0,8257536.0,0.005902524460301113,0.0107995618362717,8257536.0,9.55838623146216,4.73813732676208
8269824.0,1.0,1.0,8269824.0,0.009183955068389574,0.010344081998240048,8269824.0,16.3017960190773,6.153500389059385
8282112.0,1.0,1.0,8282112.0,0.008946838289072426,0.00936381263988248,8282112.0,11.708714624245962,7.137434708575407
8294400.0,1.0,1.0,8294400.0,0.0050546289154832875,0.008482007270261724,8294400.0,2.426590360701084,7.176257349426547
8306688.0,1.0,1.0,8306688.0,0.005349658468427758,0.008582291247148533,8306688.0,7.092579906185468,7.697540084148447
8318976.0,1.0,1.0,8318976.0,0.01195584369027832,0.008501873025670648,8318976.0,11.538141111532846,8.31536160769562
8331264.0,1.0,1.0,8331264.0,0.009717509897503382,0.007542979081821007,8331264.0,6.041711151599884,7.918633661294978
8343552.0,1.0,1.0,8343552.0,0.005184230460145045,0.007261431125759069,8343552.0,2.2188136937717595,7.250422025968632
8355840.0,1.0,1.0,8355840.0,0.005353841122996528,0.007077836448055071,8355840.0,5.183957107365131,7.311283318450054
8368128.0,1.0,1.0,8368128.0,0.005740967057742334,0.0072389997430339775,8368128.0,10.10911639034748,8.217980659628907
8380416.0,1.0,1.0,8380416.0,0.006182156614765215,0.007266962958480387,8380416.0,9.23100009560585,8.185242046043276
8392704.0,1.0,1.0,8392704.0,0.004379205010385097,0.006786487952679938,8392704.0,3.2121755654613176,6.876280000681679
8404992.0,1.0,1.0,8404992.0,0.004698566267810141,0.00636166075055371,8404992.0,1.6975758112967014,5.875166119386751
8417280.0,1.0,1.0,8417280.0,0.0030341126669857963,0.006159609125703962,8417280.0,1.1049325205385685,5.743000335370501
8429568.0,1.0,1.0,8429568.0,0.004537143873070211,0.006078357666168208,8429568.0,0.9605380042145649,5.12979614517341
8441856.0,1.0,1.0,8441856.0,0.006412937063335751,0.00552406700347395,8441856.0,2.1349778113265834,4.189479815152784
8454144.0,1.0,1.0,8454144.0,0.0015142648644541623,0.004703742500169029,8454144.0,2.4501741441587606,3.8303261144086718
8466432.0,1.0,1.0,8466432.0,0.005889882595511153,0.004774307713705639,8466432.0,1.7765797997514408,3.7861027250066392
8478720.0,1.0,1.0,8478720.0,0.008975930638068045,0.00513651666521279,8478720.0,2.0348510580758252,3.4711921200777085
8491008.0,1.0,1.0,8491008.0,0.005582267248731417,0.005120646684311699,8491008.0,3.130349280933539,2.7733154091363152
8503296.0,1.0,1.0,8503296.0,0.0070731179002905264,0.00520974281286423,8503296.0,4.532561053832372,2.303471504958967
8515584.0,1.0,1.0,8515584.0,0.015018921869341284,0.006273714498759848,8515584.0,2.845441515247027,2.2667980999375383
8527872.0,1.0,1.0,8527872.0,0.010475721564337922,0.006851430028412627,8527872.0,4.033034183084965,2.500343937116365
8540160.0,1.0,1.0,8540160.0,0.012578429959830828,0.00780586175769713,8540160.0,7.326526651779811,3.1225033502404886
8552448.0,1.0,1.0,8552448.0,0.016331136410978313,0.00898526101148794,8552448.0,5.51754604279995,3.5782041540990277
8564736.0,1.0,1.0,8564736.0,0.015724456316092983,0.009916412936763664,8564736.0,0.76486628378431,3.4411930013448
8577024.0,1.0,1.0,8577024.0,0.006378452739833544,0.010402831724301603,8577024.0,4.320621646940708,3.628237751622995
8589312.0,1.0,1.0,8589312.0,0.0037159252339430773,0.010185435988144795,8589312.0,8.584894478321075,4.309069219479959
8601600.0,1.0,1.0,8601600.0,0.0272259294676284,0.01201043587110083,8601600.0,6.381132279833158,4.743697341655691
8613888.0,1.0,1.0,8613888.0,0.039418213399282344,0.015394030486155924,8613888.0,2.4784234017133713,4.678504753733675
8626176.0,1.0,1.0,8626176.0,0.025772460552010063,0.017263964751327875,8626176.0,1.1616043386360009,4.341409082214038
8638464.0,1.0,1.0,8638464.0,0.00856784540519584,0.016618857104913332,8638464.0,2.517669274161259,4.3086318581054615
8650752.0,1.0,1.0,8650752.0,0.00978618183095629,0.01654990313157517,8650752.0,2.6320238672196865,4.168530826518933
8663040.0,1.0,1.0,8663040.0,0.020007320078245055,0.01729279214341659,8663040.0,2.2379884210725627,3.6596770034482082
8675328.0,1.0,1.0,8675328.0,0.015375655862347534,0.017197244088553512,8675328.0,2.1373284546037516,3.3216552446285883
8687616.0,1.0,1.0,8687616.0,0.005804109513216342,0.016205209408265846,8687616.0,4.05637148519357,3.6508057647695145
8699904.0,1.0,1.0,8699904.0,0.012077957585764429,0.016775159892858937,8699904.0,3.556232119599978,3.5743668120354406
8712192.0,1.0,1.0,8712192.0,0.014953074549945692,0.017898874824459197,8712192.0,2.9232618510723114,3.008203549310565
8724480.0,1.0,1.0,8724480.0,0.009991429707345864,0.016175424848430944,8724480.0,3.2732740888992944,2.697417730217179
8736768.0,1.0,1.0,8736768.0,0.0037920399069359214,0.012612807499196303,8736768.0,3.876170131067435,2.837192403152585
8749056.0,1.0,1.0,8749056.0,0.0045747614979821565,0.010493037593793511,8749056.0,2.5378448901077113,2.974816458299756
8761344.0,1.0,1.0,8761344.0,0.011804341115445519,0.01081668716481848,8761344.0,0.6628486029803753,2.7893343911816677
8773632.0,1.0,1.0,8773632.0,0.006140353774147418,0.010452104359137593,8773632.0,2.0781450383365154,2.733946508293351
8785920.0,1.0,1.0,8785920.0,0.003570197516334398,0.008808392102946528,8785920.0,4.752627477049828,2.985410413891077
8798208.0,1.0,1.0,8798208.0,0.00751121590534846,0.00802194810724662,8798208.0,5.056369016567866,3.277314470087488
8810496.0,1.0,1.0,8810496.0,0.00848254348966293,0.00828979150489128,8810496.0,1.6676824266711872,3.038445564235251
8822784.0,1.0,1.0,8822784.0,0.004426633509865496,0.007524659097301387,8822784.0,3.555705418189367,3.0383928940941893
8835072.0,1.0,1.0,8835072.0,0.006016861627964924,0.00663103780510331,8835072.0,9.106378749012947,3.656704583888252
8847360.0,1.0,1.0,8847360.0,0.005595536039133246,0.0061914484382820465,8847360.0,6.9546038409074145,4.0248375590890655
8859648.0,1.0,1.0,8859648.0,0.0034005230578865544,0.0061522967533771105,8859648.0,1.3645904312531154,3.7736795891076325
8871936.0,1.0,1.0,8871936.0,0.00504061438308175,0.00619888204188707,8871936.0,0.08979941330229242,3.528875041427091
8884224.0,1.0,1.0,8884224.0,0.0046257217497138,0.005481020105313898,8884224.0,2.464307506879171,3.7090209318169713
8896512.0,1.0,1.0,8896512.0,0.006894264961980904,0.005556411224097247,8896512.0,4.081851286192735,3.9093915566025927
8908800.0,1.0,1.0,8908800.0,0.004778391482735363,0.005677230620737344,8908800.0,2.751056561867396,3.709234465084349
8921088.0,1.0,1.0,8921088.0,0.005942990571687308,0.005520408087371228,8921088.0,1.5667856906851132,3.360276132496074
8933376.0,1.0,1.0,8933376.0,0.006998835422564298,0.0053720372806613645,8933376.0,0.06411529355682433,3.1999194191846376
8945664.0,1.0,1.0,8945664.0,0.005696415658652161,0.005499015495540031,8945664.0,2.357752487063408,3.080124126072042
8957952.0,1.0,1.0,8957952.0,0.0022949556550884154,0.005126824898252381,8957952.0,5.746771996219953,2.744163450792742
8970240.0,1.0,1.0,8970240.0,0.0075601739129827665,0.005323288685637332,8970240.0,5.175546144445737,2.5662576811465745
8982528.0,1.0,1.0,8982528.0,0.004626523633002459,0.005445888743148922,8982528.0,1.9062733103831608,2.6204259690595793
8994816.0,1.0,1.0,8994816.0,0.002583969252251942,0.005200224230065941,8994816.0,0.6077259872108698,2.6722186264504364
9007104.0,1.0,1.0,9007104.0,0.001962599724114019,0.004933912027505963,9007104.0,1.9883290988703568,2.6246207856495554
9019392.0,1.0,1.0,9019392.0,0.0021326561291061807,0.0044577511442184916,9019392.0,3.13140985618035,2.529576642648317
9031680.0,1.0,1.0,9031680.0,0.005935541824631703,0.004573466178408125,9031680.0,2.994139497478803,2.5538849362094576
9043968.0,1.0,1.0,9043968.0,0.003956291104259435,0.004374796231665338,9043968.0,0.9901065733283758,2.4962170244737836
9056256.0,1.0,1.0,9056256.0,0.0008162851536326343,0.0037565412047721714,9056256.0,1.668064258992672,2.656611921017368
9068544.0,1.0,1.0,9068544.0,0.002983847924042493,0.0034852844313112046,9068544.0,3.9636555214722953,2.8172022244582573
9080832.0,1.0,1.0,9080832.0,0.001434538242998921,0.0033992426901022547,9080832.0,3.185516362388929,2.5610766610751545
9093120.0,1.0,1.0,9093120.0,0.001718292531829017,0.0028150545519868807,9093120.0,1.754728597899278,2.218994906420509
9105408.0,1.0,1.0,9105408.0,0.0016786448225805846,0.002520266670944693,9105408.0,0.8369795425484577,2.1120655296370385
9117696.0,1.0,1.0,9117696.0,0.002815861737569018,0.0025434559194764004,9117696.0,0.30839844901735586,2.082132775817688
9129984.0,1.0,1.0,9129984.0,0.0019148098641987115,0.0025386769334848703,9129984.0,4.088216076294581,2.29212147356011
9142272.0,1.0,1.0,9142272.0,0.0009444613054559644,0.002419857451119848,9142272.0,4.067266618212064,2.3857071497632814
9154560.0,1.0,1.0,9154560.0,0.0005098837106440138,0.0018772916397210792,9154560.0,1.5818272928396861,2.2444759292993695
9166848.0,1.0,1.0,9166848.0,0.001264535444837141,0.0016081160737788497,9166848.0,0.43942441294590634,2.189407713261123
9179136.0,1.0,1.0,9179136.0,0.0005308210941924093,0.0015795696678348274,9179136.0,1.28762428338329,2.1513637157001844
9191424.0,1.0,1.0,9191424.0,0.0026277184224454686,0.001543956717675125,9191424.0,0.6645495584234595,1.8214531193953012
9203712.0,1.0,1.0,9203712.0,0.002168988378495366,0.0016174017312247692,9203712.0,0.9675142883012692,1.5996529119865348
9216000.0,1.0,1.0,9216000.0,0.00039232420537397655,0.0014848048985792654,9216000.0,1.8100856666763623,1.605188618864243
9228288.0,1.0,1.0,9228288.0,0.0013728996770320616,0.0014542303840244127,9228288.0,0.9444027058780193,1.6159309351971995
9240576.0,1.0,1.0,9240576.0,0.0021296622726367787,0.001385610437531189,9240576.0,1.1155669707804918,1.696647787373513
9252864.0,1.0,1.0,9252864.0,0.0004356938746544377,0.0012376988385767618,9252864.0,2.222688440233469,1.5100950237674018
9265152.0,1.0,1.0,9265152.0,0.002393131237719596,0.001382565831803125,9265152.0,1.6764603567620118,1.2710143976223967
9277440.0,1.0,1.0,9277440.0,0.00227770203006609,0.0015593476637453326,9277440.0,0.6690470607330402,1.179736374411732
9289728.0,1.0,1.0,9289728.0,0.0004883117820403035,0.0014817252974656486,9289728.0,0.9752361488838991,1.2333175480055314
9302016.0,1.0,1.0,9302016.0,0.00104781311104792,0.0015334244991512,9302016.0,1.5307522875567277,1.257630348422875
9314304.0,1.0,1.0,9314304.0,0.0019160138217557687,0.00146225403908223,9314304.0,2.6553215918441615,1.4567075517649453
9326592.0,1.0,1.0,9326592.0,0.0009081497507092232,0.0013361701763036156,9326592.0,2.0441851057112217,1.5643746335059405
9338880.0,1.0,1.0,9338880.0,0.00014563188869942678,0.0013115009446361607,9338880.0,0.4018908878788352,1.4235551556261878
9351168.0,1.0,1.0,9351168.0,0.000938706822732153,0.0012680816592061698,9351168.0,2.08164627229174,1.5372795122675598
9363456.0,1.0,1.0,9363456.0,0.0007665966980615243,0.0011317751017486445,9363456.0,2.6126824182768664,1.6869910570171975
9375744.0,1.0,1.0,9375744.0,0.00046771842547362513,0.0011349775568305631,9375744.0,0.7435375563800335,1.5390759686318538
9388032.0,1.0,1.0,9388032.0,0.00043598768964632956,0.0009392632020232365,9388032.0,1.1624317225068808,1.4876731052063406
9400320.0,1.0,1.0,9400320.0,0.0006178839882219714,0.0007732813978388245,9400320.0,1.5770274649063747,1.578471145623674
9412608.0,1.0,1.0,9412608.0,0.000603806451181299,0.000784830864752924,9412608.0,0.6986221590389808,1.5508097466391821
9424896.0,1.0,1.0,9424896.0,0.0005477551576404949,0.0007348250694121817,9424896.0,0.9938889121015867,1.4971234090936683
9437184.0,1.0,1.0,9437184.0,0.0005211139738700391,0.0005953350846236087,9437184.0,1.4802135713398457,1.3796126070432366
9449472.0,1.0,1.0,9449472.0,0.0010762554193206597,0.0006121456514847524,9449472.0,0.641172766375045,1.2393113731096188
9461760.0,1.0,1.0,9461760.0,0.00021169051296965335,0.000618751513911775,9461760.0,0.21238292567431927,1.2203605768891672
9474048.0,1.0,1.0,9474048.0,0.0006426687496059458,0.0005891477065991543,9474048.0,0.9784295229862133,1.1100389019586143
9486336.0,1.0,1.0,9486336.0,0.0004079651628975019,0.0005532845530827519,9486336.0,0.4669729884093006,0.895467958971858
9498624.0,1.0,1.0,9498624.0,0.0004414229785349259,0.000550655008388882,9498624.0,0.42602668919910985,0.8637168722537657
9510912.0,1.0,1.0,9510912.0,0.0004816662858502241,0.0005552228680092715,9510912.0,2.1185569601754346,0.9593293960206211
9523200.0,1.0,1.0,9523200.0,0.00013901654218292,0.0005073361234053663,9523200.0,1.3668896568318207,0.9383156152131656
9535488.0,1.0,1.0,9535488.0,0.000522865394790036,0.00049924201776624,9535488.0,0.537606002142032,0.9222139995234709
9547776.0,1.0,1.0,9547776.0,0.00046258797859384987,0.0004907252998615755,9547776.0,0.6446484758829077,0.887289955901603
9560064.0,1.0,1.0,9560064.0,0.0002503980110001673,0.0004636537035745883,9560064.0,0.19205486277739206,0.7584740850453574
9572352.0,1.0,1.0,9572352.0,0.0012221692419795243,0.0004782450858404748,9572352.0,1.0082643839220207,0.7951832468000551
9584640.0,1.0,1.0,9584640.0,0.0012391833721873506,0.0005809943717622446,9584640.0,0.5619369680061936,0.8301386510332425
9596928.0,1.0,1.0,9596928.0,0.00015033740343521154,0.0005317612371451713,9596928.0,1.1045195336143177,0.8427476520960531
9609216.0,1.0,1.0,9609216.0,0.0010809314747651417,0.0005990578683319352,9609216.0,1.7482535031934578,0.9708757035744687
9621504.0,1.0,1.0,9621504.0,0.0003046686527644245,0.0005853824357548849,9621504.0,1.3536160476505756,1.0636346394196152
9633792.0,1.0,1.0,9633792.0,0.0008662553579294278,0.0006238413429628054,9633792.0,1.2892487930754821,0.98070382270962
9646080.0,1.0,1.0,9646080.0,0.0012805192157732865,0.000737991610321842,9646080.0,0.6955044983575741,0.9135653068621952
9658368.0,1.0,1.0,9658368.0,0.00027905875413125614,0.000713610946255964,9658368.0,1.0107099811236064,0.9608757047603527
9670656.0,1.0,1.0,9670656.0,0.0008057797140281764,0.0007479301197993967,9670656.0,0.9523051468034586,0.9916413718524077
9682944.0,1.0,1.0,9682944.0,0.0005548557913546878,0.0007783758978348487,9682944.0,0.6251113256439567,1.0349470181390645
9695232.0,1.0,1.0,9695232.0,6.979151404114721e-05,0.0006631381250410109,9695232.0,0.55009491648525,0.9891300713953873
9707520.0,1.0,1.0,9707520.0,0.0007410014522974961,0.0006133199330520256,9707520.0,1.1289480819056432,1.0458311827853322
9719808.0,1.0,1.0,9719808.0,0.0007847715102495082,0.0006767633437334553,9719808.0,1.1508410933117073,1.050463338755071
9732096.0,1.0,1.0,9732096.0,9.464645161945857e-05,0.0005781348414188869,9732096.0,0.20360984280705452,0.8959989727164308
9744384.0,1.0,1.0,9744384.0,0.0004299901162691337,0.0005906669877693578,9744384.0,0.799062700321277,0.840543637983501
9756672.0,1.0,1.0,9756672.0,7.1152830249351e-05,0.0005111567350013502,9756672.0,1.215263670310378,0.8331451257069904
9768960.0,1.0,1.0,9768960.0,0.0007530442641533833,0.0004584092398393598,9768960.0,1.518341646840175,0.9154288405552506
9781248.0,1.0,1.0,9781248.0,0.0011108796898042783,0.0005415913334066621,9781248.0,0.7752695524444183,0.891884797687332
9793536.0,1.0,1.0,9793536.0,0.00015876495596482224,0.00047688985760032667,9793536.0,0.416485329469045,0.8383028159538904
9805824.0,1.0,1.0,9805824.0,0.0004922371748155759,0.00047062799594641545,9805824.0,1.4285284156600635,0.9186445249555012
9818112.0,1.0,1.0,9818112.0,0.00039784531494054437,0.0005034333760363552,9818112.0,1.089760698378086,0.9726111031447848
9830400.0,1.0,1.0,9830400.0,0.00018902140618592966,0.00044823537142519855,9830400.0,0.9881032773603996,0.9585266226902605
9842688.0,1.0,1.0,9842688.0,7.80064571775559e-05,0.00037755886611800333,9842688.0,0.2501935920057197,0.8684618725596618
9854976.0,1.0,1.0,9854976.0,0.0002583490369640155,0.000393929124652459,9854976.0,1.2540682361771662,0.9735077118966731
9867264.0,1.0,1.0,9867264.0,0.00012910495403654446,0.0003638406084292001,9867264.0,2.695322223007679,1.1631336641653132
9879552.0,1.0,1.0,9879552.0,9.489305890989878e-05,0.0003662146312952548,9879552.0,2.125959670792023,1.2542032642134775
9891840.0,1.0,1.0,9891840.0,9.180471882549075e-05,0.0003000906767624656,9891840.0,1.5916118708749611,1.2615302866169562
9904128.0,1.0,1.0,9904128.0,0.00019074854814486267,0.000208077562596524,9904128.0,1.5533420480787754,1.3393375361803919
9916416.0,1.0,1.0,9916416.0,9.642409990343974e-05,0.0002018434769903858,9916416.0,0.8558461864789327,1.3832736218813808
9928704.0,1.0,1.0,9928704.0,0.0005022849891247461,0.00020284825842130277,9928704.0,0.8607119601219893,1.3264919763275733
9940992.0,1.0,1.0,9940992.0,0.00032995887462069123,0.0001960596143893175,9940992.0,1.0855475254356861,1.3260706590333333
9953280.0,1.0,1.0,9953280.0,0.0001529751826486366,0.00019245499203558817,9953280.0,0.5250546454141537,1.2797657958387085
9965568.0,1.0,1.0,9965568.0,0.0002662562230095015,0.00021127996861878274,9965568.0,0.47090094598631066,1.3018365312367677
9977856.0,1.0,1.0,9977856.0,0.00015803019527993456,0.0002012480844503746,9977856.0,1.3336829865972202,1.309798006278773
9990144.0,1.0,1.0,9990144.0,0.0004001115967184887,0.00022834874871856904,9990144.0,1.3054037516315777,1.1708061591411631
10002432.0,1.0,1.0,10002432.0,9.276040752107899e-05,0.00022813548357968706,10002432.0,1.074716850494345,1.0656818771113952
10014720.0,1.0,1.0,10014720.0,0.00034878164084754343,0.0002538331757818923,10014720.0,0.7817287960400184,0.984693569627901
10027008.0,1.0,1.0,10027008.0,0.00031212392680875684,0.0002659707136482818,10027008.0,0.7555276540418466,0.9049121302242081
10039296.0,1.0,1.0,10039296.0,0.0003464730660501421,0.00029097561026295205,10039296.0,0.9525751881301403,0.9145850303893287
10051584.0,1.0,1.0,10051584.0,0.00021451090591047736,0.0002621982019415252,10051584.0,0.6651459606364369,0.8950284304407734
10063872.0,1.0,1.0,10063872.0,0.0001732784429198849,0.0002465301587714445,10063872.0,0.2230724113372465,0.8087809190309295
10076160.0,1.0,1.0,10076160.0,0.0001401704771524237,0.00024524968822182324,10076160.0,0.13890980859287083,0.7701664353488014
10088448.0,1.0,1.0,10088448.0,0.00027344453322560486,0.00024596851924343357,10088448.0,0.45307548219958943,0.7683838889701292
10100736.0,1.0,1.0,10100736.0,0.00016508023789659396,0.0002466735235050995,10100736.0,0.3640260621905327,0.6714181965294604
10113024.0,1.0,1.0,10113024.0,0.00015617265209281564,0.00022227962904253218,10113024.0,0.2532787574455142,0.5662056971108541
10125312.0,1.0,1.0,10125312.0,0.0001478570007596621,0.00022778928836639047,10125312.0,0.06137473621250441,0.46487148568267
10137600.0,1.0,1.0,10137600.0,0.0001721147768876108,0.00021012260197039723,10137600.0,0.13309567010340592,0.4000081730890089
10149888.0,1.0,1.0,10149888.0,0.0001990775443421929,0.00019881796372374084,10149888.0,0.1380704511733105,0.3382624528021552
10162176.0,1.0,1.0,10162176.0,0.00010045714073688335,0.00017421637119241495,10162176.0,0.09906249035460253,0.25291118302460147
10174464.0,1.0,1.0,10174464.0,6.609727734030457e-05,0.00015937500833539768,10174464.0,0.37058363885929185,0.22345495084688688
10186752.0,1.0,1.0,10186752.0,0.00028404110859507153,0.00017045127490291633,10186752.0,0.3913387494782607,0.2402815846609883
10199040.0,1.0,1.0,10199040.0,0.00011766446937144792,0.0001682006741248188,10199040.0,0.10834208394711216,0.23722481219641245
10211328.0,1.0,1.0,10211328.0,0.00012748025066381766,0.00015360424586864007,10211328.0,0.06514677611024429,0.19843194158747793
10223616.0,1.0,1.0,10223616.0,0.0001268511292285742,0.00014978133500183807,10223616.0,0.13862355371626714,0.17589169074005134
10235904.0,1.0,1.0,10235904.0,0.00012509600461877804,0.0001466736702544343,10235904.0,0.36433125908176106,0.18699694090367608
10248192.0,1.0,1.0,10248192.0,9.08128127624271e-05,0.00014096925145471083,10248192.0,0.5367725215231379,0.23453671943473942
10260480.0,1.0,1.0,10260480.0,0.00021800635507437013,0.00014555840927338672,10260480.0,0.33457442931830883,0.25468459535622967
10272768.0,1.0,1.0,10272768.0,0.00011488555924188404,0.00013713921076335584,10272768.0,0.04432258564823618,0.24530980880372227
10285056.0,1.0,1.0,10285056.0,0.00016163298437277263,0.00014325679512694478,10285056.0,0.35690645066400367,0.2710942048346624
10297344.0,1.0,1.0,10297344.0,7.935833514238766e-05,0.00014458290090715308,10297344.0,0.43095712022234994,0.2771315529709682
10309632.0,1.0,1.0,10309632.0,5.466185045103581e-05,0.00012164497509274954,10309632.0,0.14028550661168993,0.2520262286843111
10321920.0,1.0,1.0,10321920.0,9.071248283968696e-05,0.00011894977643957345,10321920.0,0.054192792158573866,0.2466112995054573
10334208.0,1.0,1.0,10334208.0,9.417252848227993e-05,0.00011561900422141965,10334208.0,0.012093901808839291,0.24130601207531677
10346496.0,1.0,1.0,10346496.0,3.3960055323708126e-05,0.00010632989683093304,10346496.0,0.08434935527232786,0.23587859223092286
10358784.0,1.0,1.0,10358784.0,9.20333426771928e-05,0.00010302363063677454,10358784.0,0.053886350127868354,0.20483410133553356
10371072.0,1.0,1.0,10371072.0,5.749696576155353e-05,9.969204593668717e-05,10371072.0,0.527375504684945,0.20389439965171427
10383360.0,1.0,1.0,10383360.0,7.155534505424536e-05,8.504694493467467e-05,10383360.0,0.34543771979709464,0.20498072869959288
10395648.0,1.0,1.0,10395648.0,0.0001561836425025831,8.917675326074459e-05,10395648.0,0.07560987401908885,0.20810945753667814
10407936.0,1.0,1.0,10407936.0,0.00010951112585644296,8.396456740911162e-05,10407936.0,0.24620374819884697,0.19703918729016248
10420224.0,1.0,1.0,10420224.0,6.290407676109074e-05,8.231914157098193e-05,10420224.0,1.273089721178015,0.281252447385729
10432512.0,1.0,1.0,10432512.0,5.7163714207793724e-05,8.256932794665773e-05,10432512.0,0.8307845604916414,0.3503023527737241
10444800.0,1.0,1.0,10444800.0,8.672356504272709e-05,8.217043616696174e-05,10444800.0,0.062211314720722534,0.351104205029939
10457088.0,1.0,1.0,10457088.0,0.00011887515908407902,8.464069922714163e-05,10457088.0,0.018858274726274733,0.35178064232168255
10469376.0,1.0,1.0,10469376.0,2.3981995582289528e-05,8.364289325299978e-05,10469376.0,0.060885210094663,0.3494342278039161
10481664.0,1.0,1.0,10481664.0,5.2231683677443165e-05,7.966272735302483e-05,10481664.0,0.03346917019613708,0.3473925098107429
10493952.0,1.0,1.0,10493952.0,2.0530445681288256e-05,7.596607534499829e-05,10493952.0,0.04896530873763064,0.29955149021601146
10506240.0,1.0,1.0,10506240.0,5.8549728350953956e-05,7.466551367466914e-05,10506240.0,0.12643001678710183,0.2776507199150122
10518528.0,1.0,1.0,10518528.0,0.0001189993083698937,7.094708026140021e-05,10518528.0,0.07865593023598194,0.27795532553670155
10530816.0,1.0,1.0,10530816.0,0.00011277897806394321,7.127386548215023e-05,10530816.0,0.0343804694712162,0.25677299766393846
10543104.0,1.0,1.0,10543104.0,3.3507314337081574e-05,6.83341892397493e-05,10543104.0,0.013776091257265458,0.1308416346718635
10555392.0,1.0,1.0,10555392.0,9.824261663500995e-05,7.244207948247095e-05,10555392.0,0.005492873286129907,0.04831246595131233
10567680.0,1.0,1.0,10567680.0,6.605811726482595e-05,7.037553470468083e-05,10567680.0,0.0055237345610900474,0.042643707935349086
10579968.0,1.0,1.0,10579968.0,7.034487718253028e-05,6.552250651452595e-05,10579968.0,0.005651247813754405,0.04132300524409706
10592256.0,1.0,1.0,10592256.0,5.873906858748038e-05,6.899821381504503e-05,10592256.0,0.004259738018542218,0.035660458036484974
10604544.0,1.0,1.0,10604544.0,2.4479050239278877e-05,6.622295047122861e-05,10604544.0,0.0028841484502966828,0.032601955861900934
10616832.0,1.0,1.0,10616832.0,0.00017465253146535056,8.163515904963485e-05,10616832.0,0.004397151545466234,0.02814514014268449
10629120.0,1.0,1.0,10629120.0,0.00015810585076299807,9.159077129083926e-05,10629120.0,0.0024385105183076425,0.015745989515805074
10641408.0,1.0,1.0,10641408.0,0.0001091347120715606,9.060431166100594e-05,10641408.0,0.0033163847256219015,0.008212034964769068
10653696.0,1.0,1.0,10653696.0,0.00010389549864460908,8.971596371907254e-05,10653696.0,0.0016246690017093595,0.004936454917818385
10665984.0,1.0,1.0,10665984.0,9.332957029073441e-05,9.569818931443781e-05,10665984.0,0.00398652084065058,0.003957497876156897
10678272.0,1.0,1.0,10678272.0,0.00011325691518019691,9.71996191689565e-05,10678272.0,0.0021058702926287274,0.0036187975768067803
10690560.0,1.0,1.0,10690560.0,8.297721122592823e-05,9.889152856506673e-05,10690560.0,0.0020622081950326296,0.003272644940201038
10702848.0,1.0,1.0,10702848.0,6.430118173739174e-05,9.828715902055287e-05,10702848.0,0.0015532268250050645,0.0028628428413261043
10715136.0,1.0,1.0,10715136.0,0.00015272056354357724,0.00010768530851616258,10715136.0,0.00307455816558407,0.002744324856030289
10727424.0,1.0,1.0,10727424.0,0.00011373729845824225,0.00011661113333805892,10727424.0,0.0031126801016701697,0.0027671780211676374
10739712.0,1.0,1.0,10739712.0,8.515634772265912e-05,0.00010766151496378978,10739712.0,0.0023062662075972185,0.0025580894873807364
10752000.0,1.0,1.0,10752000.0,0.00017891400511871325,0.00010974233039936128,10752000.0,0.003459538357371154,0.002660192271287088
10764288.0,1.0,1.0,10764288.0,0.00016780708854942836,0.00011560956804714805,10764288.0,0.0015052987643381737,0.002479083675158715
10776576.0,1.0,1.0,10776576.0,4.418776916281786e-05,0.00010963879509896892,10776576.0,0.00029220461450070917,0.0023458372364378493
10788864.0,1.0,1.0,10788864.0,3.025789186494876e-05,0.00010333162725639036,10788864.0,0.0014566890349669848,0.0020928540558694904
10801152.0,1.0,1.0,10801152.0,0.00015125825431520448,0.00010713176116989114,10801152.0,0.0011853216929011978,0.0020007991958967374
10813440.0,1.0,1.0,10813440.0,9.687412777263187e-05,0.00010852145282456151,10813440.0,0.0004709303226870058,0.0018416714086621749
10825728.0,1.0,1.0,10825728.0,4.910228631160862e-05,0.00010700156328198318,10825728.0,0.0006479465797989784,0.0017511433841415664
10838016.0,1.0,1.0,10838016.0,0.00016526746291371333,0.00010825625321899678,10838016.0,0.0005060338389739627,0.0014942909514805555
10850304.0,1.0,1.0,10850304.0,7.508392244896338e-05,0.00010439091561806891,10850304.0,0.00023320361348548127,0.0012063433026620865
10862592.0,1.0,1.0,10862592.0,0.00016264893929474056,0.00011214017477527705,10862592.0,0.0007025578773512583,0.0010459724696374906
10874880.0,1.0,1.0,10874880.0,0.0002879041620265828,0.000123039190466064,10874880.0,0.0012290964392983976,0.0008229282778302149
10887168.0,1.0,1.0,10887168.0,0.000115443273443816,0.00011780280895550277,10887168.0,0.0013211863412531482,0.0008045170355217123
10899456.0,1.0,1.0,10899456.0,0.0003053200874395164,0.0001439160407831726,10899456.0,0.0018396836858300958,0.0009592649426546512
10911744.0,1.0,1.0,10911744.0,5.642067719691113e-05,0.00014653231931636886,10911744.0,0.0002759269486887206,0.0008411887340268245
10924032.0,1.0,1.0,10924032.0,0.00014322493044952958,0.00014572898692980136,10924032.0,0.0001314635692324373,0.0007358029216599486
10936320.0,1.0,1.0,10936320.0,0.0002005797776594894,0.00015609955191848713,10936320.0,0.00048811613396537723,0.0007375215027877857
10948608.0,1.0,1.0,10948608.0,0.00013039524378655187,0.00016422884766598142,10948608.0,0.00026610494493676623,0.0006993373393015646
10960896.0,1.0,1.0,10960896.0,0.00015812536313812112,0.00016351463768842222,10960896.0,0.0005878143617034463,0.000707515391574513
10973184.0,1.0,1.0,10973184.0,7.743157349674827e-05,0.0001637494027932007,10973184.0,0.0006296077405446946,0.0007471558042804344
10985472.0,1.0,1.0,10985472.0,0.00010915586464458708,0.00015840009532818537,10985472.0,0.0001657159791648155,0.00069347161446179
10997760.0,1.0,1.0,10997760.0,0.00015643410377682207,0.0001452530895032093,10997760.0,0.00017857309876490035,0.0005884192804084402
11010048.0,1.0,1.0,11010048.0,0.00039521978548388387,0.00017323074070721607,11010048.0,0.00018322914381011893,0.0004746235606641373
11022336.0,1.0,1.0,11022336.0,0.00018951581751025515,0.00016165031371428995,11022336.0,0.00010688075629635325,0.00030134326771076304
11034624.0,1.0,1.0,11034624.0,0.0007526242240298112,0.00023127066839757996,11034624.0,0.0001417296349851919,0.00028792353634041017
11046912.0,1.0,1.0,11046912.0,0.0005118342957454539,0.0002681316049271724,11046912.0,0.0004706314454476039,0.0003218403239619268
11059200.0,1.0,1.0,11059200.0,0.0002954328018252757,0.00027761690734375103,11059200.0,0.0003694403118667348,0.00030997274175206254
11071488.0,1.0,1.0,11071488.0,0.0005046972179722312,0.00031504710476231893,11071488.0,0.0004588814078185048,0.0003292503880402364
11083776.0,1.0,1.0,11083776.0,0.00021602937749776174,0.00032083750619828303,11083776.0,0.0003311306792663042,0.0003035820197965222
11096064.0,1.0,1.0,11096064.0,0.0006482848745387552,0.0003779228363024837,11096064.0,0.00010717322243181115,0.00025133856798523386
11108352.0,1.0,1.0,11108352.0,0.0004296783830189573,0.00040997508813992074,11108352.0,0.0001885724565606021,0.0002536242157248125
11120640.0,1.0,1.0,11120640.0,0.0004626837138251479,0.0004406000491447533,11120640.0,0.00024370120748547683,0.0002601370265968702
11132928.0,1.0,1.0,11132928.0,0.002827942256165746,0.0006838722962129396,11132928.0,9.491521435241641e-05,0.00025130563365109997
11145216.0,1.0,1.0,11145216.0,0.0025597478161216713,0.0009208954960740811,11145216.0,0.0003202636335117859,0.0002726439213726432
11157504.0,1.0,1.0,11157504.0,0.000856137067482147,0.0009312467804193147,11157504.0,0.00025975945118261734,0.0002844469029923857
11169792.0,1.0,1.0,11169792.0,0.0016880830226000398,0.0010488716531047734,11169792.0,9.768650117318127e-05,0.00024715240856494343
11182080.0,1.0,1.0,11182080.0,0.0027814561957105375,0.0012974739924932995,11182080.0,0.0001343264892360215,0.00022364102630187217
11194368.0,1.0,1.0,11194368.0,0.0009096777951829912,0.0013379720502143756,11194368.0,0.00024296897602956355,0.00020204978312297802
11206656.0,1.0,1.0,11206656.0,0.0011034101159263325,0.0014267101240572327,11206656.0,0.000132373875809814,0.000182174102777329
11218944.0,1.0,1.0,11218944.0,0.0012986426675828018,0.0014917459033616375,11218944.0,0.00017396341763742385,0.00018885312229789027
11231232.0,1.0,1.0,11231232.0,0.001680354854518858,0.0016168135505116275,11231232.0,6.757219720536038e-05,0.00017675309636236612
11243520.0,1.0,1.0,11243520.0,0.0017237513347936329,0.0017429203126084758,11243520.0,0.0001903149054669484,0.00017141446616051326
11255808.0,1.0,1.0,11255808.0,0.0020854725953540765,0.0016686733465273087,11255808.0,0.00026720379158480984,0.0001886433238837526
11268096.0,1.0,1.0,11268096.0,0.001589046582618418,0.0015716032231769838,11268096.0,0.00022021639885376013,0.00017863860041795
11280384.0,1.0,1.0,11280384.0,0.0014957168071608369,0.0016355611971448525,11280384.0,6.327313023272534e-05,0.00015898996832296083
11292672.0,1.0,1.0,11292672.0,0.0009113943294020525,0.001557892327825054,11292672.0,0.0002555581515177134,0.00017477713335741404
11304960.0,1.0,1.0,11304960.0,0.0007535919827811691,0.0013551059065321168,11304960.0,0.00021536569784075255,0.00018288105421788715
11317248.0,1.0,1.0,11317248.0,0.0008295866167221296,0.0013470967886860309,11317248.0,0.0002541502908570692,0.00018399918570063769
11329536.0,1.0,1.0,11329536.0,0.0011940015204648564,0.0013561559291398833,11329536.0,0.00014527639799174116,0.00018528943791883042
11341824.0,1.0,1.0,11341824.0,0.0008062081202903452,0.0013069124744106374,11341824.0,0.00017248291336121233,0.00018514138749120925
11354112.0,1.0,1.0,11354112.0,0.0009181361116740542,0.001230690600126157,11354112.0,0.0001714589802759292,0.00019553006579826616
11366400.0,1.0,1.0,11366400.0,0.0015305314749033034,0.0012113686141371244,11366400.0,0.00020392889549232981,0.0001968914648008043
11378688.0,1.0,1.0,11378688.0,0.0009702873673328819,0.0010998500913350045,11378688.0,9.299746352553484e-05,0.0001794708319948768
11390976.0,1.0,1.0,11390976.0,0.0016171753268281464,0.0011026629657559775,11390976.0,0.001044241808510075,0.00026187337296050827
11403264.0,1.0,1.0,11403264.0,0.006257031981173593,0.001578794483157253,11403264.0,0.0008886857788941901,0.0003444146378266548
11415552.0,1.0,1.0,11415552.0,0.0027984691490322198,0.0017675019651202696,11415552.0,0.0007609408633773759,0.00039495290901262104
11427840.0,1.0,1.0,11427840.0,0.0028284216969041154,0.0019749849365325645,11427840.0,0.0008224291244308309,0.00045565925167162887
11440128.0,1.0,1.0,11440128.0,0.004100207253941335,0.0023020470002544846,11440128.0,0.0004973947840577845,0.0004799837009917004
11452416.0,1.0,1.0,11452416.0,0.0024922610900830477,0.0024318729572163043,11452416.0,0.0008287124286046795,0.0005483273040529943
11464704.0,1.0,1.0,11464704.0,0.0035232996039364175,0.002703582105580911,11464704.0,0.0016508458065800369,0.0006961635933748767
11476992.0,1.0,1.0,11476992.0,0.004829475134708143,0.0030947160078843203,11476992.0,0.0014597263543691952,0.0008249903307842033
11489280.0,1.0,1.0,11489280.0,0.007888343059069788,0.003730497166300969,11489280.0,0.002419605680188397,0.0010465580092538101
11501568.0,1.0,1.0,11501568.0,0.010623274414683692,0.00469579587103605,11501568.0,0.0038192367040513395,0.0014191819333063905
11513856.0,1.0,1.0,11513856.0,0.00197066893815645,0.00473114523216888,11513856.0,0.009832144676086804,0.0022979722200640634
11526144.0,1.0,1.0,11526144.0,0.020759360942368705,0.0061813781282883925,11526144.0,0.003037100779086662,0.0025128137200833107
11538432.0,1.0,1.0,11538432.0,0.014857502081819499,0.00738728142156712,11538432.0,0.015160668262979016,0.003952786460043474
11550720.0,1.0,1.0,11550720.0,0.003278228626489484,0.0074322621145256566,11550720.0,0.03075779601931572,0.006946323149531963
11563008.0,1.0,1.0,11563008.0,0.005818660014483612,0.007604107390579882,11563008.0,0.017177413528164227,0.008614325023942607
11575296.0,1.0,1.0,11575296.0,0.005501446595493083,0.007905025941120887,11575296.0,0.001618364586950823,0.008693290239777222
11587584.0,1.0,1.0,11587584.0,0.008241302411382398,0.008376826221865485,11587584.0,0.025203199707902968,0.011048525629909513
11599872.0,1.0,1.0,11599872.0,0.01007915307127405,0.008901794015522076,11599872.0,0.03373830363852903,0.014276383358325498
11612160.0,1.0,1.0,11612160.0,0.011858243349706754,0.009298784044585773,11612160.0,0.012127210318188494,0.015247143822125508
11624448.0,1.0,1.0,11624448.0,0.008267592638731003,0.009063215866990503,11624448.0,0.009559052787759962,0.01582112543049637
11636736.0,1.0,1.0,11636736.0,0.004410366910936621,0.009307185664268521,11636736.0,0.02032384558697231,0.016870295521584918
11649024.0,1.0,1.0,11649024.0,0.0033591775257567256,0.0075671673226073224,11649024.0,0.0026578434105128204,0.016832369784727536
11661312.0,1.0,1.0,11661312.0,0.004987974949472118,0.006580214609372584,11661312.0,0.020855974095563095,0.01740190036798594
11673600.0,1.0,1.0,11673600.0,0.013185234682168812,0.007570915214940517,11673600.0,0.03553946900259083,0.017880067666313455
11685888.0,1.0,1.0,11685888.0,0.00451646390138194,0.007440695603630351,11685888.0,0.01428724302483412,0.017591050615980448
11698176.0,1.0,1.0,11698176.0,0.004405147102564418,0.007331065654337483,11698176.0,0.01343828474637121,0.018773042631922483
11710464.0,1.0,1.0,11710464.0,0.00490707837161608,0.006997643250360852,11710464.0,0.025915401347447187,0.018844262795876907
11722752.0,1.0,1.0,11722752.0,0.002402798173231228,0.00623000776055657,11722752.0,0.006488308902286614,0.01611926332225266
11735040.0,1.0,1.0,11735040.0,0.006454527867996755,0.00568963621238557,11735040.0,0.016685399886531133,0.01657508227908693
11747328.0,1.0,1.0,11747328.0,0.0016905987807452523,0.005031936826586995,11747328.0,0.028586068462270003,0.01847778384653793
11759616.0,1.0,1.0,11759616.0,0.003817226941464469,0.00497262282963978,11759616.0,0.005951566544050972,0.017040555942245798
11771904.0,1.0,1.0,11771904.0,0.010284621840886151,0.005665167261152722,11771904.0,0.016453239707819495,0.018420095571976464
11784192.0,1.0,1.0,11784192.0,0.0056129650814303505,0.005727666274348546,11784192.0,0.026050667103845626,0.01893956487280472
11796480.0,1.0,1.0,11796480.0,0.023478697577957064,0.0067570125639273716,11796480.0,0.012230485929952314,0.016608666565540865
11808768.0,1.0,1.0,11808768.0,0.04124812944792211,0.010430179118581387,11808768.0,0.018351497885305434,0.017015092051588
11821056.0,1.0,1.0,11821056.0,0.013104290973084668,0.011300093505633413,11821056.0,0.024175245062603306,0.018088788083211207
11833344.0,1.0,1.0,11833344.0,0.00575542233127635,0.01138492790159944,11833344.0,0.013486108044162393,0.016845858752882727
11845632.0,1.0,1.0,11845632.0,0.020991745608625934,0.013243822645138912,11845632.0,0.015722828975412995,0.01776931076019537
11857920.0,1.0,1.0,11857920.0,0.03307591597937668,0.0159059614562769,11857920.0,0.011696529564990973,0.01727042372804135
11870208.0,1.0,1.0,11870208.0,0.008144159456909014,0.01655131752389328,11870208.0,0.044899338662313916,0.018901750748045742
11882496.0,1.0,1.0,11882496.0,0.014305584996084994,0.017600153329355335,11882496.0,0.056938004485952355,0.02400039454223588
11894784.0,1.0,1.0,11894784.0,0.016296871181111783,0.018201378263377897,11894784.0,0.041009314106001206,0.02645600198205405
11907072.0,1.0,1.0,11907072.0,0.021136124763870612,0.019753694231621922,11907072.0,0.029837261652573943,0.026834661436926883
11919360.0,1.0,1.0,11919360.0,0.014340462279506028,0.01883987070177682,11919360.0,0.02556947510068615,0.028168560354000265
11931648.0,1.0,1.0,11931648.0,0.03379630283840621,0.018094688040825226,11931648.0,0.019517651283725474,0.028285175693842268
11943936.0,1.0,1.0,11943936.0,0.02158238906607342,0.018942497850124106,11943936.0,0.029521958689050127,0.028819847056486953
11956224.0,1.0,1.0,11956224.0,0.036006791361918054,0.021967634753188275,11956224.0,0.056333294177117445,0.03310456566978246
11968512.0,1.0,1.0,11968512.0,0.05833005594710509,0.025701465787036193,11968512.0,0.06602246582042426,0.03813452935428359
11980800.0,1.0,1.0,11980800.0,0.033177775136816,0.02571165170278012,11980800.0,0.03887597403566664,0.040852473801351145
11993088.0,1.0,1.0,11993088.0,0.07127312535885721,0.03202454829297494,11993088.0,0.005266839779020908,0.03688922391302185
12005376.0,1.0,1.0,12005376.0,0.06298443919513375,0.03689243371287981,12005376.0,0.0403472282535707,0.03523014628978368
12017664.0,1.0,1.0,12017664.0,0.038064626472381256,0.039069209242006755,12017664.0,0.05790446139872074,0.03691966101905563
12029952.0,1.0,1.0,12029952.0,0.32525908465807635,0.06948150523142733,12029952.0,0.043129901168867946,0.038248924970685036
12042240.0,1.0,1.0,12042240.0,0.3226840559703608,0.10031586460051281,12042240.0,0.004969110530510079,0.03618888851366743
12054528.0,1.0,1.0,12054528.0,0.02241566939240632,0.09917780125591283,12054528.0,0.011571565982497608,0.03539427998354465
12066816.0,1.0,1.0,12066816.0,0.5558807365596294,0.15260763600526844,12066816.0,0.019163336197379977,0.03435841773437763
12079104.0,1.0,1.0,12079104.0,0.7300292110691468,0.22200987797599128,12079104.0,0.01909796363906935,0.03063488468057282
12091392.0,1.0,1.0,12091392.0,0.20921647540914515,0.23709851992219527,12091392.0,0.006349330166509996,0.024667571115181395
12103680.0,1.0,1.0,12103680.0,0.17570647465375563,0.2513513898738892,12103680.0,0.004776621693357204,0.021257635880950452
12115968.0,1.0,1.0,12115968.0,0.228820719756186,0.26710614931362214,12115968.0,0.0032897776594230286,0.021059929668990666
12128256.0,1.0,1.0,12128256.0,0.02712545805843547,0.2635202511999523,12128256.0,0.016724683916739497,0.018697675235307545
12140544.0,1.0,1.0,12140544.0,0.5028828866779804,0.3100020772205122,12140544.0,0.018469102612774197,0.014754139356712891
12152832.0,1.0,1.0,12152832.0,0.6289264258618156,0.34036881134088615,12152832.0,0.00903548205193753,0.011344697445019846
12165120.0,1.0,1.0,12165120.0,0.1819701895583421,0.32629742469968426,12165120.0,0.023467401314216357,0.013194526523390473
12177408.0,1.0,1.0,12177408.0,0.2961593014188111,0.35367178790232473,12177408.0,0.03713589693264415,0.015750959618405128
12189696.0,1.0,1.0,12189696.0,0.39778030881037313,0.33786174512739914,12189696.0,0.015767647991500173,0.015411390797817151
12201984.0,1.0,1.0,12201984.0,0.09953266960413505,0.274812090980898,12201984.0,0.00822580272021393,0.014324174705931605
12214272.0,1.0,1.0,12214272.0,0.22706091202174625,0.2765965346421581,12214272.0,0.028166000789497048,0.01650584176823031
12226560.0,1.0,1.0,12226560.0,0.28605369618162513,0.287631256794945,12226560.0,0.03127118939300999,0.01915529853819559
12238848.0,1.0,1.0,12238848.0,0.05184540532839795,0.2699337253521662,12238848.0,0.02942725280687834,0.02176904605294112
12251136.0,1.0,1.0,12251136.0,0.33071960508823395,0.30029314005514607,12251136.0,0.007147677446482703,0.020811345405915442
12263424.0,1.0,1.0,12263424.0,0.30436056619510055,0.28044090800685806,12263424.0,0.006729593296768144,0.019637394474314836
12275712.0,1.0,1.0,12275712.0,0.11271829158067703,0.22882009457874425,12275712.0,0.01299949554959312,0.020033795824080398
12288000.0,1.0,1.0,12288000.0,0.0553117369612058,0.21615424931903057,12288000.0,0.005558251597297688,0.01824288085238853
,,,12288.0,0.0016408043884439394,0.18670239961599386,12288.0,0.0016408043884439394,0.01469337159796851
,,,24576.0,0.008742904242050523,0.14779865915916163,24576.0,0.008756601309869438,0.013992266929805436
,,,36864.0,0.001636936204401233,0.13800908581918825,36864.0,0.001109885144008634,0.013280675172184906
,,,49152.0,0.0009205429681363361,0.11539504891382724,49152.0,0.0013799563578989666,0.010602070729025095
,,,61440.0,0.005569813404387484,0.08734666063610347,61440.0,0.005628811341011897,0.008037832923825287
,,,73728.0,0.004695758686769598,0.08263169597194064,73728.0,0.008092680684057996,0.005904375711543252
,,,86016.0,0.011527248697044948,0.05071246033282174,86016.0,0.044662977724025645,0.009655905739297546
,,,98304.0,0.016351309701955568,0.021911534683507244,98304.0,0.006239230681482392,0.00960686947776897
,,,110592.0,0.008651507077350592,0.011504856233174602,110592.0,0.011378554258650789,0.00944477534867474
,,,122880.0,0.022139284604539473,0.00818761099750797,122880.0,0.11895313595111172,0.020784263784056144
,,,135168.0,0.12283974839374423,0.020307505398038,135168.0,0.08615030984704693,0.029235214329916444
,,,147456.0,0.03043194507093479,0.022476409480926426,147456.0,0.06636765444030364,0.034996319642959864
,,,159744.0,0.32395138203476864,0.05470785406396317,159744.0,0.26286584651097655,0.06117191577965666
,,,172032.0,0.25772650927926105,0.08038845069507564,172032.0,2.3311779710153737,0.2941517172454041
,,,184320.0,1.0007157015303771,0.1799030395076746,184320.0,0.11729881687400241,0.30531871779870323
,,,196608.0,0.9580685049295425,0.2752403141319519,196608.0,0.5918355997030934,0.3636930097006067
,,,208896.0,0.08498779032379389,0.28258636829462674,208896.0,0.3241167018810908,0.3916383821163133
,,,221184.0,0.2566770996587972,0.306618947290311,221184.0,0.10977571558517714,0.4019920306066827
,,,233472.0,0.6699185203760862,0.3727456486201845,233472.0,0.5800925871978203,0.45886343390059964
,,,245760.0,0.46928894612938166,0.41746061477266877,245760.0,0.09032784456697603,0.45600090476218613
,,,258048.0,0.9880494996905327,0.5039815899023476,258048.0,0.9826643833269676,0.5456523121101782
,,,270336.0,2.029775800804297,0.7039159754756839,270336.0,0.7425410505384207,0.6132696517199898
,,,282624.0,0.8113240630676349,0.7526532435789703,282624.0,1.6242548823356628,0.7494085553024585
,,,294912.0,0.508960334273676,0.7777766260784119,294912.0,1.8923965469002724,0.7055304128909483
,,,307200.0,0.25674706185236573,0.7033797621106108,307200.0,3.025760864218076,0.9963766176253557
,,,319488.0,2.6905525227387748,0.876628163891534,319488.0,2.8534504721562066,1.2225381048706672
,,,331776.0,0.13692474621348083,0.8818218594805028,331776.0,0.9436005124201378,1.2844864859245717
,,,344064.0,0.6647452063237628,0.9226286701469993,344064.0,12.462874760230383,2.519796390389092
,,,356352.0,0.685815716162324,0.9242183897256231,356352.0,2.7148551071683564,2.7332726423861464
,,,368640.0,2.10134294629097,1.0874237897417818,368640.0,0.24229049232477942,2.7484689071619264
,,,380928.0,0.0009050957196450327,0.9887093493446931,380928.0,1.875539223353068,2.837756391164537
,,,393216.0,8.545220235115872e-09,0.7857317701187856,393216.0,0.0010866529003881926,2.763610951400733
,,,405504.0,3.665563260331813e-09,0.7045993641785783,405504.0,2.7522539066164125e-05,2.601188215421073
,,,417792.0,1.8802288614949703e-09,0.6537033309392335,417792.0,5.682516054742829e-07,2.411948617556207
,,,430080.0,4.3597806846188786e-10,0.6280286247975948,430080.0,9.150952847332879e-08,2.1093725402853516
,,,442368.0,1.6115137002614688e-10,0.3589733725398324,442368.0,5.6541014092914565e-09,1.8240274936351413
,,,454656.0,2.0551297700658702e-10,0.34528089793903566,454656.0,2.5383076369678292e-06,1.7296676962238913
,,,466944.0,3.124109998475788e-11,0.27880637730978347,466944.0,4.3052916195070644e-08,0.4833802245061446
,,,479232.0,1.0497003729200335e-11,0.21022480569460078,479232.0,1.7390203934282884e-08,0.21189471552832945
,,,491520.0,4.233945948469338e-12,9.051106592718549e-05,491520.0,4.511237621888468e-10,0.18766566634096388
,,,503808.0,1.6895690864900576e-11,1.4956522512964602e-09,503808.0,1.0794369210686643e-10,0.00011174401645142654
,,,516096.0,1.401951200529633e-13,6.411442472968786e-10,516096.0,2.7921371719326813e-09,3.0790056263244436e-06
,,,528384.0,4.728719730599333e-12,2.750607932367572e-10,528384.0,3.5434882632301434e-10,3.2678715459066374e-07
,,,540672.0,3.16786157694451e-16,8.703793876587599e-11,540672.0,1.0128550457834857e-09,2.7006327954781385e-07
,,,552960.0,1.3129639684365784e-20,4.344013192100016e-11,552960.0,2.9306604735583144e-09,2.612053927478367e-07
,,,565248.0,4.2267630100139544e-22,2.7324994918427743e-11,565248.0,3.306351227176189e-06,5.912751053245264e-07
,,,577536.0,4.4530977218672655e-24,6.77369721776949e-12,577536.0,5.151148244064707e-09,3.3795945645215003e-07
,,,589824.0,1.6117332196785836e-26,3.649587219293702e-12,589824.0,6.585676170344178e-11,3.336607505088133e-07
,,,602112.0,2.331954094027548e-29,2.599886846373669e-12,602112.0,4.190100800907214e-05,4.5220225310225994e-06
,,,614400.0,4.398722880874703e-33,2.1764922515267353e-12,614400.0,0.000116864441489876,1.620842156763398e-05
,,,626688.0,1.577294926852234e-35,4.869231650366776e-13,626688.0,7.912026627763616e-06,1.699961343604113e-05
,,,638976.0,3.398211927838474e-38,4.729036530313813e-13,638976.0,6.685152698082675e-08,1.700601937502202e-05
,,,651264.0,8.31110119191049e-42,3.1679971447967476e-17,651264.0,8.087836613412946e-05,2.509382055355233e-05
,,,663552.0,4.344025239406933e-44,1.3556785223745198e-21,663552.0,1.984295158763416e-05,2.7078014426811177e-05
,,,675840.0,0.0,4.27145539379415e-23,675840.0,2.6570545742288232e-05,2.973477593499264e-05
,,,688128.0,0.0,4.469238378019521e-25,688128.0,2.9049563939527918e-08,2.940704576866897e-05
,,,700416.0,0.0,1.6140656152255934e-27,700416.0,1.8904636817751452e-05,3.129699433561971e-05
,,,712704.0,0.0,2.3323955470096096e-30,712704.0,3.521898906910792e-05,3.481888665685433e-05
,,,724992.0,0.0,4.414529820617045e-34,724992.0,1.5595600416418165e-05,3.218834589758894e-05
,,,737280.0,0.0,1.5806939742342168e-36,737280.0,2.3422343171356868e-05,2.2844136065737023e-05
,,,749568.0,0.0,3.399047381982904e-39,749568.0,7.085657368103663e-06,2.2761499139771024e-05
,,,761856.0,0.0,8.35454144430456e-43,761856.0,1.4910377406825622e-05,2.4245851727755506e-05
,,,774144.0,0.0,4.344025239406933e-45,774144.0,4.608807103068102e-06,1.6618895824649374e-05
,,,786432.0,0.0,0.0,786432.0,1.7043217667378485e-05,1.6338922432623803e-05
,,,798720.0,0.0,0.0,798720.0,9.558099918649532e-06,1.4637677850259934e-05
,,,811008.0,0.0,0.0,811008.0,3.2474902885345123e-05,1.7882263182400497e-05
,,,823296.0,0.0,0.0,823296.0,1.1915507153995955e-05,1.7183350216024944e-05
,,,835584.0,0.0,0.0,835584.0,1.3500900725678852e-05,1.5011541381682037e-05
,,,847872.0,0.0,0.0,847872.0,2.0155307235351454e-05,1.5467512063575366e-05
,,,860160.0,0.0,0.0,860160.0,2.539071829232853e-06,1.3379184929362964e-05
,,,872448.0,0.0,0.0,872448.0,5.454975810910885e-06,1.3216116773643688e-05
,,,884736.0,0.0,0.0,884736.0,4.111599082534667e-06,1.2136238941214591e-05
,,,897024.0,0.0,0.0,897024.0,1.5984755009412766e-05,1.3273833731849055e-05
,,,909312.0,0.0,0.0,909312.0,3.226696571800858e-05,1.4796208536912067e-05
,,,921600.0,0.0,0.0,921600.0,1.5174341873110583e-05,1.535783273235817e-05
,,,933888.0,0.0,0.0,933888.0,2.873789829512437e-05,1.4984132273336096e-05
,,,946176.0,0.0,0.0,946176.0,3.333642234792933e-05,1.7126223792729433e-05
,,,958464.0,0.0,0.0,958464.0,8.074763172771782e-05,2.385089689293333e-05
,,,970752.0,0.0,0.0,970752.0,1.4688225443630168e-05,2.33041887137612e-05
,,,983040.0,0.0,0.0,983040.0,2.422409791809817e-05,2.5472691322647734e-05
,,,995328.0,0.0,0.0,995328.0,2.6379736179175477e-05,2.7565167359474198e-05
,,,1007616.0,0.0,0.0,1007616.0,4.7517596006703876e-05,3.190576705189111e-05
,,,1019904.0,0.0,0.0,1019904.0,1.522220797293509e-05,3.182951234824335e-05
,,,1032192.0,0.0,0.0,1032192.0,2.2963523709525664e-05,3.089916814739505e-05
,,,1044480.0,0.0,0.0,1044480.0,1.4274347146662572e-05,3.0809168674750256e-05
,,,1056768.0,0.0,0.0,1056768.0,1.3123698105725149e-05,2.9247748655810336e-05
,,,1069056.0,0.0,0.0,1069056.0,1.3343519337164858e-05,2.724845835473389e-05
,,,1081344.0,0.0,0.0,1081344.0,2.76891563165312e-05,2.194261081361522e-05
,,,1093632.0,0.0,0.0,1093632.0,1.5438239643117413e-05,2.2017612233563945e-05
,,,1105920.0,0.0,0.0,1105920.0,2.5185955261501174e-05,2.2113797967904244e-05
,,,1118208.0,0.0,0.0,1118208.0,7.386541983578354e-05,2.6862366333565053e-05
,,,1130496.0,0.0,0.0,1130496.0,6.276765877070527e-05,2.8387372609965195e-05
,,,1142784.0,0.0,0.0,1142784.0,2.4247703549917787e-05,2.9289922167663462e-05
,,,1155072.0,0.0,0.0,1155072.0,7.34122731955722e-05,3.433479711626812e-05
,,,1167360.0,0.0,0.0,1167360.0,2.2689957404509187e-05,3.5176358142052774e-05
,,,1179648.0,0.0,0.0,1179648.0,2.9465867555700243e-05,3.681057508705029e-05
,,,1191936.0,0.0,0.0,1191936.0,1.7659753211773932e-05,3.724219847451119e-05
,,,1204224.0,0.0,0.0,1204224.0,9.233430804063876e-05,4.370671364692195e-05
,,,1216512.0,0.0,0.0,1216512.0,2.7123465163943667e-05,4.4875236199004576e-05
,,,1228800.0,0.0,0.0,1228800.0,1.2154487194493413e-05,4.3572089392303796e-05
,,,1241088.0,0.0,0.0,1241088.0,6.3591796788387e-05,4.254472708756415e-05
,,,1253376.0,0.0,0.0,1253376.0,9.926736432438095e-05,4.619469764293171e-05
,,,1265664.0,0.0,0.0,1265664.0,3.446137513189266e-05,4.72160648011292e-05
,,,1277952.0,0.0,0.0,1277952.0,9.630111890146509e-06,4.083784867058663e-05
,,,1290240.0,0.0,0.0,1290240.0,1.5222690611456832e-05,4.0091121991281395e-05
,,,1302528.0,0.0,0.0,1302528.0,2.3177512048278004e-05,3.946228644053917e-05
,,,1314816.0,0.0,0.0,1314816.0,4.046970570925623e-05,4.1743281690287405e-05
,,,1327104.0,0.0,0.0,1327104.0,2.0609402175371844e-05,3.457079110376071e-05
,,,1339392.0,0.0,0.0,1339392.0,3.225213731639087e-05,3.508365831900543e-05
,,,1351680.0,0.0,0.0,1351680.0,5.599935927117864e-05,3.946814552667395e-05
,,,1363968.0,0.0,0.0,1363968.0,3.1422074243891984e-05,3.625117327222446e-05
,,,1376256.0,0.0,0.0,1376256.0,7.015648589003831e-05,3.334008542879019e-05
,,,1388544.0,0.0,0.0,1388544.0,4.619282359878222e-05,3.451323027547915e-05
,,,1400832.0,0.0,0.0,1400832.0,4.521288550070797e-06,3.400234794147157e-05
,,,1413120.0,0.0,0.0,1413120.0,3.9589537967306874e-05,3.643903267705657e-05
,,,1425408.0,0.0,0.0,1425408.0,2.343856613151729e-05,3.64651380853805e-05
,,,1437696.0,0.0,0.0,1437696.0,8.713765055290423e-06,3.328954401998393e-05
,,,1449984.0,0.0,0.0,1449984.0,2.3365808980694663e-05,3.356518470051621e-05
,,,1462272.0,0.0,0.0,1462272.0,2.2398400081632037e-05,3.2579810977040324e-05
,,,1474560.0,0.0,0.0,1474560.0,1.0611229906013856e-05,2.8040998040523844e-05
,,,1486848.0,0.0,0.0,1486848.0,2.0252675312804058e-05,2.6924058147415053e-05
,,,1499136.0,0.0,0.0,1499136.0,1.2409645326746007e-05,2.1149374091085824e-05
,,,1511424.0,0.0,0.0,1511424.0,1.9099938072031364e-05,1.8440085538410735e-05
,,,1523712.0,0.0,0.0,1523712.0,3.5100316987760984e-06,1.833895985328127e-05
,,,1536000.0,0.0,0.0,1536000.0,1.2970243309003612e-05,1.567703038745094e-05
,,,1548288.0,0.0,0.0,1548288.0,5.268375389277935e-06,1.3860011313227005e-05
,,,1560576.0,0.0,0.0,1560576.0,5.11776427932394e-06,1.3500411235630358e-05
,,,1572864.0,0.0,0.0,1572864.0,6.888681430912887e-06,1.185269848065218e-05
,,,1585152.0,0.0,0.0,1585152.0,4.195010963788566e-06,1.003235956886783e-05
,,,1597440.0,0.0,0.0,1597440.0,1.7903315892908722e-05,1.0761568167557318e-05
,,,1609728.0,0.0,0.0,1609728.0,6.927287662013744e-06,9.429029402478288e-06
,,,1622016.0,0.0,0.0,1622016.0,1.8941169400932267e-05,1.0082181809896913e-05
,,,1634304.0,0.0,0.0,1634304.0,1.3846192814526148e-06,8.310649930839038e-06
,,,1646592.0,0.0,0.0,1646592.0,2.90106690954417e-05,1.0860713670505597e-05
,,,1658880.0,0.0,0.0,1658880.0,1.2741761262683818e-05,1.083786546587362e-05
,,,1671168.0,0.0,0.0,1671168.0,2.24343918186302e-05,1.2554467108808846e-05
,,,1683456.0,0.0,0.0,1683456.0,3.3476457853491105e-05,1.539033646622556e-05
,,,1695744.0,0.0,0.0,1695744.0,1.1895762630350267e-05,1.58910445861693e-05
,,,1708032.0,0.0,0.0,1708032.0,5.074414123858635e-06,1.5978984902176307e-05
,,,1720320.0,0.0,0.0,1720320.0,6.351613895579551e-06,1.4823814702443393e-05
,,,1732608.0,0.0,0.0,1732608.0,2.1067777803788584e-05,1.6237863716620873e-05
,,,1744896.0,0.0,0.0,1744896.0,1.5770471388047251e-06,1.4501451490408118e-05
,,,1757184.0,0.0,0.0,1757184.0,4.918527944634358e-05,1.9281517506897216e-05
,,,1769472.0,0.0,0.0,1769472.0,1.654148582019843e-05,1.803459917937289e-05
,,,1781760.0,0.0,0.0,1781760.0,6.608249047227825e-06,1.7421247957827286e-05
,,,1794048.0,0.0,0.0,1794048.0,3.268786531407386e-05,1.8446595307371655e-05
,,,1806336.0,0.0,0.0,1806336.0,1.0141960956389084e-05,1.6113145617661456e-05
,,,1818624.0,0.0,0.0,1818624.0,3.047693947640558e-05,1.7971263302266984e-05
,,,1830912.0,0.0,0.0,1830912.0,2.7699982941461105e-05,2.0233820184027236e-05
,,,1843200.0,0.0,0.0,1843200.0,4.918458095441262e-05,2.451711688991054e-05
,,,1855488.0,0.0,0.0,1855488.0,4.0452844890144966e-05,2.6455623598546173e-05
,,,1867776.0,0.0,0.0,1867776.0,1.7101541137283978e-06,2.6468934296038536e-05
,,,1880064.0,0.0,0.0,1880064.0,1.4490671067809066e-05,2.2999473458185093e-05
,,,1892352.0,0.0,0.0,1892352.0,1.9691575289471075e-05,2.331448240511236e-05
,,,1904640.0,0.0,0.0,1904640.0,1.3246254335778454e-05,2.397828293396742e-05
,,,1916928.0,0.0,0.0,1916928.0,3.551968984538689e-05,2.426146538709872e-05
,,,1929216.0,0.0,0.0,1929216.0,1.555620474391617e-05,2.4802889765851432e-05
,,,1941504.0,0.0,0.0,1941504.0,2.7367525035515428e-05,2.449194832176242e-05
,,,1953792.0,0.0,0.0,1953792.0,3.837044156777362e-05,2.555899418439367e-05
,,,1966080.0,0.0,0.0,1966080.0,2.3129876353777945e-05,2.29535237243302e-05
,,,1978368.0,0.0,0.0,1978368.0,1.4335062587633729e-05,2.0341745494079077e-05
,,,1990656.0,0.0,0.0,1990656.0,2.2360565102038283e-05,2.2406786592910065e-05
,,,2002944.0,0.0,0.0,2002944.0,1.5243303399377814e-05,2.248204982606694e-05
,,,2015232.0,0.0,0.0,2015232.0,4.707953970258435e-05,2.5220846267378266e-05
,,,2027520.0,0.0,0.0,2027520.0,1.937552951858379e-05,2.58337737856588e-05
,,,2039808.0,0.0,0.0,2039808.0,3.487448702799156e-05,2.5769253503919266e-05
,,,2052096.0,0.0,0.0,2052096.0,8.740297441060345e-05,3.2953930470588e-05
,,,2064384.0,0.0,0.0,2064384.0,2.0783925720024854e-05,3.2295570539038934e-05
,,,2076672.0,0.0,0.0,2076672.0,1.9658824991590034e-05,3.0424408881420582e-05
,,,2088960.0,0.0,0.0,2088960.0,2.1136884849208098e-05,3.02251097309636e-05
,,,2101248.0,0.0,0.0,2101248.0,1.3428046562088033e-05,3.013440812840903e-05
,,,2113536.0,0.0,0.0,2113536.0,1.90749742614571e-05,2.980584904435091e-05
,,,2125824.0,0.0,0.0,2125824.0,1.8741626263363287e-05,3.0155681330749457e-05
,,,2138112.0,0.0,0.0,2138112.0,1.1270729980121056e-05,2.6574800358503132e-05
,,,2150400.0,0.0,0.0,2150400.0,3.2318443118128926e-05,2.7869091718457645e-05
,,,2162688.0,0.0,0.0,2162688.0,2.515266047945867e-05,2.6896909063604352e-05
,,,2174976.0,0.0,0.0,2174976.0,5.71750085024784e-05,2.387411247279184e-05
,,,2187264.0,0.0,0.0,2187264.0,1.9072642317041755e-05,2.3702984132493533e-05
,,,2199552.0,0.0,0.0,2199552.0,7.529345263416569e-06,2.249003615967619e-05
,,,2211840.0,0.0,0.0,2211840.0,4.2252698525165515e-06,2.0798874660007033e-05
,,,2224128.0,0.0,0.0,2224128.0,5.0554556461671986e-05,2.4511525649965432e-05
,,,2236416.0,0.0,0.0,2236416.0,1.445387655015414e-05,2.4049415878835133e-05
,,,2248704.0,0.0,0.0,2248704.0,1.147342967063499e-05,2.332259621956231e-05
,,,2260992.0,0.0,0.0,2260992.0,7.347613670087109e-06,2.2930284588558908e-05
,,,2273280.0,0.0,0.0,2273280.0,1.6448257762628298e-05,2.1343266053008846e-05
,,,2285568.0,0.0,0.0,2285568.0,1.0542329012726745e-05,1.9882232906335653e-05
,,,2297856.0,0.0,0.0,2297856.0,1.5459190763067454e-05,1.571065113239456e-05
,,,2310144.0,0.0,0.0,2310144.0,1.2451108583870033e-05,1.5048497759077387e-05
,,,2322432.0,0.0,0.0,2322432.0,1.5902112257511664e-05,1.5885774458486898e-05
,,,2334720.0,0.0,0.0,2334720.0,4.341885505709797e-05,1.980513297894504e-05
,,,2347008.0,0.0,0.0,2347008.0,5.0444815618296467e-05,1.9794158894607487e-05
,,,2359296.0,0.0,0.0,2359296.0,4.240164222816626e-05,2.25889354624087e-05
,,,2371584.0,0.0,0.0,2371584.0,1.7305283108726144e-05,2.3172120806217814e-05
,,,2383872.0,0.0,0.0,2383872.0,2.2104793364026893e-05,2.4647838775611792e-05
,,,2396160.0,0.0,0.0,2396160.0,7.239048136398196e-05,3.024206113574716e-05
,,,2408448.0,0.0,0.0,2408448.0,4.5080159907229245e-05,3.369584422519741e-05
,,,2420736.0,0.0,0.0,2420736.0,1.7417593577799078e-06,3.232410108466866e-05
,,,2433024.0,0.0,0.0,2433024.0,8.068744136835448e-06,3.188586463996519e-05
,,,2445312.0,0.0,0.0,2445312.0,1.110242495390897e-05,3.140589590960493e-05
,,,2457600.0,0.0,0.0,2457600.0,5.7626564133291445e-05,3.282666681722427e-05
,,,2469888.0,0.0,0.0,2469888.0,1.1490049170485387e-05,2.8931190172443166e-05
,,,2482176.0,0.0,0.0,2482176.0,2.2191498525595914e-05,2.691017580218613e-05
,,,2494464.0,0.0,0.0,2494464.0,2.269784939320137e-05,2.7449432430633654e-05
,,,2506752.0,0.0,0.0,2506752.0,3.2905503758229315e-05,2.8529503470053897e-05
,,,2519040.0,0.0,0.0,2519040.0,3.684088490748157e-05,2.4974543824403856e-05
,,,2531328.0,1.4646823137842424e-15,1.4646823137842425e-16,2531328.0,4.080958509196838e-05,2.454748634287777e-05
,,,2543616.0,7.610087967198828e-09,7.610089431881141e-10,2543616.0,1.8958400081222255e-05,2.6269150415222008e-05
,,,2555904.0,7.584042190552273e-12,7.617673474071694e-10,2555904.0,4.803141564480029e-06,2.594259015798646e-05
,,,2568192.0,1.9762032010817165e-09,9.59387667515341e-10,2568192.0,9.338603073653454e-06,2.5766207969960914e-05
,,,2580480.0,7.1751225331577e-11,9.665627900484987e-10,2580480.0,5.803210660815239e-05,2.5806762217447006e-05
,,,2592768.0,1.9120852181679174e-13,9.665819109006804e-10,2592768.0,1.4911822897071639e-05,2.6148939590105635e-05
,,,2605056.0,1.1992476456335055e-10,9.785743873570154e-10,2605056.0,1.8610411643749103e-05,2.5790830901920946e-05
,,,2617344.0,1.2685388040926486e-12,9.787012412374246e-10,2617344.0,6.83136167936027e-05,3.0352407641961087e-05
,,,2629632.0,2.607254938386619e-16,9.787012673099741e-10,2629632.0,1.7210084479302168e-05,2.8782865714068374e-05
,,,2641920.0,2.506836503803072e-19,9.787012673350425e-10,2641920.0,1.0707512653122345e-05,2.6169528488632447e-05
,,,2654208.0,2.4098022295076252e-21,9.787011208670521e-10,2654208.0,3.828468834399246e-06,2.2471416862875533e-05
,,,2666496.0,1.7583927828893463e-24,2.1769232414716952e-10,2666496.0,4.596408568128633e-06,2.103521771156617e-05
,,,2678784.0,5.949190408073713e-27,2.1693391992811421e-10,2678784.0,1.1602565791690722e-05,2.171516013428724e-05
,,,2691072.0,5.460263167554502e-30,1.9313599819942604e-11,2691072.0,6.824314671879013e-06,2.1463731294109796e-05
,,,2703360.0,2.580349766538661e-35,1.2138477286784904e-11,2703360.0,1.7809546989155933e-05,1.744147533221015e-05
,,,2715648.0,1.3238680832040205e-35,1.2119356434603226e-11,2715648.0,8.794070405807966e-06,1.682970008308378e-05
,,,2727936.0,9.950970719786607e-40,1.2687997826817043e-13,2727936.0,3.9523011461521186e-05,1.8920960064860993e-05
,,,2740224.0,2.2392749459910577e-41,2.6097858905561918e-17,2740224.0,2.402518051288401e-05,1.4492116436789124e-05
,,,2752512.0,7.006492321624085e-45,2.530952169572484e-20,2752512.0,1.3087677264896532e-05,1.407987571534856e-05
,,,2764800.0,0.0,2.411566576941225e-22,2764800.0,3.973639650212135e-06,1.3406488415057538e-05
,,,2777088.0,0.0,1.7643474335996306e-25,2777088.0,5.822456538832436e-06,1.3605887185500857e-05
,,,2789376.0,0.0,5.954650710284464e-28,2789376.0,3.104867452445129e-05,1.6251113781133123e-05
,,,2801664.0,0.0,5.460302210750496e-31,2801664.0,5.4531052834742395e-06,1.5636167730311473e-05
,,,2813952.0,0.0,3.904319599425475e-36,2813952.0,3.4435221702248478e-06,1.5298088480146056e-05
,,,2826240.0,9.80908925027372e-45,1.3239698338677225e-36,2826240.0,3.7815880205016583e-06,1.389529258328063e-05
,,,2838528.0,1.489741943450346e-19,1.489741943450346e-20,2838528.0,5.034574617942174e-06,1.3519343004494052e-05
,,,2850816.0,3.9643917778183396e-10,3.964391779308081e-11,2850816.0,2.6690987093995016e-05,1.2236140567741433e-05
,,,2863104.0,6.989271719252491e-13,3.971381051027334e-11,2863104.0,1.613918720977381e-05,1.1447541237430414e-05
,,,2875392.0,1.3610630792807294e-15,3.971394661658127e-11,2875392.0,1.1240430467296392e-05,1.12628165576704e-05
,,,2887680.0,1.4956606323816382e-10,5.4670552940397656e-11,2887680.0,1.3294392071353892e-05,1.2194891799784575e-05
,,,2899968.0,6.149218023665526e-09,6.695923553069502e-10,2899968.0,9.060184311238118e-06,1.2518664577025147e-05
,,,2912256.0,4.307349847169443e-11,6.738997051541197e-10,2912256.0,1.9214048127954204e-05,1.1335201937375434e-05
,,,2924544.0,2.3443003094314463e-09,9.083297360972645e-10,2924544.0,2.2823272350554664e-05,1.3072218644083478e-05
,,,2936832.0,2.2832121031786854e-12,9.085580573075824e-10,2936832.0,3.623446900746785e-06,1.3090211117135672e-05
,,,2949120.0,7.833741861034034e-16,9.08558135645001e-10,2949120.0,3.955023809491346e-05,1.666707612457685e-05
,,,2961408.0,1.512997051037478e-17,9.085581371431005e-10,2961408.0,9.437693734071217e-06,1.7107388036189756e-05
,,,2973696.0,2.0469389897075437e-20,8.68914219366964e-10,2973696.0,5.405277382427205e-06,1.4978817065032977e-05
,,,2985984.0,4.922964839214976e-24,8.68844326649772e-10,2985984.0,1.6245804242013644e-05,1.4989478768256958e-05
,,,2998272.0,3.514926218939898e-31,8.688441905434641e-10,2998272.0,1.5570083633065224e-05,1.542244408483384e-05
,,,3010560.0,1.3464986235185173e-30,8.538875842196477e-10,3010560.0,2.1415277539441984e-05,1.623453263164265e-05
,,,3022848.0,2.5122635490094517e-26,2.3896578185309506e-10,3022848.0,2.0422022013614576e-05,1.7370716401880294e-05
,,,3035136.0,2.972651569344009e-10,2.643849476993657e-10,3035136.0,2.8210992847258847e-05,1.827041087381076e-05
,,,3047424.0,6.682479754734535e-10,9.677971430356641e-11,3047424.0,5.21936162840575e-05,2.1207445267161042e-05
,,,3059712.0,3.136334941755692e-11,9.968772803500422e-11,3059712.0,4.679802805185318e-05,2.552490338227168e-05
,,,3072000.0,1.2481635824005086e-14,9.968889786116804e-11,3072000.0,3.3586101684098445e-05,2.492848974119018e-05
,,,3084288.0,2.0455698764484016e-08,2.1452587727965725e-09,3084288.0,2.729934446203212e-05,2.6714654813986273e-05
,,,3096576.0,1.1029658667875234e-11,2.1463617386613136e-09,3096576.0,2.196465842037772e-05,2.8370592917781324e-05
,,,3108864.0,1.621255471758213e-17,2.146361740282568e-09,3108864.0,4.9974158173426986e-05,3.1743428310922656e-05
,,,3121152.0,2.257305916260795e-11,2.148619046198829e-09,3121152.0,7.787201320752501e-05,3.797362126836864e-05
,,,3133440.0,2.9082751022239486e-09,2.439446556421224e-09,3133440.0,2.761414119352897e-05,3.859350763377733e-05
,,,3145728.0,2.251892971862531e-13,2.4394690753509423e-09,3145728.0,3.6969572344484426e-05,4.024826266686432e-05
,,,3158016.0,1.655440627425173e-15,2.409742725201565e-09,3158016.0,1.4620765189950665e-05,3.88892399011335e-05
,,,3170304.0,5.6294824349405535e-18,2.3429179282171682e-09,3170304.0,2.1393107696591567e-05,3.580918904238691e-05
,,,3182592.0,7.917525598107508e-09,3.1315341530861632e-09,3182592.0,2.4776086017178994e-05,3.360699483891949e-05
,,,3194880.0,2.522282151658691e-12,3.1317851331377467e-09,3194880.0,3.2115109206642956e-05,3.345989559117394e-05
,,,3207168.0,3.72891673094955e-09,1.4591069297842997e-09,3207168.0,6.234627411079903e-05,3.696458855605063e-05
,,,3219456.0,2.0448495327562988e-12,1.458208448870788e-09,3219456.0,5.411130890327816e-06,3.530923580304564e-05
,,,3231744.0,1.5074744182795297e-15,1.4582085979969741e-09,3231744.0,2.633695354840408e-05,3.2945515340543355e-05
,,,3244032.0,7.398393009339088e-10,1.5299352221741047e-09,3244032.0,2.744110922018687e-05,2.790242494180954e-05
,,,3256320.0,1.8159021739997765e-12,1.2392893021691095e-09,3256320.0,1.5393891468799364e-05,2.6680399969336577e-05
,,,3268608.0,6.359739079042521e-15,1.2392674192132988e-09,3268608.0,1.3647280866280198e-05,2.4348170821516154e-05
,,,3280896.0,5.344755839024967e-18,1.2392672542037116e-09,3280896.0,1.8461698346072808e-05,2.4732264137128368e-05
,,,3293184.0,1.68474834083554e-08,2.9240155944763036e-09,3293184.0,2.746579411905259e-05,2.5339532779374467e-05
,,,3305472.0,3.293052173540071e-12,2.132592339882907e-09,3305472.0,1.6989528376143426e-05,2.456087701527091e-05
,,,3317760.0,3.926211208001481e-11,2.1362663228757425e-09,3317760.0,5.508877317576359e-06,2.1900253826364255e-05
,,,3330048.0,5.269649011134062e-14,1.7633799194297986e-09,3330048.0,2.074947163540249e-05,1.77405735788246e-05
,,,3342336.0,1.737690893954813e-11,1.7649131253704777e-09,3342336.0,2.485308505129069e-05,1.968476899492089e-05
,,,3354624.0,3.890036441115778e-13,1.7649518749874475e-09,3354624.0,8.062366153656816e-06,1.7857310255446163e-05
,,,3366912.0,7.323073638068297e-17,1.6909679522171298e-09,3366912.0,2.1254368220979813e-06,1.5325743015637274e-05
,,,3379200.0,4.283267074356445e-10,1.7336190327432945e-09,3379200.0,1.3862778966237481e-06,1.392498165841971e-05
,,,3391488.0,3.230717198395479e-13,1.73365070394137e-09,3391488.0,2.6048636451984446e-05,1.5165117216990134e-05
,,,3403776.0,1.5835631055870676e-15,1.7336508617632054e-09,3403776.0,3.244770778110251e-05,1.6563718160493104e-05
,,,3416064.0,1.9373026349357233e-21,4.890252092785892e-11,3416064.0,2.1537246842247746e-06,1.4032511217010327e-05
,,,3428352.0,8.908251913908316e-10,1.3765573484958808e-10,3428352.0,1.4269911237837126e-05,1.3760549503179698e-05
,,,3440640.0,4.183351350513694e-11,1.3791287499210027e-10,3440640.0,3.173411823809147e-05,1.6383073595231206e-05
,,,3452928.0,1.127664079012917e-12,1.3802037175099045e-10,3452928.0,5.310506094247103e-05,1.961863252593806e-05
,,,3465216.0,1.7063715024301374e-11,1.3798905235946579e-10,3465216.0,2.3368246426495414e-05,1.9470148663458532e-05
,,,3477504.0,1.0442473347254307e-13,1.3796059446840185e-10,3477504.0,2.902662769580881e-05,2.1566574817673728e-05
,,,3489792.0,1.611418066401841e-16,1.379606032595089e-10,3489792.0,2.0690052527546263e-06,2.1560931660739398e-05
,,,3502080.0,8.617065394567192e-11,1.0374499791051164e-10,3502080.0,2.8801495015310746e-05,2.4302453372608097e-05
,,,3514368.0,2.0418956600774343e-13,1.0373310969512847e-10,3514368.0,2.1953722656083603e-05,2.389296199301801e-05
,,,3526656.0,7.260697249506504e-16,1.0373302394579038e-10,3526656.0,2.7945924860735733e-05,2.3442783700981335e-05
,,,3538944.0,3.410569743289571e-11,1.0714359368888623e-10,3538944.0,1.519325451226905e-05,2.4746736683785764e-05
,,,3551232.0,1.5474857361965263e-13,1.807654940716504e-11,3551232.0,2.078216493828222e-05,2.539796205383027e-05
,,,3563520.0,9.418301694097408e-10,1.0807621499762543e-10,3563520.0,5.38058423747619e-05,2.760513446749731e-05
,,,3575808.0,5.594274118022232e-11,1.1355772270774635e-10,3575808.0,3.446024978378167e-05,2.5740653351628378e-05
,,,3588096.0,9.537274760449781e-14,1.1186088848007668e-10,3588096.0,7.146114755111437e-05,3.0549943464090275e-05
,,,3600384.0,3.7400938309360644e-18,1.1185044638073881e-10,3600384.0,3.91265784855932e-05,3.155993854306871e-05
,,,3612672.0,4.945254206134564e-10,1.613029723279038e-10,3612672.0,1.0570673718272397e-05,3.241010538962049e-05
,,,3624960.0,1.0715829626995836e-13,1.5269662276296358e-10,3624960.0,1.7484282579971477e-05,3.1278384146086564e-05
,,,3637248.0,4.0482809697077e-10,1.931590135034398e-10,3637248.0,2.316742514570554e-05,3.139975439504875e-05
,,,3649536.0,2.446708634307182e-12,1.9340361175989802e-10,3649536.0,4.2751251991527774e-05,3.288028710812796e-05
,,,3661824.0,6.688847519123233e-15,1.8999371090136038e-10,3661824.0,2.843513054055317e-06,3.1645312962306596e-05
,,,3674112.0,3.274923443541411e-09,5.174705803981395e-10,3674112.0,1.0884841079435622e-05,3.065558057642192e-05
,,,3686400.0,3.0080428888486685e-12,4.235883677460503e-10,3686400.0,1.0479886744481822e-05,2.6322985013393913e-05
,,,3698688.0,4.1426797498596464e-15,4.17994507896003e-10,3698688.0,5.521147007433076e-06,2.342907473575906e-05
,,,3710976.0,2.114665502891041e-12,4.1819643717153166e-10,3710976.0,7.51814271400993e-06,1.7034774252048616e-05
,,,3723264.0,1.299221960484459e-13,4.1820942901712713e-10,3723264.0,1.557626819703728e-05,1.4679743223193023e-05
,,,3735552.0,8.208664303843705e-11,3.769655512596253e-10,3735552.0,1.1742883846939852e-05,1.479696423605977e-05
,,,3747840.0,3.8349286130926846e-13,3.769931847161291e-10,3747840.0,1.1330493483304357e-05,1.4181585326393059e-05
,,,3760128.0,4.499043451428476e-15,3.3651082492339735e-10,3760128.0,2.528807575193544e-05,1.4393650387016046e-05
,,,3772416.0,9.69867149554678e-10,4.332528690154344e-10,3772416.0,4.513291666323009e-06,1.0569854354495571e-05
,,,3784704.0,6.672532896582576e-10,4.999775290965083e-10,3784704.0,2.1243897208478302e-05,1.240989276993787e-05
,,,3796992.0,3.488792371317273e-13,1.7252007266608034e-10,3796992.0,1.2147834543914845e-05,1.2536192116385791e-05
,,,3809280.0,3.126764244204521e-16,1.722192996448379e-10,3809280.0,3.8050765094036855e-05,1.5293279951341295e-05
,,,3821568.0,5.25931034833782e-12,1.7274481641169669e-10,3821568.0,5.4307999865462385e-05,2.0171965237144228e-05
,,,3833856.0,7.080532308615754e-09,8.80586580722983e-10,3833856.0,5.771739718814691e-05,2.5191890684557928e-05
,,,3846144.0,9.980941998814311e-12,8.815716827032595e-10,3846144.0,1.5328416338888928e-05,2.516710549874309e-05
,,,3858432.0,1.0945251747719294e-15,8.733631278519333e-10,3858432.0,1.8911943091855694e-05,2.588401142323467e-05
,,,3870720.0,5.452031418921403e-11,8.787768099847237e-10,3870720.0,6.342553145562609e-05,3.1093515220466844e-05
,,,3883008.0,4.3508493104601104e-10,9.222848531849798e-10,3883008.0,4.3136931102102004e-05,3.28784007554835e-05
,,,3895296.0,4.460940875953649e-12,8.257442323171073e-10,3895296.0,3.457908557417492e-05,3.58849801462687e-05
,,,3907584.0,7.269918897203261e-15,7.590196303431713e-10,3907584.0,3.012411859041701e-05,3.677300228446257e-05
,,,3919872.0,1.5001809563839018e-14,7.589862426004146e-10,3919872.0,4.1919779808570944e-05,3.9750196810928175e-05
,,,3932160.0,7.168990586355525e-10,8.306761171963273e-10,3932160.0,5.2272933923328914e-05,4.117241369385738e-05
,,,3944448.0,1.570629115770402e-13,8.301658924526513e-10,3944448.0,2.7421182797600824e-05,3.848373198707122e-05
,,,3956736.0,5.531545591945057e-09,6.752672207855815e-10,3956736.0,1.1770983595245829e-05,3.388909062778111e-05
,,,3969024.0,1.3239284885405156e-13,6.742823658705854e-10,3969024.0,1.664875647596394e-05,3.402112464148861e-05
,,,3981312.0,1.6958665582933463e-08,2.3701488147114144e-09,3981312.0,4.2641215259209275e-05,3.639405185822397e-05
,,,3993600.0,1.8014834994121525e-11,2.3664982667919053e-09,3993600.0,3.0886430370931826e-05,3.3140141749754544e-05
,,,4005888.0,5.976438961774466e-13,2.323049538076922e-09,4005888.0,1.2773882190231234e-05,3.010383685856747e-05
,,,4018176.0,2.2408834047619544e-10,2.3450122780369463e-09,4018176.0,0.00010478647891432047,3.712457619258203e-05
,,,4030464.0,1.8486249568165174e-11,2.346860176001873e-09,4030464.0,3.4537859998332955e-05,3.7565950333373624e-05
,,,4042752.0,1.8856973579459927e-15,2.3468588643906526e-09,4042752.0,1.97836707229726e-05,3.5352339424813786e-05
,,,4055040.0,4.3658314001030857e-10,2.318827272528128e-09,4055040.0,1.2436884086734304e-05,3.1368734441154325e-05
,,,4067328.0,4.762721611771085e-13,2.318859193453088e-09,4067328.0,2.995322089797507e-05,3.162193825119175e-05
,,,4079616.0,4.1905229286598455e-11,1.769895157187242e-09,4079616.0,2.0812124906418223e-05,3.252605238230899e-05
,,,4091904.0,2.3000203593544672e-11,1.772181938261711e-09,4091904.0,2.130893214295308e-05,3.299206994900791e-05
,,,4104192.0,8.990990174595481e-10,1.6622528171431946e-10,4104192.0,3.197648038621992e-05,3.1925596461708966e-05
,,,4116480.0,4.612861944271648e-11,1.6903666015917894e-10,4116480.0,1.278834194332982e-05,3.011578761894877e-05
,,,4128768.0,3.776969378531045e-14,1.6898067273893972e-10,4128768.0,2.2284967902426917e-05,3.106689619016834e-05
,,,4141056.0,7.008873824892207e-17,1.4657184570019398e-10,4141056.0,2.5097154624139268e-05,2.3097963761150217e-05
,,,4153344.0,1.1953884178813232e-10,1.566771049221907e-10,4153344.0,1.4635637247314056e-05,2.1107741486048325e-05
,,,4165632.0,5.057362948562849e-13,1.5672748998194055e-10,4165632.0,2.718975398844729e-05,2.1848349812595796e-05
,,,4177920.0,8.438002296884406e-09,9.568694056693504e-10,4177920.0,4.233523698834082e-05,2.4838185102756444e-05
,,,4190208.0,2.965346949472073e-11,9.597871254027046e-10,4190208.0,1.3487840381761393e-05,2.319164705113508e-05
,,,4202496.0,1.0082654618622419e-11,9.56604867935907e-10,4202496.0,1.4765719242859632e-05,2.2587006484779218e-05
,,,4214784.0,2.2817782819456456e-13,9.543276653593721e-10,4214784.0,3.133794234599918e-05,2.358990750508383e-05
,,,4227072.0,2.0817277281762723e-17,8.64417765695145e-10,4227072.0,1.5728448488516733e-05,2.1965104315313512e-05
,,,4239360.0,3.0334505885197077e-13,8.598352382567584e-10,4239360.0,6.031934996523584e-06,2.1289463620632884e-05
,,,4251648.0,4.28906401136094e-11,8.641205252987409e-10,4251648.0,1.0722020912605027e-05,2.0133168921650697e-05
,,,4263936.0,8.72058848744306e-12,8.649925771386115e-10,4263936.0,1.6515488823642954e-05,1.9275002341601066e-05
,,,4276224.0,6.948383350173041e-10,9.225225264615285e-10,4276224.0,1.2791315384674817e-05,1.9090570155337143e-05
,,,4288512.0,2.807700738571839e-09,1.2032420266892268e-09,4288512.0,2.3044970779058833e-05,1.8676091834398297e-05
,,,4300800.0,3.849025265179051e-12,3.5982669952730414e-10,4300800.0,1.194476014158378e-05,1.5637044149722594e-05
,,,4313088.0,5.716369839413518e-16,3.568614097415305e-10,4313088.0,5.887378695964192e-06,1.4876997981142876e-05
,,,4325376.0,1.0399098215423045e-18,3.558531443836592e-10,4325376.0,5.055414900804559e-05,1.8455840957661467e-05
,,,4337664.0,1.0038709123231608e-09,4.5621741783315586e-10,4337664.0,2.1072325277297448e-05,1.7429279250791292e-05
,,,4349952.0,1.2123667954971884e-12,4.5633865243097777e-10,4349952.0,1.670227720751427e-05,1.7526662122691047e-05
,,,4362240.0,1.013194620795114e-11,4.573215125458878e-10,4362240.0,1.2735717367225638e-05,1.8197040359761254e-05
,,,4374528.0,2.3772002144539783e-09,6.907524699799246e-10,4374528.0,6.909436100007345e-06,1.781578187850149e-05
,,,4386816.0,1.242059640323608e-09,8.140863751635411e-10,4386816.0,1.4988780700756857e-05,1.7663111066212878e-05
,,,4399104.0,1.7843952588673477e-12,7.447809811876974e-10,4399104.0,1.5083174124204865e-05,1.7892296940165884e-05
,,,4411392.0,1.6122540879207811e-15,4.6401106855592235e-10,4411392.0,1.9196344510419294e-05,1.750743431330193e-05
,,,4423680.0,2.116558317499795e-11,4.657427243469042e-10,4423680.0,0.00010335978974277775,2.6648937273421323e-05
,,,4435968.0,4.10891575393831e-12,4.661535587585996e-10,4435968.0,4.173880248951415e-05,3.0234079652776324e-05
,,,4448256.0,6.257328285149318e-09,1.0918863871695404e-09,4448256.0,1.2451901663249979e-05,2.6423854918296764e-05
,,,4460544.0,1.0961525668632769e-11,9.925954485040876e-10,4460544.0,9.405938423393915e-06,2.525721623290641e-05
,,,4472832.0,1.2596015896981783e-10,1.0050702277215197e-09,4472832.0,1.90342434507329e-05,2.549041285722827e-05
,,,4485120.0,6.007057120246036e-12,1.0046577388127493e-09,4485120.0,1.7799484339775518e-05,2.5996789554483256e-05
,,,4497408.0,5.4706962339852914e-14,7.669431880635855e-10,4497408.0,2.926245118336131e-05,2.8232091062818653e-05
,,,4509696.0,1.6380256300296246e-15,6.427373878337875e-10,4509696.0,8.332101666989425e-06,2.756642315944191e-05
,,,4521984.0,1.1008471911821971e-11,6.43659795499083e-10,4521984.0,2.9159719512487452e-05,2.897407769827017e-05
,,,4534272.0,1.5667707293591053e-12,6.438163113466102e-10,4534272.0,2.1132075441225123e-05,2.9167650791350758e-05
,,,4546560.0,1.4251086237019688e-09,7.842106153993072e-10,4546560.0,3.497520083328709e-05,2.2329191900401686e-05
,,,4558848.0,5.894493781966048e-10,8.427446616435738e-10,4558848.0,3.979769644502085e-06,1.8553288615900483e-05
,,,4571136.0,5.728007188935773e-12,2.1758463384753568e-10,4571136.0,2.677202670990179e-05,1.998530112056566e-05
,,,4583424.0,1.0512537137093621e-10,2.2700101841776604e-10,4583424.0,2.562525817969193e-05,2.1607233096195464e-05
,,,4595712.0,1.0106060953363194e-12,2.1450606313031789e-10,4595712.0,3.743185516213998e-05,2.3446994267336173e-05
,,,4608000.0,5.781857739979579e-14,2.139111392760333e-10,4608000.0,1.9826762581942603e-05,2.364972209155288e-05
,,,4620288.0,3.270077958417161e-11,2.1717574653821647e-10,4620288.0,3.129115308790157e-05,2.3852592282006905e-05
,,,4632576.0,6.018074222551711e-14,2.17181600809876e-10,4632576.0,3.766574567028632e-05,2.6785956682336593e-05
,,,4644864.0,3.0405150619472465e-11,2.1912126868064104e-10,4644864.0,4.482986211466292e-05,2.8352970942554146e-05
,,,4657152.0,1.9003236021812123e-10,2.3796782762951725e-10,4657152.0,1.2521117848033706e-05,2.7491875183235004e-05
,,,4669440.0,5.455364169663449e-13,9.551151890101703e-11,4669440.0,6.642563675995916e-05,3.0636918775902204e-05
,,,4681728.0,4.5998880630430485e-11,4.116646914439958e-11,4681728.0,2.5816373333024483e-05,3.2820579144754446e-05
,,,4694016.0,2.5314284811857785e-13,4.061898271031785e-11,4694016.0,1.7380463153434295e-05,3.18814227891077e-05
,,,4706304.0,4.906975867302599e-12,3.0597143159954495e-11,4706304.0,1.0295772578198619e-06,2.9421854696920492e-05
,,,4718592.0,2.9162151859996044e-11,3.341229773642047e-11,4718592.0,1.587977385497652e-05,2.726664656620415e-05
,,,4730880.0,4.1327483657482844e-09,4.466813524535089e-10,4730880.0,2.2485709147683035e-05,2.753254122277819e-05
,,,4743168.0,3.495143137873432e-09,7.929255882824349e-10,4743168.0,1.3083660936293503e-05,2.5711792007617386e-05
,,,4755456.0,1.7775440378879162e-10,8.106950105870914e-10,4755456.0,5.376177917545041e-05,2.7321395358133792e-05
,,,4767744.0,1.2958325637929072e-14,8.076557913577081e-10,4767744.0,1.6927471733652055e-05,2.453115632003271e-05
,,,4780032.0,1.080320005906558e-12,7.887605873364865e-10,4780032.0,4.938985512126237e-06,2.3772943086441957e-05
,,,4792320.0,1.4091357710318183e-11,7.901151694658219e-10,4792320.0,1.532231181045063e-05,1.8662610591491104e-05
,,,4804608.0,2.3062756149272445e-09,1.0161428428955031e-09,4804608.0,4.509487553150393e-06,1.6531922013503694e-05
,,,4816896.0,3.7539307599920857e-13,1.0161550679182913e-09,4816896.0,2.8684264786231022e-05,1.7662302176783366e-05
,,,4829184.0,1.343887778837427e-10,1.0291032481199354e-09,4829184.0,2.2941925029347963e-06,1.778876370129486e-05
,,,4841472.0,1.3729986036992159e-09,1.1634868933038575e-09,4841472.0,8.853288212170204e-06,1.708611513701423e-05
,,,4853760.0,1.0588742845503892e-11,7.512709310135794e-10,4853760.0,3.1640993256587535e-06,1.5153954154811802e-05
,,,4866048.0,1.2106477026025316e-14,4.017578278739386e-10,4866048.0,1.8910799553850666e-05,1.5736668016567518e-05
,,,4878336.0,4.44970726931615e-09,8.289531144266743e-10,4878336.0,1.1027654788146416e-05,1.1463255577837118e-05
,,,4890624.0,1.2344241369828998e-11,8.301862427310938e-10,4890624.0,1.0453567180472115e-05,1.0815865122519125e-05
,,,4902912.0,1.0418197785947807e-10,8.404964085164507e-10,4902912.0,7.034321849156792e-06,1.102539875622218e-05
,,,4915200.0,1.045728463313263e-12,8.391918455917502e-10,4915200.0,1.678225695892858e-06,9.660990144766403e-06
,,,4927488.0,7.294439866948702e-10,6.815086827685128e-10,4927488.0,5.389313931421687e-06,9.748972782593531e-06
,,,4939776.0,1.2207598358108621e-11,6.826919032967238e-10,4939776.0,8.261483647705367e-06,7.706694668740966e-06
,,,4952064.0,1.7912519702465804e-13,6.692709380280519e-10,4952064.0,3.0563411807330944e-05,1.0533616599180579e-05
,,,4964352.0,1.2960025844812448e-16,5.319710906181563e-10,4964352.0,1.1817084062689295e-05,1.0829996184232489e-05
,,,4976640.0,1.7163331496779695e-09,7.025455313014027e-10,4976640.0,9.988883296803882e-06,1.1512474581347002e-05
,,,4988928.0,6.573635154734821e-12,7.032016841691736e-10,4988928.0,2.4012932650900137e-05,1.202268789105195e-05
,,,5001216.0,1.538988788259606e-09,4.121298360635193e-10,5001216.0,5.9574017844473324e-05,1.687732419668464e-05
,,,5013504.0,7.773347891297059e-10,4.88628890839507e-10,5013504.0,1.851582419476472e-05,1.76835498981139e-05
,,,5025792.0,8.76635800987439e-10,5.658742731523031e-10,5025792.0,2.1823647936495643e-05,1.9162482506847787e-05
,,,5038080.0,8.027800068218424e-13,5.658499783066539e-10,5038080.0,6.567219922241445e-06,1.965138192948264e-05
,,,5050368.0,1.1497279354243078e-15,4.929056946099604e-10,5050368.0,3.196888913710912e-05,2.230933945005139e-05
,,,5062656.0,1.1783191272403764e-19,4.916849347859328e-10,5062656.0,4.966369791266819e-05,2.6449560876547674e-05
,,,5074944.0,4.834103487875533e-11,4.965011257541059e-10,5074944.0,2.0255597519280855e-06,2.3595775671007385e-05
,,,5087232.0,1.1824703542717696e-12,4.966193598295071e-10,5087232.0,9.976354704122059e-06,2.341170273515066e-05
,,,5099520.0,3.264263674177907e-10,3.5762868160348925e-10,5099520.0,5.323029957556476e-06,2.2945117401225922e-05
,,,5111808.0,8.076599537313692e-09,1.164631271819385e-09,5111808.0,1.6785466868896037e-05,2.2222370823025513e-05
,,,5124096.0,1.3044082018224637e-11,1.0120368011952468e-09,5124096.0,2.4089730383517843e-05,1.867394207692996e-05
,,,5136384.0,2.6174176396877763e-13,9.34329496458673e-10,5136384.0,3.221083898097277e-05,2.0043443555550763e-05
,,,5148672.0,1.302763583819709e-17,8.466659176626928e-10,5148672.0,6.488316770022114e-05,2.434939553192332e-05
,,,5160960.0,2.4585865750677747e-12,8.468314983195176e-10,5160960.0,9.284204376551012e-06,2.4621093977354273e-05
,,,5173248.0,7.932407624274459e-13,8.469107074229667e-10,5173248.0,5.539802562755843e-05,2.6964007626399205e-05
,,,5185536.0,6.626558561132848e-10,9.131762930225117e-10,5185536.0,3.101564652752131e-05,2.509920248788452e-05
,,,5197824.0,1.321910607597158e-12,9.08474380595396e-10,5197824.0,6.915642491852243e-05,3.181228900454395e-05
,,,5210112.0,8.507067642919234e-10,9.93426809989161e-10,5210112.0,7.354232366196811e-05,3.816888590032856e-05
,,,5222400.0,2.9953961533379925e-10,9.907381347807619e-10,5222400.0,4.707240926412245e-05,4.234382383098515e-05
,,,5234688.0,2.4127385202590834e-13,1.831023084345955e-10,5234688.0,3.0443882375645142e-05,4.3709665381660066e-05
,,,5246976.0,1.7004762398534212e-15,1.81798070280397e-10,5246976.0,6.784505482452612e-05,4.80851978257609e-05
,,,5259264.0,4.271257421824733e-10,2.2448447032224748e-10,5259264.0,3.1644922273699194e-05,4.802860615503353e-05
,,,5271552.0,5.21633879031295e-14,2.244896853582742e-10,5271552.0,4.397305929160211e-06,4.198001997792744e-05
,,,5283840.0,9.335660022813386e-11,2.335794867235808e-10,5283840.0,2.8883897660610575e-05,4.39399893063334e-05
,,,5296128.0,8.27851446653464e-09,1.061351609300802e-09,5296128.0,1.7030655726557598e-05,4.0103252316233315e-05
,,,5308416.0,3.033075272422063e-10,1.0254167764136942e-09,5308416.0,1.7473682722387213e-05,3.87490559357199e-05
,,,5320704.0,7.908741809596146e-10,1.1043720034488959e-09,5320704.0,1.9128781180673588e-05,3.3746291561935014e-05
,,,5332992.0,1.4260733797547924e-12,1.019443934357679e-09,5332992.0,3.845502942567691e-05,3.02375621383059e-05
,,,5345280.0,2.6974752061666624e-10,1.0164647248859658e-09,5345280.0,6.602120993193239e-05,3.2132442205086896e-05
,,,5357568.0,1.6774590975524954e-12,1.0166083434105185e-09,5357568.0,2.593773145539065e-05,3.168182711306144e-05
,,,5369856.0,2.301336454735292e-09,1.2467418188364237e-09,5369856.0,1.950498335645534e-05,2.6847819966254365e-05
,,,5382144.0,4.6962931229040566e-12,1.2044988739304668e-09,5382144.0,2.479980078836282e-05,2.6163307817720728e-05
,,,5394432.0,1.878366964284487e-12,1.204681494288105e-09,5394432.0,1.94556632777676e-05,2.7669143552581466e-05
,,,5406720.0,1.3996853444793918e-12,1.1954858027997395e-09,5406720.0,2.17635033550323e-06,2.499838882007073e-05
,,,5419008.0,2.5680441106956664e-10,3.9331479725323215e-10,5419008.0,2.7164404552119475e-05,2.601176370262692e-05
,,,5431296.0,1.8618245813605775e-15,3.6298423071146967e-10,5431296.0,8.628451420615117e-05,3.289284685100331e-05
,,,5443584.0,6.200997123192072e-11,2.9009780973870024e-10,5443584.0,4.109173460165039e-06,3.139088607895246e-05
,,,5455872.0,5.244595990133716e-13,2.9000764836062614e-10,5455872.0,7.013297969630609e-06,2.8246712933347835e-05
,,,5468160.0,7.504277292162223e-12,2.6378332402817566e-10,5468160.0,1.3419024374646446e-05,2.298649437761924e-05
,,,5480448.0,1.3814914490151153e-11,2.6499706956743556e-10,5480448.0,2.081166652108853e-05,2.2473887884189026e-05
,,,5492736.0,2.0556339038376354e-11,3.6919057997743974e-11,5492736.0,1.6732668882468715e-05,2.2196656436790364e-05
,,,5505024.0,1.9478853715189832e-11,3.839731405697255e-11,5505024.0,9.74458695660966e-06,2.069113505361505e-05
,,,5517312.0,2.2622371568618387e-11,4.047171451740594e-11,5517312.0,4.749601551642021e-05,2.349517027748031e-05
,,,5529600.0,1.8643782813872653e-10,5.897552879683065e-11,5529600.0,3.550180554157123e-05,2.6827715798087103e-05
,,,5541888.0,3.238048573485826e-13,3.332746817560884e-11,5541888.0,1.5291258023353294e-05,2.564040114521049e-05
,,,5554176.0,2.217189395044746e-11,3.554447138819546e-11,5554176.0,8.736768601617465e-06,1.7885626584757118e-05
,,,5566464.0,1.0328725405705254e-15,2.9343577552257445e-11,5566464.0,3.335966175654903e-05,2.0810675414395517e-05
,,,5578752.0,6.898665342684277e-10,9.827778501919888e-11,5578752.0,1.9845642479291808e-05,2.2093909865361636e-05
,,,5591040.0,1.5559397520403806e-11,9.908329704202303e-11,5591040.0,3.168818511767313e-05,2.3920825939664306e-05
,,,5603328.0,7.762925117541878e-10,1.753310567684267e-10,5603328.0,1.3369817073301723e-05,2.317664099488563e-05
,,,5615616.0,3.063787649508024e-11,1.763392105140971e-10,5615616.0,1.6197085642488673e-05,2.3123082670887624e-05
,,,5627904.0,1.8076611894267866e-13,1.744094017544724e-10,5627904.0,3.446669870754704e-05,2.559529384598136e-05
,,,5640192.0,3.782436882223313e-09,5.503908528199418e-10,5640192.0,7.501387396284069e-06,2.1595831033967745e-05
,,,5652480.0,3.592168807779276e-12,5.321062868868472e-10,5652480.0,3.101710899500176e-05,2.11473613793108e-05
,,,5664768.0,6.151453677312689e-15,5.3207452154648e-10,5664768.0,4.2947280841569104e-05,2.3912963661132382e-05
,,,5677056.0,9.38236303464161e-10,6.236809624978514e-10,5677056.0,2.1777598400755476e-05,2.521704664104618e-05
,,,5689344.0,8.803649360437463e-13,6.237688957042017e-10,5689344.0,6.181209755595773e-05,2.806229022098705e-05
,,,5701632.0,3.9372226960191865e-09,9.485045118792776e-10,5701632.0,3.486260053856919e-05,2.9563986026914796e-05
,,,5713920.0,2.872447280033441e-10,9.756730449275715e-10,5713920.0,3.55605783018594e-05,2.9951225345333415e-05
,,,5726208.0,1.257979831414957e-11,8.993017735835678e-10,5726208.0,1.821772093535401e-05,3.0436015731538642e-05
,,,5738496.0,2.5724334699421075e-11,8.988104194040017e-10,5738496.0,8.91367562871892e-06,2.970767473016167e-05
,,,5750784.0,6.235398030517379e-15,8.987929663319105e-10,5750784.0,1.550413677856947e-05,2.7811418537263917e-05
,,,5763072.0,5.968066318917664e-12,5.211460847414711e-10,5763072.0,1.00627633704183e-05,2.8067556134677336e-05
,,,5775360.0,2.0691439302685428e-11,5.228560117909617e-10,5775360.0,1.270534509482483e-05,2.6236379744659645e-05
,,,5787648.0,3.4662643126163553e-09,8.694818279072294e-10,5787648.0,6.374613925193746e-05,2.8316265585696482e-05
,,,5799936.0,7.070341941547061e-09,1.4826923917155195e-09,5799936.0,2.501579486609747e-05,2.8640085232230677e-05
,,,5812224.0,2.6695789097826623e-11,1.4852739341316978e-09,5812224.0,1.933359696219365e-05,2.439223517285427e-05
,,,5824512.0,3.6641115488955656e-12,1.0919180756846689e-09,5824512.0,1.0450343931249032e-05,2.195100951212225e-05
,,,5836800.0,2.2579429555102715e-14,1.0631958608272898e-09,5836800.0,6.132499159624179e-05,2.4527450841560493e-05
,,,5849088.0,3.2755840508027595e-16,1.0619379137517155e-09,5849088.0,1.2962436206483593e-05,2.4001922368673453e-05
,,,5861376.0,2.0018020574497086e-10,1.0793835008562704e-09,5861376.0,7.466124467706929e-06,2.3857167252572254e-05
,,,5873664.0,1.4663612121421088e-13,1.0793975409285888e-09,5873664.0,1.2757913888587305e-05,2.3582544963574036e-05
,,,5885952.0,5.307546069310831e-11,1.0841082803660077e-09,5885952.0,4.457502412454536e-05,2.7033771038986744e-05
,,,5898240.0,1.2489652275367764e-09,1.2069356591894168e-09,5898240.0,2.3381779707657795e-05,2.810141450027004e-05
,,,5910528.0,2.4799255982088653e-09,1.1083017877486678e-09,5910528.0,6.185025752832492e-05,2.7911826327908786e-05
,,,5922816.0,5.505348781020825e-13,4.013226470817719e-10,5922816.0,6.628688424825668e-06,2.60731156837816e-05
,,,5935104.0,1.0481014165152893e-15,3.9865317298213094e-10,5935104.0,2.9984645758910724e-06,2.443960244515135e-05
,,,5947392.0,1.3234431273679662e-14,3.9828808527036877e-10,5947392.0,4.6601208547751107e-05,2.8054688906801552e-05
,,,5959680.0,6.390345660041892e-11,4.046761729874551e-10,5959680.0,2.7769778777534764e-05,2.469916762493085e-05
,,,5971968.0,3.7349760321584807e-10,4.4202590055319943e-10,5971968.0,5.6566144242727505e-06,2.3968585446709766e-05
,,,5984256.0,1.9106763578709738e-09,6.130755157657998e-10,5984256.0,6.2070357671473175e-06,2.3842676576653805e-05
,,,5996544.0,2.750508154569786e-10,6.405659336993762e-10,5996544.0,1.3032275698302934e-05,2.3870112757625364e-05
,,,6008832.0,2.6817427907962117e-11,6.379401304208615e-10,6008832.0,2.910761395469308e-05,2.232337174064014e-05
,,,6021120.0,9.545530508242353e-15,5.130445622202346e-10,6021120.0,2.215949643868953e-05,2.2201143413743314e-05
,,,6033408.0,2.351527133048475e-17,2.6505200475087535e-10,6033408.0,2.5096732618597645e-05,1.852579092277059e-05
,,,6045696.0,1.4602593208697574e-09,4.110228833500408e-10,6045696.0,7.225131412269548e-06,1.8585435221514975e-05
,,,6057984.0,8.46723698562831e-09,1.2577464771027302e-09,6057984.0,1.203138284229984e-05,1.948872704815585e-05
,,,6070272.0,4.2498973229498915e-09,1.682734885954592e-09,6070272.0,2.9915977696267266e-05,1.782020396300747e-05
,,,6082560.0,7.580490633355788e-12,1.6771025893578856e-09,6082560.0,1.4228998528172573e-05,1.646612593807125e-05
,,,6094848.0,1.5785059185683774e-09,1.797603420893139e-09,6094848.0,3.54012445313856e-05,1.9440588948782535e-05
,,,6107136.0,1.363663956061023e-13,1.606549421745602e-09,6107136.0,2.5884689724383254e-05,2.140835434450613e-05
,,,6119424.0,2.618832114123612e-16,1.5790443663882252e-09,6119424.0,5.7054882442268235e-06,2.0675675599098514e-05
,,,6131712.0,4.721638345424906e-16,1.5763626708138124e-09,6131712.0,1.7948197637451813e-05,1.9559733967374386e-05
,,,6144000.0,1.3958548206183252e-10,1.590320264466945e-09,6144000.0,9.57788991703031e-06,1.830157331520847e-05
,,,6156288.0,7.234315924087298e-11,1.5975545780395049e-09,6156288.0,3.685153933474794e-05,1.94770539868235e-05
,,,6168576.0,1.274003680329372e-10,1.4642686827558228e-09,6168576.0,4.39338085319226e-05,2.3147921698788805e-05
,,,6180864.0,4.017936353998645e-10,6.577243477329785e-10,6180864.0,1.4236218703445047e-05,2.3368405284903325e-05
,,,6193152.0,3.758603206449607e-09,6.085949360829498e-10,6193152.0,1.718914063530974e-05,2.2095721578807574e-05
,,,6205440.0,8.058555558965175e-12,6.086427425755109e-10,6205440.0,6.102705810917541e-06,2.128309230708207e-05
,,,6217728.0,1.05082342747737e-14,4.507932015421006e-10,6217728.0,1.6730889910832047e-05,1.9416056845026714e-05
,,,6230016.0,9.721697521077506e-10,5.47996540113315e-10,6230016.0,8.976227036328055e-06,1.772521057622119e-05
,,,6242304.0,8.459336342525603e-09,1.3939301481775542e-09,6242304.0,3.4268487070221454e-05,2.0581510458820658e-05
,,,6254592.0,3.981153948173777e-12,1.394328216355988e-09,6254592.0,2.6707285239050787e-05,2.1457419218980552e-05
,,,6266880.0,2.374812642832088e-09,1.6178509324330138e-09,6266880.0,1.1764090838065991e-05,2.167603931108412e-05
,,,6279168.0,2.8775529412975822e-12,1.610904371803056e-09,6279168.0,2.8738853870891035e-05,2.086477076469843e-05
,,,6291456.0,2.4075384648843587e-09,1.8389181814881983e-09,6291456.0,7.153367429661254e-06,1.7186726654472296e-05
,,,6303744.0,4.354297593785657e-13,1.7987823609241492e-09,6303744.0,1.9961084035458043e-05,1.7759213187673593e-05
,,,6316032.0,1.3270713647630985e-14,1.422923367350554e-09,6316032.0,4.2984989704564214e-05,2.0338798094599042e-05
,,,6328320.0,9.945438916858507e-11,1.4320629507115158e-09,6328320.0,1.3232966011855751e-05,2.1051824114692862e-05
,,,6340608.0,3.233383930970983e-10,1.464395739197798e-09,6340608.0,3.007592871047867e-06,1.9679494410714445e-05
,,,6352896.0,1.1699063643770083e-08,2.537085128364031e-09,6352896.0,4.7518570985024176e-05,2.353372880558406e-05
,,,6365184.0,8.175264284981942e-12,1.6919690205399691e-09,6365184.0,3.324944797592858e-05,2.3431824896154767e-05
,,,6377472.0,2.843569563842907e-14,1.6915737487147157e-09,6377472.0,3.740531004344424e-05,2.4501627376594114e-05
,,,6389760.0,2.8949927640316747e-10,1.4830424120718236e-09,6389760.0,4.185795357140402e-05,2.7511013649927917e-05
,,,6402048.0,1.0195266939710956e-12,1.482856609447091e-09,6402048.0,1.4133581620020172e-05,2.605048642484083e-05
,,,6414336.0,5.033702043151974e-13,1.2421530999790869e-09,6414336.0,1.0893980894858638e-05,2.6424547771360568e-05
,,,6426624.0,1.260544169046085e-10,1.2547149986936097e-09,6426624.0,4.187691471694658e-05,2.861613083950943e-05
,,,6438912.0,4.2487772559477815e-13,1.2547561593948042e-09,6438912.0,3.549424582161009e-05,2.7867056451214013e-05
,,,6451200.0,2.1386903359399412e-10,1.2661976238373452e-09,6451200.0,1.41854591978093e-05,2.7962305769809365e-05
,,,6463488.0,1.6860864556396866e-12,1.2340323931731995e-09,6463488.0,2.196631491339455e-05,2.9858177974044032e-05
,,,6475776.0,3.411774624391869e-14,6.412944057081551e-11,6475776.0,6.269217313577731e-06,2.5733242606899386e-05
,,,6488064.0,4.964558394012405e-11,6.827647253632973e-11,6488064.0,1.8934788386104628e-06,2.2597645693167578e-05
,,,6500352.0,7.65181458935634e-09,8.334550879023999e-10,6500352.0,2.092562256924187e-05,2.0949676945747344e-05
,,,6512640.0,3.388146606446892e-13,8.045390417281477e-10,6512640.0,2.3120786257398624e-05,1.9075960214346806e-05
,,,6524928.0,6.175501221505897e-10,8.661921012738095e-10,6524928.0,1.060074646375142e-05,1.872267669871993e-05
,,,6537216.0,6.321896854390626e-13,8.662049832219219e-10,6537216.0,1.7044858395820484e-05,1.9337764448816112e-05
,,,6549504.0,7.5587545482018e-11,8.611582960796629e-10,6549504.0,2.1085409874406953e-05,1.725861396456215e-05
,,,6561792.0,6.607207999036885e-14,8.611224155151024e-10,6561792.0,7.287028711289167e-05,2.0996218093690304e-05
,,,6574080.0,4.5160595263382675e-09,1.2913414647895297e-09,6574080.0,6.805859205390637e-06,2.0258258094448443e-05
,,,6586368.0,2.1954898836440417e-12,1.2913924051323302e-09,6586368.0,2.6002560237733025e-05,2.0661882626882288e-05
,,,6598656.0,1.3626336170524667e-11,1.2927516269747583e-09,6598656.0,3.171427427635839e-05,2.3206388323160355e-05
,,,6610944.0,1.7751545043660545e-14,1.2877888437352502e-09,6610944.0,1.7677875196871657e-05,2.4784827958986472e-05
,,,6623232.0,2.7027094636385605e-09,7.928783311634722e-10,6623232.0,2.363567182328552e-05,2.505583288439084e-05
,,,6635520.0,1.6688289269003083e-09,9.597273423874386e-10,6635520.0,2.2383515897672623e-05,2.498210584841824e-05
,,,6647808.0,2.661197362012017e-13,8.979989421459997e-10,6647808.0,9.314589745675524e-05,3.323662094771862e-05
,,,6660096.0,7.301376006798392e-16,8.97935796191216e-10,6660096.0,3.877947650228938e-05,3.541008275836551e-05
,,,6672384.0,8.778221668078363e-11,8.991552633110926e-10,6672384.0,3.566161224928995e-05,3.68677029958538e-05
,,,6684672.0,1.0144720249035306e-10,9.092933763521288e-10,6684672.0,6.829707369130726e-06,3.0263645021477716e-05
,,,6696960.0,1.725849620008192e-14,4.57689149567922e-10,6696960.0,5.6833940713355936e-05,3.5266453172274247e-05
,,,6709248.0,8.183611485227763e-13,4.575514366944099e-10,6709248.0,1.1715054521725202e-05,3.3837702600673464e-05
,,,6721536.0,4.1035693361853496e-11,4.6029237241354276e-10,6721536.0,1.1752725792272637e-05,3.184154775226489e-05
,,,6733824.0,1.6679611765842612e-09,6.270867149174644e-10,6733824.0,1.1021261646722754e-05,3.117588639725e-05
,,,6746112.0,5.035226865087357e-12,3.573192912401172e-10,6746112.0,4.466362103509406e-05,3.327868131843085e-05
,,,6758400.0,2.6518347702915907e-11,1.9308823332037797e-10,6758400.0,7.151857668456311e-06,3.1755515495509225e-05
,,,6770688.0,1.3611038222431185e-10,2.0667265956918901e-10,6770688.0,2.2240698550983023e-05,2.4664995604931993e-05
,,,6782976.0,1.0950002840223738e-13,2.0668353655826914e-10,6782976.0,2.724194200709462e-05,2.3511242155412522e-05
,,,6795264.0,2.7991191947123486e-16,1.9790534288138274e-10,6795264.0,1.5929730579955503e-05,2.153805398847908e-05
,,,6807552.0,1.1189295786214377e-10,1.989499184185618e-10,6807552.0,9.47563118340137e-06,2.1802646369906138e-05
,,,6819840.0,3.144344187149331e-14,1.9895133691312896e-10,6819840.0,2.9928477791448433e-05,1.9112100077715394e-05
,,,6832128.0,2.2758532095915976e-10,2.2162803289419265e-10,6832128.0,2.2262589482124895e-05,2.0166853573755365e-05
,,,6844416.0,1.216044047865535e-12,2.1764606796279385e-10,6844416.0,1.1566303631601235e-05,2.0148211357688222e-05
,,,6856704.0,1.0808755372219518e-09,1.5893750402656292e-10,6856704.0,2.599173361280312e-05,2.164525855429626e-05
,,,6868992.0,5.362628021042074e-13,1.5848760762026462e-10,6868992.0,7.012685819063336e-05,2.419158226985019e-05
,,,6881280.0,1.3822792781992392e-15,1.5583591107790085e-10,6881280.0,3.118578024441376e-05,2.6594974527445937e-05
,,,6893568.0,6.640514527145314e-11,1.4886538738261496e-10,6893568.0,2.5962004049991567e-05,2.6967105077346788e-05
,,,6905856.0,1.0288532901793952e-13,1.488647259126765e-10,6905856.0,1.696411709417589e-05,2.5939322586054914e-05
,,,6918144.0,2.0532777443625725e-15,1.4886490324925902e-10,6918144.0,3.195761140280714e-05,2.7542110668340074e-05
,,,6930432.0,1.6330764888531728e-09,3.0098325634836194e-10,6930432.0,1.2462102555825064e-05,2.7840757805582443e-05
,,,6942720.0,6.494434619715624e-10,3.6592445820133105e-10,6942720.0,1.7511854821350425e-05,2.6599095508572646e-05
,,,6955008.0,4.2663695203985313e-13,3.43208589800619e-10,6955008.0,1.3330917378577093e-05,2.570592829821787e-05
,,,6967296.0,4.652308811629868e-14,3.430916377046441e-10,6967296.0,3.0094990506768227e-05,2.7558796985734562e-05
,,,6979584.0,4.0036836068679804e-09,6.35372444669247e-10,6979584.0,3.7074986418398716e-05,2.8667122266294127e-05
,,,6991872.0,4.5662909217703e-12,6.357754474812136e-10,6991872.0,2.1085919191439945e-05,2.3763028366374783e-05
,,,7004160.0,3.0589855147981787e-15,6.357756151518372e-10,7004160.0,9.497028562085083e-06,2.1594153198141913e-05
,,,7016448.0,2.5196830254131547e-15,6.291353525929945e-10,7016448.0,4.2819699350123606e-05,2.327992272815512e-05
,,,7028736.0,5.880264053459427e-10,6.87927704594687e-10,7028736.0,2.5551693397574127e-05,2.413868035849494e-05
,,,7041024.0,3.982316212902681e-12,6.883257308882028e-10,7041024.0,9.064009039623974e-07,2.103355930861047e-05
,,,7053312.0,1.06848864969931e-13,5.250287668893824e-10,7053312.0,1.02330753482723e-05,2.081065658785519e-05
,,,7065600.0,1.4587540434855365e-10,4.746719611270817e-10,7065600.0,2.3726708604954183e-05,2.143214196621557e-05
,,,7077888.0,8.797845553928004e-12,4.755090819872704e-10,7077888.0,1.865799519388626e-05,2.196484974774648e-05
,,,7090176.0,1.3157211232698909e-14,4.755057453995819e-10,7090176.0,1.3939541531726718e-05,2.0349304850242334e-05
,,,7102464.0,3.529782829322212e-17,7.513738824256684e-11,7102464.0,1.8777852043664705e-05,1.8519591412768933e-05
,,,7114752.0,1.0432377184343977e-10,8.51131363347338e-11,7114752.0,2.7051826085274417e-05,1.911618210215238e-05
,,,7127040.0,4.207646379465284e-09,5.058774683827108e-10,7127040.0,9.570183768422187e-07,1.82621810836281e-05
,,,7139328.0,3.4796152070804e-11,5.093568316214886e-10,7139328.0,1.6606965800747275e-05,1.564090772869046e-05
,,,7151616.0,5.118449790166476e-14,4.505593095366844e-10,7151616.0,3.1265580522206925e-05,1.6212296441153742e-05
,,,7163904.0,6.377986102220253e-11,4.565390640176144e-10,7163904.0,1.2723629576309273e-05,1.7394019308388425e-05
,,,7176192.0,8.95951426475398e-14,4.5653733864538214e-10,7176192.0,7.233740082786729e-06,1.7094085781839872e-05
,,,7188480.0,1.2150801448415226e-16,4.4194981036132835e-10,7188480.0,2.8945739056022526e-06,1.5010872311904678e-05
,,,7200768.0,3.1304729179263785e-10,4.723747549851992e-10,7200768.0,1.4990345031643907e-05,1.4644107295680442e-05
,,,7213056.0,2.692456257946674e-10,4.992980018435427e-10,7213056.0,2.90009726692612e-05,1.615025040943389e-05
,,,7225344.0,2.9593667794092227e-11,5.022573650931691e-10,7225344.0,1.1014761791254083e-05,1.5373941384192828e-05
,,,7237632.0,3.087460148654131e-11,4.949124480574793e-10,7237632.0,8.398244972340763e-06,1.350858327289946e-05
,,,7249920.0,2.375997546858836e-10,9.790778557953926e-11,7249920.0,8.13665428722743e-06,1.4226546863937983e-05
,,,7262208.0,8.782985912632787e-13,9.451600023158518e-11,7262208.0,9.288437771222865e-06,1.3494694060985544e-05
,,,7274496.0,2.3188907030101864e-14,9.451320067249802e-11,7274496.0,4.410733041974405e-05,1.4778869050739254e-05
,,,7286784.0,1.000002969320235e-09,1.881355115023013e-10,7286784.0,1.3391016788470248e-05,1.4845607771955352e-05
,,,7299072.0,1.4349227824469086e-12,1.8827004426628124e-10,7299072.0,3.5490744873338067e-06,1.447714121241006e-05
,,,7311360.0,8.731226852631835e-11,1.9700125896811162e-10,7311360.0,7.739081411273219e-06,1.4961591962977156e-05
,,,7323648.0,1.1792924854240697e-13,1.6570832271370207e-10,7323648.0,2.792279701679945e-05,1.625483716149271e-05
,,,7335936.0,1.891439041365035e-16,1.387837790486257e-10,7335936.0,8.461929610348307e-06,1.4200932855601423e-05
,,,7348224.0,8.477742582021126e-11,1.4430215485123763e-10,7348224.0,2.0416953096476693e-05,1.5141151986123683e-05
,,,7360512.0,5.614019448971219e-13,1.412708348970732e-10,7360512.0,8.236580470111221e-06,1.5124985535900728e-05
,,,7372800.0,1.5938246278324186e-09,2.768933222117267e-10,7372800.0,2.9036886796044808e-05,1.7215008786782466e-05
,,,7385088.0,1.9866449342080075e-12,2.7700415684602117e-10,7385088.0,7.702537307826182e-06,1.7056418740442796e-05
,,,7397376.0,5.466694504481969e-10,3.316687830001379e-10,7397376.0,1.0096582021409025e-05,1.3655343900609296e-05
,,,7409664.0,1.8858751366090942e-12,2.3185707358177528e-10,7409664.0,1.6826874343678355e-05,1.3998929656130107e-05
,,,7421952.0,1.0436951511236725e-15,2.317136856730457e-10,7421952.0,1.1216572299114584e-06,1.3756187930387872e-05
,,,7434240.0,8.722564596534236e-09,1.0952389184738375e-09,7434240.0,5.669745708776948e-06,1.3549254360138246e-05
,,,7446528.0,8.445842983317853e-12,1.096071709847315e-09,7446528.0,1.0854385133522252e-05,1.1842413171810526e-05
,,,7458816.0,3.90241143103746e-09,1.4863128340366708e-09,7458816.0,4.7005703284715615e-05,1.5696790539247254e-05
,,,7471104.0,3.248838119825533e-12,1.478159975266632e-09,7471104.0,2.3277818399947137e-05,1.59828770695943e-05
,,,7483392.0,5.616188995342478e-10,1.534265725025567e-09,7483392.0,1.955686093424447e-05,1.7114905116007625e-05
,,,7495680.0,5.086845296838523e-12,1.375391946772009e-09,7495680.0,1.764620901667513e-05,1.5975837338070658e-05
,,,7507968.0,3.782571993257364e-14,1.3751970648505816e-09,7507968.0,4.911142847655962e-06,1.5696697892053636e-05
,,,7520256.0,8.29854130878878e-16,1.3205302027911748e-09,7520256.0,2.443589619360864e-05,1.7130629309273597e-05
,,,7532544.0,2.5290975910752245e-12,1.3205945250366214e-09,7532544.0,2.89997939641277e-05,1.8347921271318533e-05
,,,7544832.0,5.8019698675101e-09,1.9007914074181165e-09,7544832.0,1.3028288473530361e-05,1.953858439568042e-05
,,,7557120.0,8.136271286337167e-11,1.0366712190510302e-09,7557120.0,2.5899852820051212e-05,2.156159510680785e-05
,,,7569408.0,4.615105173022549e-12,1.0362881452700005e-09,7569408.0,5.174630738717194e-06,2.0993619667327342e-05
,,,7581696.0,1.2875478461182865e-10,6.589224806274373e-10,7581696.0,2.3227934434544295e-05,1.861584278231021e-05
,,,7593984.0,2.4876200275039673e-13,6.586224730157298e-10,7593984.0,7.936493784654886e-05,2.4224554726970383e-05
,,,7606272.0,3.2706045558640883e-16,6.024606157683506e-10,7606272.0,1.8422867772945512e-05,2.4111155410840487e-05
,,,7618560.0,2.6580482999823594e-09,8.677567612369027e-10,7618560.0,2.0890884722272556e-05,2.443562298140023e-05
,,,7630848.0,4.567811906497354e-09,1.3245341693146448e-09,7630848.0,3.4457858419045806e-05,2.7390294538539216e-05
,,,7643136.0,2.668972103510766e-12,1.3248009835395828e-09,7643136.0,1.8742629132854443e-05,2.68209678324638e-05
,,,7655424.0,1.4005007524057571e-09,1.4645981490210509e-09,7655424.0,1.3451302947942168e-05,2.5266118730845243e-05
,,,7667712.0,5.201173935986958e-10,9.364129016299106e-10,7667712.0,5.064259918678242e-06,2.446971587536003e-05
,,,7680000.0,4.36752919709867e-13,9.283203056355445e-10,7680000.0,3.675908980464252e-06,2.224732149140133e-05
,,,7692288.0,8.480939971928942e-16,9.27858879927642e-10,7692288.0,6.5868104381176335e-06,2.2388539461341375e-05
,,,7704576.0,1.1179232241319943e-19,9.149834014776381e-10,7704576.0,7.748219407706832e-06,2.084056795865763e-05
,,,7716864.0,5.7252330284048485e-09,1.4874818281178481e-09,7716864.0,3.4411384452444814e-05,1.6345212619247228e-05
,,,7729152.0,4.000507390633512e-12,1.487881846150866e-09,7729152.0,1.806219370337203e-05,1.630914521228988e-05
,,,7741440.0,1.3438281610897671e-14,1.222078359980791e-09,7741440.0,1.4911335407911489e-05,1.571119028085377e-05
,,,7753728.0,4.738915630279432e-09,1.2391887323589988e-09,7753728.0,3.3005264413077384e-05,1.556593088025693e-05
,,,7766016.0,1.2363290946559857e-11,1.2401581642433038e-09,7766016.0,8.146889740601182e-06,1.4506356941031604e-05
,,,7778304.0,4.669051434271886e-15,1.1001085559078714e-09,7778304.0,6.085888041222158e-06,1.3769815450359601e-05
,,,7790592.0,4.475998261325567e-17,1.048096821024e-09,7790592.0,2.263840481949349e-05,1.5527229940441127e-05
,,,7802880.0,8.212579061250835e-09,1.8693110518571127e-09,7802880.0,8.405936872198557e-06,1.600023272961456e-05
,,,7815168.0,2.2815612362355372e-10,1.8921265794100683e-09,7815168.0,9.34992688902033e-06,1.627654437470483e-05
,,,7827456.0,6.490484509800535e-13,1.8921914842439873e-09,7827456.0,4.764649687179675e-05,2.026637212111382e-05
,,,7839744.0,5.795211316036997e-13,1.3197261335166625e-09,7839744.0,5.4174791633461915e-05,2.2242712839215527e-05
,,,7852032.0,8.644427396120591e-09,2.183768822389658e-09,7852032.0,4.233633323262135e-05,2.4670126792140463e-05
,,,7864320.0,2.777648481592602e-12,2.1840452434096567e-09,7864320.0,3.087288496317342e-05,2.6266281747666653e-05
,,,7876608.0,1.033165501032549e-14,1.7101547135472142e-09,7876608.0,2.460806960395227e-05,2.5426562266754142e-05
,,,7888896.0,3.1105310919580614e-10,1.7400236953721388e-09,7888896.0,1.5232925458500782e-05,2.6135165838544106e-05
,,,7901184.0,1.774412908273071e-11,1.7417976413752686e-09,7901184.0,2.825310608992974e-05,2.8351887643414863e-05
,,,7913472.0,1.2893364616702504e-11,1.7430869733609403e-09,7913472.0,5.4439563731042045e-06,2.663244279877593e-05
,,,7925760.0,1.9699481959054312e-15,9.218292642306767e-10,7925760.0,1.887997132143937e-05,2.7679846243700013e-05
,,,7938048.0,4.79846625397092e-11,9.038121181222923e-10,7938048.0,1.3045935096063962e-05,2.8049447064404372e-05
,,,7950336.0,4.3803094484928806e-10,9.47550307762123e-10,7950336.0,4.2463586093314616e-06,2.3709433238157852e-05
,,,7962624.0,4.830956959698632e-13,9.475406652185595e-10,7962624.0,2.8634686411047976e-05,2.1155422715916453e-05
,,,7974912.0,1.3798748023837366e-12,8.323591308673891e-11,7974912.0,2.7413067679541805e-06,1.7195920069449733e-05
,,,7987200.0,3.5997337055615475e-11,8.65578819441412e-11,7987200.0,8.496996694399664e-06,1.4958331242572359e-05
,,,7999488.0,3.5337487010641175e-09,4.399317188850519e-10,7999488.0,1.9230817997595295e-05,1.4420606081936663e-05
,,,8011776.0,1.8410508216317364e-13,4.0884481847368765e-10,8011776.0,7.146490437056248e-06,1.3611962579792211e-05
,,,8024064.0,1.0173980391882734e-14,4.0707142296345374e-10,8024064.0,1.1560383427422494e-05,1.1942690313541484e-05
,,,8036352.0,4.675496434458637e-09,8.733317299476472e-10,8036352.0,4.2359824874438345e-06,1.182189292497545e-05
,,,8048640.0,1.8603417417661916e-11,8.751918746945938e-10,8048640.0,1.3825597610169401e-05,1.1316455553848452e-05
,,,8060928.0,5.051500306015496e-14,8.70398459940929e-10,8060928.0,9.354904250358231e-06,1.0947352469277877e-05
,,,8073216.0,7.909457348335518e-11,8.345048228043356e-10,8073216.0,1.4527863337813566e-05,1.197550294212609e-05
,,,8085504.0,5.991234797771833e-14,8.344625044695363e-10,8085504.0,2.7690553300393123e-05,1.1881089631060603e-05
,,,8097792.0,3.1730917893213473e-10,8.660554348825115e-10,8097792.0,2.456947792476664e-05,1.406390674674185e-05
,,,8110080.0,6.536279492912883e-14,8.62462237456443e-10,8110080.0,1.7757998042119045e-05,1.499000688151379e-05
,,,8122368.0,5.735324672121096e-16,5.090874247032778e-10,8122368.0,1.699876520433463e-05,1.4766801602187721e-05
,,,8134656.0,4.116971208389941e-10,5.502387262789609e-10,8134656.0,3.6663412174675614e-05,1.771849377594966e-05
,,,8146944.0,4.884028656041798e-13,5.502865491674821e-10,8146944.0,1.669620784620444e-05,1.823207621782785e-05
,,,8159232.0,1.2522074118355894e-10,9.525897983997433e-11,8159232.0,2.088657735536496e-05,1.9897135704619965e-05
,,,8171520.0,1.850433936395786e-14,9.340048853214453e-11,8171520.0,2.1164780870700877e-05,2.063105403067311e-05
,,,8183808.0,8.346897987602612e-10,1.7686441690786465e-10,8183808.0,5.361985434622814e-06,2.0231762149099572e-05
,,,8196096.0,5.034131676332858e-12,1.694583727271624e-10,8196096.0,8.410819646087475e-06,1.962005777992696e-05
,,,8208384.0,1.880719881769179e-14,1.694542622122464e-10,8208384.0,2.9892214418699343e-05,1.9840223891757584e-05
,,,8220672.0,4.2164911562281304e-09,5.593724599418459e-10,8220672.0,1.5202987318237623e-05,1.8903574831104684e-05
,,,8232960.0,2.600646549962467e-11,5.619665702123154e-10,8232960.0,3.4417265851516277e-05,2.0569501612044408e-05
,,,8245248.0,1.358165802045619e-10,5.755481708795249e-10,8245248.0,1.0078968140684689e-05,1.987752190567941e-05
,,,8257536.0,1.988446661378244e-13,5.343983432622394e-10,8257536.0,2.098101443455865e-05,1.8309282131667716e-05
,,,8269824.0,4.1893931933842474e-16,5.343495448696108e-10,8269824.0,2.7655458931500714e-05,1.9405207240197342e-05
,,,8282112.0,1.510002956006673e-10,5.369275003113218e-10,8282112.0,5.1066240606208645e-05,2.2423173565281713e-05
,,,8294400.0,1.570526839365464e-13,5.369413551457789e-10,8294400.0,6.025988841429353e-05,2.6332684319640977e-05
,,,8306688.0,8.316104841791608e-10,5.36633423687669e-10,8306688.0,2.4571403628215194e-05,2.825362613900021e-05
,,,8318976.0,1.5595139994199296e-09,6.920814104620286e-10,8318976.0,2.5302069843746722e-05,2.994275115876614e-05
,,,8331264.0,1.3390152412788106e-11,6.934185449834257e-10,8331264.0,4.669341433327645e-05,3.1622871150223854e-05
,,,8343552.0,9.899404791272974e-13,2.718684234085253e-10,8343552.0,3.5820041375700384e-05,3.3684576555970126e-05
,,,8355840.0,3.86240177098304e-16,2.6926781548258056e-10,8355840.0,1.4903200887298832e-05,3.173317005954838e-05
,,,8368128.0,4.1760559454928625e-09,6.732917520114106e-10,8368128.0,3.064017316016058e-06,3.1031674977081526e-05
,,,8380416.0,5.211659229176213e-12,6.737930334677145e-10,8380416.0,2.6340441157420475e-05,3.15676176493677e-05
,,,8392704.0,4.4134397606801143e-16,6.737930357081801e-10,8392704.0,2.4086495007698733e-05,3.12107212569875e-05
,,,8404992.0,5.919252125489531e-11,6.64612258273603e-10,8404992.0,5.573053689052661e-06,2.6661402565271904e-05
,,,8417280.0,6.035171251639326e-10,7.249482655216026e-10,8417280.0,1.1159466036284963e-05,2.175136032747105e-05
,,,8429568.0,3.409977739991336e-12,6.421282148776857e-10,8429568.0,8.785639996252334e-06,2.017278396427476e-05
,,,8441856.0,9.341119096400082e-14,4.861861560547891e-10,8441856.0,1.2833324338619908e-05,1.8925909413762082e-05
,,,8454144.0,1.2475358886349458e-16,4.84847153288869e-10,8454144.0,3.7228436364481844e-05,1.797941161688262e-05
,,,8466432.0,3.9074662024537094e-10,5.238228212654936e-10,8466432.0,1.3337218357870976e-05,1.573112931509968e-05
,,,8478720.0,8.05849310892004e-13,5.23903367572565e-10,8478720.0,8.175489710993133e-06,1.5058358197469108e-05
,,,8491008.0,7.346156275881791e-10,1.7975933578209662e-10,8491008.0,2.3163074123052258e-05,1.706826387817273e-05
,,,8503296.0,6.914917712504594e-11,1.861530875716836e-10,8503296.0,3.072924300795421e-05,1.75071440632261e-05
,,,8515584.0,3.094933106092176e-11,1.8924797654337816e-10,8515584.0,2.1394497404495876e-05,1.7237944302905813e-05
,,,8527872.0,4.511334824227239e-11,1.8784005924211588e-10,8527872.0,5.561511594957361e-07,1.673625404995012e-05
,,,8540160.0,6.841138170277788e-14,1.274951878638929e-10,8540160.0,9.34807576413732e-06,1.6555115022735358e-05
,,,8552448.0,8.943632284055236e-15,1.2715508445312218e-10,8552448.0,2.8565128256256383e-05,1.853306384873576e-05
,,,8564736.0,8.171642182364103e-12,1.2796290755226217e-10,8564736.0,3.290296202370276e-05,2.054002761724405e-05
,,,8577024.0,6.381051105621797e-14,1.2796927612800893e-10,8577024.0,2.0036361092934385e-05,1.8820820090089305e-05
,,,8589312.0,1.7234508264962756e-10,1.0612912236843458e-10,8589312.0,9.342731573269702e-06,1.842137141162918e-05
,,,8601600.0,1.296733091275352e-09,2.357218465648806e-10,8601600.0,3.4070668334607035e-05,2.1010889273990566e-05
,,,8613888.0,3.7659605804189295e-09,5.388563418479557e-10,8613888.0,2.7613462104151647e-05,2.1455928072100504e-05
,,,8626176.0,3.8858100764871395e-12,5.323300051430997e-10,8626176.0,6.0174924631913505e-05,2.4400496234496437e-05
,,,8638464.0,1.3139744178070143e-16,5.292350851767518e-10,8638464.0,2.6948473532684147e-05,2.4955893847315264e-05
,,,8650752.0,5.719498023341411e-11,5.30443248375866e-10,8650752.0,2.700859234513094e-05,2.7601137965878782e-05
,,,8663040.0,9.024583742337869e-13,5.305266530751191e-10,8663040.0,3.062281272529314e-05,2.9728611661994363e-05
,,,8675328.0,8.731619871582552e-09,1.403687745870146e-09,8675328.0,5.656192418731128e-06,2.7437718078241835e-05
,,,8687616.0,1.6417732913905542e-11,1.4045123549433e-09,8687616.0,1.868348044808954e-05,2.601576992068052e-05
,,,8699904.0,1.2842129211894834e-10,1.4173481031040892e-09,8699904.0,7.671947969356552e-06,2.477932860832273e-05
,,,8712192.0,1.4898500951450919e-10,1.4150120957905776e-09,8712192.0,2.286692082028215e-05,2.6131747533023974e-05
,,,8724480.0,2.0101484134634381e-13,1.2853588881471769e-09,8724480.0,1.8272291830119986e-05,2.4551909882575272e-05
,,,8736768.0,3.760714702612707e-10,9.46369977131411e-10,8736768.0,1.150713311896349e-05,2.294127698405646e-05
,,,8749056.0,5.247022389420648e-15,9.45981920826001e-10,8749056.0,3.508628772882124e-05,2.043241329374723e-05
,,,8761344.0,2.2265103534017488e-14,9.459841341966103e-10,8761344.0,1.5781932840278994e-05,1.9315759224506716e-05
,,,8773632.0,8.180279601847455e-11,9.484449157751162e-10,8773632.0,3.2032820551345743e-05,1.9818182045128194e-05
,,,8785920.0,3.966013887672186e-09,1.3449560587049115e-09,8785920.0,3.7944293580949306e-05,2.055033013069381e-05
,,,8798208.0,2.1882247865553003e-10,4.936763194122094e-10,8798208.0,3.176320266599456e-05,2.3161031155420157e-05
,,,8810496.0,3.1666000839999007e-12,4.923512061292187e-10,8810496.0,1.441663819908475e-05,2.273434693051968e-05
,,,8822784.0,4.3094986536566446e-15,4.795095078671893e-10,8822784.0,3.799177648033947e-05,2.576632978161797e-05
,,,8835072.0,3.2865828577162876e-10,4.974768354929013e-10,8835072.0,3.407959593459964e-05,2.6887597293049715e-05
,,,8847360.0,4.298049185077109e-13,4.974997145006173e-10,8847360.0,1.871293594983096e-05,2.6931661705020814e-05
,,,8859648.0,3.0373209503054e-10,4.902657769775443e-10,8859648.0,1.195360891870223e-05,2.6976309284994687e-05
,,,8871936.0,1.0702481123558982e-09,5.972900635108952e-10,8871936.0,1.189746156645318e-05,2.4657426668757882e-05
,,,8884224.0,1.5381873552655634e-10,6.126697105531976e-10,8884224.0,4.9061597868179284e-05,2.798539317154791e-05
,,,8896512.0,3.0551790264343737e-11,6.075446099777844e-10,8896512.0,1.349735005836313e-05,2.6131846122249648e-05
,,,8908800.0,8.580020013336982e-14,2.1095180123057916e-10,8908800.0,1.710877040750347e-05,2.4048293804905068e-05
,,,8921088.0,9.918114477850774e-11,1.9898766784287694e-10,8921088.0,2.667141416168306e-06,2.113868767992244e-05
,,,8933376.0,1.468230051426822e-11,2.0013923788590375e-10,8933376.0,4.4204260727080204e-05,2.4117449932721986e-05
,,,8945664.0,3.232034491891985e-09,5.233422561252369e-10,8945664.0,3.1525421945843846e-05,2.3470814479272425e-05
,,,8957952.0,4.117636208852045e-12,4.908881911689592e-10,8957952.0,2.0596414591030527e-05,2.2122496344915515e-05
,,,8970240.0,9.287829764540827e-11,5.001330404416493e-10,8970240.0,1.692712612566538e-05,2.1943915362498957e-05
,,,8982528.0,9.079626518230614e-13,4.698506272037777e-10,8982528.0,1.5668517638308305e-05,2.2315406234459563e-05
,,,8994816.0,3.24177259110788e-11,3.660675885592957e-10,8994816.0,1.0630670052099353e-05,2.218872708302418e-05
,,,9007104.0,4.7522686379257904e-14,3.50690467275278e-10,9007104.0,3.99871714762412e-06,1.7682439010968665e-05
,,,9019392.0,1.519691534025618e-18,3.4763528840081276e-10,9019392.0,5.542315193451941e-06,1.6886935524477544e-05
,,,9031680.0,1.1780467712441123e-09,4.654313855052106e-10,9031680.0,1.2882909989760568e-05,1.6464349482703255e-05
,,,9043968.0,8.161025385570545e-13,4.5559488128121555e-10,9043968.0,3.315173671580851e-05,1.9512809012667275e-05
,,,9056256.0,1.4709670518679256e-09,6.012233564165814e-10,9056256.0,2.7578755786331992e-05,1.7850258518592452e-05
,,,9068544.0,1.5384979170270559e-12,2.781737570190855e-10,9068544.0,1.6268044419120997e-05,1.6324520765920168e-05
,,,9080832.0,6.525284016826541e-10,3.430148335664657e-10,9080832.0,2.5689223548397422e-05,1.6833801661656857e-05
,,,9093120.0,1.05290882259351e-15,3.3372710909280713e-10,9093120.0,7.040654357600336e-06,1.5845154484850356e-05
,,,9105408.0,8.721757085719655e-18,3.3363631369980057e-10,9105408.0,7.963319755314538e-06,1.5074634696550979e-05
,,,9117696.0,2.984253469340281e-13,3.304243836433861e-10,9117696.0,2.151184647421663e-05,1.6162752338762705e-05
,,,9129984.0,7.657758871459919e-10,4.069972200893473e-10,9129984.0,1.2785128395383557e-05,1.704139346353865e-05
,,,9142272.0,1.3780353154875986e-09,5.44800751486138e-10,9142272.0,8.42936666837583e-06,1.7330098611031038e-05
,,,9154560.0,4.734692267878889e-11,4.3173076662960564e-10,9154560.0,1.7519210814498365e-05,1.779372869350482e-05
,,,9166848.0,7.816491413905706e-14,4.3165697286716386e-10,9166848.0,1.1548703090132525e-05,1.563342533093722e-05
,,,9179136.0,3.0371290667593107e-09,5.882731743563024e-10,9179136.0,1.6497036388803583e-06,1.3040520116192056e-05
,,,9191424.0,3.5330696701585396e-12,5.884726315316155e-10,9191424.0,2.973954057476173e-05,1.438766973175613e-05
,,,9203712.0,5.119031193581471e-15,5.232203032664694e-10,9203712.0,1.711346461282422e-06,1.1989882023044628e-05
,,,9216000.0,7.0302849190332734e-12,5.239232264674906e-10,9216000.0,7.823298801667988e-06,1.2068146467451395e-05
,,,9228288.0,9.009230355373303e-14,5.239322348256702e-10,9228288.0,1.7189711797982454e-05,1.2990785671718186e-05
,,,9240576.0,2.811108568145926e-10,5.52013477972436e-10,9240576.0,6.922074438383182e-06,1.1531808468134841e-05
,,,9252864.0,2.3990223869951866e-12,4.756757914965364e-10,9252864.0,1.7141164789791219e-06,1.0424707276494396e-05
,,,9265152.0,1.1648788843379243e-15,3.37872376435665e-10,9265152.0,6.6176265439329045e-06,1.0243533264050105e-05
,,,9277440.0,3.13266005728489e-10,3.64464284740635e-10,9277440.0,1.9564152656433482e-05,1.0448027448243616e-05
,,,9289728.0,1.240679922080018e-13,3.6446887504844185e-10,9289728.0,1.1981137504335493e-05,1.0491270889663912e-05
,,,9302016.0,1.5597509977364996e-16,6.07559839700208e-11,9302016.0,1.749192233546637e-05,1.2075492759322514e-05
,,,9314304.0,2.0706591823127507e-13,6.042338359482808e-11,9314304.0,2.7226677048020065e-05,1.1824206406648347e-05
,,,9326592.0,5.870705033217405e-10,1.1912992202388275e-10,9326592.0,9.234919464991739e-06,1.2576563707019282e-05
,,,9338880.0,6.208652110946862e-11,1.246355456429263e-10,9338880.0,2.4551288030731182e-05,1.42493626299256e-05
,,,9351168.0,1.2981103229373994e-10,1.3760763964194493e-10,9351168.0,7.006373683301111e-06,1.3231028818457467e-05
,,,9363456.0,5.848181892457542e-12,1.1008137214973144e-10,9363456.0,3.3160146510150903e-06,1.2870422839720656e-05
,,,9375744.0,2.8375311359833216e-11,1.1267900104701523e-10,9375744.0,1.9814837287412956e-05,1.4680494920564038e-05
,,,9388032.0,2.2025018845776381e-10,1.347039034049032e-10,9388032.0,2.9585268445468196e-06,1.4314584950625429e-05
,,,9400320.0,1.9996988729250228e-13,1.0339729982078353e-10,9400320.0,1.4905286661814898e-05,1.3848698351163574e-05
,,,9412608.0,1.7139858153804563e-16,1.0338491016142088e-10,9412608.0,1.0986290969109783e-05,1.3749213697641002e-05
,,,9424896.0,1.5953152872801486e-09,2.6291642329192576e-10,9424896.0,2.622305085727324e-05,1.462232654982169e-05
,,,9437184.0,1.988111642906946e-12,2.630945278643933e-10,9437184.0,1.158893913573896e-05,1.3058552758593578e-05
,,,9449472.0,3.306469542607715e-10,2.374521729582964e-10,9449472.0,2.122880929770569e-05,1.4257941741864974e-05
,,,9461760.0,2.3827269786854305e-10,2.5507079063420386e-10,9461760.0,2.9229913100910682e-05,1.4725804248882923e-05
,,,9474048.0,3.7472972872857707e-10,2.795626602776876e-10,9474048.0,3.195416744953642e-05,1.7220583625506455e-05
,,,9486336.0,1.9763404599202708e-13,2.78997605493041e-10,9486336.0,1.2478349769177536e-05,1.8136817137322698e-05
,,,9498624.0,1.6384860630225362e-16,2.7616009074191834e-10,9498624.0,8.333698133355938e-06,1.6988703221916998e-05
,,,9510912.0,3.0122719133866363e-09,5.553622632348056e-10,9510912.0,5.481280580473443e-05,2.2174131117935758e-05
,,,9523200.0,6.390611188381949e-11,5.617328774344583e-10,9523200.0,9.6900245504609e-06,2.165260490680036e-05
,,,9535488.0,6.038562481355351e-14,5.617388988570816e-10,9535488.0,2.7654246271898348e-05,2.331940043707921e-05
,,,9547776.0,8.22406794516913e-09,1.2246141646459797e-09,9547776.0,3.696335625136271e-05,2.4393430976488162e-05
,,,9560064.0,3.355652052524268e-10,1.2579718740069318e-09,9560064.0,4.5937340473756194e-05,2.7828271110289886e-05
,,,9572352.0,1.0147386041968927e-13,1.2249173259668965e-09,9572352.0,2.0484427902071427e-05,2.7753832970726462e-05
,,,9584640.0,5.563742531484772e-18,1.2010900567364165e-09,9584640.0,2.6743133882215866e-06,2.5098272999457556e-05
,,,9596928.0,4.233943924625283e-13,1.1636594233028048e-09,9596928.0,2.6325050081747275e-05,2.4535361262678634e-05
,,,9609216.0,1.4726871574074114e-09,1.310908375638947e-09,9609216.0,4.467654313581685e-05,2.7755180599342567e-05
,,,9621504.0,1.0491826591546571e-12,1.3110132775200016e-09,9621504.0,5.547324993434207e-07,2.6977284035941312e-05
,,,9633792.0,7.905756049808588e-09,1.8003616911621969e-09,9633792.0,2.88186583929928e-06,2.17841900393978e-05
,,,9646080.0,3.221410101635532e-09,2.116112090137368e-09,9646080.0,8.683872389762351e-06,2.1683574823327943e-05
,,,9658368.0,6.7680548665460805e-12,2.1167828570615415e-09,9658368.0,1.3103764407181492e-05,2.022852663685626e-05
,,,9670656.0,2.127037373409477e-15,1.2943762752483658e-09,9670656.0,1.7596325051272288e-05,1.8291823516847215e-05
,,,9682944.0,1.5034063881432932e-17,1.2608197562265294e-09,9682944.0,4.754657008258316e-06,1.4173555170297427e-05
,,,9695232.0,8.35484274356683e-11,1.2691644515840543e-09,9695232.0,9.26981920201797e-06,1.3052094300292082e-05
,,,9707520.0,3.839068646316335e-11,1.2730035196739963e-09,9707520.0,1.8289651052327827e-05,1.4613628066702705e-05
,,,9719808.0,2.311435475891669e-12,1.2731923237823392e-09,9719808.0,3.0056092631033002e-06,1.228168398483831e-05
,,,9732096.0,2.3061141144845956e-09,1.3565350194900575e-09,9732096.0,2.3194416523134958e-05,1.013347132357012e-05
,,,9744384.0,1.0023019451447605e-10,1.3664531206755899e-09,9744384.0,5.803531773077945e-06,1.0658351250943574e-05
,,,9756672.0,2.1901503758729273e-11,5.78067666070604e-10,9756672.0,2.4083734994443755e-05,1.277853816645802e-05
,,,9768960.0,3.8896876668294165e-15,2.5592704487581737e-10,9768960.0,7.400382552683975e-06,1.2650189182750182e-05
,,,9781248.0,4.3352917951056433e-16,2.5525028274208075e-10,9781248.0,2.80672296260794e-05,1.4146535704639973e-05
,,,9793536.0,3.1846393577783516e-11,2.584347093961218e-10,9793536.0,3.3811418688856065e-05,1.576804506839835e-05
,,,9805824.0,5.750053572751528e-14,2.584404579462881e-10,9805824.0,3.079412029668068e-06,1.560052057053933e-05
,,,9818112.0,1.153306709393102e-10,2.6161868229665227e-10,9818112.0,2.8643777720086896e-06,1.4959976427538396e-05
,,,9830400.0,5.900391286672857e-11,2.6368000493700884e-10,9830400.0,2.0899717734816175e-05,1.5220983095787233e-05
,,,9842688.0,3.035427811881597e-13,2.634792156675385e-10,9842688.0,1.1816472882249704e-05,1.6102069457701874e-05
,,,9854976.0,6.575311764974353e-13,3.2933557336728704e-11,9854976.0,5.652223990182392e-06,1.4347850204406618e-05
,,,9867264.0,1.323306156493509e-13,2.2923770946846035e-11,9867264.0,4.677539436670486e-06,1.4235250970765869e-05
,,,9879552.0,5.6199963201682595e-09,5.827332525877991e-10,9879552.0,1.67620043309095e-05,1.3503077904412446e-05
,,,9891840.0,2.5692136496983467e-12,5.829897849840022e-10,9891840.0,9.807621002740536e-07,1.2861115859171453e-05
,,,9904128.0,6.714080402758782e-10,6.501305456586721e-10,9904128.0,1.7881455278256908e-05,1.1842538424389203e-05
,,,9916416.0,7.206797369522603e-13,6.47017974274589e-10,9916416.0,1.3603579039530208e-05,9.821754459456617e-06
,,,9928704.0,9.886901482699292e-12,6.480009143692861e-10,9928704.0,9.289479445821295e-06,1.0442761201071941e-05
,,,9940992.0,7.638128411008305e-14,6.364754854037661e-10,9940992.0,8.215745765483007e-06,1.0977898000419374e-05
,,,9953280.0,1.132166397669702e-10,6.418967580937903e-10,9953280.0,1.6206136933760718e-05,1.0508539920313826e-05
,,,9965568.0,4.318012022016167e-09,1.073667606017288e-09,9965568.0,2.0622256367156904e-05,1.1389118268804547e-05
,,,9977856.0,2.4572088808128e-10,1.0981739417077664e-09,9977856.0,1.051971412380226e-05,1.1875867282166535e-05
,,,9990144.0,1.4127889598943474e-10,1.112288598245145e-09,9990144.0,4.113708079482118e-05,1.5521821417981603e-05
,,,10002432.0,2.444042190852258e-11,5.527330084191713e-10,10002432.0,9.85588000427621e-06,1.4831208985318272e-05
,,,10014720.0,2.0821603537833865e-14,5.524781692145553e-10,10014720.0,1.6061170754255727e-05,1.633924985071644e-05
,,,10027008.0,7.161389074343087e-11,4.924987542613106e-10,10027008.0,2.4205893472147483e-05,1.69716936701055e-05
,,,10039296.0,1.2862720148258214e-10,5.052894064358735e-10,10039296.0,3.34628081570069e-05,1.895761658185317e-05
,,,10051584.0,1.0034158689128011e-11,5.053041321565164e-10,10051584.0,3.231595231530567e-05,2.1260263868801605e-05
,,,10063872.0,3.9875787856876364e-11,5.09284072813793e-10,10063872.0,2.988977454757939e-05,2.3427666747011244e-05
,,,10076160.0,2.4939575867429418e-12,4.982118045957701e-10,10076160.0,1.6051639249781147e-05,2.3412216978613284e-05
,,,10088448.0,2.88954560871806e-14,6.641349193976227e-11,10088448.0,0.00010500361289208134,3.185035263110573e-05
,,,10100736.0,9.160993361470582e-14,4.185056412499574e-11,10100736.0,8.598525892011821e-05,3.939690711073732e-05
,,,10113024.0,6.080220817568834e-12,2.8330696607809143e-11,10113024.0,5.2050959008435406e-05,4.048829493209875e-05
,,,10125312.0,2.516024721899157e-09,2.774891266068726e-10,10125312.0,2.1761501557193696e-05,4.16788570873905e-05
,,,10137600.0,1.377899819706337e-12,2.776248344284895e-10,10137600.0,1.418464914119492e-05,4.1491204926084416e-05
,,,10149888.0,7.62807496566357e-13,2.7053972610380304e-10,10149888.0,2.0087056327611208e-05,4.107932121163079e-05
,,,10162176.0,3.4617871532323835e-10,2.9229487748786867e-10,10162176.0,2.720836588802437e-05,4.0453876984732536e-05
,,,10174464.0,3.523941482947805e-13,2.913267010337853e-10,10174464.0,1.3092913529059539e-05,3.853157310610793e-05
,,,10186752.0,1.919641003343867e-16,2.8733914144450773e-10,10186752.0,7.039410168848311e-06,3.624653666823482e-05
,,,10199040.0,1.0571535387843147e-19,2.87089745696405e-10,10199040.0,1.5643945516785607e-05,3.620576729493526e-05
,,,10211328.0,5.222499099843958e-10,3.393118471492358e-10,10211328.0,2.296217765736704e-05,2.8001623771463828e-05
,,,10223616.0,1.706164468965691e-10,3.5636433084553126e-10,10223616.0,5.464955999438341e-06,1.9949593479395844e-05
,,,10235904.0,1.5726971808183166e-11,3.5732900594459265e-10,10235904.0,1.2259045130728433e-05,1.5970402091625147e-05
,,,10248192.0,1.5744478313687675e-09,2.631713168915537e-10,10248192.0,1.1550152218357349e-05,1.4949267157741508e-05
,,,10260480.0,5.916048900767024e-12,2.6362513179965976e-10,10260480.0,5.666953560042505e-06,1.4097497599626269e-05
,,,10272768.0,3.720754851140387e-14,2.635525718048543e-10,10272768.0,5.676083674188703e-06,1.2656400334284019e-05
,,,10285056.0,7.267150052377805e-17,2.289347075396805e-10,10285056.0,1.5684814570704475e-05,1.1504045202552029e-05
,,,10297344.0,1.0963844749568791e-19,2.2889946813581487e-10,10297344.0,2.5325686389502757e-06,1.0448010713541105e-05
,,,10309632.0,3.1046744434585585e-09,5.393668932852607e-10,10309632.0,9.877243428491056e-06,1.0731794039505378e-05
,,,10321920.0,1.7817904559199368e-10,5.571847978338885e-10,10321920.0,1.2018933678821972e-05,1.0369292855709015e-05
,,,10334208.0,3.394995099862778e-09,8.444593168217267e-10,10334208.0,3.0591066509562856e-06,8.378985755067939e-06
,,,10346496.0,8.471837749842356e-09,1.6745814471163054e-09,10346496.0,1.788436566130258e-05,9.620926721254363e-06
,,,10358784.0,8.23992957199593e-12,1.6738327428926866e-09,10358784.0,7.655225393439954e-06,9.160544747525516e-06
,,,10371072.0,1.2272847849393217e-14,1.516389187040595e-09,10371072.0,1.1152910398474583e-05,9.12082056553724e-06
,,,10383360.0,1.804385318443573e-17,1.5157975839549036e-09,10383360.0,1.2193192863681665e-05,9.773444495901154e-06
,,,10395648.0,2.7009383981124084e-19,1.5157938632270618e-09,10395648.0,2.1419504870815825e-05,1.1347786615563866e-05
,,,10407936.0,5.4729648960953154e-09,2.0630903455694435e-09,10407936.0,8.01565571843336e-06,1.0580870730336758e-05
,,,10420224.0,6.527448720428097e-12,2.0637430904305223e-09,10420224.0,1.8802456906996667e-05,1.2207859557141396e-05
,,,10432512.0,1.062358201409097e-09,1.859511466225576e-09,10432512.0,5.3255910946366685e-06,1.1752694323755956e-05
,,,10444800.0,5.755506071736249e-10,1.899248622383739e-09,10444800.0,2.5292955494175356e-05,1.3080096505291294e-05
,,,10457088.0,8.956886158687875e-13,1.5598386812590483e-09,10457088.0,1.7542634547377627e-05,1.4528449294933427e-05
,,,10469376.0,8.351654509746361e-16,7.126549897913578e-10,10469376.0,3.958881522218386e-05,1.6698894251021555e-05
,,,10481664.0,4.0156818388417415e-20,7.118309968381738e-10,10481664.0,6.212526689826821e-06,1.6554624380660243e-05
,,,10493952.0,1.47585416110374e-10,7.265883111644263e-10,10493952.0,8.319200787809677e-06,1.6271253419593755e-05
,,,10506240.0,8.691520392289931e-09,1.595740348589034e-09,10506240.0,8.29579948913306e-06,1.588151408213889e-05
,,,10518528.0,4.048950411061902e-12,1.5961452436031311e-09,10518528.0,1.1267026517695438e-06,1.3852233860234262e-05
,,,10530816.0,8.915178780396123e-11,1.0577639327739955e-09,10530816.0,2.1773424426404137e-05,1.5228010731031344e-05
,,,10543104.0,3.99164127677191e-11,1.0611028291787246e-09,10543104.0,1.6214401815280628e-06,1.3509909058484481e-05
,,,10555392.0,8.409666553988819e-14,9.548754187043688e-10,10555392.0,2.2884873033035547e-05,1.5265837252324373e-05
,,,10567680.0,9.964273245350935e-17,8.973203679512795e-10,10567680.0,1.1058412686300775e-05,1.3842382971536913e-05
,,,10579968.0,6.773621738740779e-13,8.9729853530708e-10,10579968.0,6.756667668620746e-06,1.2763786283661222e-05
,,,10592256.0,2.3346586166053673e-13,8.97321798376701e-10,10592256.0,1.3477777732380977e-05,1.0152682534680935e-05
,,,10604544.0,8.13457923243277e-09,1.7107797216159626e-09,10604544.0,1.6284298908431083e-05,1.115985975654136e-05
,,,10616832.0,3.958520622404649e-09,2.09187324224539e-09,10616832.0,6.069952481387493e-06,1.093493492589914e-05
,,,10629120.0,1.4862136521465175e-10,1.2375833395378618e-09,10629120.0,3.3437468421955906e-05,1.3449101819181426e-05
,,,10641408.0,1.6828824213795575e-12,1.2373467327388936e-09,10641408.0,3.164305720323076e-05,1.6500737274327548e-05
,,,10653696.0,1.3977585229659958e-15,1.22843169373435e-09,10653696.0,4.853618641694387e-05,1.9177013473381522e-05
,,,10665984.0,2.464602596082462e-10,1.2490860784184027e-09,10665984.0,2.441133347019786e-06,1.9258982789930696e-05
,,,10678272.0,4.722541079258772e-13,1.2491248941626413e-09,10678272.0,2.037672675214708e-05,1.9008168161841848e-05
,,,10690560.0,3.7157277255062127e-10,1.2862821614534299e-09,10690560.0,2.554909830602507e-05,2.0457236723814275e-05
,,,10702848.0,5.057937575714266e-13,1.2862650046118e-09,10702848.0,2.102037736525138e-05,2.188360769347734e-05
,,,10715136.0,2.5943943289992905e-10,1.3121856013156269e-09,10715136.0,2.1280701427410047e-05,2.2663900062980245e-05
,,,10727424.0,2.876376509660291e-12,4.990153157233156e-10,10727424.0,9.385205582172299e-06,2.1973990730354368e-05
,,,10739712.0,1.1597618030141874e-14,1.0316441324465384e-10,10739712.0,1.7808835157969345e-05,2.3147878998012554e-05
,,,10752000.0,9.315248572505652e-10,1.814547624482452e-10,10752000.0,4.53605389338918e-06,2.0257737545155882e-05
,,,10764288.0,2.0266546687380815e-13,1.813067407527946e-10,10764288.0,1.0866527494120721e-06,1.7202097099774014e-05
,,,10776576.0,2.737041279385344e-15,1.8130687468107028e-10,10776576.0,1.4645168751788637e-05,1.3812995333258494e-05
,,,10788864.0,2.3224322465154046e-10,1.7988517118539968e-10,10788864.0,1.1914537026314065e-05,1.4760335701187918e-05
,,,10801152.0,3.618199813833674e-10,2.1601994391294388e-10,10801152.0,1.083997388680776e-05,1.3806660414653987e-05
,,,10813440.0,1.5766363029949086e-09,3.3652629695737254e-10,10813440.0,9.774122493884837e-06,1.2229162833439963e-05
,,,10825728.0,9.116520472557399e-13,3.36566882786341e-10,10825728.0,2.7280645250963667e-06,1.0399931549424462e-05
,,,10838016.0,2.783483813810032e-10,3.384577776344484e-10,10838016.0,8.367298505618237e-06,9.108591257245282e-06
,,,10850304.0,1.8310869313864497e-12,3.3835324867662106e-10,10850304.0,1.0650258142656336e-05,9.235096513293685e-06
,,,10862592.0,2.388584383327857e-17,3.3835209130340243e-10,10862592.0,2.3709939947972696e-05,9.825206992294019e-06
,,,10874880.0,8.327361369908637e-12,2.460323417153368e-10,10874880.0,7.825199281796813e-05,1.719680088475191e-05
,,,10887168.0,8.302903734917304e-11,2.5431497890356665e-10,10887168.0,1.122258739390721e-05,1.821039434920143e-05
,,,10899456.0,2.827331332018919e-10,2.825880185196279e-10,10899456.0,1.999298547161743e-05,1.874517602118431e-05
,,,10911744.0,4.835482014797776e-10,3.077185162024516e-10,10911744.0,1.879469709820114e-05,1.9433192028373016e-05
,,,10924032.0,5.347093138633833e-11,2.7688361120274877e-10,10924032.0,2.566020217879365e-05,2.09152148575716e-05
,,,10936320.0,8.360627005525126e-13,1.1930358717331313e-10,10936320.0,1.4154791036465516e-05,2.135328171182967e-05
,,,10948608.0,1.1923788677617193e-16,1.1921243389237622e-10,10948608.0,1.3965970235100636e-05,2.24770722828301e-05
,,,10960896.0,3.7185667312212425e-18,9.137759612613259e-11,10960896.0,1.74959386640694e-05,2.338993629867521e-05
,,,10973184.0,1.168361934977824e-11,9.236284936797175e-11,10973184.0,1.933811290655285e-05,2.4258721775064867e-05
,,,10985472.0,2.4224600103650573e-09,3.346088480158931e-10,10985472.0,1.6412373952334747e-05,2.3528965175501068e-05
,,,10997760.0,3.036322929195201e-12,3.3407974417182176e-10,10997760.0,2.8575343700746696e-05,1.8561300263778926e-05
,,,11010048.0,1.5931697442776265e-09,4.850938148646671e-10,11010048.0,5.091445321644035e-06,1.794818605655261e-05
,,,11022336.0,2.623550104015789e-12,4.570828565548795e-10,11022336.0,2.2886641090735793e-05,1.823755161846445e-05
,,,11034624.0,1.3226091951969627e-15,4.0872816866782124e-10,11034624.0,1.5479879948543385e-05,1.790606990349867e-05
,,,11046912.0,3.0263103056504478e-18,4.0338107583181845e-10,11046912.0,1.6477354317127418e-05,1.6987785117332047e-05
,,,11059200.0,9.315218818528592e-09,1.3348193514146225e-09,11059200.0,1.265420481407394e-05,1.683772649509289e-05
,,,11071488.0,1.842119049892214e-11,1.336661458540726e-09,11071488.0,1.3722344495666524e-05,1.681336392114948e-05
,,,11083776.0,2.7871640180994934e-11,1.3394486221869686e-09,11083776.0,7.643615390406922e-06,1.5828131593783232e-05
,,,11096064.0,6.570520424039236e-10,1.4039854644923834e-09,11096064.0,4.403930688567925e-06,1.433471337198474e-05
,,,11108352.0,1.0864381616570995e-10,1.1726038450724485e-09,11108352.0,5.285755226699014e-06,1.3222051499421167e-05
,,,11120640.0,1.3232788707388346e-13,1.1723134455682363e-09,11120640.0,8.503474721995493e-06,1.1214864601546045e-05
,,,11132928.0,4.3254421254180555e-17,1.0129964754659157e-09,11132928.0,1.4196276121462384e-05,1.212534768152788e-05
,,,11145216.0,2.174406057302964e-19,1.0127341204772584e-09,11145216.0,4.978803796499657e-06,1.0334563952104269e-05
,,,11157504.0,6.454020281173219e-10,1.0772741910280711e-09,11157504.0,1.2435678703089556e-05,1.0030143827558882e-05
,,,11169792.0,1.3564808535685793e-10,1.0908389992611257e-09,11169792.0,1.1408368057648962e-05,9.523245201611037e-06
,,,11182080.0,6.096034231515186e-14,1.5932321344249814e-10,11182080.0,1.7308351137520123e-05,9.988659833955656e-06
,,,11194368.0,3.407511310153192e-09,4.982322254079251e-10,11194368.0,3.985001361191583e-06,9.014925520508162e-06
,,,11206656.0,8.859516129981296e-13,4.955336565511255e-10,11206656.0,2.8275996252583962e-05,1.1078163606725865e-05
,,,11218944.0,3.813715728896441e-16,4.298284904478904e-10,11218944.0,1.7770664271665737e-05,1.2414836965035647e-05
,,,11231232.0,5.0295432259068685e-18,4.1896410933427364e-10,11231232.0,9.244611646863632e-06,1.2810722607052107e-05
,,,11243520.0,9.635120392509355e-14,4.1896051166595883e-10,11243520.0,2.7134092912698787e-05,1.4673784426122438e-05
,,,11255808.0,2.661003084547531e-10,4.45570538185992e-10,11255808.0,6.299020848625029e-06,1.38840588988387e-05
,,,11268096.0,1.1112879135429428e-10,4.5668341729967737e-10,11268096.0,3.193185572551253e-06,1.3705497076443863e-05
,,,11280384.0,8.411882153798919e-09,1.233331429867837e-09,11280384.0,8.064927290737009e-06,1.3268421935208607e-05
,,,11292672.0,6.111654238249997e-11,1.2258782755704012e-09,11292672.0,2.3105581021809485e-06,1.2358640939661807e-05
,,,11304960.0,7.132592946534437e-14,1.2258793121291163e-09,11304960.0,7.072558704142769e-05,1.7700364530052563e-05
,,,11317248.0,1.3399898877581475e-16,8.851281945136959e-10,11317248.0,1.3537811658655604e-05,1.8655645559798967e-05
,,,11329536.0,2.0761554397661523e-19,8.850395993731577e-10,11329536.0,2.4859643114420276e-05,1.8314010245982595e-05
,,,11341824.0,4.797079400375992e-10,9.330103552397603e-10,11341824.0,1.0008780615559468e-05,1.753782188037197e-05
,,,11354112.0,3.914276021366181e-12,9.334017823389427e-10,11354112.0,3.993626160081476e-05,2.060698687576708e-05
,,,11366400.0,5.357126200977724e-12,9.33927859838648e-10,11366400.0,2.902391618893792e-05,2.0795969203390995e-05
,,,11378688.0,1.6037639364678096e-09,1.0676942226399536e-09,11378688.0,3.345832616711656e-05,2.3511899735240148e-05
,,,11390976.0,9.349268321329207e-13,1.0566748361877374e-09,11390976.0,1.74872184288688e-05,2.4941303020871898e-05
,,,11403264.0,3.2193610389654134e-15,2.1548694274394944e-10,11403264.0,4.6671630116179585e-05,2.8801973303416162e-05
,,,11415552.0,3.596540771530549e-18,2.0937528886535347e-10,11415552.0,8.157996489899233e-06,2.938671714218799e-05
,,,11427840.0,2.560058091442367e-10,2.3496873718683064e-10,11427840.0,1.0742098008146665e-06,2.2421579418126686e-05
,,,11440128.0,4.731413483227698e-09,7.081100721097015e-10,11440128.0,5.330422330492486e-06,2.1600840485310374e-05
,,,11452416.0,2.76538658870266e-12,7.083866107478103e-10,11452416.0,2.5745942063319187e-05,2.1689470380200267e-05
,,,11464704.0,2.4039219503890763e-09,9.008080117829582e-10,11464704.0,1.719592182780616e-05,2.2408184501424934e-05
,,,11476992.0,7.585739906594094e-12,9.011751581714807e-10,11476992.0,2.036708368298908e-05,2.045126670964237e-05
,,,11489280.0,3.665924036772364e-14,9.006431114754197e-10,11489280.0,2.6194170156183343e-05,2.0168292106366907e-05
,,,11501568.0,4.623200951884415e-18,7.402667182909589e-10,11501568.0,1.7643394433738042e-05,1.858679893302906e-05
,,,11513856.0,1.2099542288229737e-12,7.402942210306279e-10,11513856.0,1.4716182098103067e-05,1.8309695299952488e-05
,,,11526144.0,1.814545388945099e-11,7.421084444834691e-10,11526144.0,2.974387219486137e-05,1.6616919507820665e-05
,,,11538432.0,3.098906548038016e-11,7.452073506718531e-10,11538432.0,1.489657734055072e-05,1.729077759288581e-05
,,,11550720.0,4.3774843009695513e-10,7.63381612767125e-10,11550720.0,2.011138227923463e-05,1.9194494840727808e-05
,,,11563008.0,1.6320211848608324e-10,3.065604762929634e-10,11563008.0,1.925096512422897e-05,2.0586549120101456e-05
,,,11575296.0,1.352864489271438e-13,3.0629746627898583e-10,11575296.0,1.186371324971939e-05,1.9198326238741478e-05
,,,11587584.0,6.347163304400275e-17,6.590527758724155e-11,11587584.0,5.015978482939924e-06,1.798033190425485e-05
,,,11599872.0,1.6927983048433485e-20,6.514670359827494e-11,11599872.0,1.0046611957174415e-05,1.6948284731673387e-05
,,,11612160.0,5.7732726007249844e-11,7.091631027496315e-11,11612160.0,1.3218532937268416e-05,1.5650721009781892e-05
,,,11624448.0,2.0733459393795783e-09,2.782509037506009e-10,11624448.0,1.054869305031995e-05,1.4941250871440085e-05
,,,11636736.0,1.307692380307183e-11,2.794376007080258e-10,11636736.0,2.505011313284437e-05,1.5974643974914213e-05
,,,11649024.0,3.840393188644005e-10,3.1602698720552077e-10,11649024.0,3.4649885492399335e-05,1.646524530466801e-05
,,,11661312.0,4.3635415015082685e-13,3.1297171607249777e-10,11661312.0,3.687524682997415e-05,1.8663112253610355e-05
,,,11673600.0,1.3704719212588301e-15,2.691970101099944e-10,11673600.0,1.201270060846582e-05,1.7853244086533473e-05
,,,11685888.0,6.306782056402035e-19,2.528767983244538e-10,11685888.0,7.732776187670728e-06,1.670142519287765e-05
,,,11698176.0,2.8882483964226025e-22,2.5286326967959e-10,11698176.0,3.6523391221029065e-05,1.916739299000862e-05
,,,11710464.0,2.8979961740885005e-16,2.528632923123885e-10,11710464.0,1.3281465119992694e-05,1.9993941653713897e-05
,,,11722752.0,3.204082554830734e-10,2.8490411785900306e-10,11722752.0,1.3998697492449233e-05,2.0389150207241377e-05
,,,11735040.0,4.167186299734264e-09,6.958494752317044e-10,11735040.0,3.0358646957514186e-05,2.2103161609265953e-05
,,,11747328.0,3.909871847581255e-12,4.889058684785047e-10,11747328.0,1.2638500872223327e-05,2.231214239145629e-05
,,,11759616.0,2.376655018350004e-15,4.875984137636993e-10,11759616.0,9.11726601771079e-06,2.0718857679942933e-05
,,,11771904.0,1.2743407756464002e-17,4.491944831516001e-10,11771904.0,9.10103517526295e-06,1.8163972648229294e-05
,,,11784192.0,1.26774906984937e-20,4.491508477378528e-10,11784192.0,2.3116983356885612e-05,1.678814630092044e-05
,,,11796480.0,4.357778375475672e-22,4.4915071069070424e-10,11796480.0,1.5166316491862139e-05,1.7103507889260076e-05
,,,11808768.0,1.0325642193128222e-10,4.594763528207646e-10,11808768.0,2.9360686312429607e-05,1.926629890173596e-05
,,,11821056.0,1.056817596397271e-09,5.651581124604628e-10,11821056.0,1.8493021343601868e-05,1.7463261913993242e-05
,,,11833344.0,5.115155405725306e-12,5.656695990210737e-10,11833344.0,4.993529485849043e-05,2.1128644887843015e-05
,,,11845632.0,7.689409366763249e-14,5.336364628821331e-10,11845632.0,8.241289833677001e-06,2.0552904121965794e-05
,,,11857920.0,2.7422669609208304e-17,1.1691783565097366e-10,11857920.0,7.462075397294636e-06,1.8263246965943834e-05
,,,11870208.0,1.3870854690112767e-19,1.1652684848008635e-10,11870208.0,8.57853471340301e-06,1.7857250350061803e-05
,,,11882496.0,3.2027422902933244e-22,1.1652661081461657e-10,11882496.0,6.186509078058104e-06,1.7564174656096538e-05
,,,11894784.0,2.3285050103349914e-12,1.167594600413093e-10,11894784.0,8.654309567646123e-06,1.7519502095334852e-05
,,,11907072.0,6.079826457098629e-12,1.1736744268575143e-10,11907072.0,1.6995184220528852e-05,1.690732218169918e-05
,,,11919360.0,1.7971795903311734e-09,2.9708540171882515e-10,11919360.0,1.370633678258552e-06,1.5527753900338816e-05
,,,11931648.0,1.560600607075635e-11,2.8832036013277256e-10,11931648.0,9.775367288966663e-06,1.3569221997992522e-05
,,,11943936.0,2.4422328738150632e-15,1.8263884471633286e-10,11943936.0,5.134355281673683e-07,1.1771263416449074e-05
,,,11956224.0,7.94529918832838e-18,1.8212732997029025e-10,11956224.0,9.388025622077597e-07,6.871614186820807e-06
,,,11968512.0,3.548244228804204e-20,1.8211964056447173e-10,11968512.0,8.276098014903255e-06,6.875095004943433e-06
,,,11980800.0,6.829550773676566e-17,1.8211964465175555e-10,11980800.0,3.5301982279634103e-06,6.481907288010309e-06
,,,11993088.0,1.534599114449975e-10,1.9746563578238448e-10,11993088.0,8.308733716451874e-06,6.454927188315196e-06
,,,12005376.0,2.3348228905817336e-10,2.2081386468816972e-10,12005376.0,1.4749145217744324e-06,5.983767732686829e-06
,,,12017664.0,4.128493102939501e-10,2.6186594521653125e-10,12017664.0,6.074375657287116e-06,5.725774341650928e-06
,,,12029952.0,3.770648434690364e-13,2.6129566905516826e-10,12029952.0,2.030375374791523e-06,4.229293457077195e-06
,,,12042240.0,3.746190968202118e-16,8.157774748396062e-11,12042240.0,9.935751222656108e-06,5.085805211516951e-06
,,,12054528.0,6.638153367059486e-19,8.001714694326654e-11,12054528.0,3.988731805293355e-06,4.5071416631496195e-06
,,,12066816.0,1.9305066407305518e-20,8.001690272190966e-11,12066816.0,6.026651438636084e-06,5.058463254196492e-06
,,,12079104.0,9.932492606168353e-10,1.7934182798906327e-10,12079104.0,5.357991540222429e-06,5.500382151997959e-06
,,,12091392.0,1.8181917198674864e-12,1.7952364715750176e-10,12091392.0,6.113051009985308e-06,5.284077451506164e-06
,,,12103680.0,4.187635127550493e-09,5.982871530830003e-10,12103680.0,6.222379549096028e-06,5.553295583619425e-06
,,,12115968.0,4.399313667987255e-12,5.833810933052992e-10,12115968.0,1.0142228954161206e-05,5.736645107390359e-06
,,,12128256.0,5.6762055134649295e-15,5.600334320200333e-10,12128256.0,2.804389320469151e-05,8.393542975682066e-06
,,,12140544.0,2.052963901009095e-17,5.187485030436022e-10,12140544.0,2.449287724933432e-06,8.031034182446697e-06
,,,12152832.0,3.3433845490523503e-20,5.187107965625987e-10,12152832.0,5.8138351353894295e-06,8.409380158506488e-06
,,,12165120.0,1.86656350098513e-11,5.20577322601674e-10,12165120.0,2.1876451986220975e-05,9.603450234862975e-06
,,,12177408.0,3.3193058445437373e-15,5.205776544658771e-10,12177408.0,4.141619623017808e-05,1.3346196677351447e-05
,,,12189696.0,7.641167106460974e-09,1.284694365110044e-09,12189696.0,2.7937863099699218e-05,1.553731784345776e-05
,,,12201984.0,6.629089869628994e-10,1.2516603377446504e-09,12201984.0,3.710998377452294e-05,1.8712517066887814e-05
,,,12214272.0,1.1081256355224833e-13,1.2514895998290187e-09,12214272.0,4.684844558748106e-05,2.278605652463739e-05
,,,12226560.0,3.4818785721761497e-15,8.327264352618267e-10,12226560.0,1.0984178516082466e-05,2.3262236421336032e-05
,,,12238848.0,3.3702917090193992e-18,8.32286504232057e-10,12238848.0,3.7845347833354026e-06,2.262646700425345e-05
,,,12251136.0,7.928706580173639e-09,1.6251565946288693e-09,12251136.0,1.4516881492454559e-05,2.1273765833029755e-05
,,,12263424.0,1.2153756010861254e-12,1.6252781301360145e-09,12263424.0,1.535249612061307e-05,2.256408667259772e-05
,,,12275712.0,9.48994255935721e-15,1.625279079126927e-09,12275712.0,4.074052412761375e-06,2.2390108400334916e-05
,,,12288000.0,7.748295338672051e-10,1.7008954690126624e-09,12288000.0,2.0172478798485827e-06,2.0404187989697675e-05
