v1_adventurer_(bigan_novelty)_timesteps,v1_adventurer_(bigan_novelty)_score,v1_adventurer_(bigan_novelty)_score_mean,v2_latent_discrepancy_timesteps,v2_latent_discrepancy_score,v2_latent_discrepancy_score_mean,v3_latent_plus_clamped_eme_timesteps,v3_latent_plus_clamped_eme_score,v3_latent_plus_clamped_eme_score_mean,v4_latent_plus_normalised_eme_timesteps,v4_latent_plus_normalised_eme_score,v4_latent_plus_normalised_eme_score_mean
12288.0,0.21137546708147661,0.21137546708147661,12288.0,-0.14761500715394504,-0.14761500715394504,12288.0,-0.14761500715394504,-0.14761500715394504,12288.0,-0.08737274357311738,-0.08737274357311738
24576.0,-1.6158662233501673,-0.7022453781343453,24576.0,0.015210704567531744,-0.06620215129320665,24576.0,0.015210704567531744,-0.06620215129320665,24576.0,0.6958130103012081,0.30422013336404535
36864.0,-1.5578472521156073,-0.9874460027947659,36864.0,0.14085271170673272,0.0028161363734398037,36864.0,0.14085271170673272,0.0028161363734398037,36864.0,0.3408593457133975,0.31643320414716275
49152.0,-1.440370027596752,-1.1006770089952624,49152.0,0.33775268952983123,0.08655027466253766,49152.0,0.33775268952983123,0.08655027466253766,49152.0,-0.22636874376136498,0.1807327171700308
61440.0,-1.438658095896244,-1.1682732263754587,61440.0,0.6709301223357519,0.2034262441971805,61440.0,0.6709301223357519,0.2034262441971805,61440.0,-0.29918385824809474,0.0847494020864057
73728.0,-1.5347609762102365,-1.2293545180145884,73728.0,0.9375110951562723,0.32577371935702915,73728.0,1.4513773669799168,0.4114180979943032,73728.0,0.6047270704584662,0.17141234681508244
86016.0,-1.6267541237175465,-1.286125890257868,86016.0,1.0872608534991741,0.43455759566304986,86016.0,2.02004773914814,0.6412223324448513,86016.0,0.5803719990653917,0.22983515427941234
98304.0,-1.721772534151872,-1.3405817207446185,98304.0,1.1692785223325093,0.5263977114967323,98304.0,1.1829704158008099,0.7089408428643461,98304.0,-0.6259194395194451,0.12286583005455518
110592.0,-1.7931669875979424,-1.39086897261721,110592.0,1.2375745177268982,0.6054173566334174,110592.0,2.305362773438295,0.8863210573725626,110592.0,1.4190426217392087,0.26688547357507225
122880.0,-1.883650799592336,-1.4401471553147227,122880.0,1.2297594621777534,0.667851567187851,122880.0,1.6830447502434254,0.9659934266596488,122880.0,0.7429122817702591,0.31448815439459094
135168.0,-1.9801619214316208,-1.6593008941660325,135168.0,1.2756237344195445,0.8101754413451999,135168.0,1.480844949061672,1.1288394222812106,135168.0,0.8776601144733528,0.41099144019923795
147456.0,-2.0265194910267987,-1.7003662209336956,147456.0,1.257492607459426,0.9344036316343894,147456.0,1.4313694120695193,1.2704552930314095,147456.0,1.2622172174354394,0.46763186091266107
159744.0,-1.9923761772612731,-1.7438191134482621,159744.0,1.079838693762819,1.028302229839998,159744.0,1.2406984164069097,1.380439863501427,159744.0,1.02028945616136,0.5355748719574573
172032.0,-1.8353094905614853,-1.7833130597447355,172032.0,0.9059632262215018,1.0851232835091649,172032.0,1.012438064130644,1.4479084009615082,172032.0,0.5013167758394653,0.6083434239175405
184320.0,-1.8019684677322705,-1.819644096928338,184320.0,0.8457183754071593,1.1026021088163058,184320.0,0.9338437827924887,1.4741997670071818,184320.0,0.05568727615658039,0.6438305373580079
196608.0,-1.8380705416202545,-1.8499750534693398,196608.0,0.8645836372549335,1.0953093630261717,196608.0,0.9981837750722965,1.4288804078164201,196608.0,0.0684606894889536,0.5902038992610567
208896.0,-1.8344865068793297,-1.870748291785518,208896.0,0.9893716999019185,1.0855204476664462,208896.0,0.9882040874411663,1.3256960426457227,208896.0,0.37284633905316394,0.5694513332598339
221184.0,-1.8466930575668812,-1.8832403441270191,221184.0,0.9260448090111216,1.0611970763343075,221184.0,0.8713225284591317,1.294531253911555,221184.0,0.297825069554771,0.6618257841672556
233472.0,-1.83667628839612,-1.8875912742068368,233472.0,0.7249645004048944,1.009936074602107,233472.0,0.847461532180508,1.1487411297857764,233472.0,-0.08450453384042096,0.5114710686092925
245760.0,-1.8085871177415054,-1.8800849060217542,245760.0,0.6433890167002877,0.9512990300543607,245760.0,0.674010479512314,1.047837702712665,245760.0,0.1067146935092751,0.4478513097831941
258048.0,-1.7766188991566498,-1.8597306037942567,258048.0,0.5012202956713736,0.8738586861795437,258048.0,0.46512733011816937,0.9462659408183148,258048.0,0.06615086617239285,0.3667003849530981
270336.0,-1.7400903155406315,-1.83108768624564,270336.0,0.434141480208685,0.7915235734544693,270336.0,-0.13408318594641364,0.7897206810167217,270336.0,0.4915448169534405,0.2896331449048982
282624.0,-1.7010216017564137,-1.801952228695154,282624.0,0.2767431825244178,0.7112140223306292,282624.0,0.37878320544647676,0.7035291599206783,282624.0,1.103755454843243,0.2979797447730864
294912.0,-1.6630343074599903,-1.7847247103850048,294912.0,0.1679858788944936,0.6374162875979286,294912.0,0.5311318232367436,0.6553985358312883,294912.0,-0.1754091681796126,0.23030715037117866
307200.0,-1.6388793649772804,-1.7684158001095056,307200.0,0.14331846449446553,0.5671762965066592,307200.0,0.7941711898893118,0.6414312765409704,307200.0,0.6925928133229414,0.2939977040878147
319488.0,-1.6051276549696922,-1.7451215114444494,319488.0,0.18311168940272182,0.499029101721438,319488.0,0.9421441244582335,0.6358273114795642,319488.0,0.26204907063705224,0.31335654220262465
331776.0,-1.5722809384266536,-1.718900954599182,331776.0,0.20722007759225866,0.42081393949047197,331776.0,1.0433485641454656,0.641341759149994,331776.0,0.4938213750720024,0.3254540458045085
344064.0,-1.5613273680210114,-1.6903643856445947,344064.0,0.26322456780083786,0.3545319153694436,344064.0,0.9476332993557056,0.6489728362396514,344064.0,0.3260498394956812,0.3282765227985995
356352.0,-1.5666822232306004,-1.6633649791280427,356352.0,0.2380702003914242,0.30584248536809666,356352.0,0.6813966762274504,0.6323663506443457,356352.0,1.5396099242692192,0.49068796860956354
368640.0,-1.5692010819911957,-1.6394263755530118,368640.0,0.1610552229297658,0.2576091059910444,368640.0,0.5412771200450758,0.6190930146976219,368640.0,1.077908403550585,0.5878073396136945
380928.0,-1.5724432257314522,-1.619008808210492,380928.0,0.09509403357515112,0.21699647978142217,380928.0,0.6112683176373442,0.6337071134495393,380928.0,0.4718858318713804,0.6283808361835932
393216.0,-1.5587058998644352,-1.6008703666428725,393216.0,0.22639904809572423,0.19622223657012608,393216.0,0.5875773940545818,0.7058731714496388,393216.0,0.41306193405762315,0.6205325478940116
405504.0,-1.5497542284429073,-1.5857436293115217,405504.0,0.5224435753189027,0.22079227584957456,405504.0,0.5705582275986671,0.7250506736648579,405504.0,0.6722490548466643,0.5773819078943536
417792.0,-1.5539730849365394,-1.574837507059177,417792.0,0.6368425992938379,0.26767794788950894,417792.0,0.6099003568912545,0.7329275270303091,417792.0,0.6471630684100091,0.6596391315533159
430080.0,-1.5520409072438877,-1.5661536612858373,430080.0,0.6000843996492525,0.3133545414049877,430080.0,0.859743034777542,0.7394847115191321,430080.0,-0.2877604340513547,0.5616038068158862
442368.0,-1.5139107555150986,-1.5570319713403782,442368.0,0.5737213043806454,0.35241550290278,442368.0,1.1818191576749086,0.7634522148407995,442368.0,-0.19434880915408334,0.5159640188367728
454656.0,-1.5339694023132324,-1.5532008177290362,454656.0,0.5439770058728755,0.3860911957308417,454656.0,1.257218524813652,0.7848392109076182,454656.0,0.17333790202004215,0.48391567153157666
466944.0,-1.5685438886284828,-1.5539224697897833,466944.0,0.5893966521446904,0.41870840416522687,466944.0,1.197348589077592,0.8098107398798067,466944.0,0.5563434193221232,0.5069450295142208
479232.0,-1.604779629657666,-1.5577322104324898,479232.0,0.8389834032083551,0.4787997244469201,479232.0,1.0899348283807437,0.8506645550951362,479232.0,0.7261354223204156,0.42559757931934045
491520.0,-1.636829788486163,-1.5644950810819864,491520.0,0.7729955883696675,0.5399937609909102,491520.0,0.9497615372141203,0.8915129968120408,491520.0,0.017305556568317115,0.31953729462111374
503808.0,-1.6673739192386468,-1.5739881504327058,503808.0,0.545572730867813,0.5850416307201765,503808.0,1.026742213095228,0.933060386357829,503808.0,0.5785564505495131,0.330204356488927
516096.0,-1.738798060764869,-1.5919973665227496,516096.0,0.37630630323352915,0.6000323562339569,516096.0,1.2060751573493083,0.9949101626873016,516096.0,1.1279543656855822,0.4016935996517229
528384.0,-1.7205402950445812,-1.6090759731829167,528384.0,0.26894593370767933,0.5746825920728347,528384.0,1.3357732860992353,1.0714316685373586,528384.0,1.4390229086081188,0.4783709850278683
540672.0,-1.5867998984952767,-1.6123586545387905,540672.0,0.2049366916762665,0.5314920013110774,540672.0,1.1261863230417173,1.1230602651524046,540672.0,1.264248534416159,0.5400795316284832
552960.0,-1.5433296610911686,-1.6114875299235187,552960.0,0.2548649680975359,0.49697005815590584,552960.0,0.9162151919056972,1.1287074808652204,552960.0,0.020288245165526558,0.5708843995501715
565248.0,-1.578338200847308,-1.6179302744567394,565248.0,0.3031018188339658,0.4699081096012378,565248.0,0.8679168770710627,1.0973172528048356,565248.0,0.4621890077833086,0.6365381812439106
577536.0,-1.62130672732989,-1.6266640069584049,577536.0,0.44449955069770414,0.45996036408372065,577536.0,0.8700328155731162,1.0585986818807822,577536.0,1.5076995914181073,0.7699743501837172
589824.0,-1.6592802988986175,-1.6357376479854184,589824.0,0.7086400532474121,0.4718847041939928,589824.0,0.8129608212038875,1.0201599050934118,589824.0,1.7231867834925652,0.8866586866007612
602112.0,-1.6772809127966564,-1.6429877762993175,602112.0,0.7727392626305422,0.46526029013621156,602112.0,0.9577895353237788,1.0069453757877151,602112.0,1.4851061875621479,0.9625557631249345
614400.0,-1.6907444683214028,-1.6483792442828418,614400.0,0.5842643866005043,0.4463871699592953,614400.0,1.1122672216345866,1.0231959442297618,614400.0,1.7599014652272065,1.1368153539908235
626688.0,-1.640314097205798,-1.6456732620795567,626688.0,0.4586116368106256,0.43769106055357654,626688.0,1.2525072197119396,1.045772444891433,626688.0,0.5849331547506154,1.137453024410934
638976.0,-1.6607654144366581,-1.6378699974467357,638976.0,0.29309012123849243,0.4293694423540729,638976.0,1.3818454574793577,1.0633494749044379,638976.0,0.7926744126404325,1.1039250291064187
651264.0,-1.6781373905638854,-1.6336297069986663,651264.0,0.19762140397021236,0.4222369893803261,651264.0,1.8155852804581325,1.1113306743403275,651264.0,0.22716923013164583,0.9827396612587712
663552.0,-1.6778642299274604,-1.6427361401418845,663552.0,0.09987841884139925,0.41173116209683946,663552.0,2.1011295169591904,1.2088249937320747,663552.0,-0.15763450930050263,0.8405513568871052
675840.0,-1.6900443111856778,-1.6574076051513356,675840.0,0.050352702688542195,0.39127993555594004,675840.0,2.388779883583387,1.3560814628998439,675840.0,-0.2060900539314995,0.8179135269774027
688128.0,-1.6710950049261253,-1.6666832855592173,688128.0,0.03236881174476972,0.3642066348470204,688128.0,2.1664677498241267,1.4859365501751505,688128.0,-0.24741723714396358,0.7469529024846755
700416.0,-1.6502958709994953,-1.6695821999261777,700416.0,0.028142256269347854,0.32257090540418476,700416.0,1.7021422032266855,1.5691474889405073,700416.0,-0.24995391940077147,0.5711875514027877
712704.0,-1.6292924508452415,-1.66658341512084,712704.0,0.03737964110041503,0.2554448641894851,712704.0,1.2105203438550234,1.6089034412056207,712704.0,-0.04918876996574303,0.3939499960569567
724992.0,-1.6070375181734562,-1.6595590756585203,724992.0,0.0769889517541742,0.1858698331018483,724992.0,0.7594266928111514,1.5890671569543584,724992.0,-0.14252486072170237,0.23118689122857167
737280.0,-1.5857581545909245,-1.6490604442854722,737280.0,0.09207693960828085,0.13665108840262596,737280.0,0.49293252825737,1.5271336876166364,737280.0,-0.16793834953568876,0.038402909752282235
749568.0,-1.5673418467243512,-1.6417632192373275,749568.0,0.12624714505606485,0.10341463922716987,749568.0,0.2936431424847494,1.4312472798939173,749568.0,-0.15397486036332944,-0.035487891759112246
761856.0,-1.5496372729539871,-1.6306504050890607,761856.0,0.15429067972581834,0.08953469507590245,761856.0,0.14126328144144887,1.3071890622901265,761856.0,-0.14737335245202607,-0.1294926682683581
774144.0,-1.532042756676674,-1.6160409417003394,774144.0,0.2488152147755803,0.09465407615643925,774144.0,0.030584082085018355,1.1286889424528153,774144.0,-0.19354065763764083,-0.17156365704528678
786432.0,-1.5140191440780957,-1.5996564331154028,786432.0,0.3537298645048092,0.12003922072278025,786432.0,-0.04609830921981484,0.9139661598349147,786432.0,-0.19439232745207846,-0.17523943886044435
798720.0,-1.4972480610013008,-1.5803768080969651,798720.0,0.48015440270925563,0.1630193907248516,798720.0,-0.10378770501120016,0.6647094009754559,798720.0,-0.18044150543088713,-0.17267458401038313
811008.0,-1.479946178694566,-1.5612619254738092,811008.0,0.664217752404511,0.22620428479082574,811008.0,-0.15225829579867423,0.43283679641317585,811008.0,-0.18183895712718368,-0.16611675600870512
823296.0,-1.4655383961896102,-1.5427861779928207,823296.0,0.809673462373515,0.30435740540124245,823296.0,-0.18952757628479353,0.24366981846202784,823296.0,-0.2000345328512291,-0.1611248173537509
835584.0,-1.4485694604615371,-1.52471387895445,835584.0,0.9626347503314415,0.3968829163243451,835584.0,-0.2163294933270663,0.10098483474381892,835584.0,-0.19729194751319787,-0.17593513510849637
847872.0,-1.4356382091840107,-1.5075739480555057,847872.0,1.2577028702944517,0.5149543081783728,847872.0,-0.23518371597553292,0.0015237938651504663,847872.0,-0.1651210435666144,-0.17819475339298757
860160.0,-1.4240067874391873,-1.491398811340332,860160.0,1.4479724323997896,0.6505438574575237,860160.0,-0.2587469901579122,-0.07364415797637776,860160.0,-0.18024815331834057,-0.17942573377125276
872448.0,-1.4061627474923928,-1.4752809014171362,872448.0,1.8443911088009675,0.8223582538320141,872448.0,-0.2737446889902155,-0.13038294112387425,872448.0,-0.12186604323020826,-0.17621485205794066
884736.0,-1.3851078152656555,-1.458827955648303,884736.0,1.590714277078708,0.9660006135673032,884736.0,-0.2714695467924078,-0.17165622394725993,884736.0,-0.1446496290154755,-0.1759424797142856
897024.0,-1.3349493239074945,-1.439118612371385,897024.0,1.2032328248023987,1.0614423745699848,897024.0,-0.4103401176010569,-0.21574864391586743,897024.0,-0.12780301395105198,-0.1693687153456267
909312.0,-1.3558334559202194,-1.4233000435555974,909312.0,0.7519252079849442,1.1012619089179982,909312.0,-0.3572032041847706,-0.24685913341236304,909312.0,0.01398118958119691,-0.14853136364229916
921600.0,-1.333763017008702,-1.4069515391563374,921600.0,0.3927844112428526,1.0925249097713579,921600.0,-0.2595652549838026,-0.26243688840962326,921600.0,0.23152036365354434,-0.107335176733856
933888.0,-1.3093998041003942,-1.3898969016969203,933888.0,0.15795208052926077,1.041898342583833,933888.0,-0.23278022014225522,-0.2704890808439814,933888.0,-0.15109026218609264,-0.10426030723974689
946176.0,-1.311216823135813,-1.3744647443915405,946176.0,-0.008019528448736915,0.9601290435016079,946176.0,-0.1999511820419381,-0.27153144141969576,946176.0,0.5816691510844976,-0.026089938846174256
958464.0,-1.2992786423613627,-1.3595356625815236,958464.0,-0.10160683541228839,0.8537048849272348,958464.0,-0.1613890710286796,-0.26603739918985714,958464.0,0.4243499923807879,0.03607425514322435
970752.0,-1.269196132818858,-1.342891454945008,970752.0,-0.1848200373351574,0.7094525941642739,970752.0,-0.08479419319579999,-0.25099844691188383,970752.0,0.18267950908436129,0.0708543104083219
983040.0,-1.2454812955111265,-1.3250389057522018,983040.0,-0.2561740769694249,0.5390379432273524,983040.0,-0.026587373339377034,-0.2277824852300303,983040.0,0.392920036179324,0.12817112935808836
995328.0,-1.2308804281055927,-1.3075106738135218,995328.0,-0.28774523735046387,0.3258243086122093,995328.0,0.07777630749721236,-0.19263038558128753,995328.0,1.4518400492767494,0.28554173860878407
1007616.0,-1.2222806103527546,-1.2912279533222317,1007616.0,-0.3072246331721544,0.13603041758712303,1007616.0,0.22212106230047843,-0.14327132467199893,1007616.0,1.050145177791516,0.40502121928948326
1019904.0,-1.1765219712009032,-1.2753852180515728,1019904.0,-0.3146467058298488,-0.01575753547610171,1019904.0,0.3601883347146213,-0.0662184794404311,1019904.0,0.8545752502977848,0.503259045714367
1032192.0,-1.1987399018059175,-1.2596758626401425,1032192.0,-0.31377715586374205,-0.12232777186097035,1032192.0,0.5558426373948654,0.025086104717532486,1032192.0,0.4931456175011893,0.5511754885063662
1044480.0,-1.1876208111643791,-1.2450616420557101,1044480.0,-0.31982057883093756,-0.19358827086834934,1044480.0,0.7937308490897218,0.13041571512488495,1044480.0,0.6633626250550151,0.5943597146465133
1056768.0,-1.0532576472808917,-1.21944742637376,1056768.0,-0.3141449276978771,-0.24079797169106315,1056768.0,1.0410114470869303,0.25779488184780347,1056768.0,0.18852149992017075,0.6283208908571396
1069056.0,-1.0787571209172409,-1.1962014561519028,1069056.0,-0.3075808427917461,-0.270754103125364,1069056.0,1.3922462550302346,0.4170146255550208,1069056.0,-0.15748747304314747,0.5544052284443751
1081344.0,-1.0654466977963846,-1.1728182616954048,1081344.0,-0.29562853354339796,-0.290156272938475,1081344.0,1.7569794033964474,0.6088514729975334,1081344.0,-0.230588478812327,0.48891138132506357
1093632.0,-1.1114201626429956,-1.1570406646778184,1093632.0,-0.2823584273767968,-0.299910111942639,1093632.0,2.0974456518888474,0.8270754575059982,1093632.0,0.11717947961490911,0.4823613783781184
1105920.0,-1.0853949344406526,-1.1410320285707711,1105920.0,-0.25980560140063363,-0.30027326438575985,1105920.0,2.4214666510621705,1.071880859946153,1105920.0,0.038833273637768194,0.4469527021239628
1118208.0,-0.9916014398137728,-1.1171041297415891,1118208.0,-0.23560615225384632,-0.29505935587609805,1118208.0,2.710178187737862,1.3351210479702178,1118208.0,-0.008508436369690267,0.3009178535593189
1130496.0,-0.9226328482230505,-1.087139353528619,1130496.0,-0.1972702085816612,-0.28406391341704873,1130496.0,2.8448388651013374,1.5973928282503036,1130496.0,-0.19676406332291663,0.17622692944787555
1142784.0,-1.0275161657482386,-1.0722387729833525,1142784.0,-0.1685399901277075,-0.2694532418468346,1142784.0,3.027452858785788,1.8641192806574207,1142784.0,0.14044470735825598,0.10481387515392271
1155072.0,-0.9483741621176401,-1.0472021990145246,1155072.0,-0.14896373169419044,-0.2529718994298794,1155072.0,2.5494546368718147,2.0634804806051155,1155072.0,0.3259925829867522,0.08809857170247899
1167360.0,-0.8746271121005217,-1.0159028291081387,1167360.0,-0.10740778974043981,-0.23173062052082968,1167360.0,1.8697123813132446,2.1710786338274675,1167360.0,0.08364887998322956,0.030127197195300447
1179648.0,-0.7789961975067854,-0.9884766841307282,1179648.0,-0.07281397937913425,-0.20759752568895537,1179648.0,1.0829450848201911,2.175271997600794,1179648.0,-0.1183909322959759,-0.0005640460263142258
1191936.0,-0.6975772806132833,-0.9503587001003325,1191936.0,-0.02504157594618543,-0.17934359900439933,1191936.0,0.5579293596868714,2.0918403080664576,1191936.0,-0.28255791232610744,-0.013071089954610215
1204224.0,-0.6119516212493181,-0.9050091924456259,1204224.0,0.011094133415705679,-0.14867133230848897,1204224.0,0.27513158484362066,1.9436555262111745,1204224.0,0.3235443347754578,0.04234219140416826
1216512.0,-0.5765598515669504,-0.8515231613380214,1216512.0,0.0474344329025674,-0.11569204628055256,1216512.0,0.08689910548127955,1.7426008715704182,1216512.0,0.36774498868423205,0.06739874231110056
1228800.0,-0.6157342791557312,-0.8045570958095294,1228800.0,0.0904505359455167,-0.0806664325459375,1228800.0,-0.024931669875513762,1.4979610394766496,1228800.0,0.14060987188713625,0.07757640213603736
1241088.0,-0.5936679414783915,-0.7647637459759911,1241088.0,0.149413657723926,-0.04216445154816029,1241088.0,-0.10689362980580579,1.2162538577222828,1241088.0,0.02693597748778605,0.081120843521785
1253376.0,-0.551414885558188,-0.7276419497095048,1253376.0,0.22358604320713008,-7.882636928115694e-05,1253376.0,-0.16226214814620712,0.9155437563975285,1253376.0,0.2797206931281835,0.128769319166895
1265664.0,-0.5338010468209783,-0.6782704378167789,1265664.0,0.28451294110467035,0.045226466753956626,1265664.0,-0.20038804210101566,0.5927596663088479,1265664.0,0.44379289060210186,0.15910413749127958
1277952.0,-0.5077892451857527,-0.63421194612359,1277952.0,0.36207191401626915,0.09633003132500259,1277952.0,-0.22380051435902715,0.3154341511857638,1277952.0,0.418658590875566,0.16837073828016097
1290240.0,-0.471242096585532,-0.593873444572091,1290240.0,0.49499092313150567,0.15656990261219714,1290240.0,-0.24628673509384194,0.10383423954505511,1290240.0,0.2804461899213493,0.18805046927397293
1302528.0,-0.4293500116715829,-0.5589088259885708,1302528.0,0.5897417773182193,0.2228254782819325,1302528.0,-0.26358141796663404,-0.03081841073362739,1302528.0,-0.14445236220490187,0.18544432628308033
1314816.0,-0.42259507967780036,-0.5314106058950225,1314816.0,0.7166452305391431,0.2969941589304653,1314816.0,-0.27066693160062033,-0.11367803986237654,1314816.0,1.3105819852401812,0.3447583160397092
1327104.0,-0.3904190578808387,-0.5092573495581746,1327104.0,0.9371405271813273,0.3895987983070275,1327104.0,-0.28082915395498276,-0.1692741137422369,1327104.0,0.7615149471287926,0.3885553772750427
1339392.0,-0.375859637123843,-0.4891873281138638,1339392.0,1.3059952389448881,0.5154548789112596,1339392.0,-0.27765523704389733,-0.2057295479947546,1339392.0,-0.08531097145169042,0.34324978126145045
1351680.0,-0.4219626737758517,-0.46981016757587596,1351680.0,1.7226596840967734,0.6786757937263852,1351680.0,-0.2798635956520836,-0.23122274057241157,1351680.0,1.3973062094300985,0.46891941501574663
1363968.0,-0.5416175676509738,-0.4646051301931341,1363968.0,1.9506184520820777,0.8587962731622003,1363968.0,-0.2834449488048752,-0.2488778724723185,1363968.0,1.3815097355594237,0.6043767908229104
1376256.0,-0.6887802829345068,-0.478341669930766,1376256.0,2.212457882861296,1.057683457127617,1376256.0,-0.28341572592034936,-0.26099323024973275,1376256.0,1.649173080921173,0.7413220296022094
1388544.0,-0.6942248698323965,-0.49438405223190784,1388544.0,2.494202713171641,1.278652434334314,1388544.0,-0.2852199785411358,-0.26947642389374477,1388544.0,0.3525202398789891,0.7321947645298981
1400832.0,-0.667628432624042,-0.5103679709757368,1400832.0,1.962840801725785,1.4387293231052656,1400832.0,-0.2823200800145666,-0.27532838045929864,1400832.0,1.2520116853217285,0.8155300739745144
1413120.0,-0.6271792640909553,-0.5259616877262792,1413120.0,0.9917060503115257,1.4884008358232674,1413120.0,-0.2821220021384458,-0.278911907163759,1413120.0,0.6707873782142997,0.8545641928038095
1425408.0,-0.6185031918187937,-0.5448770057410002,1425408.0,0.3547318405471742,1.4648998421461632,1425408.0,-0.2814044561237097,-0.2806942109794666,1425408.0,-0.18983702443074435,0.8500257265812252
1437696.0,-0.5882116590316097,-0.5614386636763811,1437696.0,0.0009747461881488562,1.3933327937110636,1437696.0,-0.28052343024561804,-0.2816798608439664,1437696.0,-0.3313188653749724,0.6858356415197098
1449984.0,-0.57161600732555,-0.5795583586208523,1449984.0,-0.16482962640778473,1.2831357783521524,1449984.0,-0.2784740487113595,-0.2814443503196041,1449984.0,-0.3415761947010954,0.575526527336721
1462272.0,-0.5916923135519028,-0.6011416262636582,1462272.0,-0.2654590805371602,1.1259903464039476,1462272.0,-0.27687304296220344,-0.2813661309114347,1462272.0,-0.3547448697499931,0.5485831375068908
1474560.0,-0.5898612706611553,-0.6179314859521886,1474560.0,-0.2997862681125601,0.9237457511830142,1474560.0,-0.2724913583757977,-0.28062890718380606,1474560.0,-0.35835873692606884,0.3730166428712739
1486848.0,-0.6250903553639849,-0.6262787647234898,1486848.0,-0.3282246805417041,0.6958614379206361,1486848.0,-0.2692880048416555,-0.2792132127874841,1486848.0,-0.40345674380660057,0.19451999493467156
1499136.0,-0.6015862695251902,-0.617559363382558,1499136.0,-0.35071261242652935,0.4395443883918535,1499136.0,-0.2704262145174046,-0.2779142616471897,1499136.0,-0.44405701539168757,-0.014803014696614509
1511424.0,-0.620357781338195,-0.610172654533138,1511424.0,-0.36047018055493635,0.1540770990191959,1511424.0,-0.2645395000775655,-0.2758462138008327,1511424.0,-0.40889236393074196,-0.0909442750775876
1523712.0,-0.6302620383600394,-0.6064360151067376,1523712.0,-0.37007357521603507,-0.07921433867498609,1523712.0,-0.26214719051495194,-0.2738289248508712,1523712.0,-0.4058726265405615,-0.2567327062638166
1536000.0,-0.5556043994923433,-0.5992785286468765,1536000.0,-0.37929207847143215,-0.2163141515532819,1536000.0,-0.2571142845166226,-0.2713281530886889,1536000.0,-0.4113536073515813,-0.36494680482040465
1548288.0,-0.5580197423696518,-0.5932301837019621,1548288.0,-0.3862696435923378,-0.2904142999672331,1548288.0,-0.2564815644485255,-0.2688358639211704,1548288.0,-0.2598150262250177,-0.37194460499983206
1560576.0,-0.5553133208304644,-0.5899403498818477,1560576.0,-0.39932025627543527,-0.3304438002135915,1560576.0,-0.25472270712877315,-0.266255791609486,1560576.0,-0.34054688628142077,-0.3728674070904769
1572864.0,-0.5580246827254692,-0.5885812174218397,1572864.0,-0.40284168037275475,-0.35424500561008854,1572864.0,-0.24714195728302002,-0.263122582466652,1572864.0,-0.38747103170802194,-0.37745689079116956
1585152.0,-0.5823691186184684,-0.5876488979284963,1585152.0,-0.4004799956455827,-0.3677470971209308,1585152.0,-0.2417842331342399,-0.25961370148385565,1585152.0,-0.4304234090571602,-0.38502474472188625
1597440.0,-0.6370600508525968,-0.5923687759476404,1597440.0,-0.40731612127274275,-0.378500082436949,1597440.0,-0.2356805638410151,-0.25593262203037737,1597440.0,-0.41971168636033934,-0.39116003966531326
1609728.0,-0.6542075608546535,-0.5952804964967072,1609728.0,-0.40701796021312475,-0.3863794104040911,1609728.0,-0.23246439034119248,-0.25225026058033106,1609728.0,-0.3968133516609669,-0.39049570045074994
1622016.0,-0.6835088186586896,-0.6034727514100572,1622016.0,-0.40868383025129634,-0.39217653218656784,1622016.0,-0.22048943179349104,-0.24725658230793973,1622016.0,-0.30306627531535923,-0.37639662644311705
1634304.0,-0.6745544072861472,-0.6088924140048524,1634304.0,-0.4057736489921808,-0.3967068790302922,1634304.0,-0.21651831804774702,-0.24245446410495788,1634304.0,-0.35170309028277796,-0.37067769907832065
1646592.0,-0.7133935081462065,-0.6172055609834691,1646592.0,-0.3954868804042538,-0.39924820954911416,1646592.0,-0.21039420288677016,-0.2372791653421397,1646592.0,-0.3810313797245423,-0.36819357439671874
1658880.0,-0.7113321516662836,-0.6327783362008631,1658880.0,-0.3893284744893511,-0.40025184915090606,1658880.0,-0.2062629642120252,-0.23219403331167993,1658880.0,-0.3633938319981098,-0.36339759686137163
1671168.0,-0.6816829048718015,-0.6451446524510781,1671168.0,-0.38059841748327017,-0.39968472653999926,1671168.0,-0.20101621972086528,-0.2266474988389139,1671168.0,-0.34141963503013056,-0.3715580577418829
1683456.0,-0.7019727462902665,-0.6598105949970583,1683456.0,-0.36568184352169436,-0.39632088526462517,1683456.0,-0.18719086687391004,-0.21989431481342764,1683456.0,-0.36729759133110446,-0.3742331282468513
1695744.0,-0.6630761350194613,-0.6703157402264576,1695744.0,-0.35259738626579445,-0.3912964558539291,1695744.0,-0.18087165996742746,-0.21326728508186835,1695744.0,-0.3851196759690841,-0.37399799267295747
1708032.0,-0.6389491654311618,-0.6759737449077268,1708032.0,-0.33884315347919863,-0.3851327716372907,1708032.0,-0.1767778416008999,-0.20676664592853436,1708032.0,-0.3613090043266614,-0.36708655219990766
1720320.0,-0.6234248147035638,-0.6746102212928236,1720320.0,-0.31261964219932753,-0.37566312372994914,1720320.0,-0.17356372523742417,-0.20055496206817525,1720320.0,-0.36790744805087644,-0.36190612836896136
1732608.0,-0.5968383364379406,-0.6688732988511522,1732608.0,-0.28698068220789236,-0.363659395929426,1732608.0,-0.17175029579084367,-0.1944835526131404,1732608.0,-0.3812407851219177,-0.3603488717150564
1744896.0,-0.575810570580264,-0.6581034740433096,1744896.0,-0.2470931631202499,-0.3475003292163213,1744896.0,-0.15534651977941394,-0.1879692614117327,1744896.0,-0.38446635225166875,-0.36848887940868735
1757184.0,-0.5601407140493393,-0.6466621047196288,1757184.0,-0.21218689267213145,-0.32814165358431635,1757184.0,-0.13065211137291044,-0.179382640744249,1757184.0,-0.3861946954081456,-0.3719380399212241
1769472.0,-0.5491965704907974,-0.6302424109540878,1769472.0,-0.18690778291784227,-0.3072837438356752,1769472.0,-0.12191750761121511,-0.17053497121669353,1769472.0,-0.36845129169523716,-0.3706800311182936
1781760.0,-0.5251346652706465,-0.6116226623145241,1781760.0,-0.1261631401333337,-0.28096721040007344,1781760.0,-0.09320194091803084,-0.1592288688872941,1781760.0,-0.3863158669943611,-0.3729722346179187
1794048.0,-0.5070603974163532,-0.5941604115689795,1794048.0,-0.06702452621539123,-0.24960982127328563,1794048.0,-0.07144157930936974,-0.14627140484614454,1794048.0,-0.3658013890186946,-0.3754104100167751
1806336.0,-0.48924190923571587,-0.5728873278635243,1806336.0,0.006087768643434781,-0.2124328600567727,1806336.0,-0.04766840874799527,-0.13231915903355304,1806336.0,-0.3780409585063656,-0.37648474673430127
1818624.0,-0.4764388787249724,-0.5542236022340755,1818624.0,0.07176590197195765,-0.16999653123299746,1818624.0,-0.0382355382462265,-0.11805554686143296,1818624.0,-0.4007517161468665,-0.3780479507520795
1830912.0,-0.472764790058136,-0.537605164696773,1830912.0,0.18196978171666464,-0.11791523771341114,1830912.0,-0.012152272097106712,-0.10159298991105363,1830912.0,-0.30263170615459484,-0.3721802209348728
1843200.0,-0.4702177361274759,-0.5222844568391641,1843200.0,0.2619779360635827,-0.06045547988712012,1843200.0,-0.012862626443772266,-0.08552288003168844,1843200.0,-0.33933657919988036,-0.36932313404977324
1855488.0,-0.463961155153811,-0.5089967387107512,1855488.0,0.3421659014808635,0.002459178481755464,1855488.0,0.013363792143839722,-0.06701147123822011,1855488.0,-0.3679838255047798,-0.3679974380880594
1867776.0,-0.4552649265776078,-0.49694217431048554,1867776.0,0.41734631452709436,0.06890312624648989,1867776.0,0.02738633175128295,-0.04873818608515042,1867776.0,-0.3700993765766422,-0.36656074052055676
1880064.0,-0.4443762609735131,-0.4853657290029029,1880064.0,0.6193511181821426,0.1520569273319173,1880064.0,0.04424694098027734,-0.031248280849831646,1880064.0,-0.3599277048682173,-0.36393404146656394
1892352.0,-0.43355900949488085,-0.47380197290331133,1892352.0,0.787655882537365,0.24951329387743804,1892352.0,0.063505823010928,-0.012705947787617333,1892352.0,-0.3787802883113424,-0.3649669411281745
1904640.0,-0.4282815574357907,-0.4641166621198257,1904640.0,0.9716169582679868,0.3592913037175701,1904640.0,0.09242291759195116,0.005856538063380867,1904640.0,-0.364020320897301,-0.3627373865184685
1916928.0,-0.43425463947157067,-0.4568360863253475,1916928.0,1.2940044440329075,0.49539420074239987,1916928.0,0.12529411615105346,0.025530107609423192,1916928.0,-0.34535939479246736,-0.36069318709584575
1929216.0,-0.4443008294329047,-0.4523419783450663,1929216.0,1.4497874087343614,0.6397641647514927,1929216.0,0.13982195834008357,0.044279144318231066,1929216.0,-0.35899042027692,-0.35878813327290116
1941504.0,-0.4266256568953395,-0.4473606561621031,1941504.0,1.6981204450130463,0.8023996190556015,1941504.0,0.1540974005086658,0.0635124381937203,1941504.0,-0.3634309936314821,-0.3550560610213628
1953792.0,-0.4147211154922843,-0.4415562887055179,1953792.0,2.1124332634111247,0.9954459672250475,1953792.0,0.15289094132216027,0.080016759535647,1953792.0,-0.34381406179939705,-0.359174296585843
1966080.0,-0.42373987442503375,-0.4369085025352737,1966080.0,2.4291144286592803,1.2121596164846173,1966080.0,0.19154774762379626,0.10045779694240387,1966080.0,-0.3413685178384185,-0.3593774904496968
1978368.0,-0.4099935718501608,-0.4315117442049086,1978368.0,1.954009335488081,1.373343959885339,1978368.0,0.20838172089618942,0.11995958981763881,1978368.0,-0.3567694565281272,-0.3582560535520315
1990656.0,-0.40915612907459337,-0.4269008644546072,1990656.0,1.4108683690428734,1.472696165336917,1990656.0,0.23990560959403714,0.14121151760191425,1990656.0,-0.3539539637664954,-0.3566415122710168
2002944.0,-0.38666226249188185,-0.42112946460644407,2002944.0,0.7461216322456797,1.485373216743271,2002944.0,0.24779337015934289,0.1615661605198208,2002944.0,-0.32732823910191655,-0.3533815656943867
2015232.0,-0.387478431686759,-0.4165214068256319,2015232.0,0.294148192818587,1.436022447771393,2015232.0,0.2827916256307314,0.18349474078180114,2015232.0,-0.33936664772530395,-0.34944020163578293
2027520.0,-0.37837947470446426,-0.41153119855249914,2027520.0,0.07360757639980875,1.346221509584575,2027520.0,0.31802613381296396,0.20605506240390242,2027520.0,-0.34185792598873377,-0.34722396214492623
2039808.0,-0.3687749632323782,-0.40498323092858,2039808.0,-0.08870666647756782,1.2079503985335274,2039808.0,0.33750468663250405,0.22727611945204748,2039808.0,-0.3420422808267176,-0.3468922507483512
2052096.0,-0.3745307018980384,-0.3980062181750933,2052096.0,-0.20369987407078347,1.042601670253013,2052096.0,0.3790796957910061,0.2512018931971397,2052096.0,-0.34984230653693277,-0.3459774393743525
2064384.0,-0.3764922823756933,-0.39299288072312877,2064384.0,-0.26113975917299587,0.8466756498344086,2064384.0,0.3982756209249298,0.27561971523876616,2064384.0,-0.3671176331117749,-0.34634610332238175
2076672.0,-0.3550445626800259,-0.3870252254419029,2076672.0,-0.2955949945996205,0.6058728240333344,2076672.0,0.43077244764814776,0.30340786587136487,2076672.0,-0.3109670034609735,-0.34306139748853937
2088960.0,-0.35043013965090114,-0.37969425196448964,2088960.0,-0.3147469886268179,0.3314866823047245,2088960.0,0.48034579306840897,0.33228767041582613,2088960.0,-0.31290481394777697,-0.3402150270994752
2101248.0,-0.3572920160368085,-0.3744240963831544,2101248.0,-0.33126991568133235,0.1029587571877831,2101248.0,0.5094234049320221,0.3623918388194094,2101248.0,-0.36443738111605245,-0.3409818195582678
2113536.0,-0.3553340087334315,-0.3690418843490382,2113536.0,-0.35124241607263684,-0.07325232132376791,2113536.0,0.5677878241986036,0.3951800602798661,2113536.0,-0.31311129266396165,-0.3368975524480144
2125824.0,-0.34496231252948445,-0.3648718893527984,2125824.0,-0.35751121925810975,-0.18361560647414688,2125824.0,0.631987689062953,0.43359949217022714,2125824.0,-0.32494482522209484,-0.33665921106003227
2138112.0,-0.3341310437147816,-0.35953715055560076,2138112.0,-0.3649061160782973,-0.2495210373638353,2138112.0,0.7116068682322899,0.476481016430383,2138112.0,-0.3246934219884376,-0.33519188848634557
2150400.0,-0.3248230059010287,-0.3541815036752572,2150400.0,-0.3711802993590633,-0.2939998249397225,2150400.0,0.8227279667432109,0.5269511997234076,2150400.0,-0.33820120493570965,-0.33482621638104315
2162688.0,-0.30468602214629453,-0.3477726095666488,2162688.0,-0.37544964036593836,-0.3226741223285595,2162688.0,0.8840391443421444,0.5816046454943716,2162688.0,-0.32644651054094237,-0.3332666393524656
2174976.0,-0.29512425713861984,-0.3398319650907069,2174976.0,-0.37839829673369724,-0.34014396459485097,2174976.0,0.9675063773368796,0.6404473136489589,2174976.0,-0.3249420568657418,-0.33077661438534656
2187264.0,-0.2905370509251952,-0.33123644194565716,2187264.0,-0.3790053427219391,-0.35193052294974525,2187264.0,1.0937716749807198,0.7099969190545379,2187264.0,-0.26391762991746265,-0.3204566140659154
2199552.0,-0.28603586042299867,-0.3243355717199544,2199552.0,-0.3779989803830783,-0.36017092152809105,2199552.0,1.1774978103737037,0.7846694553270936,2199552.0,-0.30458124230305356,-0.31981803795012337
2211840.0,-0.2425674833357334,-0.3135493060884377,2211840.0,-0.37695263729741174,-0.3663914863951504,2211840.0,1.3329589944332838,0.8699307754635811,2211840.0,-0.31460824500148493,-0.3199883810554941
2224128.0,-0.23473351852347454,-0.30129345633710425,2224128.0,-0.3741715746000409,-0.3706816522870213,2224128.0,1.4478949643671513,0.963777931407094,2224128.0,-0.2867783671244979,-0.3122224796563387
2236416.0,-0.33287855035935837,-0.299047910499697,2236416.0,-0.36783145973458886,-0.37234055665321647,2236416.0,1.5187424793839455,1.058873396925628,2236416.0,-0.3248740257695317,-0.3133987529668957
2248704.0,-0.5097035911555091,-0.3155220383622994,2248704.0,-0.366024239299198,-0.37319185865732535,2248704.0,1.6859340866406758,1.1642680366834006,2248704.0,-0.21659798233304173,-0.3025640686779904
2260992.0,-0.6749978438019753,-0.3496087183710187,2260992.0,-0.3599772183224559,-0.37269896888174114,2260992.0,1.7906371764838696,1.2721710675085585,2260992.0,-0.2837634941873451,-0.29847107589788113
2273280.0,-0.829676910613974,-0.4000941088423133,2273280.0,-0.35568929836153984,-0.3711498687819888,2273280.0,2.012177331993977,1.391116004033635,2273280.0,-0.31089615837360424,-0.2957405712416706
2285568.0,-0.9575210797290007,-0.4653776146005839,2285568.0,-0.3497709115035832,-0.3685819958957533,2285568.0,2.188563800106446,1.5215684696100653,2285568.0,-0.287906429109474,-0.2918865630985238
2297856.0,-1.056987880418698,-0.5415639769285918,2297856.0,-0.3489665159334739,-0.36563881781573093,2297856.0,2.137436711539825,1.6385615030303597,2297856.0,-0.2625057886665066,-0.28564293627860027
2310144.0,-1.1281310214350622,-0.6253233739795785,2310144.0,-0.33587621385231614,-0.36132590492876865,2310144.0,1.6965707565347354,1.6988414111857613,2310144.0,-0.30549696010227007,-0.28980086929708093
2322432.0,-1.173899728183945,-0.714109760755673,2322432.0,-0.3166249697096646,-0.3551885038614273,2322432.0,1.3200961804638307,1.7131012481947738,2322432.0,-0.3027891723128657,-0.2896216622980622
2334720.0,-1.2033748279015224,-0.8101904952122518,2334720.0,-0.3185780330871542,-0.3493510434404016,2334720.0,0.9165746311967572,1.671462811871121,2334720.0,-0.2679155436344445,-0.2849523921613581
2347008.0,-1.2296389030913513,-0.9096810336690397,2347008.0,-0.2978389697770278,-0.34171778295810024,2347008.0,0.5803742067267498,1.5847107361070814,2347008.0,-0.26624296155447763,-0.2828988516043561
2359296.0,-1.2508023691674073,-1.0014734155498446,2359296.0,-0.2927212421782315,-0.3342067612024645,2359296.0,0.30611975855814916,1.4634484640245016,2359296.0,-0.265080703732868,-0.27691951940068976
2371584.0,-1.257522301748395,-1.076255286609133,2371584.0,-0.27232802053913474,-0.32483713932645814,2371584.0,0.07015969997640543,1.3018710253580745,2371584.0,-0.2607720696056883,-0.2813369281279544
2383872.0,-1.2808481579025586,-1.1368403180191915,2383872.0,-0.25893020366008085,-0.31473243786022065,2383872.0,-0.11003022796163957,1.1118042849135237,2383872.0,-0.29958739085122943,-0.2829193177943429
2396160.0,-1.2893915368864934,-1.1828117806464433,2396160.0,-0.2557651265524328,-0.30474002067930994,2396160.0,-0.23236880955907205,0.8873496707582188,2396160.0,-0.3620084219922622,-0.28803054415620866
2408448.0,-1.2975018645326297,-1.2168098591268062,2408448.0,-0.22227032079050937,-0.29198996160800256,2408448.0,-0.32210833532735705,0.6362824572148383,2408448.0,-0.19971219442474344,-0.27921112068773557
2420736.0,-1.2941425777971745,-1.240525328864654,2420736.0,-0.20975487671482065,-0.27806879768613724,2420736.0,-0.38241631506631774,0.38429715455422414,2420736.0,-0.23960477424164614,-0.2769210192452495
2433024.0,-1.2817422871788342,-1.2558864554390312,2433024.0,-0.1785994165111333,-0.262341117952019,2433024.0,-0.4331269112105171,0.17132738777969886,2433024.0,-0.2990652740312119,-0.27627785063814375
2445312.0,-1.2841977402567863,-1.2669162566463152,2445312.0,-0.1409610015883421,-0.24477472113988674,2445312.0,-0.5635148234044512,-0.01703371260712932,2445312.0,-0.1642212979204487,-0.262421063198902
2457600.0,-1.223116435110569,-1.26889041736722,2457600.0,-0.11568320963609342,-0.22448523879478066,2457600.0,-0.5331153627485037,-0.16200271200165542,2457600.0,-0.2197635268482069,-0.2576058615202782
2469888.0,-1.1551685618857543,-1.26144338324666,2469888.0,-0.08845006977207959,-0.20354634879428585,2469888.0,-0.5001855955148736,-0.27005869222581774,2469888.0,-0.20783535515268645,-0.2517651008800991
2482176.0,-1.1143299968292315,-1.2477961460128426,2482176.0,-0.04513702078838833,-0.17878792665530152,2482176.0,-0.5130604226142168,-0.35197671034305433,2482176.0,-0.17092421130898097,-0.24234945163771043
2494464.0,-0.9670194952438275,-1.218745865362386,2494464.0,-0.023089956176894095,-0.15386412021907744,2494464.0,-0.5524228125189742,-0.4142349615925923,2494464.0,-0.20994433776165047,-0.23726667845330662
2506752.0,-0.7154900201906761,-1.1622100515911975,2506752.0,0.010377709195987942,-0.12693332893347056,2506752.0,-0.5736942474419872,-0.4606013635406271,2506752.0,-0.23113727181529006,-0.2304216665497127
2519040.0,-0.5701864687725902,-1.0902895447798076,2519040.0,0.03779466990090441,-0.09757734928813686,2519040.0,-0.5738492185870806,-0.494749404443428,2519040.0,-0.28966450520480674,-0.22318727487096718
2531328.0,-0.4397861794568598,-1.0045179762722303,2531328.0,0.07615549136244226,-0.06773476807284168,2531328.0,-0.5733288507908583,-0.5198714559897781,2531328.0,-0.24014963566636047,-0.2272310189951289
2543616.0,-0.3000161663318674,-0.9051053351256997,2543616.0,0.12408275269748022,-0.03435100513161161,2543616.0,-0.5725818860034148,-0.5388880130834879,2543616.0,-0.10152864492071483,-0.21342340606303573
2555904.0,-0.219445061404258,-0.798875612548242,2555904.0,0.17600007686996832,0.0011089442064985578,2555904.0,-0.5715313892190655,-0.5527284608843426,2555904.0,-0.17232125663819411,-0.20074900432373396
2568192.0,-0.21422079531475902,-0.6918779180540393,2568192.0,0.2299036787978063,0.0381954122451134,2568192.0,-0.5707169566303492,-0.5534486742069323,2568192.0,-0.24397340960179767,-0.20872421549186887
2580480.0,-0.22802471028019985,-0.5923687455710024,2580480.0,0.24023580946959555,0.0737873141556823,2580480.0,-0.5684629284466306,-0.5569834307767451,2580480.0,-0.31858124226952594,-0.21860598703400075
2592768.0,-0.234079015130798,-0.5002597908955068,2592768.0,0.32844623069589335,0.1154769442024796,2592768.0,-0.5669592830042044,-0.5636607995256783,2592768.0,-0.2698702970519662,-0.22480948122392874
2605056.0,-0.23687620492031178,-0.4125144117046148,2605056.0,0.35505736774454516,0.15549638305577296,2605056.0,-0.5653868721177181,-0.5688934444760283,2605056.0,-0.17275640329656503,-0.22499270042268713
2617344.0,-0.23530321971823773,-0.3393427841520558,2617344.0,0.4176345259572069,0.19956883126918304,2617344.0,-0.5631821639835835,-0.5699693796224892,2617344.0,-0.12237382601112283,-0.21623564924763436
2629632.0,-0.24584516572455564,-0.29237829870544374,2629632.0,0.48740392504259944,0.24727145285384416,2629632.0,-0.5625114357098937,-0.5688510984492798,2629632.0,-0.18426463597764572,-0.21154838566386996
2641920.0,-0.25732752308249474,-0.2610924041364342,2641920.0,0.5799958206092318,0.3014915679246769,2641920.0,-0.5608723713085055,-0.5675534137214224,2641920.0,-0.23536404486124715,-0.206118339629514
2654208.0,-0.26747488339121145,-0.24386127452986933,2654208.0,0.6567462415744861,0.35955064294588135,2654208.0,-0.5581040602798263,-0.5660309346703192,2654208.0,-0.26881655662630993,-0.20898503172550892
2666496.0,-0.23453726479783654,-0.23731338437646626,2666496.0,0.8224459923803806,0.42938696691417133,2666496.0,-0.5576160540804267,-0.5645343514780203,2666496.0,-0.2590301261904339,-0.22473517985248087
2678784.0,-0.2047200915403664,-0.2358408873900771,2678784.0,1.011503782744209,0.5129373375015954,2678784.0,-0.55582255932192,-0.5629634684883058,2678784.0,-0.22645398989940682,-0.23014845317860208
2691072.0,-0.2386322507324318,-0.23828203293184438,2691072.0,1.3036714941263199,0.6203141190344468,2691072.0,-0.5543132582679391,-0.5613230986520649,2691072.0,-0.13980082488463572,-0.21973119470688593
2703360.0,-0.2353486092761159,-0.239014422831436,2703360.0,1.6581988551964362,0.7621104236071308,2703360.0,-0.5524562237163385,-0.5597224281790355,2703360.0,-0.20676885886738697,-0.20854995636667203
2715648.0,-0.23215016877899566,-0.23882153819625573,2715648.0,1.9822877844174702,0.9274945789792886,2715648.0,-0.5509165559584895,-0.5581181554744641,2715648.0,-0.322352963189284,-0.2137982229804038
2727936.0,-0.23832195795451602,-0.2389661134996762,2727936.0,2.417222388088703,1.1337110810137045,2727936.0,-0.5493340228373805,-0.5565128705464304,2727936.0,-0.085571052171872,-0.20507968786793454
2740224.0,-0.28330882514516514,-0.2437666740423689,2740224.0,2.802286690721909,1.3721762974901746,2740224.0,-0.5476877801120281,-0.5549634321592748,2740224.0,-0.11567779933587492,-0.20441008520040974
2752512.0,-0.246518117065231,-0.24383396917643646,2752512.0,2.2936959341168404,1.5528054983975985,2752512.0,-0.5460618066911896,-0.5533184692574044,2752512.0,-0.2243156097829342,-0.20841518258093855
2764800.0,-0.27405569997305673,-0.24550678686549263,2764800.0,1.3118365189681451,1.62598956823349,2764800.0,-0.5438999980688095,-0.5516212319334348,2764800.0,-0.27399681881070137,-0.21227845997588402
2777088.0,-0.2755329057884713,-0.24631258910521864,2777088.0,0.5876922958220044,1.6190841736582418,2777088.0,-0.5427957332382599,-0.5500903992292783,2777088.0,-0.1437024035064193,-0.19976704466389494
2789376.0,-0.3126336808005969,-0.25412223070549467,2789376.0,0.19471598761932304,1.556311173182136,2789376.0,-0.5410753370573124,-0.5484363275269667,2789376.0,-0.12588120595319197,-0.18645215264017073
2801664.0,-0.29630875509853166,-0.2632810970613112,2801664.0,-0.016935997094454553,1.4534671951982696,2801664.0,-0.5393740922833482,-0.5467914808231096,2801664.0,-0.14059826751084378,-0.17786658040131442
2813952.0,-0.3374476752554377,-0.2731626395136118,2813952.0,-0.11214883297604199,1.3118851624880334,2813952.0,-0.5380366140355667,-0.5451638163998723,2813952.0,-0.24866763471315304,-0.18875326138416618
2826240.0,-0.3261042991653085,-0.2822382085025311,2826240.0,-0.18827236521368226,1.1272380404470217,2826240.0,-0.5364938303828239,-0.5435675770665209,2826240.0,-0.25715356490885216,-0.19379173198831268
2838528.0,-0.29077423084527254,-0.28810061470915876,2838528.0,-0.2431929293088615,0.9046899690743884,2838528.0,-0.5348734070236484,-0.5419632621730368,2838528.0,-0.04379530085861916,-0.1659359657552462
2850816.0,-0.2920410926453769,-0.2934725281782448,2850816.0,-0.28006452104697627,0.6349612781608205,2850816.0,-0.5331326328838865,-0.5403431231776874,2850816.0,-0.17872493799465397,-0.17525135433752442
2863104.0,-0.30572748044505715,-0.29571439370823405,2863104.0,-0.3085273819354673,0.3238798708950829,2863104.0,-0.5320205480481187,-0.5387763999712964,2863104.0,-0.21553685904170075,-0.185237260308107
2875392.0,-0.3602290442213416,-0.30708548642384514,2875392.0,-0.32686224579811096,0.06182405290358779,2875392.0,-0.5298958833639821,-0.5371598076385757,2875392.0,-0.20354320116651556,-0.1831600194464651
2887680.0,-0.37227009143680334,-0.31690692557021977,2887680.0,-0.33933176767701906,-0.10329277576092866,2887680.0,-0.5289229160795609,-0.5356620994396508,2887680.0,-0.18049803182172278,-0.17381014074756723
2899968.0,-0.3471210557036102,-0.32406574056173365,2899968.0,-0.360344047502925,-0.19809641009342158,2899968.0,-0.5273660315821568,-0.5341191292740405,2899968.0,-0.013000497502313616,-0.1607399501471567
2912256.0,-0.35417548287659883,-0.3282199207693338,2912256.0,-0.37858292864014703,-0.25542630171936864,2912256.0,-0.5261866003274918,-0.5326302556010585,2912256.0,-0.09575585344767508,-0.15772741489660497
2924544.0,-0.35494711219022673,-0.3340837564785033,2924544.0,-0.3882839735597372,-0.29256109936589686,2924544.0,-0.5241728775824109,-0.5311101341309648,2924544.0,-0.24730195493126908,-0.16839778363864752
2936832.0,-0.36199445743113756,-0.3365384346960733,2936832.0,-0.39882604870945215,-0.3212288209392379,2936832.0,-0.520348192503055,-0.5293412919777134,2936832.0,-0.33270977235709626,-0.17680199740304184
2949120.0,-0.38024948133776587,-0.34195295291331906,2949120.0,-0.4089126071582238,-0.34329284513369196,2949120.0,-0.5145730807756385,-0.5271492170169949,2949120.0,0.006631476469920017,-0.15042349326516463
2961408.0,-0.3973572462176283,-0.3526112544505547,2961408.0,-0.41311636349807185,-0.360285188552613,2961408.0,-0.5185717508817712,-0.5255190514028072,2961408.0,-0.0788340334717456,-0.15392736652647726
2973696.0,-0.37274094205349684,-0.36068123939136665,2973696.0,-0.417979436305662,-0.3740766800784816,2973696.0,-0.5068174346039692,-0.5228875315748155,2973696.0,-0.16957754005367556,-0.15301262673237942
2985984.0,-0.3906263932585716,-0.3691711306727181,2985984.0,-0.4255650428434213,-0.3857804461692771,2985984.0,-0.4812494929259022,-0.5178104260625938,2985984.0,-0.20885233782852688,-0.15234417461106203
2998272.0,-0.39918939179430407,-0.37306716543001434,2998272.0,-0.42545680825908977,-0.39563990241537494,2998272.0,-0.4755352766563495,-0.5123743653918306,2998272.0,-0.2971364666397373,-0.16170350115838422
3010560.0,-0.43120582805325586,-0.3789607390916596,3010560.0,-0.42629379592835903,-0.4043361052405089,3010560.0,-0.47558430054535467,-0.5070405038384098,3010560.0,-0.12556584276414165,-0.15621028225262612
3022848.0,-0.40412762388587,-0.3846613959098856,3022848.0,-0.42831954763581354,-0.41113365525379775,3022848.0,-0.5042940834537148,-0.5047333090255657,3022848.0,0.034499607786225774,-0.15146027172377216
3035136.0,-0.39465374903132516,-0.3887092225253582,3035136.0,-0.4220859951650103,-0.4154839619062841,3035136.0,-0.4679990957180659,-0.4989145585646232,3035136.0,-0.12925794445133457,-0.15481048082413812
3047424.0,-0.392632432281971,-0.39247775453453265,3047424.0,-0.42481876723468304,-0.41913744127377867,3047424.0,-0.4665320832282305,-0.4931504791292052,3047424.0,-0.22929384730135402,-0.1530096700611466
3059712.0,-0.4050213036437829,-0.39678043915579714,3059712.0,-0.4220636185879509,-0.4214611982616286,3059712.0,-0.45993925041208666,-0.4871095849201084,3059712.0,-0.3057024097070098,-0.15030893379613797
3072000.0,-0.44597268228729564,-0.4033527592507501,3072000.0,-0.4216974936425686,-0.42273968691006303,3072000.0,-0.4464095135529836,-0.4802932281978428,3072000.0,0.007830584479961544,-0.15018902299513381
3084288.0,-0.4451139575491349,-0.40812843038390084,3084288.0,-0.4175262215236823,-0.42318067271262405,3084288.0,-0.45943108946084976,-0.47437916205575065,3084288.0,-0.038512315678720675,-0.1461568512158313
3096576.0,-0.4212741156419118,-0.4129817477427423,3096576.0,-0.4143008915707469,-0.4228128182391325,3096576.0,-0.45000948912153643,-0.4686983675075075,3096576.0,-0.12658874166663736,-0.1418579713771275
3108864.0,-0.40856974261502427,-0.4147760826783876,3108864.0,-0.412330678353707,-0.42148938179016116,3108864.0,-0.4268125584349036,-0.46325467405840753,3108864.0,-0.20757662411779165,-0.14173040000605397
3121152.0,-0.4129406114419301,-0.41615120464315014,3121152.0,-0.4106849751745661,-0.4200121984817088,3121152.0,-0.3824125967609386,-0.4539424060688665,3121152.0,-0.23864861810579896,-0.13588161515266015
3133440.0,-0.4042123689626654,-0.41345185873409107,3133440.0,-0.4046216883386175,-0.41784498772273465,3133440.0,-0.3324222230197241,-0.43962619831630334,3133440.0,-0.10709622459641348,-0.13403465333588732
3145728.0,-0.39771182897190255,-0.41281027924269437,3145728.0,-0.3961659176275134,-0.4146296247219047,3145728.0,-0.3446199546257655,-0.42365878543350843,3145728.0,-0.19356978754512966,-0.15684159286902288
3158016.0,-0.4270921104277174,-0.41605411538233356,3158016.0,-0.39336000724385184,-0.4117570259297888,3158016.0,-0.29881179379299283,-0.4067400552410012,3158016.0,-0.18155167484655976,-0.1620709659085454
3170304.0,-0.4451171715433399,-0.4213025893084705,3170304.0,-0.38764267942557734,-0.40803941714887815,3170304.0,-0.2536552386979262,-0.38545237078797073,3170304.0,0.004580994490728092,-0.13868348172933717
3182592.0,-0.4472358621036013,-0.4255240451544523,3182592.0,-0.37843194014082354,-0.4036762493041654,3182592.0,-0.13919132707330087,-0.3533775784540921,3182592.0,-0.07646602797710027,-0.11575984355634623
3194880.0,-0.46022260282188654,-0.42694903720791144,3194880.0,-0.37245144322514534,-0.39875164426242315,3194880.0,0.05888408919175466,-0.30284821817961827,3194880.0,-0.07785420315728213,-0.1243283223200706
3207168.0,-0.46830837956319255,-0.4292684794093172,3207168.0,-0.36407045399149257,-0.3934060675092042,3207168.0,0.1446028955785247,-0.2424448196756809,3207168.0,-0.15050575222509602,-0.13552766597470814
3219456.0,-0.4569891986126701,-0.432839987706393,3219456.0,-0.36147782020270824,-0.3881237603724003,3219456.0,0.26542979816440493,-0.17090089094708677,3219456.0,-0.16915319836698472,-0.13978411164474286
3231744.0,-0.4631642845148842,-0.438299441896379,3231744.0,-0.3486441465405126,-0.38175510719108086,3231744.0,0.4218613349366933,-0.08603350160992704,3231744.0,-0.024316117007401772,-0.12145806093370388
3244032.0,-0.4669172400608659,-0.4436971047582725,3244032.0,-0.3381930491887033,-0.3745059145924946,3244032.0,0.6349633550271392,0.015704093568880716,3244032.0,-0.10423337070581813,-0.1080165361937058
3256320.0,-0.48610867621997994,-0.4518867354840041,3256320.0,-0.32165739266201854,-0.36620948502483464,3256320.0,0.9804172730073333,0.14698804317158648,3256320.0,-0.1831501282285899,-0.11562192655692342
3268608.0,-0.4891470332319538,-0.4610302559100091,3268608.0,-0.30032159729550284,-0.3566250529916336,3268608.0,1.1783205773681402,0.299282096370977,3268608.0,-0.14949047293824455,-0.1112139950962349
3280896.0,-0.5105254628385106,-0.46937359115108856,3280896.0,-0.28695689064140123,-0.3459847413313885,3280896.0,0.816513299010694,0.41081460565134564,3280896.0,-0.20924188483816883,-0.11398301609539582
3293184.0,-0.5442497829596201,-0.4792868522927165,3293184.0,-0.27812392559523386,-0.3350328659483542,3293184.0,1.0612868703901768,0.5423088165601561,3293184.0,-0.1873450151955088,-0.1331756170640195
3305472.0,-0.6111455944677194,-0.4956778255291283,3305472.0,-0.2559918607585132,-0.32278885801012314,3305472.0,0.9045342865089575,0.6466813779183819,3305472.0,0.058987440488029584,-0.11963027021750652
3317760.0,-0.7300065072874228,-0.522656215975682,3317760.0,-0.23558184100935856,-0.30910189778854447,3317760.0,0.9656428266316652,0.7373572516623729,3317760.0,-0.11757710805007567,-0.12360256070678588
3330048.0,-0.8536736400177082,-0.5611927420211335,3330048.0,-0.21682626226296028,-0.29437747861569125,3330048.0,1.021479492386182,0.8250449113431386,3330048.0,-0.28453825833275914,-0.13700581131755218
3342336.0,-0.8956817872822285,-0.6050620008880893,3342336.0,-0.1931205931274841,-0.2775417559081689,3342336.0,1.2007239585121472,0.9185743273779128,3342336.0,0.03541934644939223,-0.11654855683591452
3354624.0,-0.8998675762365261,-0.6487323300602535,3354624.0,-0.18350561576274535,-0.2610279028303921,3354624.0,1.0731040847798188,0.9836986023622256,3354624.0,-0.05774001650085362,-0.11989094678525969
3366912.0,-0.9270761969188849,-0.6947482257460555,3366912.0,-0.16098340693861246,-0.24330693860538305,3366912.0,1.0192299410700798,1.0221252609665195,3366912.0,-0.17293258725355068,-0.12676086844003293
3379200.0,-0.9326271793494622,-0.7394000760590037,3379200.0,-0.1474522337084636,-0.22588642271002754,3379200.0,1.0970764110485713,1.0337911747706432,3379200.0,-0.06658951435626174,-0.11510480705280013
3391488.0,-0.9472340767582258,-0.7852087804116309,3391488.0,-0.12101146656398971,-0.20795540963687625,3391488.0,1.1758804681400459,1.0335471638478337,3391488.0,-0.03965744974266272,-0.10412150473324196
3403776.0,-0.966177724301815,-0.8307740065579612,3403776.0,-0.12021212803665549,-0.19128093337640167,3403776.0,1.2698512009034555,1.07888095403711,3403776.0,-0.2325113209274908,-0.10644844834217412
3416064.0,-0.9852207936346531,-0.8748711076254645,3416064.0,-0.08569592090983254,-0.17203813290786155,3416064.0,1.0423161977281172,1.076983886770904,3416064.0,-0.0029476241422041007,-0.08800870923684366
3428352.0,-1.0049968405316274,-0.9142562322318554,3428352.0,-0.059474289941135794,-0.15238637582612377,3428352.0,0.37752001406624913,1.0242824595266333,3428352.0,-0.12432715087197721,-0.10634016837284435
3440640.0,-1.023881287003557,-0.9436437102034688,3440640.0,-0.05196064735597853,-0.1340242564607858,3440640.0,1.06733105580012,1.0344512824434786,3440640.0,-0.0928343958221376,-0.10386589715005054
3452928.0,-1.031818874180317,-0.9614582336197296,3452928.0,-0.0350807539264982,-0.11584970562713956,3452928.0,0.9065326197693745,1.0229565951817978,3452928.0,0.09143839694782703,-0.06626823162199191
3465216.0,-1.0506287949780624,-0.976952934389313,3465216.0,-0.023968503509725753,-0.09893449666536376,3465216.0,1.5035468464096386,1.053238883971547,3465216.0,-0.13923877221532166,-0.0837340434884633
3477504.0,-1.0546553979317348,-0.992431716558834,3477504.0,-0.012552652949428497,-0.08183920038403206,3477504.0,1.3023419075955947,1.0761626662531247,3477504.0,-0.08425252994250816,-0.08638529483262877
3489792.0,-1.067317462215821,-1.0064558430885273,3489792.0,-0.021668323068297468,-0.06790769199700056,3489792.0,2.534870350112518,1.2277267071573685,3489792.0,0.07131850694228585,-0.06196018541304512
3502080.0,-1.0919615235179663,-1.0223892775053778,3502080.0,0.012793914230618006,-0.05188307720309239,3502080.0,2.7426107650001845,1.39228014255253,3502080.0,-0.05859223768735925,-0.06116045774615486
3514368.0,-1.117128434901436,-1.039378713319699,3514368.0,0.026351267549519736,-0.037146803791741456,3514368.0,2.6528016875187554,1.5399722644904008,3514368.0,-0.18095642374828458,-0.07529035514671704
3526656.0,-1.1080383006483316,-1.0535647709543507,3526656.0,0.04923187327221967,-0.020202403660853935,3526656.0,2.8293814038236937,1.6959252847824247,3526656.0,-0.19699372382213673,-0.07173859543618163
3538944.0,-1.1358560863882303,-1.0686283002297083,3538944.0,0.04417623380140867,-0.007215188189729815,3538944.0,3.18465705960989,1.9101593709706024,3538944.0,0.0578188995665793,-0.0656619430653033
3551232.0,-1.1382294831176598,-1.0819515644883118,3551232.0,0.07324075641129942,0.006056316445513706,3551232.0,3.2495857973893485,2.197365949302912,3551232.0,0.08306908361555543,-0.04492231961655004
3563520.0,-1.1393300847460825,-1.093496444262564,3563520.0,0.07336318375989019,0.018588699557100578,3563520.0,2.7876967303454876,2.3694025167574484,3563520.0,-0.05121496619540267,-0.040760376653876544
3575808.0,-1.1452456594755251,-1.104839122792085,3575808.0,0.0815105274959933,0.03024782769934973,3575808.0,2.933410871773958,2.572090341957907,3575808.0,-0.11918239955169459,-0.06182245630382871
3588096.0,-1.1496271851162116,-1.1147389618058998,3588096.0,0.1069251853817453,0.04333719658849683,3588096.0,4.027068222562472,2.8244424795731904,3588096.0,-0.18147374278244874,-0.0660459533605414
3600384.0,-1.1338688917458057,-1.122660311187307,3600384.0,0.12551982062480724,0.0571444439459204,3600384.0,4.067424068848292,3.1009506956984603,3600384.0,-0.19522509149586162,-0.07714320951587676
3612672.0,-1.0914622079581022,-1.125074785761535,3612672.0,0.14378982759080827,0.07369025901183099,3612672.0,3.8371728683511415,3.231180947522323,3612672.0,-0.15373230496576676,-0.09964829070668202
3624960.0,-1.0135702261080344,-1.117235656020542,3624960.0,0.12753246353046657,0.08516411394181583,3624960.0,2.6194488257169724,3.2188647535940014,3624960.0,-0.12588606466306373,-0.10637767340425248
3637248.0,-0.9243766019741694,-1.0979604727278152,3637248.0,0.14524771992970878,0.09705375917983475,3637248.0,3.2824316720167794,3.281827752043804,3637248.0,-0.18861112596156696,-0.10714314362558072
3649536.0,-0.8160991153369347,-1.0687665541966755,3649536.0,0.18310005128538856,0.11044057698115162,3649536.0,3.9563546081384025,3.3945250724752745,3649536.0,-0.012565328596489659,-0.08870030410301598
3661824.0,-0.752408075456818,-1.0304217531035342,3661824.0,0.18255651695653796,0.12427860529666457,3661824.0,4.0374358122547465,3.47980294773976,3661824.0,-0.007569869204113881,-0.0952391809800853
3674112.0,-0.7392434440553188,-0.9905231491973003,3674112.0,0.20594215645299604,0.13754874530083422,3674112.0,2.9958975513776145,3.4544341231385864,3674112.0,-0.0007169981884847706,-0.10361778916048933
3686400.0,-0.6914920825511217,-0.9457393489778042,3686400.0,0.20601077820174396,0.1508135047450196,3686400.0,2.7846368762354055,3.454128137727578,3686400.0,-0.07931556258699857,-0.10642784879964892
3698688.0,-0.689905448195835,-0.9002053278498353,3698688.0,0.22906654211692512,0.1655691062071128,3698688.0,3.9852290550867715,3.55930995605886,3698688.0,-0.19723836945680281,-0.11423344579015973
3710976.0,-0.6710954885929823,-0.8523521581975121,3710976.0,0.21938270229535797,0.17681485789847406,3710976.0,4.023725387950738,3.558975672597686,3710976.0,0.12682571088468345,-0.08340350042344653
3723264.0,-0.6680881222710013,-0.8057740812500317,3723264.0,0.253168245156606,0.18957970035165395,3723264.0,3.9676754300793013,3.5490008087207867,3723264.0,0.029769340258402128,-0.06090405724802015
3735552.0,-0.6568955114732186,-0.7623174116015435,3735552.0,0.290370627772063,0.20423778036977938,3735552.0,3.2228970577319465,3.487573227658868,3735552.0,-0.25534285061682266,-0.07106511181312573
3747840.0,-0.6619611382484436,-0.7271565028155844,3747840.0,0.2948336526751518,0.22096789928424795,3747840.0,3.250361405313015,3.550664485618472,3747840.0,0.028232966530291986,-0.05565320869379018
3760128.0,-0.6754485263178746,-0.7022636952499549,3760128.0,0.2980334882934888,0.23624647612062594,3760128.0,2.9468064171572528,3.51710196013252,3760128.0,0.07050925790099427,-0.029741170307534044
3772416.0,-0.7003043772031864,-0.69068422143658,3772416.0,0.30434114990445477,0.24837058598253256,3772416.0,2.6275122401614985,3.384217723334829,3772416.0,-0.0748242480525126,-0.035967062253136346
3784704.0,-0.6991579340149959,-0.6853592072923977,3784704.0,0.3016355314757675,0.2602784874344555,3784704.0,2.3747994986673198,3.217954091976086,3784704.0,-0.171747996743458,-0.05238487500707075
3796992.0,-0.713781808813413,-0.6828130437682072,3796992.0,0.3152041131009658,0.2712046830992525,3796992.0,2.3998546799023948,3.158349804828564,3796992.0,0.044793764216592535,-0.04783379876656303
3809280.0,-0.699129780754447,-0.6835768135885397,3809280.0,0.32196461766337353,0.2828000670454155,3809280.0,2.3954160635670028,3.119427723561724,3809280.0,0.05966759914493499,-0.03393548259336967
3821568.0,-0.7013345938175917,-0.6847197281507155,3821568.0,0.3388031335392346,0.2937737261876464,3821568.0,2.6845444900294146,2.9893592670559883,3821568.0,0.04281417770835105,-0.009930227876854287
3833856.0,-0.7109696877499422,-0.6887071480664113,3833856.0,0.334953588899225,0.3053308148480331,3833856.0,2.782037158807119,2.8651904441416263,3833856.0,-0.10564840249329184,-0.03317763921465182
3846144.0,-0.7591961026191711,-0.6978179461012284,3846144.0,0.35600459746395546,0.31561445007876804,3846144.0,2.8601619911690555,2.7544391002506017,3846144.0,-0.025459394205730252,-0.03870051266106505
3858432.0,-0.7634502307822307,-0.7084734180321296,3858432.0,0.3527790375519544,0.3218552910567572,3858432.0,2.70986253892382,2.703135648369789,3858432.0,0.009185059333200721,-0.012247721666062712
3870720.0,-0.7445321610818306,-0.7167305203154684,3870720.0,0.37714312753329676,0.33008623854257163,3870720.0,2.4395178432265916,2.6220512921611467,3870720.0,-0.21310103770035008,-0.03638112208912692
3883008.0,-0.7607552800327539,-0.7252611956869564,3883008.0,0.3948865393952777,0.33977154365275053,3883008.0,2.491133580605189,2.5764840085059406,3883008.0,0.029320786263269838,-0.040499969252899365
3895296.0,-0.7875140147904555,-0.7339821594456832,3895296.0,0.36261419610430795,0.3455988482727359,3895296.0,2.830367715408405,2.596769556030631,3895296.0,0.038379913700434067,-0.02917955307760469
3907584.0,-0.8011537361890078,-0.7441817396630844,3907584.0,0.3794409935362637,0.35337939447878547,3907584.0,2.6923136822879314,2.6285209743926923,3907584.0,-0.10196869099551502,-0.022201622502810398
3919872.0,-0.7968246893336376,-0.7524860277151068,3919872.0,0.408557688506941,0.362714752019383,3919872.0,2.3530672155320644,2.6238422279556595,3919872.0,-0.05041930317383958,-0.03172292924185361
3932160.0,-0.7992202459524075,-0.7624950742349028,3932160.0,0.4512699091186126,0.3756452811649069,3932160.0,2.3381746473411718,2.618118086333076,3932160.0,0.10942727022969241,-0.026746962133377867
3944448.0,-0.8020020816475153,-0.7725618230178953,3944448.0,0.5073695960454643,0.3925019274155299,3944448.0,2.343410442272822,2.5840046815574174,3944448.0,0.00692682531371247,-0.030335697372841725
3956736.0,-0.8180004060268402,-0.7832648948455849,3956736.0,0.5264397752471268,0.41165054605032003,3956736.0,2.3620000506440797,2.542000970741113,3956736.0,-0.20628358803999922,-0.040399215927512465
3969024.0,-0.8534132397423188,-0.7926866085578997,3969024.0,0.5385512641320626,0.4299052127171308,3969024.0,2.515228026856979,2.5075075743099053,3969024.0,0.2840706150357922,-0.00944621500336022
3981312.0,-0.858735770607988,-0.8022151625404754,3981312.0,0.5859796808411678,0.4532252770460521,3981312.0,2.7055502658089003,2.507076346998413,3981312.0,0.14523968684564656,0.004159247747884368
3993600.0,-0.8485773466527462,-0.8126196810975671,3993600.0,0.6433326341211796,0.4798442277048404,3993600.0,2.2149045479794345,2.4846150174736974,3993600.0,-0.07407319720853896,0.018062031797065475
4005888.0,-0.8582159839570522,-0.8223657514899969,4005888.0,0.6722318390384316,0.5075787576691557,4005888.0,1.4634987879544497,2.3818515382086236,4005888.0,0.016742801390743505,0.01680423330981284
4018176.0,-0.884180702889959,-0.8320324202999473,4018176.0,0.7094309025754532,0.5422604283162703,4018176.0,1.041282997156183,2.2029430663834018,4018176.0,0.21788216333758706,0.03475445827352815
4030464.0,-0.8786799150208632,-0.8397850381831328,4030464.0,0.6801131051033735,0.5723276394729813,4030464.0,0.7129765003919601,2.0050093481938047,4030464.0,0.056261685327626765,0.05057749590584232
4042752.0,-0.8668053541332483,-0.8467831046630938,4042752.0,0.6981703254083792,0.6012889031631252,4042752.0,0.45875788759440184,1.8155784154000378,4042752.0,-0.15840310983670255,0.03977911523955602
4055040.0,-0.8800049175818762,-0.8548615718260407,4055040.0,0.7568943528458476,0.6318513475358487,4055040.0,0.18662093486636877,1.6004230441525578,4055040.0,-0.2620704248547554,0.0026293457311112323
4067328.0,-0.8975119460374117,-0.8644125582650304,4067328.0,0.7498838522781929,0.6561027731591215,4067328.0,-0.17605004195744792,1.348476995729531,4067328.0,-0.06122863038035575,-0.004186199838295579
4079616.0,-0.9082203557093939,-0.8734345532332858,4079616.0,0.7795046220223109,0.6814092578366399,4079616.0,-0.2285176037500302,1.0894252302901202,4079616.0,0.32124857209661667,0.048567016175366004
4091904.0,-0.8983893239249786,-0.8779321616515517,4091904.0,0.8128164053584138,0.708835771959275,4091904.0,-0.2574256857236226,0.8121598590320598,4091904.0,0.18096496319049038,0.03825645099083582
4104192.0,-0.8960555115093788,-0.8816641357416908,4104192.0,0.8907797044763962,0.7393157743227979,4104192.0,-0.27918457131211954,0.5136863753199579,4104192.0,-0.0017185099568450823,0.02356063131058666
4116480.0,-0.8915231532106797,-0.885958716397484,4116480.0,0.9653084687888622,0.7715133577895662,4116480.0,-0.29524185803408426,0.26267173471860594,4116480.0,0.04981950308138039,0.03594990133957861
4128768.0,-0.8981142578025659,-0.8899485437820356,4128768.0,1.025046366577347,0.8067948105434576,4128768.0,-0.3058984942423801,0.08573200649892292,4128768.0,0.1132883225606444,0.04560445345656868
4141056.0,-0.8902008328586817,-0.8905505567789078,4141056.0,1.0424836793293555,0.8401000882188479,4141056.0,-0.31532335684945184,-0.049928628901640584,4141056.0,0.2383331190018604,0.04764954902299603
4153344.0,-0.8749216527988514,-0.8901747305567067,4153344.0,1.1723003964871168,0.8893188173572222,4153344.0,-0.321804308022062,-0.15340670974304277,4153344.0,0.17095226421952248,0.05911860691218559
4165632.0,-0.8707478089878956,-0.8905689760421713,4165632.0,1.2941483637938898,0.9489166211957732,4165632.0,-0.3247161318237583,-0.2317541116848588,4165632.0,-0.05309832820785232,0.06964908507507062
4177920.0,-0.9348572933425506,-0.8960542136182388,4177920.0,1.3747108622143667,1.010698272132625,4177920.0,-0.32707838776210946,-0.2831240439477066,4177920.0,-0.17904093950831643,0.0779520336097145
4190208.0,-0.9338076015313467,-0.8996837791676324,4190208.0,1.5011415760964155,1.0858240445144474,4190208.0,-0.326608049372832,-0.298179844689245,4190208.0,0.2547474379340808,0.10954964044115816
4202496.0,-0.9399087242782116,-0.902852616024514,4202496.0,1.7471038637061913,1.1825839686828354,4202496.0,-0.3257043631747365,-0.30789852063171563,4202496.0,0.08466819105766869,0.08589160233726337
4214784.0,-0.9268992238988479,-0.905703606021901,4214784.0,2.0478333259622254,1.3060856607432167,4214784.0,-0.3265377511270344,-0.31480972717205685,4214784.0,0.042558027715131175,0.07205090878972745
4227072.0,-0.8852571491152048,-0.9046237697824836,4227072.0,2.2196256828804812,1.438970258583625,4227072.0,-0.32543968750784796,-0.31943523879162966,4227072.0,0.41949129446099204,0.11417188923151116
4239360.0,-0.8761110578974088,-0.9030825602511566,4239360.0,2.6295001432299614,1.6053894260277353,4239360.0,-0.32645438409720856,-0.3225564913979421,4239360.0,0.06577283024671488,0.1157672219480446
4251648.0,-0.8768617063760757,-0.9009573051085076,4251648.0,2.842674055447181,1.7871521949147184,4251648.0,-0.3237021849490702,-0.32433686046861115,4251648.0,0.059070365944838464,0.110345426286464
4263936.0,-0.9026287713398536,-0.9022000989566248,4263936.0,2.189262711753448,1.9018300981571277,4263936.0,-0.324824682281663,-0.3252869930118323,4263936.0,0.3592944234454383,0.12244155673082183
4276224.0,-0.8997363895177841,-0.904681572628518,4276224.0,1.2998359923561413,1.9145836577440298,4276224.0,-0.3235149023433526,-0.3254580524439613,4276224.0,0.11499699967680499,0.11684603027655005
4288512.0,-0.8987467276553313,-0.9074814644952616,4288512.0,0.5524371527135372,1.840412536635995,4288512.0,-0.3222356322221458,-0.3252100024838001,4288512.0,-0.3239322874384622,0.08976263435348905
4300800.0,-0.8822468252231678,-0.9022204176833233,4300800.0,0.15607536702494448,1.7185489871170525,4300800.0,-0.32269146541754407,-0.3247713102493435,4300800.0,0.582632847285519,0.1659300130328726
4313088.0,-0.8503761359800895,-0.8938772711281976,4313088.0,-0.027558403443739127,1.5656789891630374,4313088.0,-0.32000371363634866,-0.32411087667569516,4313088.0,0.5508794078292946,0.195543210022394
4325376.0,-0.8383385383834442,-0.8837202525387207,4325376.0,-0.13154920718322197,1.377813682074096,4325376.0,-0.31979074515402317,-0.32351951487362385,4325376.0,0.052527494728565216,0.19232914038948365
4337664.0,-0.8449808601289988,-0.8755284161617357,4337664.0,-0.19486198023272058,1.1535441514546014,4337664.0,-0.3175218094450732,-0.3226179207054277,4337664.0,-0.32200152706354856,0.15587318491161567
4349952.0,-0.8474932666867971,-0.8717520279188952,4349952.0,-0.24050687563916048,0.9075308956026371,4349952.0,-0.3166338265873492,-0.3217373346133779,4349952.0,0.23466247886729738,0.13739030335224617
4362240.0,-0.8491829372942448,-0.8690592158585787,4362240.0,-0.2760165461028616,0.6169792266693548,4362240.0,-0.3146552015095949,-0.32055741635461643,4362240.0,0.7700086093197266,0.20781388125954736
4374528.0,-0.8523703602453073,-0.8666100812455019,4374528.0,-0.29940338898450136,0.30277148222618655,4374528.0,-0.3138858377933502,-0.3195757816390445,4374528.0,0.08272632195197123,0.21017947686026067
4386816.0,-0.8460653144866228,-0.8609537355601787,4386816.0,-0.31892251238847774,0.051952959811994014,4386816.0,-0.3119220753821234,-0.3182855209490905,4386816.0,0.5457173127991458,0.22882176579563138
4399104.0,-0.8406292994817098,-0.8550430265565714,4399104.0,-0.3300254641411205,-0.11103318583773217,4399104.0,-0.30995148746296763,-0.31692917946105204,4399104.0,0.33793180451417965,0.2511152462793689
4411392.0,-0.8403882856170336,-0.8492071823527416,4411392.0,-0.33956047411387164,-0.20023294852047308,4411392.0,-0.309177929845949,-0.31562340922343235,4411392.0,0.232642234050824,0.30677269842829746
4423680.0,-0.838036655758818,-0.8447861654063067,4423680.0,-0.3527655526995659,-0.2511170404929241,4423680.0,-0.30548859713599086,-0.31390312239527707,4423680.0,0.35689344226072234,0.2841987579258178
4435968.0,-0.8345203970869383,-0.8432005915169916,4435968.0,-0.3587239232535164,-0.2842335924739018,4435968.0,-0.3048192801264425,-0.3123846790442864,4435968.0,0.5269268184589843,0.28180349898878676
4448256.0,-0.8309587681045135,-0.8424626144890984,4448256.0,-0.3661777802432577,-0.3076964497799054,4448256.0,-0.3018421108524005,-0.31058981561412413,4448256.0,1.6127940913041432,0.4378301586463446
4460544.0,-0.8279363426069418,-0.8407581627368927,4460544.0,-0.3685455958669384,-0.32506481134332715,4460544.0,-0.3007646723029514,-0.3089141018999119,4460544.0,1.0868760409454505,0.5787179154472445
4472832.0,-0.8264626152813435,-0.8386550975963474,4472832.0,-0.37601737926403683,-0.33861586170581476,4472832.0,-0.2978118417474131,-0.30703190341591835,4472832.0,0.9753813402106365,0.6527898015815785
4485120.0,-0.8212983123958111,-0.8358666351065039,4485120.0,-0.37744584151854116,-0.34875879124738274,4485120.0,-0.2958957383719583,-0.30515595710215465,4485120.0,1.930506340538462,0.7688395747034519
4497408.0,-0.8087320799628893,-0.8315028070782621,4497408.0,-0.3784990468993783,-0.3566683570388705,4497408.0,-0.2923831739462912,-0.3030056907174488,4497408.0,0.678011796126763,0.8283681221209311
4509696.0,-0.7857725787907839,-0.8254735335086784,4509696.0,-0.3830519973610838,-0.3630813055361311,4509696.0,-0.28936629633729655,-0.3007501128129661,4509696.0,0.08670384965080302,0.7824667758060968
4521984.0,-0.7844673469662666,-0.8198573382571339,4521984.0,-0.3832272859290242,-0.3684014877149214,4521984.0,-0.2858927456351618,-0.2983442386301855,4521984.0,0.7038235614697138,0.8190559515016502
4534272.0,-0.7774902544915676,-0.8135675351445875,4534272.0,-0.3794317804276943,-0.3723886183463037,4534272.0,-0.2827556491829455,-0.2957020105638851,4534272.0,-0.13003281627122001,0.7827884464694458
4546560.0,-0.7501524655769268,-0.8047791161263982,4546560.0,-0.37471638557811576,-0.3745837016341587,4546560.0,-0.2790017320464055,-0.29305332405492657,4546560.0,0.926465746636192,0.8397456769069928
4558848.0,-0.7270667366683483,-0.7940337500845392,4558848.0,-0.3697495050728321,-0.3756862598160903,4558848.0,-0.2761135590262711,-0.2901827519449095,4558848.0,0.24839765454332033,0.8118927605154264
4571136.0,-0.755957139035066,-0.7865335871775945,4571136.0,-0.3697112180913488,-0.3760396036008994,4571136.0,-0.2731361932431658,-0.28731216018398603,4571136.0,0.5873782339816292,0.709351174783175
4583424.0,-0.7544303455700477,-0.779182987473905,4583424.0,-0.36541849561035633,-0.37572689357524114,4583424.0,-0.2697568942482273,-0.2842113823785136,4583424.0,0.34798380980889004,0.6354619516695189
4595712.0,-0.7417283430695534,-0.770709560252726,4595712.0,-0.3576568014298876,-0.37389083579182625,4595712.0,-0.26224318938329816,-0.2806545171421021,4595712.0,-0.09703516863616339,0.528220300784839
4608000.0,-0.7319480298707882,-0.7617745320002238,4608000.0,-0.34835942399998504,-0.3709821940399706,4608000.0,-0.2533912953610222,-0.27640407284100854,4608000.0,0.05397100856741114,0.34056676758773385
4620288.0,-0.7270399512102207,-0.753605319124957,4620288.0,-0.3404463141535719,-0.36717692076539,4620288.0,-0.25013356174652773,-0.2721791116210322,4620288.0,0.44181256539498764,0.31694684451455635
4632576.0,-0.7409340708206097,-0.7491214683279395,4632576.0,-0.33203698120390374,-0.36207541914967206,4632576.0,-0.24609406028563777,-0.2678518880158663,4632576.0,0.2547890255227685,0.33375536210175294
4644864.0,-0.7256334908306599,-0.743238082714379,4644864.0,-0.31173401124154526,-0.35492609168092415,4644864.0,-0.2413332350552082,-0.26339593695787095,4644864.0,0.38269201448808116,0.30164220740358966
4657152.0,-0.7031200217703978,-0.7358010594422619,4657152.0,-0.2935855191511412,-0.3463414655532688,4657152.0,-0.23733385109032193,-0.2588537571486086,4657152.0,0.40735831623896956,0.35538132065460853
4669440.0,-0.6945683751255274,-0.730242650397122,4669440.0,-0.27861129383866984,-0.3367309563793242,4669440.0,-0.23305409867316484,-0.2542589938112845,4669440.0,0.11251653521321714,0.2739863995123112
4681728.0,-0.7002926779290041,-0.7275652445231875,4681728.0,-0.25407503405585885,-0.32516350927762694,4681728.0,-0.2295401363323132,-0.2496016515418887,4681728.0,0.6174334399402142,0.3108899780520005
4694016.0,-0.701994306097428,-0.7221689612294236,4694016.0,-0.24021667195484042,-0.312214054663976,4694016.0,-0.22621893106649318,-0.24490992532422143,4694016.0,0.22743504509950677,0.2748956591637883
4706304.0,-0.6857800291230282,-0.7153039295847217,4706304.0,-0.21032046852633357,-0.2967042519555737,4706304.0,-0.2253613113425672,-0.24047036703365543,4706304.0,-0.07493097342861195,0.23260418084003803
4718592.0,-0.6829740305741628,-0.7094284983351826,4718592.0,-0.17801725468598306,-0.2787402972811833,4718592.0,-0.1953711756505072,-0.23378316566037632,4718592.0,0.4209402627311647,0.2844017239767708
4730880.0,-0.6999256517738104,-0.7062262605254849,4730880.0,-0.15178564105493328,-0.2590829189866781,4730880.0,-0.1898113495359818,-0.2274251710778723,4730880.0,0.12658104770525824,0.2916627278905556
4743168.0,-0.6903237601121267,-0.7025546414156755,4743168.0,-0.13158263211759427,-0.23819655078308033,4743168.0,-0.18191632659484944,-0.22060344756270447,4743168.0,0.356116254037867,0.2830930967548435
4755456.0,-0.6628125940139095,-0.6947424937350055,4755456.0,-0.11230842267589954,-0.21622369493027996,4755456.0,-0.1694756974466145,-0.21294161127880215,4755456.0,0.4791767350398004,0.3055318677065467
4767744.0,-0.6594667279471954,-0.6881258174466589,4767744.0,-0.09693652536952868,-0.19474394634307826,4767744.0,-0.21049290165926018,-0.20985757793920734,4767744.0,0.290895569914331,0.2963522232491717
4780032.0,-0.6564759335791072,-0.6834614086275299,4780032.0,-0.07280643578269519,-0.17266603800623365,4780032.0,-0.21550895444427928,-0.2076750882746031,4780032.0,0.6461195535957813,0.3202283469848529
4792320.0,-0.6396693888430794,-0.6779715099992851,4792320.0,-0.06655703997724534,-0.1514606126200912,4792320.0,-0.2140288238103191,-0.20577256078831851,4792320.0,0.11030808871146291,0.32000750233467745
4804608.0,-0.6368159279227257,-0.6716238349986573,4804608.0,-0.032470612010608114,-0.12930017041556616,4804608.0,-0.193732387231042,-0.20219178587819137,4804608.0,0.4397455489573379,0.30223871323638984
4816896.0,-0.6342084274316827,-0.6648452471320828,4816896.0,-0.020734171477670316,-0.10735192036784913,4816896.0,-0.13248219201341271,-0.19281811197288332,4816896.0,0.6394679980973402,0.3434420085361732
4829184.0,-0.652871006478866,-0.6615543448676666,4829184.0,-0.0014731971653721605,-0.086467193231753,4829184.0,-0.2095361047734817,-0.19123559131597478,4829184.0,0.26393595842334133,0.37732870172136845
4841472.0,-0.6841833225140969,-0.6616752740616599,4841472.0,0.029102943973460544,-0.06575517336580863,4841472.0,-0.20111816873153052,-0.19181029062407712,4841472.0,-0.10872170965012629,0.3243625044832394
4853760.0,-0.6730141968776783,-0.6589841285720468,4853760.0,0.042013019953931995,-0.04637530726492211,4853760.0,-0.12810727728841206,-0.18563988339932014,4853760.0,0.8216236839070916,0.39386676810342275
4866048.0,-0.6570340485001603,-0.6556551574108502,4866048.0,0.03281433921074495,-0.029935610132088186,4866048.0,-0.10783230823775132,-0.1782314815636103,4866048.0,0.4133686679415405,0.3995920094937901
4878336.0,-0.6605522312844793,-0.6554291211379072,4878336.0,0.06747708504068821,-0.011957059360429411,4878336.0,-0.20538833690807223,-0.1818227455097561,4878336.0,-0.3869339718172948,0.3129809388080806
4890624.0,-0.6359139181052645,-0.653073840153714,4890624.0,0.0664038664350907,0.004376979820032531,4890624.0,-0.18028282591452202,-0.17880173793528228,4890624.0,0.5534644667059183,0.3392378284872394
4902912.0,-0.6035249903798103,-0.6477787458337843,4902912.0,0.08066880835879904,0.01972450423418195,4902912.0,-0.03827235086646397,-0.16107807757750076,4902912.0,0.734230320279797,0.3480489051556409
4915200.0,-0.5667585923026005,-0.6404876661797364,4915200.0,0.08320035975096592,0.03470024420700308,4915200.0,-0.12191328848712146,-0.151866524045181,4915200.0,0.050884628299778946,0.34210655911447246
4927488.0,-0.5335113282004992,-0.6301572062075139,4927488.0,0.10107401867571753,0.04805470727563564,4927488.0,-0.18632362441470227,-0.151125647763547,4927488.0,0.514945523502926,0.34962655656903124
4939776.0,-0.518099634287258,-0.6185463268930713,4939776.0,0.11101376636361238,0.061229501059763915,4939776.0,-0.1246983262244612,-0.15034726118465186,4939776.0,0.19913476918979237,0.30559323367827645
4952064.0,-0.5448417579755187,-0.6077434020427366,4952064.0,0.1444353388797026,0.07582035466427138,4952064.0,-0.10949802693600456,-0.14034345340090418,4952064.0,0.6101278960704803,0.3402124274429904
4964352.0,-0.5660837702453136,-0.5959334468158582,4964352.0,0.13975217603244042,0.08688527787016936,4964352.0,-0.1632932738866657,-0.1365609639164177,4964352.0,0.9241766364624103,0.44350226205424403
4976640.0,-0.5844810778896014,-0.5870801349170507,4976640.0,0.16109978733584285,0.09879395460836046,4976640.0,-0.09753447262725483,-0.13350368345030195,4976640.0,0.2361708702907587,0.3849569806926108
4988928.0,-0.5821419799079498,-0.5795909280578295,4988928.0,0.1703759281663224,0.11255011350391819,4988928.0,-0.014673302374527944,-0.12418778286397965,4988928.0,0.27800373259621364,0.37142048715807807
5001216.0,-0.5857447230567535,-0.572110177235057,5001216.0,0.17414314554965435,0.12321671955481481,5001216.0,0.04450777583406307,-0.0991981715897661,5001216.0,0.8352381602550546,0.49363770036531307
5013504.0,-0.5813780122747024,-0.5666565866520006,5013504.0,0.17997845351540795,0.1345741782628465,5013504.0,0.054700051162702344,-0.07569988388204366,5013504.0,0.5639188522472978,0.494683138919451
5025792.0,-0.563380534760654,-0.562642141090085,5025792.0,0.19618683558655903,0.14612598098562252,5025792.0,-0.17485369594457248,-0.0893580183898545,5025792.0,0.5302774676432213,0.47428785365579335
5038080.0,-0.566353768731157,-0.5626016587329408,5038080.0,0.20261558890342712,0.15806750390086868,5038080.0,-0.18340370478108525,-0.09550706001925088,5038080.0,-0.11224227839556988,0.4579751629862585
5050368.0,-0.5739531870931387,-0.5666458446222047,5050368.0,0.21271401696139947,0.16923150372943688,5050368.0,0.030025564859291382,-0.07387214109185151,5050368.0,1.0179605055600405,0.50827666119197
5062656.0,-0.5597259759282073,-0.5708084787862996,5062656.0,0.2249874583988761,0.18062887293296323,5062656.0,0.06342656283716981,-0.0550596521856884,5062656.0,0.9488551933318377,0.5832487036061745
5074944.0,-0.5590362061435977,-0.5722279236031075,5074944.0,0.23397640938249728,0.1895829799832427,5074944.0,-0.005991525373246986,-0.044709002029412664,5074944.0,0.41171754446501535,0.563407668445628
5087232.0,-0.5657303566113114,-0.5721925822397074,5087232.0,0.24638324254192412,0.20024608663419102,5087232.0,-0.13254911716406545,-0.041634586357152635,5087232.0,-0.11710857627137254,0.45927914717224977
5099520.0,-0.5850976205741366,-0.5722542365081608,5099520.0,0.2580998644698411,0.2099460943475909,5099520.0,-0.1339580197042475,-0.045276941064851896,5099520.0,0.23253489070339128,0.45891554921351296
5111808.0,-0.5778624222924312,-0.5718262807466089,5111808.0,0.23315472373118004,0.2162239739040767,5111808.0,-0.06822495187710349,-0.05063210601510946,5111808.0,0.7101947789390882,0.5021346538478004
5124096.0,-0.5800789566710591,-0.5712597041080396,5124096.0,0.27298975025769323,0.22610863437488052,5124096.0,-0.16298320904995003,-0.07138120450351076,5124096.0,0.960368551624318,0.5146476929847268
5136384.0,-0.6000701735417048,-0.5731289202347398,5136384.0,0.27798439826195437,0.2359092288495352,5136384.0,-0.1941762127292653,-0.09626883089270753,5136384.0,1.251754657054941,0.5834312734654911
5148672.0,-0.6007760558277369,-0.5768684723414481,5148672.0,0.30358905290874344,0.24664945058175364,5148672.0,-0.15771264676004648,-0.09455472597425493,5148672.0,0.43758547119796276,0.5741620738209653
5160960.0,-0.5953011323387424,-0.5797632087022067,5160960.0,0.3191010867400716,0.25829800036541806,5160960.0,-0.07289758417755365,-0.08350411391390178,5160960.0,-0.24439855633924404,0.5609464460265978
5173248.0,-0.5744759993006786,-0.5798154899229606,5173248.0,0.3208540244183193,0.26911200111111,5173248.0,-0.017250614505125366,-0.08823173185034344,5173248.0,0.9801554223522544,0.5571659377058192
5185536.0,-0.5722320529942712,-0.5810660976295668,5185536.0,0.3403429303628703,0.28064754830750943,5185536.0,-0.11651929110909502,-0.10622631724496993,5185536.0,0.7971503073349595,0.5419954491061314
5197824.0,-0.5856398254012068,-0.5837264595553279,5197824.0,0.3347385680147757,0.29072376417073736,5197824.0,-0.18886886847515902,-0.12451405155516113,5197824.0,-0.002623741422818663,0.5005613205173479
5210112.0,-0.604461630495886,-0.5875995869437853,5210112.0,0.3082228622709711,0.296907726143642,5210112.0,-0.189752453006804,-0.130234385139435,5210112.0,0.24988283993055424,0.5372604621375406
5222400.0,-0.6626375643536448,-0.5953535813217362,5222400.0,0.36788755826031166,0.3078864955226891,5222400.0,-0.16015860174472132,-0.13285444334348237,5222400.0,0.15287843435847512,0.529294816503049
5234688.0,-0.7070266579588255,-0.6082700048883756,5234688.0,0.3879740710059802,0.32336843025016904,5234688.0,-0.14840878391017517,-0.14087282654678954,5234688.0,1.6481125950813293,0.6230865981172731
5246976.0,-0.7594924705723921,-0.6262113562785089,5246976.0,0.39821520370120805,0.3358909755945206,5246976.0,-0.11817366575511794,-0.13639187221730634,5246976.0,0.3079762505367398,0.5578473680085153
5259264.0,-0.7734530462572972,-0.6435496435500682,5259264.0,0.44121514602253836,0.35221405037057896,5259264.0,-0.1528321475101014,-0.13225746569538993,5259264.0,1.684203876182437,0.601092289921265
5271552.0,-0.787303319821755,-0.6622023699494701,5271552.0,0.44019956747069955,0.3658751018267746,5271552.0,-0.18142223358154297,-0.13462842437753958,5271552.0,0.6759621215363344,0.6249299549551021
5283840.0,-0.8139185675730308,-0.6840641134728989,5283840.0,0.5062021406677862,0.38458520721954603,5283840.0,-0.18290268645311394,-0.14562893460509563,5283840.0,0.9961520954966545,0.748985020138692
5296128.0,-0.8221983592957258,-0.7088363494724035,5296128.0,0.5027106748893857,0.40277087226665265,5296128.0,-0.18158124759793282,-0.16206199791437637,5296128.0,0.7852020893866817,0.7294896868421348
5308416.0,-0.8316689475129048,-0.7347800389242669,5308416.0,0.5528148380108178,0.4240180630314474,5308416.0,-0.17854171199724078,-0.16826424000319093,5308416.0,2.150959488004446,0.8648706049090833
5320704.0,-0.8480326347053051,-0.7610193198546769,5320704.0,0.5898071664075056,0.44952492287072043,5320704.0,-0.17923031452422342,-0.16730038460809735,5320704.0,1.414431070908904,1.0065760861422555
5332992.0,-0.8440596330910921,-0.7849791201141973,5332992.0,0.6729891235008836,0.48600154899371173,5332992.0,-0.17472552872883776,-0.16579769218030074,5332992.0,0.22505333662653962,1.0040931358118539
5345280.0,-0.8410742444296678,-0.8028227881217995,5345280.0,0.6805861710260311,0.5172714102702837,5345280.0,-0.14309606344128648,-0.1640914383499573,5345280.0,2.0900135301053524,1.197806645386542
5357568.0,-0.8473190665245056,-0.8168520289783675,5357568.0,0.7104403786361217,0.5495180410332978,5357568.0,-0.12222267151810229,-0.16147282711074998,5357568.0,1.4695673044770956,1.1799521163261184
5369856.0,-0.8549652217576901,-0.8263993040968975,5369856.0,0.7413578114161888,0.5838323018047958,5369856.0,-0.15556755545549095,-0.1652122160807873,5369856.0,1.2031057433535655,1.269465065607801
5382144.0,-0.83053097811838,-0.8321070972830057,5382144.0,0.7513284655287862,0.6148436337554206,5382144.0,-0.17660821167131266,-0.1675898224969084,5382144.0,2.992813297857841,1.4003260077753417
5394432.0,-0.8204627577215433,-0.8354230410729844,5394432.0,0.8304667466630539,0.653870351674656,5394432.0,-0.15588837194566926,-0.16503643633332102,5394432.0,2.4657532634834447,1.5793051219700525
5406720.0,-0.8392701707780361,-0.8379582013934851,5406720.0,0.8548296115671595,0.6887330987645933,5406720.0,-0.10658002722387512,-0.15740417041039714,5406720.0,1.7097240891307592,1.6506623213334628
5419008.0,-0.7998105070243279,-0.8357194161663453,5419008.0,0.9030453115701675,0.7287665624326716,5419008.0,-0.10697660284737746,-0.14994370593534162,5419008.0,3.378842910130819,1.9100264034078767
5431296.0,-0.7112485455969969,-0.8236773759747547,5431296.0,0.900072135652105,0.7634922921968003,5431296.0,-0.1727968443495532,-0.14936921917057283,5431296.0,1.2963321997473638,1.8245636745821685
5443584.0,-0.5846317273875078,-0.7973372852429748,5443584.0,0.8786825556308031,0.7923798311191301,5443584.0,-0.16431874230814478,-0.14787806194896497,5443584.0,-0.09924927201548901,1.6731956402897292
5455872.0,-0.4246386718004942,-0.7553951891139149,5455872.0,0.9089076242720088,0.8159716811962425,5455872.0,-0.11603624963512023,-0.14200913403959323,5455872.0,-0.0916765589742378,1.6415226507296512
5468160.0,-0.20970968556745598,-0.6922587332276937,5468160.0,0.8888540000965198,0.8367984641032914,5468160.0,-0.164356152061373,-0.1441351429016019,5468160.0,-0.061616243294944674,1.4263596733896218
5480448.0,-0.008778698839402447,-0.6084046964591836,5480448.0,0.9408444442475835,0.8598388706644375,5480448.0,-0.1519072956095139,-0.14710360531074307,5480448.0,-0.13414242077851668,1.2659887008640605
5492736.0,0.10047251226690908,-0.5128609230567236,5492736.0,1.0046774484217167,0.8861708343649906,5492736.0,-0.013480524263286497,-0.1328949021915226,5492736.0,0.27030187542550266,1.1727083140712542
5505024.0,0.16505643127796552,-0.4133021821170891,5505024.0,1.0419711557527382,0.9152351033873856,5505024.0,-0.04346297022129875,-0.11958037804652122,5505024.0,0.2904962911270559,0.9024766133981756
5517312.0,0.2491748391961058,-0.30633842242532405,5517312.0,1.0803550276905298,0.9402239314901332,5517312.0,-0.1560506832320243,-0.11959660917515673,5517312.0,0.17056626939059547,0.6729579139888908
5529600.0,0.2857607590655486,-0.19383532944096563,5529600.0,1.1381351438661416,0.9685544847200314,5529600.0,-0.16152483030843237,-0.12509108948361247,5529600.0,-0.07021893430889274,0.49496361164492547
5541888.0,0.325060917219768,-0.081348187016556,5541888.0,1.2606532449523609,1.0043152780582507,5541888.0,-0.15855055519690117,-0.13024848471856482,5541888.0,0.18778529586658502,0.1758578502185022
5554176.0,0.34215497334177297,0.023992164877320955,5554176.0,1.3608201301346223,1.0503900775065023,5554176.0,-0.1558542588415245,-0.12855422616776196,5554176.0,0.07605618969440305,0.053830249213206116
5566464.0,0.37180293537676334,0.11963563115374806,5566464.0,1.3870049385974805,1.10122231580317,5566464.0,-0.15188112614365915,-0.1273104645513134,5566464.0,-0.1146104726746368,0.05229412914729135
5578752.0,0.35850454587489367,0.19794995292128686,5578752.0,1.5272474282731612,1.1630562962032855,5578752.0,-0.1490523958733926,-0.13061207917514064,5578752.0,-0.2265309702294568,0.03880868802176944
5591040.0,0.386066185310483,0.25752754000908074,5591040.0,1.5907567013055086,1.2332465663241845,5591040.0,-0.14642759466854235,-0.12881922343585755,5591040.0,-0.05694385511257375,0.03927592684000653
5603328.0,0.4024077331026395,0.29864618320328495,5603328.0,1.6745831395188968,1.3066204358513156,5603328.0,-0.14243388315662742,-0.12787188219056891,5603328.0,0.2118351697572507,0.07387368589358326
5615616.0,0.40120587839434546,0.3287195198160286,5615616.0,1.6917815084258716,1.375330841851731,5615616.0,-0.13593766597720483,-0.14011759636196075,5615616.0,-0.3348571535510321,0.013357782995929796
5627904.0,0.4245636484896143,0.3546702415371935,5627904.0,1.7879475094377995,1.449928477220237,5627904.0,-0.06260762482027833,-0.14203206182185873,5627904.0,0.5267687696032226,0.036985030843546464
5640192.0,0.4143848428502679,0.37119124190260966,5640192.0,1.8145402396718662,1.5233469984183707,5640192.0,-0.13286894878062108,-0.1397138883767184,5640192.0,0.7896863389760256,0.09889703780208947
5652480.0,0.4180407840758562,0.38441924440364045,5652480.0,1.8954862045745056,1.5990821044892072,5652480.0,-0.1323707119251291,-0.13679847653838806,5652480.0,0.567315643808494,0.16265049561382816
5664768.0,0.42144346206138533,0.39405749888780217,5664768.0,1.9973157246907551,1.6727483524630464,5664768.0,-0.10899992543272674,-0.13184341356197063,5664768.0,0.584307958992819,0.20230276192645155
5677056.0,0.42334636331846315,0.40217663788547114,5677056.0,2.115066638837258,1.7481730033333105,5677056.0,-0.1232262880075723,-0.12858061647857538,5677056.0,0.8253364839280645,0.27723079134981765
5689344.0,0.4326973867913087,0.40826608302692574,5689344.0,2.245695156355699,1.834042025109132,5689344.0,-0.1275233265478164,-0.1261448365189911,5689344.0,2.2706380238135657,0.5157556409986379
5701632.0,0.4399335999041796,0.41640898842985424,5701632.0,2.3115546268721423,1.9124727449690302,5701632.0,0.11818922741804272,-0.0994206741898476,5701632.0,0.6054593908290068,0.5989546771044844
5713920.0,0.4619023750225703,0.4239926074010631,5713920.0,2.507029944409927,2.0041000692794717,5713920.0,0.18871511969094476,-0.06590640275389886,5713920.0,-0.19813200482167304,0.5848358621335744
5726208.0,0.4524338354046146,0.4289952176312605,5726208.0,2.66129723812143,2.1027714791397254,5726208.0,-0.09211367081540327,-0.06087438151977644,5726208.0,-0.010471395604933301,0.5626052055973558
5738496.0,0.4620630381007989,0.43508093360190586,5738496.0,2.7509971745312214,2.2086930457502607,5738496.0,-0.1347218467077861,-0.06075279959283458,5738496.0,0.08906903067448486,0.6049978240199076
5750784.0,0.48495063092559576,0.44111963184550407,5750784.0,2.971635847042004,2.3270618795106808,5750784.0,-0.13964258584504327,-0.06845629569531107,5750784.0,-0.0203196306101745,0.550288983998568
5763072.0,0.4858713485300541,0.44826828241348265,5763072.0,2.1685577953855195,2.3624636350820465,5763072.0,-0.14903349444891015,-0.07007275026213997,5763072.0,-0.20662312752877673,0.4506580373480877
5775360.0,0.48933492756138247,0.45539769676203534,5775360.0,1.0326032148053248,2.2761753361051285,5775360.0,-0.15618000629668435,-0.07245367969929552,5775360.0,-0.2167067740422984,0.3722557955630085
5787648.0,0.5136470313494405,0.46461805369084075,5787648.0,0.29870580687808496,2.106314344323861,5787648.0,-0.15689743217080832,-0.07724343037310366,5787648.0,-0.11883978918194771,0.3019410207455318
5799936.0,0.5161073664203286,0.47389415400102736,5799936.0,-0.030887736567819957,1.8917189067833537,5799936.0,-0.15031675536495945,-0.07995247710884237,5799936.0,-0.11067929435133313,0.20833944291759204
5812224.0,0.5207774409403404,0.48270215941593053,5812224.0,-0.18579934017422298,1.6485694571303608,5812224.0,-0.163610768582051,-0.08356122131226584,5812224.0,0.07801292212874007,-0.010923067250890515
5824512.0,0.5302559395010272,0.4917343933756153,5824512.0,-0.27048128346602124,1.3903658660965448,5824512.0,-0.16473725104394057,-0.11185386915846418,5824512.0,0.3273293314656864,-0.03873607318722254
5836800.0,0.5212461315095425,0.4976687690243125,5836800.0,-0.325231668073684,1.107139704848184,5836800.0,-0.16225973392526308,-0.14695135452008495,5836800.0,0.18351795860022926,-0.0005710768450323172
5849088.0,0.5289422459900379,0.5053196100828549,5849088.0,-0.3626255781079332,0.8047474232252474,5849088.0,-0.1623043273575604,-0.15397042017430068,5849088.0,0.029561373858693212,0.0034322001013303307
5861376.0,0.5378644202525417,0.5128997482980291,5861376.0,-0.3847592296078801,0.4911717828113372,5861376.0,-0.16370060256061456,-0.15686829575958353,5861376.0,-0.23666579734223583,-0.02914128270034174
5873664.0,0.5366507278134426,0.5180697579868138,5873664.0,-0.3987223549435536,0.15413596261278142,5873664.0,-0.1191130627412349,-0.15481534344920267,5873664.0,-0.04569062804997278,-0.03167838244432157
5885952.0,0.5401571594799558,0.5234983390818039,5885952.0,-0.4049627212807536,-0.10321608905384591,5885952.0,-0.10515406580331425,-0.1504274005846431,5885952.0,0.2530842930621778,0.014292359614773884
5898240.0,0.5463184124479691,0.5291966875704628,5898240.0,-0.40768601031353074,-0.24724501156573148,5898240.0,-0.1298811659992983,-0.1477975165549045,5898240.0,-0.14738628081977367,0.021224408937026356
5910528.0,0.5461594685912132,0.5324479312946399,5910528.0,-0.4101867191493511,-0.3181342641684751,5910528.0,-0.12474286618332069,-0.14458205995615572,5910528.0,0.1891827448271215,0.05202666233793328
5922816.0,0.5301041739682356,0.5338476120494307,5922816.0,-0.4156158280869325,-0.3566070733203863,5922816.0,-0.12532139499671757,-0.14208252391933154,5922816.0,0.11985923308626904,0.07508051508169347
5935104.0,0.5267410216232141,0.5344439701177179,5935104.0,-0.4169694287702441,-0.37972408217998843,5935104.0,-0.11608350758130352,-0.1373297978192568,5935104.0,0.15671086070748666,0.08295030893956815
5947392.0,0.5209747959549228,0.5335158557631076,5947392.0,-0.41130140392730635,-0.3938060942261169,5947392.0,-0.10730263885731499,-0.13158633660059424,5947392.0,-0.12523350016757226,0.03769402577624229
5959680.0,0.5200826339423656,0.5333995060063899,5959680.0,-0.4046344996119539,-0.4017463773799439,5959680.0,-0.08124112791847438,-0.12348447599991537,5959680.0,0.24985502815494934,0.044327732731714295
5971968.0,0.5224200338125229,0.5327472847886383,5971968.0,-0.400372678724428,-0.40552108744159343,5971968.0,-0.09955047373659909,-0.11720909063781923,5971968.0,0.24555327584190914,0.0659269229300359
5984256.0,0.5191594483330846,0.5308767875966927,5984256.0,-0.3909654812887311,-0.4061417126096785,5984256.0,-0.09497740348645796,-0.11033677073040356,5984256.0,0.012720219953431902,0.09086552465960265
5996544.0,0.5193834813932577,0.5291500629546741,5996544.0,-0.38089283866186935,-0.40435876098151,5996544.0,-0.09919409911769132,-0.10834487436804921,5996544.0,0.004135701279058897,0.09584815759250584
6008832.0,0.5119995257506768,0.5263342995817463,6008832.0,-0.37610354988525313,-0.40147284384196,6008832.0,-0.0767175982085367,-0.10550122760857146,6008832.0,0.04905214587051887,0.07544494287333994
6021120.0,0.5019586011767387,0.5218983184546232,6021120.0,-0.3610220494059225,-0.39680644775119917,6021120.0,-0.0949463447323069,-0.10200774548187233,6021120.0,0.31261601850079995,0.12144517280539731
6033408.0,0.5018821833655238,0.5174705899320543,6033408.0,-0.34276466832185787,-0.39006424266844986,6033408.0,-0.0944005820589761,-0.09897351706943786,6033408.0,0.24949135219988725,0.12747603354267387
6045696.0,0.5022666053846478,0.5146868330736954,6045696.0,-0.3236346921573083,-0.38086612907548745,6045696.0,-0.09251030290033668,-0.09569240785979977,6045696.0,0.17072979256045073,0.13256308949009205
6057984.0,0.497947147116065,0.5118074456229806,6057984.0,-0.29178035631775856,-0.3683472218302389,6057984.0,-0.07671889480358611,-0.09175594658202803,6057984.0,0.05355687707439453,0.12224769112678284
6070272.0,0.4967977652947108,0.5093897425569593,6070272.0,-0.26011618475119275,-0.35322869991262756,6070272.0,-0.09287663568587352,-0.09031334626488388,6070272.0,-0.0447363749917713,0.13029740364436293
6082560.0,0.49327999260276556,0.5067094784229994,6082560.0,-0.22693019981185594,-0.33545826993261774,6082560.0,-0.08819527353625745,-0.09100876082666219,6082560.0,-0.09231784072471783,0.0960801167563962
6094848.0,0.4841705805932482,0.5028845331010718,6094848.0,-0.18471243104431778,-0.3138922451646067,6094848.0,-0.08585964434314519,-0.08963967788731679,6094848.0,-0.14889110488972315,0.05663567868323299
6107136.0,0.4784703565140565,0.49881562391916906,6107136.0,-0.14418097938566157,-0.2892137949742998,6107136.0,-0.08424987721567352,-0.08856692526023836,6107136.0,0.2077316763655593,0.07613682432444573
6119424.0,0.4794717052330573,0.49482444630314903,6119424.0,-0.08661855292545322,-0.25978636640065816,6119424.0,-0.08568179622913401,-0.08721569497138262,6119424.0,0.11977008426038083,0.08770026262257792
6131712.0,0.4761501668641965,0.4912395104145011,6131712.0,-0.01820219929504674,-0.22399623134163754,6131712.0,-0.08343725073306511,-0.08788766022383546,6131712.0,0.3269540161515276,0.11549044965067878
6144000.0,0.4709815699607134,0.4881418072928986,6144000.0,0.014047877572011203,-0.18648923864384415,6144000.0,-0.08494553458876908,-0.08688757920948167,6144000.0,0.1732922836478489,0.1015580761653837
6156288.0,0.47070650942623615,0.4850242398989697,6156288.0,0.06164560122124385,-0.14604821168953397,6156288.0,-0.07914303313009441,-0.0853618243165935,6156288.0,0.30423738597892225,0.10703267954328717
6168576.0,0.46694271887342137,0.48149185124784716,6168576.0,0.11968224345522079,-0.10171651812828109,6168576.0,-0.0813392400353526,-0.08424471803009512,6168576.0,0.22476272595425448,0.11243597288266756
6180864.0,0.45963399081180495,0.4776605356174211,6180864.0,0.17171681163987765,-0.055366801332517444,6180864.0,-0.08200595403711002,-0.08477342395344749,6180864.0,0.15215592150343582,0.12229587732557168
6193152.0,0.4574202100435893,0.47372278009230895,6193152.0,0.23732223433520025,-0.005622959423878152,6193152.0,-0.08306323996900271,-0.0837920843817604,6193152.0,0.26299002215576667,0.15306851704032548
6205440.0,0.4553686985746026,0.46993165068949266,6205440.0,0.2748009093726675,0.0445501514945742,6205440.0,-0.03788073924564136,-0.07876063095269879,6205440.0,0.31230057232702774,0.19353035834550006
6217728.0,0.450024139136076,0.4665170065437755,6217728.0,0.38967810322841007,0.10198920492184697,6217728.0,-0.08497592818457633,-0.07867225933684191,6217728.0,0.19530291040427983,0.22794975987490035
6230016.0,0.449881315852205,0.46365810247759026,6230016.0,0.42624880497654277,0.1590321833580674,6230016.0,-0.09108225073820601,-0.07935549668909517,6230016.0,0.12576282248968104,0.2197528744873125
6242304.0,0.4441879556203882,0.4601297275163234,6242304.0,0.49572994156430167,0.21726703280704288,6242304.0,-0.08855894786150505,-0.07964321185233228,6242304.0,0.040996724890040546,0.2118755385502785
6254592.0,0.44936160401751596,0.4574508712316553,6254592.0,0.5549654091397921,0.27458379365052676,6254592.0,-0.08877296198625118,-0.08017678297765088,6254592.0,0.26315925681653124,0.20549606261677886
6266880.0,0.4451841212188204,0.45487112635746596,6266880.0,0.6252527525648475,0.3357042811498104,6266880.0,-0.08866116144539167,-0.08054834566331313,6266880.0,0.5240230720179776,0.24056914145379174
6279168.0,0.4402978830039501,0.4518302637152374,6279168.0,0.7113593751564622,0.40067565854333226,6279168.0,-0.09150146417474996,-0.08178418876777868,6279168.0,0.5223842388950288,0.2623838267454024
6291456.0,0.4416857681547602,0.4493045686433713,6291456.0,0.846283569621543,0.47333579115996444,6291456.0,-0.08871088495167594,-0.08252135325941101,6291456.0,0.15113603860663716,0.2550211580106406
6303744.0,0.4366956489781539,0.44701073446000616,6303744.0,0.9643840237210194,0.5526025123680787,6303744.0,-0.08822949634244044,-0.08314370748994407,6303744.0,0.6803040439262986,0.3078359702529269
6316032.0,0.4361690441146493,0.44488561786711217,6316032.0,1.1998389729609091,0.6488541862306495,6316032.0,-0.08812763844616711,-0.0836501473376605,6316032.0,0.5985067326885959,0.3413876413062099
6328320.0,0.445570451207459,0.4439057931303978,6328320.0,1.3038294706493616,0.7517570423583189,6328320.0,-0.083179885482726,-0.08818006196136897,6328320.0,-0.010884213173994794,0.30906916275610763
6340608.0,0.44914840751638013,0.4438182199684282,6340608.0,1.6677588218202193,0.8795651142174998,6340608.0,-0.08448383309102307,-0.08813085245201364,6340608.0,1.1995889556904633,0.409497767284726
6352896.0,0.44761195220053196,0.44359128360326083,6352896.0,1.8961094642678897,1.0265511801466345,6352896.0,-0.08492647507227957,-0.08751527488542099,6352896.0,0.464476655703038,0.44336915060606163
6365184.0,0.4448612766961257,0.4436586157108347,6365184.0,2.222449957082669,1.199223181698471,6365184.0,-0.08613959346742679,-0.08727333944601318,6365184.0,-0.04312185410041517,0.43495729270701605
6377472.0,0.45142503703633946,0.443864959012717,6377472.0,1.5566494322071474,1.2993915840052066,6377472.0,-0.08343664816735934,-0.08673970806412398,6377472.0,0.8912849730501572,0.4977698643303786
6389760.0,0.4436206240206957,0.44370860929290445,6389760.0,0.7940709901352724,1.316273407762249,6389760.0,-0.08920756312242399,-0.08679434823182722,6389760.0,0.9942703365037838,0.5447945907789593
6402048.0,0.44802709327389795,0.44448153031989934,6402048.0,0.32446131816444296,1.2775836020630476,6402048.0,-0.09667141894654681,-0.08731134370900691,6402048.0,0.7449957299977541,0.5670557398892317
6414336.0,0.4436570306619008,0.4446786565706134,6414336.0,0.08093021767369162,1.2010482668682623,6414336.0,-0.0972990533336997,-0.08817016054720929,6414336.0,0.41959441018601257,0.5939015770471694
6426624.0,0.4446535849322875,0.4454744501660267,6426624.0,-0.07746822198775287,1.0968630422973848,6426624.0,-0.10081213107332587,-0.08942842402029783,6426624.0,0.039278784500008136,0.5297990511045403
6438912.0,0.44620664945493144,0.446478210700055,6438912.0,-0.14233927289023995,0.9626452177122701,6438912.0,-0.10341120992476742,-0.09095678116815785,6438912.0,0.31847769076315063,0.5017961469119958
6451200.0,0.4388507613912225,0.4458062417184313,6451200.0,-0.17147024526881674,0.8151152461204523,6451200.0,-0.10806908652496834,-0.0934457012723821,6451200.0,0.11136837910938387,0.5140214061403336
6463488.0,0.4385168952867389,0.4447430904954672,6463488.0,-0.19730745030877492,0.6286086189075528,6463488.0,-0.11075176244291167,-0.09607249420757094,6463488.0,0.9407355108608803,0.4881360616573754
6475776.0,0.43825696253528196,0.44380759152894217,6475776.0,-0.21539584648174545,0.41745808783258936,6475776.0,-0.11583718362574776,-0.09916356506291776,6475776.0,1.5322557004789512,0.5949139661349666
6488064.0,0.4394343551248312,0.4432648993718128,6488064.0,-0.22542765270918608,0.1726703268534038,6488064.0,-0.11891291833793123,-0.10244089754996821,6488064.0,0.6967659077296654,0.6689027423179748
6500352.0,0.4359318350131313,0.44171557916949195,6500352.0,-0.23385102193181714,-0.006379718560492606,6500352.0,-0.12607238076937696,-0.10670447081016998,6500352.0,0.5765463262796402,0.637428877640923
6512640.0,0.43009853766610223,0.44036337053403257,6512640.0,-0.23867857782170177,-0.10965467535619004,6512640.0,-0.12929227055671313,-0.1107129415535989,6512640.0,0.7107213928053776,0.6090739832710824
6524928.0,0.4387106696764628,0.4394317281742891,6524928.0,-0.2477254558665057,-0.1668733527592849,6524928.0,-0.1318869780904303,-0.11423449746798726,6524928.0,0.21987096352192262,0.5565615066234992
6537216.0,0.4288237855459253,0.43794840366269144,6537216.0,-0.2541186544112861,-0.2003782399677827,6537216.0,-0.13735538076919815,-0.11824013021153708,6537216.0,1.593363740791877,0.6739384396840857
6549504.0,0.42617192522933084,0.43610023769239586,6549504.0,-0.2534205596894026,-0.21797347373794765,6549504.0,-0.1385565159531931,-0.1220145686995238,6549504.0,-0.08135627926579521,0.6618749333075054
6561792.0,0.4219012415657441,0.4336696969034771,6561792.0,-0.26251107718174654,-0.22999065416709832,6561792.0,-0.1457458088795344,-0.1262480285950005,6561792.0,2.0694454312324524,0.8369717073544354
6574080.0,0.4171960453192393,0.43150422529627874,6574080.0,-0.2655962595405678,-0.23940325559427342,6574080.0,-0.14687124135283133,-0.1301282440777868,6574080.0,1.6334789457420509,0.9891827640177022
6586368.0,0.41611289450277883,0.4292638252178828,6586368.0,-0.2696826502991219,-0.24664077559330813,6586368.0,-0.1458382268125812,-0.13363689051475375,6586368.0,1.7030222453176975,1.065411437463384
6598656.0,0.4184263690064351,0.4272807658649981,6598656.0,-0.26467033692946035,-0.2515682246380796,6598656.0,-0.1476900934552153,-0.1368221814977005,6598656.0,2.034508598347505,1.1156367272502394
6610944.0,0.41667684974769753,0.42500501532728474,6610944.0,-0.26675644408290583,-0.25570110377545163,6610944.0,-0.15254838430943587,-0.14018572809485097,6610944.0,1.6611219967405002,1.2120723361513228
6623232.0,0.4055000611891349,0.42196183794488507,6623232.0,-0.27631957782432437,-0.25994795936470233,6623232.0,-0.15100255127375325,-0.1426787451452886,6623232.0,1.9754926438132923,1.3519669679046877
6635520.0,0.40200460112343234,0.41915244429061815,6635520.0,-0.2826677969036003,-0.26434688127289213,6635520.0,-0.15634609657960633,-0.14538412774757792,6635520.0,2.0144682551423707,1.4823416541383874
6647808.0,0.3883647999415795,0.4141178573171298,6647808.0,-0.2721978599826495,-0.26679412168450656,6647808.0,-0.15699183638207614,-0.14789461357674252,6647808.0,2.297285109758377,1.6900830687620327
6660096.0,0.38832363082716864,0.41006784184525413,6660096.0,-0.27374457102268934,-0.2687567133456468,6660096.0,-0.15766710539658865,-0.14992578603948153,6660096.0,2.3863948745032153,1.7693861821331667
6672384.0,0.3778244663650791,0.40523309595882895,6672384.0,-0.2782148925277094,-0.27123614662947754,6672384.0,-0.16374703225058815,-0.15244483766922104,6672384.0,0.3348004444609008,1.811001854505836
6684672.0,0.3682284491757552,0.39986581671983,6684672.0,-0.28385904679695767,-0.2733709435909986,6684672.0,-0.16505937658560774,-0.1543761944398284,6684672.0,3.463658339033524,1.9504231452859435
6696960.0,0.3716653399169445,0.39531274617960055,6696960.0,-0.2819302319549024,-0.27500434083243214,6696960.0,-0.17051648876319328,-0.15674071918086457,6696960.0,-0.1354225773587435,1.773532992975864
6709248.0,0.3681920189410448,0.39052065862342716,6709248.0,-0.2773141488432884,-0.27576749068684875,6709248.0,-0.17407703197871646,-0.1595645996974781,6709248.0,-0.06067094151997784,1.5971636742920965
6721536.0,0.36943533675124246,0.38562155539790793,6721536.0,-0.2710049919163187,-0.2764009561855346,6721536.0,-0.17348095572864017,-0.1621436859248206,6721536.0,-0.2836647216851513,1.3653463422888308
6733824.0,0.37057430297136307,0.3810113007202745,6733824.0,-0.26797584832335514,-0.2765228966095795,6733824.0,-0.17614191677421331,-0.16450303917129833,6733824.0,-0.18685999194470546,1.1805481434203104
6746112.0,0.3689828334997098,0.37735957795133196,6746112.0,-0.26949260275190073,-0.2758401991023372,6746112.0,-0.17643137027819952,-0.16704592107174296,6746112.0,-0.18803431714574495,0.9641954473244064
6758400.0,0.35261663887649775,0.37242078172663845,6758400.0,-0.2732634521089494,-0.2748997646228721,6758400.0,-0.1792276188110312,-0.16933407329488545,6758400.0,-0.2592703352371852,0.7368215882864508
6770688.0,0.35317241741965216,0.3689015434744457,6770688.0,-0.27032166238253313,-0.2747121448628605,6770688.0,-0.1781100124741594,-0.1714458909040938,6770688.0,-0.26441302134965855,0.48065177517564733
6782976.0,0.3314047499249379,0.3632096553842227,6782976.0,-0.2701299299175541,-0.2743506807523469,6782976.0,-0.17675654962658882,-0.1733548353270938,6782976.0,-0.17981007850418487,0.22403127987490734
6795264.0,0.31328562057266635,0.3567557708049814,6795264.0,-0.2625333593847851,-0.2727825274380544,6795264.0,-0.17906020767986774,-0.17488615287002177,6795264.0,-0.19785315341626605,0.17076592008719063
6807552.0,0.2973495066786806,0.34966787655527387,6807552.0,-0.2644357862882316,-0.27084020138718184,6807552.0,-0.18294100960095724,-0.17667431617155668,6807552.0,-0.20714852260425687,-0.19631476607658743
6819840.0,0.25232345098629594,0.33773368766220907,6819840.0,-0.2627342514072855,-0.2689206033324202,6819840.0,-0.18257987204318246,-0.17788065449955562,6819840.0,-0.1860394557006657,-0.20137645391077968
6832128.0,0.22713985635588566,0.32362847140369316,6832128.0,-0.26613555119062465,-0.26780274356715383,6832128.0,-0.1815780340693891,-0.17863075470862289,6832128.0,-0.176066652017956,-0.2129160249605775
6844416.0,0.19749009679071605,0.3064339474076405,6844416.0,-0.26524672579641145,-0.26722691695516304,6844416.0,-0.1823197123594582,-0.1795146303717047,6844416.0,-0.20305984079216918,-0.20485553687127928
6856704.0,0.15609163821985325,0.28498568093248955,6856704.0,-0.25511132506653666,-0.26594046462948123,6856704.0,-0.182008384882162,-0.18010127718249958,6856704.0,-0.2032115156762302,-0.20649068924443173
6868992.0,0.14921670717497668,0.26300906830001625,6868992.0,-0.2629968971014023,-0.26529089406443135,6868992.0,-0.18148374371230602,-0.18060651452591023,6868992.0,-0.18285430261554816,-0.2059726877914121
6881280.0,0.14886407717131078,0.24263381212949758,6881280.0,-0.2542605934043725,-0.26339060819397375,6881280.0,-0.18115670590971908,-0.180799423235779,6881280.0,-0.18468280835077167,-0.19851393510277074
6893568.0,0.1553147720793883,0.2228480475954711,6893568.0,-0.25908367801457644,-0.26226680975717803,6893568.0,-0.18181819763655463,-0.18117024175201854,6893568.0,-0.19476543770482144,-0.191549176738287
6905856.0,0.16009788680821657,0.20571736128379903,6905856.0,-0.25280536416297156,-0.2605343531817198,6905856.0,-0.18357537065943083,-0.18185212385530275,6905856.0,-0.28497548028826714,-0.20206571691669523
6918144.0,0.1938684133347124,0.1937756405600036,6918144.0,-0.24821610112364093,-0.25910262735560535,6918144.0,-0.18302558114131293,-0.18224866120144725,6918144.0,-0.054942833849054296,-0.18777468495997407
6930432.0,0.23200122717147073,0.18724081260928263,6930432.0,-0.24464210324610272,-0.25712325905139244,6930432.0,-0.18348751481001577,-0.1823033117223531,6930432.0,-0.07901679001709756,-0.17496151170125812
6942720.0,0.2537915565383931,0.18738762316449234,6942720.0,-0.2508171640026073,-0.2559315503109246,6942720.0,-0.1822786838747561,-0.18227319290551047,6942720.0,-0.05174337916347819,-0.16153190404753937
6955008.0,0.2744261830424269,0.19211625583314645,6955008.0,-0.23725835171838602,-0.25304383036370076,6955008.0,-0.17978650672982135,-0.1820940401715537,6955008.0,-0.30821477963278693,-0.17474671680902248
6967296.0,0.29064004045600694,0.20143125019967556,6967296.0,-0.22868885534505048,-0.24938804331856468,6967296.0,-0.18206391483545303,-0.18206846041915317,6967296.0,0.013696279890912896,-0.15307110474071428
6979584.0,0.29201454545060795,0.21502354092275106,6979584.0,-0.22552342961231867,-0.24642925377314287,6979584.0,-0.17958368981877962,-0.18182599091281493,6979584.0,-0.22120719527204832,-0.15487067270029609
6991872.0,0.28560802387073636,0.22866267259232695,6991872.0,-0.232787251782914,-0.24340828924129404,6991872.0,-0.1783076630284389,-0.18150838284442822,6991872.0,0.30639916385310545,-0.10594532605343072
7004160.0,0.2913751060453554,0.24291377547973148,7004160.0,-0.22113117653255662,-0.24009534755411246,7004160.0,-0.17814077405879894,-0.1812067896593362,7004160.0,0.36054360306782957,-0.05142268491157061
7016448.0,0.28919947737207014,0.2563022460089997,7016448.0,-0.21945410904784998,-0.23613239065743988,7016448.0,-0.1792020552481214,-0.18094517542049288,7016448.0,0.2911241091787815,-0.0028337302232103014
7028736.0,0.2992432185759147,0.2702167791857695,7028736.0,-0.22219425346702337,-0.233071279587845,7028736.0,-0.17940147252132496,-0.1805277856066823,7028736.0,0.11675503317383118,0.03733932112299953
7041024.0,0.3017797831756373,0.281007916169862,7041024.0,-0.2225405153197547,-0.2305037210074564,7041024.0,-0.17955179993684092,-0.1801804074862351,7041024.0,0.27450235669190687,0.07028384017709563
7053312.0,0.31154692204048234,0.28896248565676314,7053312.0,-0.21647906225795546,-0.22768741690864164,7053312.0,-0.17917581213017306,-0.1797492372182508,7053312.0,0.1325463320633086,0.09144015238513624
7065600.0,0.333355145684133,0.2969188445713371,7065600.0,-0.2178459722393503,-0.22439029773231595,7065600.0,-0.18197632410253087,-0.1797190012410283,7065600.0,0.4520309087820351,0.1418175811796876
7077888.0,0.3496575557316343,0.30444198184025784,7077888.0,-0.2119904374703765,-0.22186350630751503,7077888.0,-0.1809642086736858,-0.17983677143541474,7077888.0,0.49634790684406954,0.22227384982737325
7090176.0,0.33561235293745995,0.3089392130884031,7090176.0,-0.20256427628919482,-0.21925104840192944,7090176.0,-0.1807531088901063,-0.17970569084088006,7090176.0,0.16776487103197724,0.2376807089414797
7102464.0,0.34167667633543414,0.31390542617688577,7102464.0,-0.20806620231208703,-0.2175053256719063,7102464.0,-0.18189739855006337,-0.17993706171400842,7102464.0,0.7135254930083951,0.331153977769524
7114752.0,0.35860771328831714,0.3212053951186438,7114752.0,-0.20051378197968006,-0.21427797869158285,7114752.0,-0.18145749485120177,-0.1802520448962847,7114752.0,0.7252990528941154,0.37304396667362505
7127040.0,0.38776893618827063,0.33084477813293534,7127040.0,-0.20114241788784662,-0.21227910282711188,7127040.0,-0.1809694916009903,-0.18053491665050386,7127040.0,0.17224457432166673,0.3542140637990087
7139328.0,0.41780128981918097,0.34370495937764645,7139328.0,-0.2121659916204711,-0.211550291084374,7139328.0,-0.18434539049242935,-0.18104925017493467,7139328.0,0.9288078034296632,0.4179824332240969
7151616.0,0.42555682733654976,0.35633632025371,7151616.0,-0.20041110723589858,-0.20937197646126152,7151616.0,-0.18437140434980392,-0.18154624335778255,7151616.0,1.1179967348774273,0.5181066033944565
7163904.0,0.4070875085890293,0.36686709279504914,7163904.0,-0.19252676609903574,-0.20637060153918965,7163904.0,-0.18488421492899457,-0.18207948485699793,7163904.0,0.6193720540031791,0.5525935731255838
7176192.0,0.3938227811207374,0.37509467870307467,7176192.0,-0.19787490166102847,-0.20451018547949693,7176192.0,-0.18634602862099806,-0.18279650650608045,7176192.0,0.8843318102881312,0.627772120948066
7188480.0,0.3920501573011279,0.38096417986477416,7188480.0,-0.1960817714376996,-0.20233376539933184,7188480.0,-0.18829296436160803,-0.18342817053198818,7188480.0,1.3888021024564903,0.7214492403155115
7200768.0,0.3951618590702613,0.38551461019863686,7200768.0,-0.19033182427907983,-0.20016790408020219,7200768.0,-0.18637071441238126,-0.1839688211058577,7200768.0,1.6540713266779978,0.8372215822989043
7213056.0,0.3894422094648083,0.39089759585137174,7213056.0,-0.17939934382836023,-0.19785141083411875,7213056.0,-0.1871276831564804,-0.18460627853249506,7213056.0,2.2750962364176908,1.0479547188374758
7225344.0,0.3720196693514784,0.3939318951529761,7225344.0,-0.17942884525594613,-0.19498767512850462,7225344.0,-0.18735925729076067,-0.18515246440656483,7225344.0,0.2356316217725786,1.000165331713894
7237632.0,0.3700139056891203,0.3950725143930564,7237632.0,-0.18018620880320668,-0.19295491781085727,7237632.0,-0.1872411323711276,-0.1857308281585574,7237632.0,0.11841817005188204,0.9394772434296706
7249920.0,0.3884099964052439,0.3951366204147537,7249920.0,-0.1790052728417019,-0.19074120330624283,7249920.0,-0.188757486641407,-0.1865096276625991,7249920.0,-0.11075117034003294,0.9111776689635007
7262208.0,0.4015479916706681,0.3935112905999024,7262208.0,-0.1784160202369094,-0.18736620616788666,7262208.0,-0.1867378706422945,-0.18674887567758558,7262208.0,-0.13682343170512468,0.8046145454500222
7274496.0,0.41093012504279613,0.39204862037052707,7274496.0,-0.17901132915479442,-0.18522622835977626,7274496.0,-0.1849449317281445,-0.18680622841541966,7274496.0,0.18904735485557467,0.7117196074478367
7286784.0,0.4202899318188429,0.39336886269350846,7286784.0,-0.1744880787252138,-0.18342235962239403,7286784.0,-0.18435950484126806,-0.186753757406647,7286784.0,-0.05050820858256581,0.6447315811892622
7299072.0,0.4322599368169904,0.3972125782631338,7299072.0,-0.1796169322139273,-0.18159656267768393,7299072.0,-0.18329517962411046,-0.18644867250695824,7299072.0,-0.20924604032188654,0.5353737961282603
7311360.0,0.4362194323912263,0.4016295057721436,7311360.0,-0.17513595529211065,-0.17950198106312504,7311360.0,-0.1839306352970501,-0.18601243960050245,7311360.0,-0.1288599631516263,0.38360758956744884
7323648.0,0.42259345048417646,0.40437266491353513,7323648.0,-0.17119689526346824,-0.17758848816156386,7323648.0,-0.1848495720575253,-0.18586032536501687,7323648.0,-0.16457588916334012,0.201742867983315
7335936.0,0.42509804541865986,0.40793824850892024,7335936.0,-0.17380934526833394,-0.17702948830556126,7335936.0,-0.18632090060661236,-0.1857796471100301,7335936.0,-0.21980709644655386,-0.04774746530310949
7348224.0,0.4132994680354993,0.4120662283773223,7348224.0,-0.16455565105813244,-0.1755421688857799,7348224.0,-0.18790193476403752,-0.18583391485735776,7348224.0,0.13153013613191433,-0.05815761386717592
7360512.0,0.4067630177984635,0.41574113958825665,7360512.0,-0.1652550753982117,-0.17404905554528036,7360512.0,-0.18468748700494567,-0.18557855032073958,7360512.0,0.012259412421068797,-0.06877348963025724
7372800.0,0.4044892539580663,0.4173490653435389,7372800.0,-0.16603866584288576,-0.17275239484539878,7372800.0,-0.18437256632993618,-0.18514005828959249,7372800.0,-0.08340096634735043,-0.066038469230989
7385088.0,0.4055606306840976,0.41775032924488187,7385088.0,-0.1726639122546961,-0.17217718404717744,7385088.0,-0.18748049903661013,-0.18521432112902406,7385088.0,-0.11870253261683199,-0.06422637932215972
7397376.0,0.3743536559243997,0.4140926823330423,7397376.0,-0.16629149174938598,-0.17090520030663658,7397376.0,-0.18633323007573685,-0.18535315096378324,7397376.0,-0.19362388535713157,-0.10249350334343033
7409664.0,0.3851646951710184,0.4105801586682598,7409664.0,-0.16327988965592036,-0.16978438139970725,7409664.0,-0.18577612936496735,-0.1854948134161532,7409664.0,-0.22508015211982033,-0.1199506976971558
7421952.0,0.36403692855189246,0.40375785784174995,7421952.0,-0.1636044232485195,-0.16818313050316647,7421952.0,-0.18704794285198054,-0.1858700897389402,7421952.0,-0.08171959638517971,-0.10719805330348511
7434240.0,0.36795516436298686,0.3969314310389261,7434240.0,-0.16020596807356924,-0.1666901317813123,7434240.0,-0.18623924814164639,-0.1861009510233998,7434240.0,-0.08761612558737397,-0.10307366954705988
7446528.0,0.35895655242105323,0.39056774123261373,7446528.0,-0.16090432306130728,-0.1656608745610962,7446528.0,-0.18677246865505973,-0.18629324068315328,7446528.0,-0.2405742301295201,-0.11067350364367787
7458816.0,0.37035201489925385,0.38509313818067314,7458816.0,-0.16519425514464578,-0.1647993655487274,7458816.0,-0.1858952445909381,-0.18625067508158585,7458816.0,0.056088251609859675,-0.08308396883803652
7471104.0,0.3450242693846424,0.3782656183155874,7471104.0,-0.15420141478534788,-0.16376394192144897,7471104.0,-0.1841419506818056,-0.18587467667336266,7471104.0,-0.13218109387283525,-0.10945509183851147
7483392.0,0.318882342427969,0.369477550778538,7483392.0,-0.16513234780480465,-0.16375166916210823,7483392.0,-0.18348371516913176,-0.18575429948978125,7483392.0,-0.2950944056113561,-0.14019047364175397
7495680.0,0.30891511496156454,0.3599201368788878,7495680.0,-0.15985541162081063,-0.16313334373990074,7495680.0,-0.183137490414083,-0.18563079189819595,7495680.0,-3.984629195959618e-05,-0.13185436163621486
7507968.0,0.3170455902193983,0.35106863283241785,7507968.0,-0.15913003853832683,-0.1617799563682638,7507968.0,-0.18524965721492967,-0.1854077077160279,7507968.0,-0.10832476161886007,-0.1308165845364177
7520256.0,0.33357968647032976,0.3469912358870109,7520256.0,-0.1544568258492897,-0.1605964897782542,7520256.0,-0.18366273663317165,-0.18514065837177135,7520256.0,-0.2509808149188757,-0.1365522774925921
7532544.0,0.3376198816113174,0.3422367545310408,7532544.0,-0.154666018866313,-0.15973510269929345,7532544.0,-0.1853649301143984,-0.1850995384467145,7532544.0,0.14528735459316522,-0.09951552682129357
7544832.0,0.30624465566749376,0.33645752724260086,7544832.0,-0.15396617880711952,-0.15877127825515344,7544832.0,-0.18437137144307295,-0.18483188130582376,7544832.0,-0.004118274465630141,-0.0917553946293386
7557120.0,0.24574299917245904,0.3242363107235481,7557120.0,-0.15204750443808734,-0.15795543189160527,7557120.0,-0.18485685142998895,-0.18469364163465798,7557120.0,-0.14354621102878204,-0.09734840317347941
7569408.0,0.24720532214269042,0.3130611876957118,7569408.0,-0.14317192882299423,-0.15618219246777396,7569408.0,-0.18620764991889396,-0.1846371597610414,7569408.0,-0.25856665552904207,-0.0991476457134316
7581696.0,0.23137650405988097,0.2991636366117746,7581696.0,-0.13788194220978767,-0.15345096117428816,7581696.0,-0.18605526459092894,-0.18465316176104052,7581696.0,-0.2723880549892783,-0.1319952763733454
7593984.0,0.24195915910725793,0.28885712558403615,7593984.0,-0.13720399839803576,-0.15175121953555695,7593984.0,-0.18868899888669452,-0.1851078665815294,7593984.0,-0.023173290751098346,-0.1210944960611717
7606272.0,0.24165986261020103,0.28113487760225936,7606272.0,-0.13848231787172458,-0.1490862165422489,7606272.0,-0.18813485528031984,-0.18557298059264818,7606272.0,-0.06727942151095097,-0.09831299765113119
7618560.0,0.2542306184768677,0.2756664279537896,7618560.0,-0.14354001389195523,-0.14745467676936336,7618560.0,-0.18592462704206505,-0.1858516942554464,7618560.0,-0.19588768295943737,-0.11789778131787898
7630848.0,0.2500481711079677,0.2689666860426466,7630848.0,-0.1273162771637241,-0.1442733006319031,7630848.0,-0.18709835999955735,-0.18603656453390915,7630848.0,-0.2904225564561784,-0.13610756080161082
7643136.0,0.29909574380144477,0.2655182917757581,7643136.0,-0.1406798172586908,-0.14289559977284322,7643136.0,-0.1854383104170362,-0.1862141219122956,7643136.0,-0.17994122253730893,-0.12900360156345414
7655424.0,0.3363395386065046,0.2653902574752768,7655424.0,-0.13035874352014312,-0.14046487223822623,7655424.0,-0.18667467186848322,-0.1863450960877041,7655424.0,-0.15696413426970443,-0.1592287504497411
7667712.0,0.39588965630779666,0.27435475753930705,7667712.0,-0.14034502875680724,-0.13910275723319504,7667712.0,-0.18762900105987987,-0.1866708590493848,7667712.0,-0.22173649507264295,-0.18099057251044237
7680000.0,0.4017511097093423,0.2899555685929954,7680000.0,-0.13259612470089147,-0.13715761925947545,7680000.0,-0.18671355520685515,-0.18685652942707137,7680000.0,-0.21886337750280896,-0.18852228915784508
7692288.0,0.3937166913722952,0.3046067055159559,7692288.0,-0.13384400020974377,-0.1362248263981504,7692288.0,-0.18548718933016062,-0.18678448336819806,7692288.0,-0.042634763468716606,-0.16692909995181254
7704576.0,0.37264904597153264,0.3187339597071211,7704576.0,-0.13222364049094418,-0.13565899622626604,7704576.0,-0.18726764355475703,-0.18690572126458088,7704576.0,-0.13838730892166495,-0.1535290253450512
7716864.0,0.3638770530621211,0.33092574910260736,7716864.0,-0.1252856585973253,-0.13446716224619498,7716864.0,-0.18593103112652898,-0.18662992448856433,7716864.0,-0.10289501847000793,-0.16150119811694214
7729152.0,0.3574523793843885,0.3425050007800261,7729152.0,-0.124042855129422,-0.1330232159719647,7729152.0,-0.18633019101495543,-0.1864494580620279,7729152.0,-0.23890425404533744,-0.1786636813703808
7741440.0,0.37145428173244,0.35422736710558334,7741440.0,-0.12734564483010521,-0.13140377906577969,7741440.0,-0.1869320188028117,-0.18655019723810257,7741440.0,-0.13526613218709826,-0.1726015262931469
7753728.0,0.3733638913060228,0.36655893912538884,7753728.0,-0.11583698812561731,-0.13025585016196903,7753728.0,-0.18430163975184163,-0.18627052521333096,7753728.0,0.00813971786556067,-0.14274529886097298
7766016.0,0.3601552997715771,0.37266489472240205,7766016.0,-0.11576726847367051,-0.12776459528346704,7766016.0,-0.18654583534225821,-0.18638127770585317,7766016.0,-0.16057474073022604,-0.14080865068026469
7778304.0,0.3603127251068751,0.3750622133724391,7778304.0,-0.11661073758538502,-0.1263897946899912,7778304.0,-0.18499970637882748,-0.1862137811568876,7778304.0,-0.2461213500549396,-0.14972437225878818
7790592.0,0.37531998148187995,0.37300524588984746,7790592.0,-0.11546604321726288,-0.12390189613603678,7790592.0,-0.18459214502945542,-0.1859100955538452,7790592.0,-0.11002164617336045,-0.13855288736885996
7802880.0,0.38240799587219954,0.3710709345061332,7802880.0,-0.11263363021619928,-0.12190564668756754,7802880.0,-0.18357650982216,-0.18559639101537564,7802880.0,-0.1468292336600522,-0.1313494729845843
7815168.0,0.38161626054594916,0.3698608914234986,7815168.0,-0.10913767681146662,-0.11943501434773984,7815168.0,-0.18408839823678136,-0.1854565119060377,7815168.0,-0.14483616823175302,-0.14156961346088792
7827456.0,0.4032202186062932,0.37291800868697467,7827456.0,-0.11122497832790638,-0.11733514813143606,7827456.0,-0.1844437289983034,-0.18517412045039236,7827456.0,-0.07394792670190024,-0.13512567523891145
7839744.0,0.3948524547740817,0.37601554885817073,7839744.0,-0.09049124849843793,-0.11385570712154731,7839744.0,-0.1840834845788777,-0.18498936579562725,7839744.0,-0.15496858481007317,-0.14033303187291798
7852032.0,0.39934965160985786,0.38020527608071764,7852032.0,-0.10639878278986241,-0.11209129988759137,7852032.0,-0.1842763388218979,-0.18478398057632148,7852032.0,-0.3218649954845508,-0.14862910601683932
7864320.0,0.39630879554897547,0.3826907274623712,7864320.0,-0.1066395476324639,-0.11002069016782723,7864320.0,-0.18263079567501941,-0.18435385826354228,7864320.0,-0.12367912238308539,-0.147470405036438
7876608.0,0.4071583344290654,0.38607017177467545,7876608.0,-0.10489431300084107,-0.1089264226553496,7876608.0,-0.1843453855253756,-0.18435823284089564,7876608.0,-0.20287751763438186,-0.16857212858643228
7888896.0,0.40896613368143636,0.3909512551656614,7888896.0,-0.1034622213919647,-0.10769591794717903,7888896.0,-0.18467909082149467,-0.1841715583888193,7888896.0,-0.08903430890253124,-0.1614180854036628
7901184.0,0.4101051638523738,0.39593049904021127,7901184.0,-0.10816427104873583,-0.1068512712935141,7901184.0,-0.18580588682865104,-0.18425217643380162,7901184.0,0.16682293670116147,-0.12012365672805267
7913472.0,0.40066400822252035,0.3984649017142753,7913472.0,-0.1049786848113096,-0.10580253545291878,7913472.0,-0.1855642064474523,-0.18434938257560135,7913472.0,-0.13502152396055558,-0.12262364450677218
7925760.0,0.4051943579688668,0.400743537923942,7925760.0,-0.11717361576544742,-0.10625653400784359,7925760.0,-0.18452074533949295,-0.18444380612733463,7925760.0,-0.29242330758521956,-0.13718305189928895
7938048.0,0.4112086525807778,0.4037027771274249,7938048.0,-0.11226238548988476,-0.10656900487568541,7938048.0,-0.18486075631032386,-0.1845210419346889,7938048.0,-0.07978014022228308,-0.13067744909834195
7950336.0,0.413810711974899,0.40476182646428543,7950336.0,-0.11141308496007696,-0.10658781553890247,7950336.0,-0.18413923680782318,-0.18449059271564086,7950336.0,0.013802754037897103,-0.12190238102436221
7962624.0,0.4087633276358247,0.4061529137504598,7962624.0,-0.11324008950032294,-0.10886269963909097,7962624.0,-0.1841105204075575,-0.18449329629850886,7962624.0,-0.16775187260160843,-0.12318070980351574
7974912.0,0.4185181089366476,0.4080697594831387,7974912.0,-0.11327149751014076,-0.10954997111111879,7974912.0,-0.1831653816625476,-0.1843822005825738,7974912.0,-0.22145242298332354,-0.11313945255339301
7987200.0,0.4319777823984623,0.41163665816808737,7987200.0,-0.11198645718589735,-0.11008466206646214,7987200.0,-0.18201163659493128,-0.18432028467456502,7987200.0,-0.16311342680516341,-0.11708288299560081
7999488.0,0.45100002518544596,0.41602082724372547,7999488.0,-0.12103800685144961,-0.111699031451523,7999488.0,-0.18265126273036003,-0.18415087239506345,7999488.0,-0.10392165220885848,-0.10718729645304848
8011776.0,0.44088058825582266,0.4192122727011641,8011776.0,-0.11402616855533172,-0.11275542616785969,8011776.0,-0.18237245424340168,-0.18392020873725418,8011776.0,-0.07357716999346546,-0.10564158256214189
8024064.0,0.4377461336553097,0.4219763696814577,8024064.0,-0.1166464185807854,-0.11360364092106465,8024064.0,-0.1824170583859086,-0.1835813258929799,8024064.0,-0.11696577650339653,-0.1340204538825977
8036352.0,0.43653595447540283,0.42556356430674597,8036352.0,-0.1063036896715251,-0.11373614140708618,8036352.0,-0.18262100902696451,-0.1832870061509311,8036352.0,-0.19748869026079774,-0.1402671705126219
8048640.0,0.4290688118586938,0.4279510096957287,8048640.0,-0.10685893134602036,-0.1127046729651435,8048640.0,-0.1815526351953546,-0.1829901951365173,8048640.0,-0.040446863655233756,-0.11506952611962333
8060928.0,0.45550460492571193,0.432380604930222,8060928.0,-0.1133072111600389,-0.11280915553215891,8060928.0,-0.18190578604117036,-0.18269469810960193,8060928.0,-0.09180360317986924,-0.11627187241538195
8073216.0,0.4494554816434781,0.4359450818970799,8073216.0,-0.11517156668317814,-0.11318500370446902,8073216.0,-0.18141534101838866,-0.1824223085306585,8073216.0,-0.050887247072144724,-0.12274087252638613
8085504.0,0.42773879257341224,0.43784262839083865,8085504.0,-0.11035210520882781,-0.11289620527531952,8085504.0,-0.18098211800679564,-0.1821094682905823,8085504.0,0.005971271554396178,-0.10536855811078565
8097792.0,0.4217044310644269,0.43816126060361665,8097792.0,-0.09915283015773942,-0.11148433854007937,8097792.0,-0.1800751400490602,-0.18180044412923355,8097792.0,-0.10831125391026337,-0.09405444120347967
8110080.0,0.40279435583700735,0.43524291794747116,8110080.0,-0.11733726270419235,-0.11201941909190889,8110080.0,-0.18091524997726083,-0.1816908054674665,8110080.0,-0.25077765931685764,-0.10282086445464908
8122368.0,0.3860366049533089,0.42874657592425747,8122368.0,-0.10862194215102743,-0.11077781262186666,8122368.0,-0.1797571082909902,-0.1814013900235295,8122368.0,-0.027021875653493527,-0.09513088679911258
8134656.0,0.38530034106224775,0.4231885512048999,8134656.0,-0.10944831664285933,-0.11032002743061942,8134656.0,-0.1798317989644905,-0.1811473244956384,8134656.0,-0.10739887633826584,-0.09851305743359262
8146944.0,0.38098014580706757,0.41751195242007577,8146944.0,-0.11387702682986856,-0.11004308825552775,8146944.0,-0.17881297521914044,-0.18078691617896162,8146944.0,-0.20567618884767094,-0.10738409866802005
8159232.0,0.3917946647852659,0.413037823451062,8159232.0,-0.1191752742161043,-0.11133024670998566,8159232.0,-0.17872045716891685,-0.18039686099315683,8159232.0,-0.16345457810287675,-0.10398068745222797
8171520.0,0.3957353653386235,0.409704478799055,8171520.0,-0.10284181940369308,-0.11092853551575292,8171520.0,-0.17823957838118076,-0.18006555531173946,8171520.0,-0.10175378890320037,-0.11011137997702462
8183808.0,0.41679285063097876,0.4058333033695817,8183808.0,-0.10955479579085174,-0.11055329397883422,8183808.0,-0.17789866014694175,-0.1796648427223166,8183808.0,-0.10067266117160519,-0.11099828577619822
8196096.0,0.4231623075902462,0.40320398596425855,8196096.0,-0.10588559713990738,-0.10962469702450714,8196096.0,-0.1768879322335124,-0.17921210184382896,8196096.0,0.08698045534159367,-0.09721151553482435
8208384.0,0.4371751494084795,0.4041476216477652,8208384.0,-0.10613930454322447,-0.10920341695794682,8208384.0,-0.17687612740943828,-0.17880150278409324,8208384.0,0.04217364094559647,-0.09359127859570433
8220672.0,0.44152460775027674,0.4061296393163502,8220672.0,-0.1164455213972057,-0.11093268608189344,8220672.0,-0.17679553727308908,-0.17847354250649614,8220672.0,-0.0894248545228038,-0.0917026386569584
8232960.0,0.45141525752842426,0.41099172948549184,8232960.0,-0.11770389633602463,-0.11096934944507666,8232960.0,-0.1758869937621057,-0.17797071688498062,8232960.0,-0.17997744462142387,-0.08462261718741501
8245248.0,0.455679248397549,0.41795599382991594,8245248.0,-0.10651345583998288,-0.1107585008139722,8245248.0,-0.17447585240006447,-0.17744259129588805,8245248.0,-0.2882079432408015,-0.1107412239461458
8257536.0,0.456068725635608,0.42503283228725197,8257536.0,-0.113103385316208,-0.11112400768130706,8257536.0,-0.17389743503493568,-0.17684915490293254,8257536.0,0.1563850408080422,-0.084362832231515
8269824.0,0.44437075809886056,0.4313718935164313,8269824.0,-0.10392348262636612,-0.11012865326095685,8269824.0,-0.17421624452496567,-0.17638948183351505,8269824.0,0.04262007141854459,-0.05953320620489346
8282112.0,0.43250588172425825,0.43544301521033046,8282112.0,-0.09500039702591796,-0.1077111655419382,8282112.0,-0.17462185972059766,-0.17597962208868317,8282112.0,-0.1176413760598128,-0.05495188600058706
8294400.0,0.4266119447226326,0.4385306731487314,8294400.0,-0.09137288402416743,-0.10656427200398563,8294400.0,-0.17359197543313107,-0.17551486179387818,8294400.0,-0.2813911500076453,-0.07291562211103156
8306688.0,0.4364683423191309,0.4404982223175466,8306688.0,-0.09006887016585097,-0.10461567944148556,8306688.0,-0.17386620460699,-0.175111616239883,8306688.0,-0.0335247696833297,-0.06620083296220401
8318976.0,0.43220403262724477,0.44140239482124644,8318976.0,-0.07486142693960574,-0.10151326242145539,8318976.0,-0.17288273960972825,-0.1747110969775046,8318976.0,0.008967575350349458,-0.07400212096132844
8331264.0,0.44680012048532564,0.44236489192893114,8331264.0,-0.09884425299242139,-0.10078375726637509,8331264.0,-0.17375085301076373,-0.17439856953763713,8331264.0,-0.1676234807819128,-0.09498183313407935
8343552.0,0.46224152731398743,0.4444365838853021,8343552.0,-0.08884835230613437,-0.09802404035726796,8343552.0,-0.17673961243902644,-0.17439297705423085,8343552.0,-0.24174552814414105,-0.11021390049621307
8355840.0,0.48814788026114303,0.4481098461585741,8355840.0,-0.09190099239640404,-0.0954437499633059,8355840.0,-0.18067052386080226,-0.17487133006410052,8355840.0,-0.016003156456766494,-0.09381647167974735
8368128.0,0.49278529236714047,0.45182045055553316,8368128.0,-0.08830663875172225,-0.09362306825447983,8368128.0,-0.18063572887331247,-0.1754873177114253,8368128.0,0.05367638096504379,-0.05962803925916281
8380416.0,0.4810661769782503,0.4543201956897974,8380416.0,-0.08184464370909457,-0.09049719409376848,8380416.0,-0.18598793369407454,-0.17669636757733923,8380416.0,-0.06921846460803256,-0.08218838980077028
8392704.0,0.48117663121471804,0.45800078300138314,8392704.0,-0.08768105241081987,-0.08887295107221387,8392704.0,-0.18956874745587507,-0.17823161787043015,8392704.0,-0.22416812251321971,-0.10886720919394673
8404992.0,0.4828372271731496,0.46303391754627227,8404992.0,-0.08767928888361591,-0.08814084025798366,8404992.0,-0.19263139925897121,-0.18003257182426752,8404992.0,-0.22562551436324915,-0.11966562302429036
8417280.0,0.4856880422060688,0.46894152729461586,8417280.0,-0.08796115085715428,-0.08779966694128233,8417280.0,-0.18566361737127104,-0.18123973601808152,8417280.0,-0.20213304467809698,-0.11173981249133554
8429568.0,0.48972447744260234,0.47426714080696303,8429568.0,-0.09023271888630309,-0.08781605181332755,8429568.0,-0.18685760628432035,-0.18253887618581455,8429568.0,-0.14879354904405773,-0.12326669042740832
8441856.0,0.49099284037947655,0.4801460215821862,8441856.0,-0.08757961407536641,-0.08908787052690362,8441856.0,-0.189545012700061,-0.1842051034948478,8441856.0,0.038616949275213606,-0.12030175303492192
8454144.0,0.49408821140726406,0.4848748306743801,8454144.0,-0.09004629060412601,-0.08820807428807408,8454144.0,-0.19579817137370506,-0.18640983533114194,8454144.0,-0.026643067091451183,-0.10620371166587576
8466432.0,0.512872357852757,0.489937913728257,8466432.0,-0.0898131520516472,-0.08830455426262537,8466432.0,-0.19193114945665002,-0.1879289890329043,8466432.0,-0.10872626362834126,-0.09290178521429576
8478720.0,0.5157147844632467,0.49269460414846733,8478720.0,-0.08692633022049752,-0.0878070880450347,8478720.0,-0.17743641464039683,-0.18760557811086376,8478720.0,-0.053514994748790436,-0.09665296904349815
8491008.0,0.5176947383830944,0.49518554875006277,8491008.0,-0.08760704077091457,-0.08773712824695394,8491008.0,-0.17582454268510142,-0.18712445949204265,8491008.0,0.01580704486210986,-0.10043990265379155
8503296.0,0.5189197066550454,0.49897090171774233,8503296.0,-0.08483970463566948,-0.08803663433961142,8503296.0,-0.17788016252840558,-0.18631368237547577,8503296.0,0.011729119679027159,-0.09234514422508559
8515584.0,0.524284314053754,0.5032816700016458,8515584.0,-0.08464279394441594,-0.08773280849297103,8515584.0,-0.1765485213448604,-0.18501165976437428,8515584.0,-0.128731180060034,-0.08280144997976702
8527872.0,0.5214374298229814,0.5071416902666291,8527872.0,-0.09413155454482573,-0.08837803505909202,8527872.0,-0.1714010992242644,-0.18288862976090361,8527872.0,-0.030729884694058757,-0.06331188701284798
8540160.0,0.5260935081169009,0.5111822368577122,8540160.0,-0.08302435924027425,-0.08788435589740402,8540160.0,-0.16931935283355415,-0.18125420330713193,8540160.0,0.059574117857361365,-0.037141170759302136
8552448.0,0.5249508942166964,0.5147048785351218,8552448.0,-0.0840453680769618,-0.0872656208164699,8552448.0,-0.1629317543314149,-0.17886161811184137,8552448.0,-0.08369775104802102,-0.030631590959698474
8564736.0,0.5280527742579579,0.5184108719229699,8564736.0,-0.0957329823965362,-0.08808095764858687,8564736.0,-0.16031524096615613,-0.17593864093845088,8564736.0,-0.30675961915403605,-0.06516924780262343
8577024.0,0.5316376456369957,0.5221658153459429,8577024.0,-0.09311226086962658,-0.08838755467513691,8577024.0,-0.16040486462103823,-0.1723993102631842,8577024.0,0.06066936286515556,-0.05643800480696276
8589312.0,0.5272232638671994,0.5236009059473872,8589312.0,-0.08081140996849474,-0.08748738046682167,8589312.0,-0.16060619025180736,-0.16926681434269994,8589312.0,0.08489948200197735,-0.0370754302439309
8601600.0,0.5367797575891018,0.5257074032599727,8601600.0,-0.08568255441302124,-0.08736300288607406,8601600.0,-0.16218254334914187,-0.16774142721357446,8601600.0,-0.08560491101040195,-0.04028442187009205
8613888.0,0.5382046895101666,0.5277583983726799,8613888.0,-0.08682919660835371,-0.08728521846981796,8613888.0,-0.1612877861286203,-0.16628775155792636,8613888.0,-0.21278701536357403,-0.06314382789266045
8626176.0,0.5341251312444607,0.5292789408316214,8626176.0,-0.09443014653516002,-0.08824426265976702,8626176.0,-0.16079736966639757,-0.16457947227172556,8626176.0,-0.23339092948784432,-0.08765583280934759
8638464.0,0.5382028209666411,0.5306707915229103,8638464.0,-0.09636332376976497,-0.08941631564230193,8638464.0,-0.16177610447630286,-0.16310223058486978,8638464.0,-0.020559853117447346,-0.07683870011508892
8650752.0,0.5374386683106422,0.5322709153716763,8650752.0,-0.08998618207018201,-0.08900177839483756,8650752.0,-0.1623956069815904,-0.16220168136060237,8650752.0,-0.04691133303761793,-0.07845684494944484
8663040.0,0.5399081436917186,0.5336523789291581,8663040.0,-0.09588855049029614,-0.09028819751983974,8663040.0,-0.16417673253454268,-0.16168741933070124,8663040.0,-0.08874678060722847,-0.09328893479590383
8675328.0,0.5431963006655375,0.5354769195740421,8675328.0,-0.07881688164100827,-0.08976534887624439,8675328.0,-0.16135449482438466,-0.16152969337999817,8675328.0,-0.08477942133322358,-0.0933971018244241
8687616.0,0.5439994819462299,0.5370715903428693,8687616.0,-0.09103902370649546,-0.08929595300724032,8687616.0,-0.16081693721935153,-0.16157986300531774,8687616.0,0.04313987213148115,-0.05840715269587236
8699904.0,0.5496454477931062,0.5388723705584805,8699904.0,-0.0862333204956182,-0.08860805896983946,8699904.0,-0.16061475523747504,-0.16160085206696145,8699904.0,-0.06683785269463745,-0.07115787425185166
8712192.0,0.5510097462683916,0.5412510187985997,8712192.0,-0.09539804774491738,-0.09006672274748173,8712192.0,-0.16208877880126238,-0.1617491109219069,8712192.0,-0.10142334965833773,-0.08979015741788317
8724480.0,0.5527605957662066,0.54284910261631,8724480.0,-0.09136947392350218,-0.09063541469852983,8724480.0,-0.15964138864850005,-0.16149499545184273,8724480.0,-0.04745336584164761,-0.08597500290100774
8736768.0,0.5514851724728942,0.5441771509125828,8736768.0,-0.09566615261913587,-0.09151911029960805,8736768.0,-0.1609932551315675,-0.16146554235213748,8736768.0,-0.023403062873209517,-0.06703660765197127
8749056.0,0.5560781521101793,0.5463724529991547,8749056.0,-0.08859931414675278,-0.09093602706076734,8749056.0,-0.16127151514713964,-0.16151295690021167,8749056.0,-0.11742984786784898,-0.05544049948997175
8761344.0,0.5551295019686222,0.5480651210993528,8761344.0,-0.07949641588978314,-0.08924933627276915,8761344.0,-0.15918118483386934,-0.16125346493596832,8761344.0,-0.26315768249332905,-0.07970028242755992
8773632.0,0.5587043588360151,0.5501916901518901,8773632.0,-0.09553864920841686,-0.08980458298659263,8773632.0,-0.16061709425412118,-0.1610756136632214,8773632.0,0.03447321411658777,-0.07156182771213934
8785920.0,0.5592541256919503,0.5521262883519132,8785920.0,-0.10104562371270731,-0.09032029030883373,8785920.0,-0.1617645239457488,-0.16083439280434203,8785920.0,0.1364978053898085,-0.049037369112435655
8798208.0,0.5569337302198013,0.5535000313073397,8798208.0,-0.08581550882081501,-0.0910201530268144,8798208.0,-0.16208710536981621,-0.1609076538588852,8798208.0,-0.007392833431367762,-0.041298710322250076
8810496.0,0.5628908366585771,0.5553891667785744,8810496.0,-0.0980360604832337,-0.09171985670448825,8810496.0,-0.1626442117461314,-0.16109038131156317,8810496.0,-0.22061118227429688,-0.06767381576282787
8822784.0,0.5650990158319473,0.5569345235824585,8822784.0,-0.10224764815454061,-0.09332128947038047,8822784.0,-0.1649367477123936,-0.161522580559055,8822784.0,0.0037701264955103397,-0.06061301784381309
8835072.0,0.5659664447108904,0.5584301934267084,8835072.0,-0.09623438777634874,-0.09340492347352361,8835072.0,-0.1634726032304267,-0.16166096300197147,8835072.0,0.14608548495258825,-0.0358621343827205
8847360.0,0.5663633281365037,0.5597904666637381,8847360.0,-0.09935314433823805,-0.0942032905149972,8847360.0,-0.16211325714054206,-0.16190814985117566,8847360.0,-0.07324970235155585,-0.03844176803371133
8859648.0,0.5669562400629123,0.5613375734227399,8859648.0,-0.09577777973997097,-0.09421445322708072,8859648.0,-0.16143269464373589,-0.1619520938023925,8859648.0,-0.28206836463262636,-0.064308298209653
8871936.0,0.5680837410812577,0.5625381323198477,8871936.0,-0.08934133963581796,-0.09428865577598723,8871936.0,-0.16189889959059656,-0.16201483224673816,8871936.0,-0.36444473701218766,-0.08900978712408687
8884224.0,0.5706620750327905,0.5640913896262646,8884224.0,-0.08775054264697246,-0.09511406845170617,8884224.0,-0.16229247596735755,-0.16232596136008698,8884224.0,0.1419701034501486,-0.04849700852973911
8896512.0,0.5721076463038722,0.5654317183730503,8896512.0,-0.09854454332768607,-0.0954146578636331,8896512.0,-0.158629176284497,-0.16212716956312456,8896512.0,0.07043737345278107,-0.044900592596119775
8908800.0,0.5744239302972952,0.5669486988335848,8908800.0,-0.09071010690725718,-0.09438110618308808,8908800.0,-0.16012846988936266,-0.16196356415748595,8908800.0,-0.10661077439241733,-0.06921145057434236
8921088.0,0.5753019694238901,0.5687855227539937,8921088.0,-0.08992022965685464,-0.09479157826669204,8921088.0,-0.1606895332224667,-0.161823806942751,8921088.0,-0.16402243978033462,-0.08487441120923904
8933376.0,0.5785680289069811,0.5703532419788341,8933376.0,-0.08091018003566812,-0.09307899022193547,8933376.0,-0.1621009057853371,-0.16176947634667158,8933376.0,-0.3635195968672633,-0.09916525266853568
8945664.0,0.5775490654632449,0.5715982469419638,8945664.0,-0.08293763157659366,-0.09114798856414077,8945664.0,-0.16372310703930756,-0.16164811227936296,8945664.0,0.21416500873601763,-0.07812576444448496
8957952.0,0.5808083085964123,0.573082433330516,8957952.0,-0.09048787586895439,-0.09057333737340134,8957952.0,-0.16358811400520304,-0.16165966335684062,8957952.0,0.15839430786339412,-0.07689488215340437
8970240.0,0.5813627041255435,0.57458237092942,8970240.0,-0.08411910247620351,-0.08904993318719788,8970240.0,-0.16303119071138403,-0.16175145671392482,8970240.0,-0.04577285547323603,-0.07414719746557238
8982528.0,0.5857284152880311,0.5764595884519318,8982528.0,-0.0812611478419664,-0.08759826999739743,8982528.0,-0.1633686029817909,-0.1619450475477303,8982528.0,-0.21925655907640854,-0.0678660169099506
8994816.0,0.5882732598111033,0.5784785403249164,8994816.0,-0.09329481391857068,-0.08799361742567272,8994816.0,-0.16348217357881367,-0.16210337494655203,8994816.0,-0.2710771524968247,-0.0585292584584143
9007104.0,0.5850788292785486,0.5799202157494923,9007104.0,-0.08956739757074199,-0.08817530291804966,9007104.0,-0.16168228335057697,-0.16204235568487396,9007104.0,0.021467726857129794,-0.07057949611771618
9019392.0,0.5919222831726074,0.5819016794363657,9019392.0,-0.07982891217883055,-0.08630373980316411,9019392.0,-0.1618705258394281,-0.16236649064036707,9019392.0,0.03872072291900016,-0.07375116117109429
9031680.0,0.5910643506795168,0.583565721474588,9031680.0,-0.08932782289533255,-0.08616551140197166,9031680.0,-0.1626267844500641,-0.16261632209643723,9031680.0,-0.05137874573119916,-0.06822795830497246
9043968.0,0.5925393669555584,0.5852894612277548,9043968.0,-0.07540379091127154,-0.08471386752741335,9043968.0,-0.16141208082747957,-0.16268857685693852,9043968.0,-0.22620271115253368,-0.07444598544219237
9056256.0,0.5920523684471846,0.5866378951817752,9056256.0,-0.08060934135088853,-0.08468378365893539,9056256.0,-0.1637540174027284,-0.16285388801867762,9056256.0,-0.051481869299702034,-0.04324221268543624
9068544.0,0.5953113383923968,0.5884141224746903,9068544.0,-0.08770128545196106,-0.08516014904647211,9068544.0,-0.16167536789240936,-0.1626491141039878,9068544.0,0.11194314931344707,-0.05346439862769329
9080832.0,0.595345220528543,0.5898678136679034,9080832.0,-0.08064405567711219,-0.08417576702728789,9080832.0,-0.16201137976410487,-0.16249144067987803,9080832.0,-0.07064975709363353,-0.07636880512339607
9093120.0,0.599609900576373,0.5916925333129863,9093120.0,-0.07175520176921661,-0.0829393769565892,9093120.0,-0.1642565797859182,-0.16261397958733143,9093120.0,-0.16517728144147745,-0.08830924772022021
9105408.0,0.5968829865256945,0.5928079904367527,9105408.0,-0.08048768996862539,-0.0828620311692551,9105408.0,-0.16598706607085964,-0.16287582589623828,9105408.0,-0.20926815170484284,-0.08731040698306362
9117696.0,0.6035921750590205,0.5943398819615444,9117696.0,-0.07833166384565023,-0.08136571616196306,9117696.0,-0.16675213514827192,-0.1632028220531841,9117696.0,-0.2571555807565649,-0.08591824980903766
9129984.0,0.6038455770661434,0.5962165567403038,9129984.0,-0.08064871090270269,-0.08047384749515914,9129984.0,-0.16589340940117836,-0.16362393465824426,9129984.0,0.33946262346580625,-0.054118760148170006
9142272.0,0.6038940899694959,0.5974137374199927,9142272.0,-0.08181713512749411,-0.08067266979002549,9142272.0,-0.16591703014758727,-0.16402858508906018,9142272.0,-0.003926497185602784,-0.058383482158630304
9154560.0,0.6090880241245031,0.5992161047644914,9154560.0,-0.07352328218015221,-0.07909221571850746,9154560.0,-0.16721556521952152,-0.1644874631660059,9154560.0,-0.2035854176307718,-0.07360414934858757
9166848.0,0.6060550231486559,0.6005676703838011,9166848.0,-0.0815142477513291,-0.07970326140251321,9166848.0,-0.16496546698423722,-0.1648428017816817,9166848.0,-0.2801428715077539,-0.0789981653841096
9179136.0,0.609128593467176,0.6022752928858003,9179136.0,-0.07859933689663497,-0.07950226095708786,9179136.0,-0.16279318812303245,-0.16474671885371212,9179136.0,0.007808883145723182,-0.07306909013956707
9191424.0,0.6104410259673992,0.6037882616433005,9191424.0,-0.07836075833862803,-0.07856820824575456,9191424.0,-0.16424871414589384,-0.16500405347906055,9191424.0,-0.16066147095989436,-0.10032955216690123
9203712.0,0.6103168393795689,0.6052854235284031,9203712.0,-0.08845697398646735,-0.07934950007669006,9203712.0,-0.1631920530150334,-0.1651221208041534,9203712.0,-0.028545814925261464,-0.096119157950064
9216000.0,0.6126975438868006,0.6065941878594457,9216000.0,-0.0908936450141482,-0.08126334440118324,9216000.0,-0.16342250180120269,-0.16503871300568185,9216000.0,0.08710689998406451,-0.07089073980750982
9228288.0,0.6171939655517539,0.6086252857620517,9228288.0,-0.09952126084438835,-0.08316670148875951,9228288.0,-0.16197216619427005,-0.16463722301802292,9228288.0,-0.13772053613017002,-0.06373597825004253
9240576.0,0.6215162258595228,0.610417690842102,9240576.0,-0.08845496398862451,-0.08417903150305696,9240576.0,-0.16085264560145637,-0.16404727406334133,9240576.0,-0.05363375771897457,-0.04338379594628349
9252864.0,0.6226868601515889,0.6123018191506466,9252864.0,-0.08801368596808364,-0.08491552900959505,9252864.0,-0.1619608704932034,-0.1636540201725438,9252864.0,0.09255191346649856,-0.06807486694621426
9265152.0,0.6226355091979107,0.6141759610734879,9265152.0,-0.08918469237202468,-0.0856522847340481,9265152.0,-0.16360001048694053,-0.16342231820647915,9265152.0,-0.06692728460378324,-0.07437494568803231
9277440.0,0.6253707318877181,0.6158042318498095,9277440.0,-0.09580727688929376,-0.08788068420496226,9277440.0,-0.16300470009446144,-0.16300123169397315,9277440.0,-0.20376159514610967,-0.0743925634395661
9289728.0,0.6268675255899628,0.6178854820939401,9289728.0,-0.10635468483087607,-0.09036472791291696,9289728.0,-0.16073273487078646,-0.16257795848262807,9289728.0,-0.0476216568883198,-0.051140441977622686
9302016.0,0.6254780280093352,0.6195204255481561,9302016.0,-0.10925658324655767,-0.09343045254790922,9302016.0,-0.16032343287952244,-0.16233098295827705,9302016.0,0.06289529346880347,-0.04563180094531465
9314304.0,0.6086743138730526,0.6193437543387215,9314304.0,-0.08574314828729257,-0.09416869154277567,9314304.0,-0.16110139161658785,-0.16201625070534645,9314304.0,0.09421316683195376,-0.02014433716612985
9326592.0,0.6170422593131661,0.6200162963320812,9326592.0,-0.09608784284985934,-0.09493177842911488,9326592.0,-0.16211853347097835,-0.16190889875094094,9326592.0,-0.057002199236497596,-0.02298997559725346
9338880.0,0.625173375941813,0.6212638795375824,9338880.0,-0.08969902095365494,-0.09481231602306554,9338880.0,-0.1631521323385338,-0.16188186180467407,9338880.0,-0.2787991737325986,-0.05958058296891977
9351168.0,0.6338634584099054,0.6229308288233976,9351168.0,-0.09465965230871613,-0.09432615516949831,9351168.0,-0.16202430714232227,-0.1618870758994793,9351168.0,0.14814894397083359,-0.030993634958819415
9363456.0,0.6324499252562722,0.6240241987630724,9363456.0,-0.08110895826636504,-0.09359155459727238,9363456.0,-0.16282244717391828,-0.16208405605672546,9363456.0,0.049513311156867225,-0.020678928071235232
9375744.0,0.6166413246343533,0.623419645211349,9375744.0,-0.08562372447583282,-0.09335255844804728,9375744.0,-0.16395760901893178,-0.16228372990929835,9375744.0,-0.22324546527427933,-0.05225866594531301
9388032.0,0.621563047170639,0.6233123990086218,9388032.0,-0.07838464025311016,-0.09227255323615585,9388032.0,-0.16414903670859834,-0.1623386325314641,9388032.0,-0.046636543772668425,-0.050229591862201536
9400320.0,0.6011079562207063,0.6208861214419206,9400320.0,-0.09546167504352827,-0.09223799305157931,9400320.0,-0.16163414538217089,-0.16220157706023502,9400320.0,0.028419726174130727,-0.0270114597301775
9412608.0,0.5803855617220203,0.6162379250551263,9412608.0,-0.09178051107058612,-0.09078057567555031,9412608.0,-0.16324679212023815,-0.16245298278518022,9412608.0,-0.16221339108111957,-0.03847063314945748
9424896.0,0.5965840490534902,0.6133485271595419,9424896.0,-0.10907862449918564,-0.0907627798008131,9424896.0,-0.16269509571914872,-0.16269014906914284,9424896.0,-0.011334213741065469,-0.045893583870444364
9437184.0,0.6031922937060396,0.6128003251428406,9437184.0,-0.09561432123882696,-0.09174989709596654,9437184.0,-0.16515750049923858,-0.1630957599574079,9437184.0,0.07500587982940488,-0.047814312570699256
9449472.0,0.5822307526444396,0.6093191744759678,9449472.0,-0.0954628125182353,-0.09168739406280413,9449472.0,-0.16637778204555312,-0.16352168481486537,9449472.0,-0.15353976585902274,-0.05746806923295178
9461760.0,0.5773306895668308,0.6045349058384696,9461760.0,-0.0901111251829813,-0.09172860448573678,9461760.0,-0.16868130668687323,-0.16407460224969936,9461760.0,-0.2433583786866317,-0.05392398972835508
9474048.0,0.5708319203307232,0.5982317520305515,9474048.0,-0.08226275868704154,-0.09048891512356931,9474048.0,-0.16770021500997245,-0.16464219303646438,9474048.0,0.1724264648995207,-0.051496237635486365
9486336.0,0.5970802850400408,0.5946947880089282,9486336.0,-0.08249748643720523,-0.09062776794065333,9486336.0,-0.1729450241352121,-0.16565445073259374,9486336.0,-0.1296587756757314,-0.06941344631874621
9498624.0,0.6068003280088305,0.593710688346376,9498624.0,-0.09409026486294654,-0.0914744219793647,9498624.0,-0.1701478308532387,-0.16627347291602443,9498624.0,-0.07739767611201387,-0.05482866740251968
9510912.0,0.6055253207062682,0.592106915699939,9510912.0,-0.09440950411953963,-0.09307690836600765,9510912.0,-0.1731887347996235,-0.16717744272512697,9510912.0,0.34304242656799033,-0.015860770368453812
9523200.0,0.6194963433469335,0.5939457544125617,9523200.0,-0.0982046620726275,-0.09335120706891756,9523200.0,-0.1690001826112469,-0.16791404644803454,9523200.0,-0.05584294412013454,-0.024287037397880337
9535488.0,0.6008061772833267,0.5959878159686923,9535488.0,-0.08499940981467564,-0.09267309694332652,9535488.0,-0.16815838209974268,-0.16840520544598497,9535488.0,-0.2013243823312223,-0.028198136522890604
9547776.0,0.6002754401415586,0.5963569550774992,9547776.0,-0.0952410088502802,-0.09128933537843599,9547776.0,-0.16760009449596205,-0.16889570532366632,9547776.0,-0.06873491687292699,-0.033938206836076755
9560064.0,0.6074924872567257,0.5967869744325678,9560064.0,-0.09638188963678355,-0.09136609221823164,9560064.0,-0.16390925001663467,-0.16877088027540593,9560064.0,-0.23159932236497602,-0.06459872705551485
9572352.0,0.6135776865606507,0.5999216678241888,9572352.0,-0.0873252756233948,-0.09055233852874758,9572352.0,-0.16458210116252303,-0.16859131218710294,9572352.0,0.24670092477754224,-0.024574657991858352
9584640.0,0.5915192967901627,0.6013405285465221,9584640.0,-0.09125916939228773,-0.09066714294967823,9584640.0,-0.16690051827269295,-0.1684132333456849,9584640.0,-0.09438190397728856,-0.009677010520924043
9596928.0,0.575710842696329,0.6018284207830826,9596928.0,-0.08796846041029009,-0.09123771312200309,9596928.0,-0.16600255140413842,-0.1682434669851015,9596928.0,0.12101196340518072,-0.014818460670358035
9609216.0,0.5246197528516253,0.594582367564241,9609216.0,-0.09946937745553441,-0.09293490222383602,9609216.0,-0.16452732270893952,-0.16740169684247422,9609216.0,0.11976446183204341,0.010123863080419442
9621504.0,0.5094293734679619,0.5848452721101542,9621504.0,-0.11933545258943923,-0.09545942099648527,9621504.0,-0.16366418357938528,-0.1667533321150889,9621504.0,-0.03917762862207989,0.013945867829412845
9633792.0,0.5631344209735593,0.5806061821368834,9633792.0,-0.09973754100307512,-0.09599222468483883,9633792.0,-0.16493425766626993,-0.16592788440175354,9633792.0,-0.030465106431317206,-0.023404885470517917
9646080.0,0.5836007374649247,0.5770166215486824,9646080.0,-0.09373101578482117,-0.09554486005605818,9646080.0,-0.16576336331975958,-0.16560420247260482,9646080.0,-0.13373751589097083,-0.03119434264760155
9658368.0,0.5789732510844866,0.5748333289287985,9658368.0,-0.10418119722453412,-0.09746303879704404,9658368.0,-0.16102122236043215,-0.16489048649867374,9658368.0,0.020007412565367606,-0.009061163157942552
9670656.0,0.562670107310017,0.5710727956456443,9670656.0,-0.09677462433561838,-0.09761640034557786,9670656.0,-0.16492562748802206,-0.16462303979787976,9670656.0,-0.022210518722810473,-0.004408723342930899
9682944.0,0.5620912813271085,0.5665326750526826,9682944.0,-0.08555746062484104,-0.09653395744438362,9682944.0,-0.16398965613916516,-0.1646310804101328,9682944.0,-0.10099967474040265,0.008651241419526438
9695232.0,0.5732020232826471,0.5624951087248823,9695232.0,-0.09196720636100508,-0.09699815051814464,9695232.0,-0.16415831563062966,-0.16458870185694346,9695232.0,-0.07323680931100778,-0.023342531989328563
9707520.0,0.5788201248894135,0.5612251915348073,9707520.0,-0.09716712110093795,-0.09758894568900967,9707520.0,-0.16171856860940656,-0.1640705068906148,9707520.0,0.12907746603984074,-0.0009965949876156316
9719808.0,0.5680094736938676,0.5604550546345612,9719808.0,-0.09734582345117815,-0.09852668199309847,9719808.0,-0.16150245792232454,-0.16362049754243344,9719808.0,0.015204858122160658,-0.011577305515917643
9732096.0,0.596472731170555,0.567640352466454,9732096.0,-0.10180223011411726,-0.09875996725895675,9732096.0,-0.1635197305586189,-0.16351973832740138,9732096.0,-0.27690021103868884,-0.05124377280299086
9744384.0,0.6013092345868548,0.5768283385783434,9744384.0,-0.09472077303022768,-0.09629849930303559,9744384.0,-0.1629606265729914,-0.163449382626762,9744384.0,0.10701901796225381,-0.03662410814455749
9756672.0,0.6348294370497266,0.5839978401859601,9756672.0,-0.09047518630783695,-0.09537226383351177,9756672.0,-0.16428318480029702,-0.1633842753401647,9756672.0,0.11188366936403327,-0.022389230565022445
9768960.0,0.639540979017814,0.5895918643412491,9768960.0,-0.0951554753119126,-0.09551470978622092,9768960.0,-0.1637844918295741,-0.16318638819114617,9768960.0,0.057299602640947946,-0.00328551871183057
9781248.0,0.6226022318005562,0.593954762412856,9781248.0,-0.09428522178980832,-0.09452511224274834,9781248.0,-0.16539139370433986,-0.16362340532553693,9781248.0,-0.132220455367739,-0.01850830550514123
9793536.0,0.6256824303418398,0.6002559947160384,9793536.0,-0.10554124282013315,-0.09540177409119982,9793536.0,-0.16216639049040774,-0.1633474816257755,9793536.0,-0.16982890549115837,-0.03327014418197602
9805824.0,0.6310598493243257,0.60715285151576,9805824.0,-0.0944636575198577,-0.09629239378070148,9805824.0,-0.158634356300657,-0.1628119516419247,9805824.0,0.20885129449501014,-0.0022850472584347386
9818112.0,0.6164396991953254,0.6114766191070279,9818112.0,-0.09643509530966791,-0.09673918267556778,9818112.0,-0.15656002797186375,-0.16205212287604806,9818112.0,-0.035382265011624746,0.0015004071715035657
9830400.0,0.6123863548661271,0.6148332421046993,9830400.0,-0.09515214780791818,-0.09653768534626579,9830400.0,-0.15480085733967522,-0.16136035174907495,9830400.0,-0.04190990256029181,-0.015598329688509693
9842688.0,0.6061794382209579,0.6186502385574084,9842688.0,-0.10338073820457794,-0.09714117682160577,9842688.0,-0.15562617980564633,-0.16077272393740713,9842688.0,-0.25193424957493943,-0.0423122404582197
9854976.0,0.6029653347407778,0.6192994989144305,9854976.0,-0.09465396333447036,-0.09642635014364108,9854976.0,-0.1535543316664795,-0.15977618404819321,9854976.0,0.22506596489499012,0.007884377135148193
9867264.0,0.623380847585698,0.6215066602143148,9867264.0,-0.08858157076368418,-0.09581242991698674,9867264.0,-0.15408804329733053,-0.15888892572062713,9867264.0,0.19668393331812695,0.01685086867073551
9879552.0,0.6358953127637506,0.6216132477857171,9879552.0,-0.09567442707096536,-0.09633235399329958,9879552.0,-0.15517009647252658,-0.1579776168878501,9879552.0,-0.02335181871118645,0.0033273198632135332
9891840.0,0.6610056248803934,0.6237597123719751,9891840.0,-0.1097168000608993,-0.09778848646819825,9891840.0,-0.15448211583619317,-0.15704737928851195,9891840.0,-0.070720940263224,-0.00947473442720366
9904128.0,0.6692890251676241,0.6284283917086819,9904128.0,-0.10625345663477977,-0.0989853099526954,9904128.0,-0.15250533819198608,-0.1557587737372766,9904128.0,-0.034483142881072126,0.00029899682146302813
9916416.0,0.6793800971160332,0.6337981583861014,9916416.0,-0.10358522280390996,-0.09878970795107307,9916416.0,-0.1549737195018679,-0.15503950663842261,9916416.0,-0.1304615443611207,0.004235732934466788
9928704.0,0.6859311582520604,0.6392852892788748,9928704.0,-0.09960249745442222,-0.0993035919445295,9928704.0,-0.15695917163975537,-0.15487198817233244,9928704.0,-0.054173719181562774,-0.022066768433190498
9940992.0,0.6747719512010614,0.6451185144794485,9940992.0,-0.09678109831293114,-0.09933819224485584,9940992.0,-0.15641145617701113,-0.15485713099284718,9940992.0,0.023654339097750682,-0.016163108022252955
9953280.0,0.6495465769742926,0.6488345366902649,9953280.0,-0.0921917492087232,-0.09904215238493634,9953280.0,-0.1556483570796748,-0.15494188096684713,9953280.0,-0.13812277927839509,-0.025784395694063277
9965568.0,0.6545655016476909,0.6536731430329382,9965568.0,-0.08813199775856144,-0.09751727834033469,9965568.0,-0.1524547922114531,-0.1546247422074278,9965568.0,-0.083037838958262,-0.008894754632395543
9977856.0,0.6529012483855089,0.6586667343974113,9977856.0,-0.10757520468905568,-0.09880940247579323,9977856.0,-0.1504867468805363,-0.15431798372883349,9977856.0,0.2094190725038061,-0.01045944387151394
9990144.0,0.6299697421491146,0.659325623853753,9990144.0,-0.09293603579135379,-0.09924484897856019,9990144.0,-0.15233127415801087,-0.15414230681490154,9990144.0,0.02849512070194275,-0.02727832513313236
10002432.0,0.6406745137646794,0.6598035439538459,10002432.0,-0.08490234107011929,-0.09816764037847558,10002432.0,-0.15107922287036976,-0.15373321945468585,10002432.0,-0.03844049254500229,-0.028787192516513942
10014720.0,0.6371478860576948,0.6574177700715761,10014720.0,-0.08010318688563227,-0.09520627906094888,10014720.0,-0.15196902654133737,-0.15348191052520027,10014720.0,-0.08800431131385267,-0.03051552962157681
10027008.0,0.6667250854273638,0.6571613760975499,10027008.0,-0.0787103221421906,-0.09245196561168996,10027008.0,-0.15107610053382814,-0.15333898675938448,10027008.0,-0.0384659808332799,-0.03091381341679759
10039296.0,0.6443467742453018,0.6536580438104769,10039296.0,-0.09480269342505683,-0.09157371267380465,10039296.0,-0.1531836496821294,-0.15315997977741064,10039296.0,0.04297832304534192,-0.013569826676151328
10051584.0,0.6775007511799535,0.6528150031032662,10051584.0,-0.10351374847232364,-0.0919648377755948,10051584.0,-0.15041821900134286,-0.1525058845135694,10051584.0,-0.07635744242967728,-0.015788199000962778
10063872.0,0.6385240362336239,0.6491902116065223,10063872.0,-0.09027491249920179,-0.09131421919422186,10063872.0,-0.15133305918425322,-0.15199804481429358,10063872.0,-0.22174384778675935,-0.040328017689413784
10076160.0,0.6126339038213094,0.645498944291224,10076160.0,-0.08861721668896887,-0.09095676594224641,10076160.0,-0.1503823815534512,-0.15147144726167122,10076160.0,-0.18805887231913707,-0.04532162699348798
10088448.0,0.634733953513205,0.6435157894777755,10088448.0,-0.08630898759777968,-0.09077446492616825,10088448.0,-0.1506414213217795,-0.15129011017270388,10088448.0,0.19086541532306,-0.017931301565355773
10100736.0,0.6594295768688122,0.6441686223261059,10100736.0,-0.09092567551609439,-0.08910951200887211,10100736.0,-0.15143326693214476,-0.1513847621778647,10100736.0,-0.014469807002266558,-0.04032018951596305
10113024.0,0.6557755125686526,0.6467491993680597,10113024.0,-0.09000681219428468,-0.08881658964916521,10113024.0,-0.14942082941221693,-0.15109371770328534,10113024.0,-0.08957141767799233,-0.05212684335395655
10125312.0,0.6572541647280256,0.6484071644643943,10125312.0,-0.08997747390336978,-0.08932410293249024,10125312.0,-0.15208241622895002,-0.15119403703914333,10125312.0,-0.26416352732727927,-0.07469914683218425
10137600.0,0.6316909498224655,0.6478614708408714,10137600.0,-0.09764636123630528,-0.09107842036755756,10137600.0,-0.15037392491164306,-0.1510345268761739,10137600.0,0.00599459025155132,-0.06529925667564383
10149888.0,0.5904518598690629,0.6402341482850413,10149888.0,-0.09433309530140832,-0.09264069768347932,10149888.0,-0.15155114179166654,-0.15108203100195777,10149888.0,-0.00031205089908326045,-0.06148386368222418
10162176.0,0.6088509016359845,0.6366845610241095,10162176.0,-0.08989474836562295,-0.09214990317753594,10162176.0,-0.15097381849773228,-0.15086104788351803,10162176.0,-0.06822057257522829,-0.07260375324428121
10174464.0,0.6081578560794393,0.6297502715140582,10174464.0,-0.09577581286430359,-0.09137610961673392,10174464.0,-0.148713889454181,-0.15069061492880184,10174464.0,0.2994405448359127,-0.03502395451772221
10186752.0,0.5790866001819571,0.6238065279088915,10186752.0,-0.09234645625110716,-0.09158326399192447,10186752.0,-0.15054767959130308,-0.15061207696950682,10186752.0,0.06100483967748005,-0.0067490857712982745
10199040.0,0.530716766603291,0.6156148141870895,10199040.0,-0.09720050866599195,-0.09244159318962678,10199040.0,-0.14754605937438706,-0.1503284447516004,10199040.0,-0.22393591430348656,-0.010336789969733215
10211328.0,0.5149336876347661,0.6036347875992456,10211328.0,-0.10176519730399984,-0.09398721416024879,10211328.0,-0.14846583409234881,-0.15011088602865735,10211328.0,-0.1973512542899698,-0.049158456931036196
10223616.0,0.4897666412095229,0.5866684940333168,10223616.0,-0.09178779102027572,-0.09407342571066692,10223616.0,-0.14718253390553096,-0.14968581272599596,10223616.0,0.07473206803842913,-0.040238269426966636
10235904.0,0.5157342230280241,0.5726643650792539,10235904.0,-0.0872658009660275,-0.09379932458784121,10235904.0,-0.1469262330016742,-0.14943635308494171,10235904.0,0.2646595201222226,-0.004815175646945141
10248192.0,0.5440112197150787,0.5613400705779592,10248192.0,-0.0889876668031017,-0.09370034387781441,10248192.0,-0.14748740832631788,-0.14897685229467847,10248192.0,0.1409084684952783,0.03569202393531062
10260480.0,0.5670569743961096,0.5548766730353235,10260480.0,-0.08008210603535797,-0.09194391835771967,10260480.0,-0.14666784997098148,-0.1486062448006123,10260480.0,-0.08368274739768822,0.026724290170386668
10272768.0,0.5827284132440885,0.5541043283728262,10272768.0,-0.08640396392244536,-0.09115100521982336,10272768.0,-0.1488732066936791,-0.14833845129081358,10272768.0,-0.31630398286506534,-0.0048749030262115415
10285056.0,0.5824739780897895,0.5514666360182068,10285056.0,-0.08716060684431189,-0.09087759106769226,10285056.0,-0.14925182882385948,-0.14816625232342634,10285056.0,0.24992590567368703,0.02693974479867999
10297344.0,0.5616617938503623,0.546817029795299,10297344.0,-0.08711156689484294,-0.09001116647074621,10297344.0,-0.14669104401643077,-0.1479639677796513,10297344.0,0.08254683709189219,0.005250374024277933
10309632.0,0.5875720661133528,0.5476655763884386,10309632.0,-0.08346386916916042,-0.08912290776255152,10309632.0,-0.14734760470067462,-0.14764396029058843,10309632.0,-0.19974293715010086,-0.020824403658480158
10321920.0,0.595175496612986,0.554111449389408,10321920.0,-0.08580504819110502,-0.08798336171506284,10321920.0,-0.15090753658053777,-0.14798010801120348,10321920.0,-0.24206087598577142,-0.02263689982670864
10334208.0,0.6496103607739011,0.5675791167033216,10334208.0,-0.08943293285362112,-0.08675013527002497,10334208.0,-0.14841636906688413,-0.14797516150865703,10334208.0,-0.31633103188748163,-0.034534877586459824
10346496.0,0.6733764009550214,0.5859400926778714,10346496.0,-0.09257863964012358,-0.08682922013200975,10346496.0,-0.1499062213115394,-0.14824753024925788,10346496.0,0.201092015816054,-0.021898882808697336
10358784.0,0.6521810128663977,0.5995847716617088,10358784.0,-0.07516884939589848,-0.08561952497499685,10358784.0,-0.1495550425412754,-0.148510411203218,10358784.0,-0.06614960666047409,-0.05497979548696702
10371072.0,0.6594294381017486,0.6111265935003758,10371072.0,-0.0709650776698254,-0.08381726606166923,10371072.0,-0.14834046472484866,-0.1485957168430711,10371072.0,0.5219563135954862,-0.016875010976946204
10383360.0,0.6498330884302655,0.6194042049037914,10383360.0,-0.08996746483414124,-0.08480580194154755,10383360.0,-0.14966339284243682,-0.14889527113021664,10383360.0,-0.042989905642267935,-0.012805726801404196
10395648.0,0.6485024662688375,0.6259816102062662,10395648.0,-0.08645509830967057,-0.08481091538027007,10395648.0,-0.15007466877189776,-0.1490154173380385,10395648.0,-0.27028942651425797,-0.008204271166323444
10407936.0,0.68850594603767,0.6365848070010542,10407936.0,-0.09988751249814716,-0.08608360594565359,10407936.0,-0.1483282537665218,-0.14892305983230472,10407936.0,0.09016040927478268,-0.024180820806213886
10420224.0,0.7057253100598851,0.6509911586220065,10420224.0,-0.081058159955622,-0.08547826525173151,10420224.0,-0.14943767618387938,-0.14919772304904957,10420224.0,0.3428686880506575,0.0018513642896626548
10432512.0,0.6921061761677265,0.661444569627444,10432512.0,-0.06921537916059606,-0.08405341625087506,10432512.0,-0.1481672786952307,-0.14927969044850517,10432512.0,-0.12347892404068261,0.009477765600604465
10444800.0,0.7025163111587366,0.6721786510820189,10444800.0,-0.08288649632110416,-0.08376156106387497,10444800.0,-0.14810514356940985,-0.14899945114739238,10444800.0,-0.3687377854560812,-0.003189925346426503
10457088.0,0.7203422629584869,0.6792518413004776,10457088.0,-0.08318318775855005,-0.08313658655436787,10457088.0,-0.14708995074033737,-0.14886680931473772,10457088.0,-0.3754545046637456,-0.009102272624052898
10469376.0,0.7462741502871116,0.6865416162336866,10469376.0,-0.09048060540226288,-0.0829267831305818,10469376.0,-0.1465791838709265,-0.14853410557067642,10469376.0,-0.2508517388875286,-0.05429664809441116
10481664.0,0.7508308831602335,0.6964066032630701,10481664.0,-0.08509097154213426,-0.08391899534520539,10481664.0,-0.14795960183255374,-0.14837456149980427,10481664.0,-0.29393691491956514,-0.07707537892032026
10493952.0,0.7558360186715921,0.7060472613200545,10493952.0,-0.0703013527575725,-0.0838526228539801,10493952.0,-0.14791296748444438,-0.14833181177576385,10493952.0,-0.24605692752326527,-0.15387670303219542
10506240.0,0.7560159129401048,0.7166655437710384,10506240.0,-0.07780670267917837,-0.0826365466384838,10506240.0,-0.1479049993213266,-0.1481559724236528,10506240.0,-0.19234737356115753,-0.1688124498240844
10518528.0,0.7584975821276506,0.7276650553569197,10518528.0,-0.09010125351778697,-0.08300116215929544,10518528.0,-0.14764750314255556,-0.1479132558607186,10518528.0,-0.3041218182382484,-0.17219568899648344
10530816.0,0.7582573127001524,0.734640192023168,10530816.0,-0.09288242553399566,-0.08230065346288028,10530816.0,-0.14768854179419577,-0.14784928466348599,10530816.0,-0.34440219138438505,-0.21565194906240018
10543104.0,0.7370973906169335,0.7377774000788728,10543104.0,-0.09024501303792931,-0.08321933877111101,10543104.0,-0.14554196689277887,-0.14745971373437594,10543104.0,-0.36126911205550033,-0.286065729073016
10555392.0,0.7308678291738033,0.7416535653794806,10555392.0,-0.08263906016751814,-0.08456170687180323,10555392.0,-0.14645861298777163,-0.14728884716363005,10555392.0,-0.36897518082211417,-0.31061535475115915
10567680.0,0.7347479220479727,0.7448767264684041,10567680.0,-0.07832504440739285,-0.0841055616804321,10567680.0,-0.14608422480523586,-0.14708675528721266,10567680.0,-0.3438165149030586,-0.30812322769585687
10579968.0,0.7626350652426481,0.7491060066968203,10579968.0,-0.08996824954131928,-0.08478406785870904,10579968.0,-0.14664834706733623,-0.14704259491991253,10579968.0,-0.32665603250886005,-0.30324338048036836
10592256.0,0.7663239203393459,0.7511109837020437,10592256.0,-0.09221656222750123,-0.08495766354123287,10592256.0,-0.14723854054075977,-0.14710853058689585,10592256.0,-0.33729689475148916,-0.31188789606676437
10604544.0,0.7537782719979683,0.7514057225858172,10604544.0,-0.09194869413719668,-0.0856434358007391,10604544.0,-0.14462352373326817,-0.1467749227769673,10604544.0,-0.3424760000780225,-0.3167418045826101
10616832.0,0.7371323065211376,0.7495353513707717,10616832.0,-0.0799133838348401,-0.08660463890846586,10616832.0,-0.14508991378049055,-0.14649261740657193,10616832.0,-0.3137163788390656,-0.32350774971419016
10629120.0,0.6927577002594868,0.7432095301027098,10629120.0,-0.08521520269763035,-0.08734548891031106,10629120.0,-0.14716063796853027,-0.14641818127129227,10629120.0,-0.34843520587310195,-0.3391165329453846
10641408.0,0.6656438500309984,0.7339241568930447,10641408.0,-0.09167736811408152,-0.08750310036994052,10641408.0,-0.14422312836783627,-0.14607574379382032,10641408.0,-0.3243669917186101,-0.3411410502934208
10653696.0,0.6655973177403212,0.7246581573970616,10653696.0,-0.07750002253063333,-0.08596486006960428,10653696.0,-0.1443127222980062,-0.14573816184420138,10653696.0,-0.35582725144922733,-0.342283556299905
10665984.0,0.6705785036707917,0.7180062687024474,10665984.0,-0.08754159926320426,-0.08569451869213177,10665984.0,-0.14495387370698154,-0.14567935252562164,10665984.0,-0.29003212057674926,-0.33515985715202984
10678272.0,0.6531589534133673,0.7102353811264038,10678272.0,-0.09053254554358621,-0.08648386722973858,10678272.0,-0.14358192045862475,-0.14539168327270696,10678272.0,-0.3488623310501377,-0.3331485721748322
10690560.0,0.6615205397829413,0.7029126428999006,10690560.0,-0.07911457063164562,-0.08656281985216387,10690560.0,-0.1433033720434954,-0.14511359799653292,10690560.0,-0.33900701891010004,-0.3326676225755364
10702848.0,0.6738110706210136,0.6940302434377372,10702848.0,-0.08148316336640467,-0.08571431123467241,10702848.0,-0.1443477082066238,-0.14488353411046168,10702848.0,-0.34842637833207846,-0.3348446571578582
10715136.0,0.6623561447486281,0.6836334658786655,10715136.0,-0.08772022028764088,-0.08526467704068637,10715136.0,-0.14374155621044338,-0.14453383567743003,10715136.0,-0.30142436223104596,-0.3312574039058139
10727424.0,0.6816054216275612,0.6764161808416247,10727424.0,-0.08883853913478863,-0.08495366154044556,10727424.0,-0.14448866550810635,-0.14452034985491385,10727424.0,-0.32941594657798606,-0.32995139855581024
10739712.0,0.693777649042507,0.6720807150937617,10739712.0,-0.08834741744794883,-0.08579706490175644,10739712.0,-0.14378524967469275,-0.14438988344433407,10739712.0,-0.3448038517187039,-0.3330601458437741
10752000.0,0.6795454860354463,0.6707594936713577,10752000.0,-0.09347139405144844,-0.08662268403713824,10752000.0,-0.1433531784762939,-0.14400913749511043,10752000.0,-0.32709767886747915,-0.33092639314321176
10764288.0,0.6962621950854858,0.6738213281768063,10764288.0,-0.09201741888925123,-0.08665668911465521,10764288.0,-0.14447767954940596,-0.1440345926132674,10764288.0,-0.357423762169977,-0.33423207018834855
10776576.0,0.7173081046591202,0.6789924068686862,10776576.0,-0.08234234323026612,-0.08714092118461848,10776576.0,-0.14289977905961374,-0.14389329828942818,10776576.0,-0.3853762752066056,-0.3371869725640863
10788864.0,0.716300425119698,0.6835645990135769,10788864.0,-0.07576725927841228,-0.0859634871861393,10788864.0,-0.14185902119303742,-0.14358381303803375,10788864.0,-0.3171599300888677,-0.33989975351529816
10801152.0,0.7439543350289265,0.6926441371751328,10801152.0,-0.09417967908666469,-0.08632820054044715,10801152.0,-0.14192879859668514,-0.14341850085183977,10801152.0,-0.34102086288233596,-0.33911560669851804
10813440.0,0.7534522376954556,0.7018373069663842,10813440.0,-0.08808417710436818,-0.0872251611877194,10813440.0,-0.1428369712860634,-0.14337186077609657,10813440.0,-0.3675983551268776,-0.34197474032019576
10825728.0,0.7596487011760473,0.7104210700218876,10825728.0,-0.08812517334202614,-0.08788936218528155,10825728.0,-0.1416691733368983,-0.143104007289124,10825728.0,-0.33804126316681504,-0.3409362288036694
10838016.0,0.7617270294576883,0.7203581584927936,10838016.0,-0.10673152357533884,-0.08979049251405134,10838016.0,-0.1423341918271035,-0.14296327085079003,10838016.0,-0.3455599684578677,-0.3453497894263516
10850304.0,0.7695315113912026,0.7291507674691577,10850304.0,-0.1126683989035276,-0.09217347849092525,10850304.0,-0.1413083573182424,-0.14264524003180365,10850304.0,-0.3620063128570716,-0.34860882605426013
10862592.0,0.7713195364922285,0.7369049562141299,10862592.0,-0.09643792089870355,-0.09298252883600071,10862592.0,-0.14011636500557265,-0.1422783515648916,10862592.0,-0.3001298752302925,-0.34414142840541895
10874880.0,0.75805085649093,0.7447554932596783,10874880.0,-0.08359157574401858,-0.0919945470052577,10874880.0,-0.14097371185198426,-0.14204040490246067,10874880.0,-0.3062956080151101,-0.3420612213201821
10887168.0,0.7312116461495558,0.7482504383660853,10887168.0,-0.10600302940777813,-0.0933931080571104,10887168.0,-0.13923156540840864,-0.14151579348836094,10887168.0,-0.3264405890367925,-0.33896290400686363
10899456.0,0.7455296646803617,0.7510725943682094,10899456.0,-0.10596252913334563,-0.09575512664741836,10899456.0,-0.14001804178891084,-0.14122761976129067,10899456.0,-0.3135794100041191,-0.331783217486615
10911744.0,0.7401322964578867,0.7534557815020283,10911744.0,-0.1032416948582977,-0.0985025702054069,10911744.0,-0.13998518705678484,-0.14104023634766538,10911744.0,-0.38043682494511205,-0.3381109069722394
10924032.0,0.7654789965599775,0.7556082476551333,10924032.0,-0.1041045907671408,-0.09949506137345453,10924032.0,-0.13901466775375107,-0.14074882326337199,10924032.0,-0.3770812771593531,-0.34171694839994116
10936320.0,0.7712994118531545,0.7573929650709033,10936320.0,-0.09442493259363498,-0.10012913692238119,10936320.0,-0.1407466441548119,-0.14053979055024685,10936320.0,-0.31940590621282655,-0.33689770350853604
10948608.0,0.7800415133436521,0.7594322462876637,10948608.0,-0.09023216222218859,-0.10033983581039743,10948608.0,-0.14105715928599238,-0.14047858914515626,10948608.0,-0.3494584004705151,-0.33803941723890607
10960896.0,0.7843521665781736,0.7616947599997123,10960896.0,-0.0977230365970172,-0.09943898711256528,10960896.0,-0.14224610198289156,-0.14046978016073505,10960896.0,-0.31041616775716346,-0.3345250371688356
10973184.0,0.8075614968935648,0.7654977585499486,10973184.0,-0.09808100434505225,-0.09798024765671774,10973184.0,-0.145649423977981,-0.14090388682670893,10973184.0,-0.32318827339137596,-0.330643233222266
10985472.0,0.809862599397699,0.7693520648404957,10985472.0,-0.089437454060923,-0.09728020097293968,10985472.0,-0.1510003872681409,-0.14199228905296574,10985472.0,-0.3696693005040288,-0.33759717574963966
10997760.0,0.8173841387033463,0.7752853930617373,10997760.0,-0.10212337427462141,-0.09913338082599996,10997760.0,-0.15285682041818896,-0.1431805999095862,10997760.0,-0.3527382065852483,-0.34224143560665354
11010048.0,0.812848978365461,0.7834491262833277,11010048.0,-0.09839374527412777,-0.09837245241263494,11010048.0,-0.1483628242276609,-0.14409372579151142,11010048.0,-0.3388112316218515,-0.3434784998651594
11022336.0,0.7964974083006382,0.7885459006453555,11022336.0,-0.09557385433193606,-0.09733358493249397,11022336.0,-0.1494615231640637,-0.14503807392902673,11022336.0,-0.3561925869435072,-0.3477398175590982
11034624.0,0.8124538703511158,0.7957780580346784,11034624.0,-0.09853840608169169,-0.0968632560548334,11034624.0,-0.15967371237153807,-0.14700692646050204,11034624.0,-0.33194406361629564,-0.34289054142621656
11046912.0,0.8173956423997879,0.8009697226186592,11046912.0,-0.10368825105251744,-0.09682162208337104,11046912.0,-0.16318745895599326,-0.14942420558072628,11046912.0,-0.2745634005405009,-0.33263875376433133
11059200.0,0.8352134774128596,0.8073611291746298,11059200.0,-0.10971442987890138,-0.09835057181189767,11059200.0,-0.15477647205504277,-0.15082718837074935,11059200.0,-0.32853466163699824,-0.33355162930674853
11071488.0,0.8327060081064701,0.8126275786509115,11071488.0,-0.09420111702638678,-0.0987474672923175,11071488.0,-0.14697321380178133,-0.15141879382232826,11071488.0,-0.3218873366713524,-0.3307945229268322
11083776.0,0.835893178358674,0.8177816798289615,11083776.0,-0.11021156536298804,-0.09999632016891459,11083776.0,-0.14286223131542405,-0.1514804067555815,11083776.0,-0.33989199188848335,-0.33374210533996423
11096064.0,0.83870494676133,0.8208960248157382,11096064.0,-0.11818086901136364,-0.10200630663554573,11096064.0,-0.14074986381456256,-0.15099045073923964,11096064.0,-0.3656470210601886,-0.3379879801068455
11108352.0,0.8401627366741499,0.8239260385433832,11108352.0,-0.08677450054771423,-0.10174001128422483,11108352.0,-0.13608367911850414,-0.14949877992427596,11108352.0,-0.3258692317952712,-0.33360797323596975
11120640.0,0.8428091698636612,0.8264685416594147,11120640.0,-0.08418547395073499,-0.09994622125183619,11120640.0,-0.13023524467522898,-0.14723662234997997,11120640.0,-0.32025886497770745,-0.33036003907521566
11132928.0,0.8440417243788639,0.8295878162607551,11132928.0,-0.10642203389822195,-0.10074905011424562,11132928.0,-0.1299920134091129,-0.14539954126812518,11132928.0,-0.35558730984727543,-0.33203764689775805
11145216.0,0.845113014181455,0.8344493768488368,11145216.0,-0.10616081010084599,-0.1018077456911366,11145216.0,-0.12503788938435415,-0.14295717789015422,11145216.0,-0.2955603268928826,-0.32597442089269557
11157504.0,0.8444298996279637,0.8376469797765216,11157504.0,-0.10513867168144013,-0.10246777225111145,11157504.0,-0.11962647922337055,-0.1389524545753375,11157504.0,-0.3297977573238313,-0.32575979026344914
11169792.0,0.8529768331597248,0.8412050988525153,11169792.0,-0.11544911161763594,-0.10364385830762331,11169792.0,-0.11807608883827925,-0.1344413175635661,11169792.0,-0.36067326584209997,-0.3343707767936091
11182080.0,0.8500074297189713,0.8426844940831264,11182080.0,-0.11139073966963527,-0.1038114892866967,11182080.0,-0.11913977252940337,-0.13087764761100212,11182080.0,-0.3336404236033559,-0.33488135299024485
11194368.0,0.8537478242069483,0.8447886756931741,11194368.0,-0.09641553315062386,-0.1040329308991204,11194368.0,-0.11696709902025759,-0.1278770361328498,11194368.0,-0.30124589599048096,-0.33281720892215766
11206656.0,0.8573957458138466,0.8469389324386916,11206656.0,-0.10130353181739338,-0.10314212754456094,11206656.0,-0.1147348719338576,-0.1250643001946931,11206656.0,-0.345813298287491,-0.3334093395620584
11218944.0,0.856944693873326,0.848762907149891,11218944.0,-0.10010830671914543,-0.10133487131533911,11218944.0,-0.11279830685816705,-0.12226914449905357,11218944.0,-0.3226071797932188,-0.32910535543536146
11231232.0,0.8610630333423615,0.8508529368167121,11231232.0,-0.10885767446598038,-0.10354318870716572,11231232.0,-0.10889578533048432,-0.11955035512025158,11231232.0,-0.3550114491954446,-0.3320195771753788
11243520.0,0.8633298190931479,0.8529050017396609,11243520.0,-0.10854483580139156,-0.10597912489223141,11243520.0,-0.10876629563669364,-0.11740346021639805,11243520.0,-0.2998938787107666,-0.3299830785486847
11255808.0,0.8597231556971868,0.8544731448714933,11255808.0,-0.10701323127917324,-0.10603824463032652,11255808.0,-0.10756869839193921,-0.11516112871468069,11255808.0,-0.3061362357499699,-0.32503797113895416
11268096.0,0.8631683091322581,0.8562786743665735,11268096.0,-0.1129220182095499,-0.10671436544119692,11268096.0,-0.10417355573736131,-0.11307469534998141,11268096.0,-0.330930392878751,-0.32857497773754096
11280384.0,0.8643347881734371,0.8582691632211208,11280384.0,-0.10318980948068202,-0.10651947922112108,11280384.0,-0.10258861204298834,-0.11137090863194318,11280384.0,-0.36436849149564904,-0.33203205115472273
11292672.0,0.8655329116930565,0.8595247710744539,11292672.0,-0.09403587465446132,-0.10437815552480365,11292672.0,-0.10232581788053115,-0.10979588153616834,11292672.0,-0.29314738558605313,-0.32527946312911804
11304960.0,0.8693983089178801,0.8614638589943449,11304960.0,-0.09920689720699254,-0.10315977127853934,11304960.0,-0.09876199113205075,-0.1077581033964331,11304960.0,-0.3272844258074959,-0.3246438633495321
11317248.0,0.8700153461347023,0.8630906111871202,11317248.0,-0.10518888257987176,-0.10403710622146416,11317248.0,-0.09378129453398287,-0.10543952294780563,11317248.0,-0.31896241785337526,-0.32641551553582154
11329536.0,0.8711588190247616,0.8644669185082117,11329536.0,-0.10658110297905903,-0.10456486333763071,11329536.0,-0.09010899373485397,-0.10297693512790526,11329536.0,-0.34503563586622477,-0.32633774929369486
11341824.0,0.8745312734196583,0.8662255764628449,11341824.0,-0.10033070096202816,-0.10458710276191899,11341824.0,-0.08554458839353174,-0.10025156328144172,11341824.0,-0.3266246941251059,-0.3267395007268836
11354112.0,0.8744104194144408,0.867560315070053,11354112.0,-0.10245618870249018,-0.10394695418556998,11354112.0,-0.08042265416588634,-0.09740425016498193,11354112.0,-0.32536849395061535,-0.32377520520240066
11366400.0,0.8755516602347294,0.8687824991842111,11366400.0,-0.08762169720042341,-0.10185464032547316,11366400.0,-0.07544068933930248,-0.09407168953524282,11366400.0,-0.3199878816182415,-0.32578460549314814
11378688.0,0.8762251436710358,0.870432697981596,11378688.0,-0.1011310566876394,-0.10126642286631977,11378688.0,-0.07201788675350447,-0.09051660837139935,11378688.0,-0.34952675830572844,-0.330123657748724
11390976.0,0.8798508662730455,0.8721009536956746,11390976.0,-0.1040182162153845,-0.10037604266690323,11390976.0,-0.06841284168573718,-0.08694053696623694,11390976.0,-0.2404355611264085,-0.3210741745734898
11403264.0,0.88055680009226,0.873723154887557,11403264.0,-0.096564289618982,-0.09971349068073324,11403264.0,-0.062483222844700016,-0.08292999804640808,11403264.0,-0.32036955018217367,-0.3166742804421422
11415552.0,0.8818151950836182,0.8753513832266133,11415552.0,-0.07906072029436473,-0.09821597524472357,11415552.0,-0.06427330640144646,-0.07912474689849963,11415552.0,-0.32997729256749153,-0.3203572711402861
11427840.0,0.8807099629193544,0.8764825486267606,11427840.0,-0.11133031432594483,-0.09942831695661881,11427840.0,-0.05720043399681648,-0.0749685911849762,11427840.0,-0.32307186458880705,-0.3199360150184172
11440128.0,0.8832172105709711,0.8778027350703874,11440128.0,-0.09992998618205699,-0.09890242731683732,11440128.0,-0.04703686219484856,-0.07029414795106277,11440128.0,-0.3403654963088532,-0.322076322863965
11452416.0,0.8840886813898882,0.8790957213069002,11452416.0,-0.10312753320128347,-0.09855707033905976,11452416.0,-0.04061548002452279,-0.06534479658002965,11452416.0,-0.3055108163195352,-0.318123840909296
11464704.0,0.8867668739209572,0.88031928135703,11464704.0,-0.10940715873342317,-0.09946471611619927,11464704.0,-0.0382170324640659,-0.06061204098708306,11464704.0,-0.29053009891261655,-0.3145143813880471
11476992.0,0.887067511677742,0.8815849905833602,11476992.0,-0.0953335778225058,-0.09875245502820083,11476992.0,-0.032559834323668234,-0.05582575900286126,11476992.0,-0.320729517377913,-0.3140504837307769
11489280.0,0.8886940206090609,0.8828992266207933,11489280.0,-0.09474381405258707,-0.0994646667134172,11489280.0,-0.026014319611325238,-0.05088312203006353,11489280.0,-0.3017584558886786,-0.3122275411578206
11501568.0,0.8904097850124041,0.8843176907549302,11501568.0,-0.09051344034378417,-0.09840290507903167,11501568.0,-0.020523040696086053,-0.045733637424321696,11501568.0,-0.2963302140124142,-0.3069078867284892
11513856.0,0.8940941672772169,0.8857420208553475,11513856.0,-0.09117268769963023,-0.09711835222745625,11513856.0,-0.019415811480333407,-0.040833934403781316,11513856.0,-0.2756846724078059,-0.3104327978566289
11526144.0,0.8938384441037973,0.887070185256501,11526144.0,-0.09303765808969426,-0.09676568907452747,11526144.0,-0.012955859794601565,-0.035881198098771466,11526144.0,-0.3535543999945124,-0.31375128283786274
11538432.0,0.8916142533222834,0.8880500910803676,11538432.0,-0.08744626003802598,-0.09760424304889359,11538432.0,-0.014046566655451898,-0.030858524124172015,11538432.0,-0.26948198412234586,-0.30770175199334815
11550720.0,0.894862558071812,0.8894653505956134,11550720.0,-0.08966736314080966,-0.0954379479303801,11550720.0,-0.00398363728284797,-0.02553684445277516,11550720.0,-0.283803671443214,-0.3037749326787889
11563008.0,0.8942185696214437,0.8905654865006605,11563008.0,-0.08085982489865273,-0.09353093180203965,11563008.0,-0.0012322030913007136,-0.020956378542420377,11563008.0,-0.3360306106818219,-0.30334144411608577
11575296.0,0.8940284165243307,0.8915594600141048,11575296.0,-0.0849943403833701,-0.09171761252024832,11575296.0,0.001931636417187595,-0.016701666898249333,11575296.0,-0.3798669818788767,-0.31077706067201993
11587584.0,0.8960680837432543,0.8924895809963344,11587584.0,-0.08532767720559302,-0.08930966436746529,11587584.0,0.006250148072164545,-0.012254948844626294,11587584.0,-0.25230094146293897,-0.3069541449270522
11599872.0,0.8950605435917774,0.893288884187738,11599872.0,-0.08748842701121855,-0.08852514928633656,11599872.0,0.010946993933127184,-0.00790426601894675,11599872.0,-0.29857747924203676,-0.30473894111346456
11612160.0,0.8989365547895432,0.8943131376057863,11612160.0,-0.09026911857169277,-0.08807767973824714,11612160.0,0.015578592584157983,-0.00374497479939843,11612160.0,-0.350004349835217,-0.30956353050811836
11624448.0,0.8982308047513167,0.8950952395796776,11624448.0,-0.08057862446973256,-0.08708419815084198,11624448.0,0.017909995882898027,9.83288584999787e-05,11624448.0,-0.3389618208942314,-0.3138266911963001
11636736.0,0.9016375429928303,0.8958495771512389,11636736.0,-0.08869015297386795,-0.08683594467826575,11636736.0,0.020685140043497086,0.004108424010883027,11636736.0,-0.2942427177913487,-0.31568249573465434
11649024.0,0.9006276788810889,0.8965285006289679,11649024.0,-0.08937253311645084,-0.08646943218094141,11649024.0,0.027094312191669207,0.008113441209510106,11649024.0,-0.3710608258843422,-0.31743313832363734
11661312.0,0.902311010286212,0.8975981763253609,11661312.0,-0.08478508079133462,-0.08620331425627228,11661312.0,0.028039866794036545,0.012322084554458948,11661312.0,-0.265033643382291,-0.31698830424963187
11673600.0,0.9048286707450947,0.8985947875926892,11673600.0,-0.07948552753562883,-0.0851851306957542,11673600.0,0.02826562499103602,0.015547010781847347,11673600.0,-0.2861939207650721,-0.3172273291818176
11685888.0,0.9038063324987888,0.8995535638804236,11685888.0,-0.08212109575348829,-0.08531125778123776,11685888.0,0.032565747222785525,0.018926805813255974,11685888.0,-0.34395608957856894,-0.3180198770714924
11698176.0,0.9074282372991244,0.900893545957903,11698176.0,-0.08821529942118407,-0.08563335368501915,11698176.0,0.035728654300328344,0.022306507601570044,11698176.0,-0.3303615500529607,-0.3130693338889008
11710464.0,0.9089226617167393,0.9021790037552515,11710464.0,-0.0921146594870758,-0.08631205191316742,11710464.0,0.03977942080625022,0.025659434874978616,11710464.0,-0.29301447949061793,-0.3171406876916687
11722752.0,0.9064065447698036,0.9033136038730541,11722752.0,-0.08694409399565,-0.08625761861161056,11722752.0,0.04589753568870947,0.029154489050536837,11722752.0,-0.35651405186702806,-0.3229343449541678
11735040.0,0.9093003359933695,0.9043499819934369,11735040.0,-0.08844674799668913,-0.08607538155411021,11735040.0,0.04721499108321344,0.03231812890044238,11735040.0,-0.2980468355429669,-0.3177385935249428
11747328.0,0.9087192341685295,0.9053988249351581,11747328.0,-0.07548396456695627,-0.08556591556383258,11747328.0,0.05356309314568838,0.03588343862672142,11747328.0,-0.2904629505549868,-0.31288870649101835
11759616.0,0.9107046822706858,0.9063055388629435,11759616.0,-0.08069794838957023,-0.0847666951054028,11759616.0,0.056557972818457834,0.03947072190421749,11759616.0,-0.3605788794035713,-0.31952232265224056
11771904.0,0.9112414109210173,0.9073669120669365,11771904.0,-0.08127510177534229,-0.08395695197129195,11771904.0,0.06048951131136467,0.04281024181618704,11771904.0,-0.2989682424813509,-0.31231306431194145
11784192.0,0.9097842518240213,0.9081142362207174,11784192.0,-0.08747233071092826,-0.08422567696325131,11784192.0,0.06541595549788326,0.04654785068657171,11784192.0,-0.2920784894376993,-0.3150175489174823
11796480.0,0.9102750613043705,0.9086588752766451,11796480.0,-0.08774398796958849,-0.08505152300664728,11796480.0,0.06460118068692584,0.0501814062561607,11796480.0,-0.33729969353104633,-0.3201281261940797
11808768.0,0.9112490266561508,0.9094031446923811,11808768.0,-0.08870708392350934,-0.08571012182364939,11808768.0,0.07257787178969011,0.05418261871285115,11808768.0,-0.3053056282612185,-0.3162630800623446
11821056.0,0.9125962195297083,0.9099199429154398,11821056.0,-0.08668988416320644,-0.08555758029785163,11821056.0,0.08354386974436541,0.05896414025725486,11821056.0,-0.3000736470955114,-0.3132342897665997
11833344.0,0.9130212577680746,0.9103298025205732,11833344.0,-0.06288872389995959,-0.08263498673914,11833344.0,0.08364669183113922,0.06335086735974377,11833344.0,-0.3311952945465843,-0.3170523712721963
11845632.0,0.9128938658783833,0.9109785346314311,11845632.0,-0.0761474746541353,-0.08155532480498853,11845632.0,0.09199188114143908,0.06796030190501673,11845632.0,-0.3127246095488469,-0.31267342704037826
11857920.0,0.9148063268512487,0.911529133717219,11857920.0,-0.07349186740854445,-0.08005983674617406,11857920.0,0.10015193896833807,0.0732539966935292,11857920.0,-0.3238084609620273,-0.31524958958228433
11870208.0,0.9176750636349121,0.9124247166638574,11870208.0,-0.08111905957048293,-0.08062334624652673,11870208.0,0.11431901273317635,0.07932958865227799,11870208.0,-0.2527773297236611,-0.31148102749915174
11882496.0,0.9186114321152369,0.9132153916483123,11882496.0,-0.07502405530249234,-0.08005595693781895,11882496.0,0.11800737143494189,0.08547452851392638,11882496.0,-0.29189965936044854,-0.30461310549483944
11894784.0,0.9107921614001194,0.9131704666962225,11894784.0,-0.0689132433811513,-0.07881977109839985,11894784.0,0.1275140723058333,0.09217698461337326,11894784.0,-0.31944342066223425,-0.30666062331292776
11907072.0,0.8909766419480244,0.9112897057086228,11907072.0,-0.06441716277428593,-0.07651425430473562,11907072.0,0.1383299808949232,0.09946838715307725,11907072.0,-0.32446328302224475,-0.3098991026713823
11919360.0,0.9082387698193392,0.9110860765601199,11919360.0,-0.07777776166525048,-0.07551763167430181,11919360.0,0.1535572053398937,0.10836398961837404,11919360.0,-0.3205954059958458,-0.30822867391786224
11931648.0,0.92070237112542,0.9120314110070467,11931648.0,-0.06858355867734645,-0.07350527914968553,11931648.0,0.16808415840690336,0.11791461828009535,11931648.0,-0.3227749913930893,-0.30997561023104936
11943936.0,0.9219306868811449,0.9129648577421904,11943936.0,-0.06732109082804527,-0.0715683998161694,11943936.0,0.17771497803429762,0.12733172910908858,11943936.0,-0.2953967045371731,-0.30950791597521554
11956224.0,0.922121205056707,0.9138748524710536,11956224.0,-0.0661033024613668,-0.07188985767231013,11956224.0,0.19619716005399823,0.1385867759313745,11956224.0,-0.2710135669137041,-0.30348974321192757
11968512.0,0.8942572635908922,0.9120111922423046,11968512.0,-0.07025544890590633,-0.07130065509748722,11968512.0,0.20713631917412081,0.1501012197346427,11968512.0,-0.2913795380542676,-0.3013552360624695
11980800.0,0.9022641206781069,0.9107569716249904,11980800.0,-0.06684635276421129,-0.0706361036330539,11980800.0,0.21354581198344627,0.1614406070361535,11980800.0,-0.325333786662668,-0.30150776863253365
11993088.0,0.8900380277385315,0.9079932680353522,11993088.0,-0.060531228683733694,-0.068577320544379,11993088.0,0.2188053309607009,0.17188923885890595,11993088.0,-0.3691408059870203,-0.31314411625886956
12005376.0,0.8449461553245783,0.9006267403562864,12005376.0,-0.07212369486417931,-0.06828728450054769,12005376.0,0.2315102149732411,0.18323952321273587,12005376.0,-0.26505843286092085,-0.31045999360891685
12017664.0,0.9027112970749537,0.8998186539237698,12017664.0,-0.06747186322657701,-0.06814314648509026,12017664.0,0.24345562343175212,0.19483367832532775,12017664.0,-0.28240907192230225,-0.3067565587349236
12029952.0,0.9065140566478173,0.9013723953937489,12029952.0,-0.05014164434881726,-0.0667155946425434,12029952.0,0.2599611923409005,0.20699679946992547,12029952.0,-0.313823776319623,-0.3056926080646615
12042240.0,0.8602157750477394,0.8965700959165892,12042240.0,-0.053850240389389605,-0.0643228425149573,12042240.0,0.26104051154106855,0.21774513009004295,12042240.0,-0.3689170265570283,-0.31052477012077967
12054528.0,0.8583509412904581,0.890334952933093,12054528.0,-0.06797558238031343,-0.06426204488525399,12054528.0,0.2613605745136738,0.22707277170072,12054528.0,-0.3191672049773236,-0.31016399147920315
12066816.0,0.8829926357915004,0.8864411478241283,12066816.0,-0.06252843723147332,-0.0637827795255968,12066816.0,0.311768358728538,0.240478109770144,12066816.0,-0.28764604187260073,-0.30938892521274586
12079104.0,0.8883364498615265,0.8830626723046106,12079104.0,-0.056760348981091134,-0.06284848417756923,12079104.0,0.4293461072569092,0.26379300449043513,12079104.0,-0.2996494392864406,-0.3122525124500195
12091392.0,0.8919570203870535,0.8828326479842266,12091392.0,-0.05898872210430758,-0.061721811497409365,12091392.0,0.2830566105743249,0.2713850336304556,12091392.0,-0.3444411226858695,-0.31755867091317974
12103680.0,0.888951209684213,0.8815013568848371,12103680.0,-0.05833455563212434,-0.06087063178420067,12103680.0,0.2869922885050376,0.27872968128261466,12103680.0,-0.33181138802319765,-0.3182064310492327
12115968.0,0.9012086937824885,0.8826184234892329,12115968.0,-0.045344599750630245,-0.05935196889089032,12115968.0,0.2959399308698873,0.2864431412735333,12115968.0,-0.32889307973285514,-0.3141816584238162
12128256.0,0.873201963181297,0.8854440042749048,12128256.0,-0.051475734791893046,-0.0572871728836617,12128256.0,0.3192590926773846,0.2952180290439476,12128256.0,-0.23472252173814923,-0.311148067311539
12140544.0,0.910298723106583,0.8862027468780678,12140544.0,-0.054802626267094944,-0.0560202491877135,12140544.0,0.3235824373550713,0.3032307104362796,12140544.0,-0.2881184262223542,-0.3117190027415442
12152832.0,0.9187831909706196,0.887429660310348,12152832.0,-0.048784962573942416,-0.055884581010225996,12152832.0,0.399598041549325,0.317194395357122,12152832.0,-0.32980257365852594,-0.3133168824754345
12165120.0,0.9198075532913208,0.893388838134706,12165120.0,-0.04565457160545824,-0.05506501413183288,12165120.0,0.313168625968198,0.322407206799835,12165120.0,-0.26956724484140676,-0.3033819043038723
12177408.0,0.9078288711607456,0.8983366311217349,12177408.0,-0.05538042685657274,-0.0538054985794588,12177408.0,0.32124530042832095,0.32839567939129966,12177408.0,-0.27310470833132666,-0.2987756546392726
12189696.0,0.8917854956040779,0.8992159171029925,12189696.0,-0.04166813844737286,-0.05171946870104875,12189696.0,0.3288481963487963,0.3301036631533255,12189696.0,-0.3320783320814371,-0.30321888366015626
12201984.0,0.8377505155901114,0.894157323675851,12201984.0,-0.04566218068551583,-0.050609651871491225,12201984.0,0.32980066630989313,0.3201491190586239,12201984.0,-0.337696375635763,-0.30702357729508856
12214272.0,0.8316816091537476,0.8881297825525204,12214272.0,-0.04535155698734646,-0.049245935359795115,12214272.0,0.3462235730451842,0.3264658153057099,12214272.0,-0.2576576358017822,-0.29834522860667984
12226560.0,0.8939755633473396,0.888632217918833,12226560.0,-0.04708124707394745,-0.04812060450397742,12226560.0,0.3572274292819202,0.33348932938339815,12226560.0,-0.28853273562466103,-0.29401736336682616
12238848.0,0.9251308956493934,0.8910244381055236,12238848.0,-0.03656539157964289,-0.047242683686878686,12238848.0,0.3678797491205235,0.34068331120846174,12238848.0,-0.30188886060689885,-0.29131694145423054
12251136.0,0.9011394723008076,0.8938181890174747,12251136.0,-0.038468311562610324,-0.04594194136395042,12251136.0,0.3619559337384999,0.34495299531457324,12251136.0,-0.3512761350721121,-0.3029723027876268
12263424.0,0.856486656392614,0.8884369823460776,12263424.0,-0.041671057736190655,-0.04462878451085999,12263424.0,0.3585601164959371,0.3484507632286598,12263424.0,-0.3292418693502744,-0.30708464710041883
12275712.0,0.8639056651542584,0.8829492297644416,12275712.0,-0.041079612041357905,-0.04385824945760154,12275712.0,0.3707231998754044,0.34556327906126777,12275712.0,-0.2817991375923157,-0.30228430349379776
12288000.0,0.9295039679855108,0.8839188712338608,12288000.0,-0.03685019089607522,-0.042977811386663234,12288000.0,0.36017887278770405,0.3502643037432184,12288000.0,-0.33126808361460763,-0.3084543873711179
12288.0,0.21137546708147661,0.8142735308259337,12288.0,-0.15580679632451697,-0.05302044833345766,12288.0,-0.15580679632451697,0.3025590940679346,12288.0,-0.07537071621239495,-0.2886809881592247
24576.0,-1.6158662233501673,0.5635083589305092,24576.0,-1.3660941080500681,-0.1854630452937272,24576.0,-1.3660941080500681,0.1330648636280481,24576.0,-1.0781537195046742,-0.36328852690154845
36864.0,-1.5578472521156073,0.3239485821599374,36864.0,-0.8312851935625076,-0.26402534658142635,36864.0,-0.8312851935625076,0.016956277640808072,36864.0,-0.8832233417779207,-0.41784122351576414
49152.0,-1.440370027596752,0.0967434184848874,49152.0,-0.6618493686740597,-0.32567512775009766,49152.0,-0.6618493686740597,-0.08385101653111633,49152.0,-0.661664478170375,-0.4582419077526235
61440.0,-1.438658095896244,-0.13651994743947096,61440.0,-0.5814144294708967,-0.3791084459897926,61440.0,-0.5814144294708967,-0.17771520240639802,61440.0,-0.5491716830680767,-0.48430580249696503
73728.0,-1.5347609762102365,-0.38250913462543396,73728.0,-0.523023085979124,-0.42775421542974074,73728.0,-0.523023085979124,-0.2668054859163628,73728.0,-0.5067639385039607,-0.5047933102866712
86016.0,-1.6267541237175465,-0.6352984942272694,86016.0,-0.4748984606315692,-0.4713972303366366,86016.0,-0.4748984606315692,-0.3504909253533697,86016.0,-0.4486828275645773,-0.5145339795359177
98304.0,-1.721772534151872,-0.8931244132817181,98304.0,-0.43841834738850594,-0.5110719593018682,98304.0,-0.43841834738850594,-0.43018877174181397,98304.0,-0.4429315282031894,-0.5259029454212093
110592.0,-1.7931669875979424,-1.1588316785569381,110592.0,-0.41229562802861136,-0.5481935609005935,110592.0,-0.41229562802861136,-0.5084906545322155,110592.0,-0.4067519533758362,-0.5383982269995612
122880.0,-1.883650799592336,-1.4401471553147227,122880.0,-0.3929478262240688,-0.5838033244333929,122880.0,-0.3929478262240688,-0.5838033244333929,122880.0,-0.3724540648981929,-0.5425168251279198
135168.0,-1.9801619214316208,-1.6593008941660325,135168.0,-0.36894985288381577,-0.6051176300893227,135168.0,-0.36894985288381577,-0.6051176300893227,135168.0,-0.3640393769989411,-0.5713836912065744
147456.0,-2.0265194910267987,-1.7003662209336956,147456.0,-0.3510291405643026,-0.5036111333407463,147456.0,-0.3510291405643026,-0.5036111333407463,147456.0,-0.34741382393985987,-0.49830970165009303
159744.0,-1.9923761772612731,-1.7438191134482621,159744.0,-0.33482279861345887,-0.45396489384584127,159744.0,-0.33482279861345887,-0.45396489384584127,159744.0,-0.3279016927505533,-0.4427775367473562
172032.0,-1.8353094905614853,-1.7833130597447355,172032.0,-0.32161243570347625,-0.4199412005487829,172032.0,-0.32161243570347625,-0.4199412005487829,172032.0,-0.30967291180665296,-0.407578380110984
184320.0,-1.8019684677322705,-1.819644096928338,184320.0,-0.30976528860628605,-0.39277628646232193,184320.0,-0.3096878581369917,-0.39276854341539247,184320.0,-0.3091072659008205,-0.3835719383942584
196608.0,-1.8380705416202545,-1.8499750534693398,196608.0,-0.2959101442247629,-0.3700649922868858,196608.0,-0.29594656964764,-0.370060891782244,196608.0,-0.2955308489811917,-0.36244862944198153
208896.0,-1.8344865068793297,-1.870748291785518,208896.0,-0.2881609081911544,-0.3513912370428443,208896.0,-0.28830255459373194,-0.35140130117846036,208896.0,-0.28358139330521226,-0.34593848601604504
221184.0,-1.8466930575668812,-1.8832403441270191,221184.0,-0.2808887593758603,-0.3356382782415797,221184.0,-0.2807635154264669,-0.3356358179822564,221184.0,-0.2788124483389159,-0.32952657802961766
233472.0,-1.83667628839612,-1.8875912742068368,233472.0,-0.2691522967070341,-0.321323945109422,233472.0,-0.27126265161981183,-0.32153252034137647,233472.0,-0.25718050900225836,-0.3145694335922599
245760.0,-1.8085871177415054,-1.8800849060217542,245760.0,-0.2601975556463003,-0.30804891805164514,245760.0,-0.2611014156912764,-0.30834787928809726,245760.0,-0.2632569773122668,-0.30364972483366726
258048.0,-1.7766188991566498,-1.8597306037942567,258048.0,-0.2574672168120742,-0.296900654444471,258048.0,-0.2576752208794157,-0.2972204160876572,258048.0,-0.2495063110254705,-0.29219641823632025
270336.0,-1.7400903155406315,-1.83108768624564,270336.0,-0.24465402122586966,-0.2862631425106277,270336.0,-0.23759681032970548,-0.28587718306419746,270336.0,-0.24844768084585667,-0.2822998039269199
282624.0,-1.7010216017564137,-1.801952228695154,282624.0,-0.24430237989872694,-0.2772111006391545,282624.0,-0.24658697145059705,-0.27705360034791127,282624.0,-0.23982863950853547,-0.2734924986027181
294912.0,-1.6630343074599903,-1.7847247103850048,294912.0,-0.24194956508775553,-0.26924481357758245,294912.0,-0.24152180971577764,-0.26904453774914144,294912.0,-0.23487126252924403,-0.26601233367497723
307200.0,-1.6388793649772804,-1.7684158001095056,307200.0,-0.2346985520174106,-0.26173813991869493,307200.0,-0.23613641473154226,-0.2616893934085965,307200.0,-0.2310408934329947,-0.2582056964281947
319488.0,-1.6051276549696922,-1.7451215114444494,319488.0,-0.23051004949957132,-0.2551981304461758,319488.0,-0.22424964404975375,-0.2545197008488079,319488.0,-0.22605522209778428,-0.2512581337398539
331776.0,-1.5722809384266536,-1.718900954599182,331776.0,-0.22780327452346683,-0.24916236707940698,331776.0,-0.22416694943482676,-0.24810614033291736,331776.0,-0.22513074536497393,-0.24541306894583004
344064.0,-1.5613273680210114,-1.6903643856445947,344064.0,-0.2204294583449761,-0.24311643697631857,344064.0,-0.2196530713699758,-0.24199509592726826,344064.0,-0.21133622146832445,-0.2386654462587709
356352.0,-1.5666822232306004,-1.6633649791280427,356352.0,-0.21969328929359713,-0.23817053623497486,356352.0,-0.21643803175538778,-0.23651263394082583,356352.0,-0.21680641810720166,-0.23462803716926528
368640.0,-1.5692010819911957,-1.6394263755530118,368640.0,-0.21288489239911237,-0.23343926991025604,368640.0,-0.21113574194411436,-0.23151606656610965,368640.0,-0.2144448043157657,-0.22974681986961518
380928.0,-1.5724432257314522,-1.619008808210492,380928.0,-0.21068549497673908,-0.22876109772672254,380928.0,-0.21143796776110926,-0.22689234125427898,380928.0,-0.20579908865814409,-0.22537609763288252
393216.0,-1.5587058998644352,-1.6008703666428725,393216.0,-0.20844999747350812,-0.22514069535148643,393216.0,-0.20940394916882119,-0.2240730551381906,393216.0,-0.20761001265297332,-0.22129233081359417
405504.0,-1.5497542284429073,-1.5857436293115217,405504.0,-0.20498861419036984,-0.2212093187806507,405504.0,-0.20597994544853768,-0.22001235253798462,405504.0,-0.20425836105520526,-0.21773530296826116
417792.0,-1.5539730849365394,-1.574837507059177,417792.0,-0.20193745413174233,-0.2172081076850494,417792.0,-0.20271141144136587,-0.21613131271054345,417792.0,-0.20106101222336292,-0.21435427793767303
430080.0,-1.5520409072438877,-1.5661536612858373,430080.0,-0.19873642874881625,-0.21361189535818995,430080.0,-0.19972494772324959,-0.2124901660097142,430080.0,-0.19800903492917618,-0.21105109208729117
442368.0,-1.5139107555150986,-1.5570319713403782,442368.0,-0.19579633061463633,-0.21014052346969642,442368.0,-0.1967508145608008,-0.2097402830608189,442368.0,-0.19509196265911063,-0.20795476614342379
454656.0,-1.5339694023132324,-1.5532008177290362,454656.0,-0.1930942751156787,-0.20666962352891766,454656.0,-0.19381716459368667,-0.20670530457670488,454656.0,-0.19229749962687492,-0.20467144156961395
466944.0,-1.5685438886284828,-1.5539224697897833,466944.0,-0.19044294658427438,-0.20367097235284745,466944.0,-0.1912479914414386,-0.20386479658385115,466944.0,-0.1896247862217327,-0.20250029804495476
479232.0,-1.604779629657666,-1.5577322104324898,479232.0,-0.18768452744310102,-0.20047009616779782,479232.0,-0.1885758194451531,-0.20107857535282775,479232.0,-0.18705810264994702,-0.19952546649922925
491520.0,-1.636829788486163,-1.5644950810819864,491520.0,-0.18537211682026586,-0.19771881860991317,491520.0,-0.18613460706546903,-0.19857846186496314,491520.0,-0.18459307247151932,-0.1965402933148046
503808.0,-1.6673739192386468,-1.5739881504327058,503808.0,-0.1828939119974772,-0.194939660311987,503808.0,-0.18364896718412638,-0.1957995618072649,503808.0,-0.1822228661427895,-0.1941826710632692
516096.0,-1.738798060764869,-1.5919973665227496,516096.0,-0.180622480964909,-0.1921569086611271,516096.0,-0.18155790322149792,-0.19301495721253256,516096.0,-0.1799197611398995,-0.1914136459119618
528384.0,-1.7205402950445812,-1.6090759731829167,528384.0,-0.17845282951990762,-0.1895033301940809,528384.0,-0.17910474073141813,-0.19032743674082062,528384.0,-0.17721750726923347,-0.18870956053336463
540672.0,-1.5867998984952767,-1.6123586545387905,540672.0,-0.17626708451037607,-0.18693629323194422,540672.0,-0.17701062622169653,-0.18775735821885367,540672.0,-0.17486787354573607,-0.18609024666560192
552960.0,-1.5433296610911686,-1.6114875299235187,552960.0,-0.1741917597440382,-0.18448182633146643,552960.0,-0.17511375900357962,-0.1852962393468867,552960.0,-0.17247263947501779,-0.1835366071201861
565248.0,-1.578338200847308,-1.6179302744567394,565248.0,-0.17223808464283744,-0.18212600173428656,565248.0,-0.17297318701942763,-0.18291847659274935,565248.0,-0.16760486170339087,-0.18078789702461412
577536.0,-1.62130672732989,-1.6266640069584049,577536.0,-0.17030759590367475,-0.17984733381308618,577536.0,-0.17113274056464434,-0.1806500341898451,577536.0,-0.16835314811517796,-0.17839346187344443
589824.0,-1.6592802988986175,-1.6357376479854184,589824.0,-0.1685350826010108,-0.1776565474147598,589824.0,-0.16946029600997767,-0.17847126464669902,589824.0,-0.1642094861405591,-0.17585193186532705
602112.0,-1.6772809127966564,-1.6429877762993175,602112.0,-0.166765792760998,-0.17556467394654948,602112.0,-0.16707013462049267,-0.17632069616423296,602112.0,-0.1594092897915592,-0.17308705057948828
614400.0,-1.6907444683214028,-1.6483792442828418,614400.0,-0.16501972180170318,-0.1735294344446932,614400.0,-0.16591082466766238,-0.17429831792445233,614400.0,-0.15215540188364685,-0.16984328352070102
626688.0,-1.640314097205798,-1.6456732620795567,626688.0,-0.16326963001241288,-0.17156700624618676,626688.0,-0.1642489510898789,-0.17235831631502757,626688.0,-0.14669725011723736,-0.1662907219181458
638976.0,-1.6607654144366581,-1.6378699974467357,638976.0,-0.1617604016015927,-0.16968079830985516,638976.0,-0.16213610908016562,-0.17041613690089435,638976.0,-0.14174470476185283,-0.16247321628034114
651264.0,-1.6781373905638854,-1.6336297069986663,651264.0,-0.16009736387059093,-0.1678452517449235,651264.0,-0.1608812821408113,-0.16859379104183364,651264.0,-0.13152617386852702,-0.15790408294027047
663552.0,-1.6778642299274604,-1.6427361401418845,663552.0,-0.15837884112261236,-0.16605642740614712,663552.0,-0.15924669716817638,-0.16681739813648164,663552.0,-0.1315169035612295,-0.15356898594181984
675840.0,-1.6900443111856778,-1.6574076051513356,675840.0,-0.15716633029902974,-0.16435388446164628,675840.0,-0.15778749513750276,-0.16508477174987396,675840.0,-0.1277947120834142,-0.1491011932026595
688128.0,-1.6710950049261253,-1.6666832855592173,688128.0,-0.1554754818789661,-0.16267762418525916,688128.0,-0.15616530715487897,-0.16340398376341908,688128.0,-0.12778741183380285,-0.14511944821570072
700416.0,-1.6502958709994953,-1.6695821999261777,700416.0,-0.15413379948586226,-0.1610602445434779,700416.0,-0.1552016909699887,-0.16181087880395353,700416.0,-0.12135368717523913,-0.1404195021217068
712704.0,-1.6292924508452415,-1.66658341512084,712704.0,-0.15290429753561816,-0.15949716603693861,712704.0,-0.15341264102607965,-0.16020611330556372,712704.0,-0.11818788417925437,-0.13581734192557632
724992.0,-1.6070375181734562,-1.6595590756585203,724992.0,-0.15145762792478004,-0.15796634955331684,724992.0,-0.15213165696089467,-0.15871226553960394,724992.0,-0.1174038453027606,-0.13161679747669647
737280.0,-1.5857581545909245,-1.6490604442854722,737280.0,-0.15021150140091777,-0.1564855275132383,737280.0,-0.1509754438108454,-0.15721872745392224,737280.0,-0.11364796160099407,-0.12776605344843117
749568.0,-1.5673418467243512,-1.6417632192373275,749568.0,-0.1489712845068425,-0.15505569296268124,749568.0,-0.1493396208776782,-0.15572779443270218,749568.0,-0.11487938680996497,-0.12458426711770394
761856.0,-1.5496372729539871,-1.6306504050890607,761856.0,-0.14742977234224477,-0.15362263003674645,761856.0,-0.1487489485492309,-0.1543890783796087,761856.0,-0.11104406447460254,-0.12151420308897891
774144.0,-1.532042756676674,-1.6160409417003394,774144.0,-0.1463951343515267,-0.15225240708484003,774144.0,-0.14732932159677148,-0.1530338823252047,774144.0,-0.11294609812709193,-0.11965619551483542
786432.0,-1.5140191440780957,-1.5996564331154028,786432.0,-0.14524822232003012,-0.1509393452045818,786432.0,-0.14594354829750955,-0.15170356743813804,786432.0,-0.10749042600703736,-0.11725354775941618
798720.0,-1.4972480610013008,-1.5803768080969651,798720.0,-0.14400872347565988,-0.14962358452224483,798720.0,-0.14496286717864373,-0.15042110464225214,798720.0,-0.10863510107931991,-0.11533758665900676
811008.0,-1.479946178694566,-1.5612619254738092,811008.0,-0.14313740112508336,-0.14838977644685655,811008.0,-0.14367132820189,-0.14917170674695324,811008.0,-0.10426035166407625,-0.11298488064203412
823296.0,-1.4655383961896102,-1.5427861779928207,823296.0,-0.1419640681706369,-0.14717280331533403,823296.0,-0.14291647635400295,-0.14794318528535466,823296.0,-0.10578646642776827,-0.11142815856728702
835584.0,-1.4485694604615371,-1.52471387895445,835584.0,-0.14079790352843702,-0.1459621639146159,835584.0,-0.14160502911545336,-0.14676242409429202,835584.0,-0.10101578772688906,-0.1097109489220505
847872.0,-1.4356382091840107,-1.5075739480555057,847872.0,-0.13974541324811676,-0.1447909424469496,847872.0,-0.1407639718769739,-0.14562565558589996,847872.0,-0.09766786157463987,-0.10773735054923841
860160.0,-1.4240067874391873,-1.491398811340332,860160.0,-0.13863955484703183,-0.143633747791561,860160.0,-0.13959790440276265,-0.14448790164509168,860160.0,-0.09873966515685122,-0.10624652090482414
872448.0,-1.4061627474923928,-1.4752809014171362,872448.0,-0.13780807851192853,-0.14251742719206956,872448.0,-0.13851803036717078,-0.1434057425940409,872448.0,-0.09132669982500374,-0.103891252206328
884736.0,-1.3851078152656555,-1.458827955648303,884736.0,-0.1368781057341645,-0.14146226053126157,884736.0,-0.1375243813575556,-0.14228328587487338,884736.0,-0.08757649292238057,-0.10154449505110583
897024.0,-1.3349493239074945,-1.439118612371385,897024.0,-0.1358739830708752,-0.14041014540319643,897024.0,-0.13671752663018802,-0.14122210637821503,897024.0,-0.07855237471327807,-0.09810512270972443
909312.0,-1.3558334559202194,-1.4233000435555974,909312.0,-0.13473912646683553,-0.13935923581787696,909312.0,-0.13566501376529536,-0.14019425292499363,909312.0,-0.07468458156411846,-0.09482453826543255
921600.0,-1.333763017008702,-1.4069515391563374,921600.0,-0.1337323330808431,-0.1383315967783953,921600.0,-0.13478579527388015,-0.13917654573451727,921600.0,-0.07281460151231538,-0.09124248830873209
933888.0,-1.3093998041003942,-1.3898969016969203,933888.0,-0.1330909477546811,-0.13732695144135504,933888.0,-0.1337184694906076,-0.13818125986338906,933888.0,-0.06590162539699425,-0.08740661568202389
946176.0,-1.311216823135813,-1.3744647443915405,946176.0,-0.13220320494535068,-0.13635086511882644,946176.0,-0.13283630887356898,-0.13717324311534562,946176.0,-0.06239103898406029,-0.0830670729376531
958464.0,-1.2992786423613627,-1.3595356625815236,958464.0,-0.13137840821097294,-0.13540891558708004,958464.0,-0.13236479903571308,-0.1362492201073716,958464.0,-0.05785100794552515,-0.0787505949595167
970752.0,-1.269196132818858,-1.342891454945008,970752.0,-0.13054647389799356,-0.13448902165206772,970752.0,-0.13121886613468328,-0.13529470953314254,970752.0,-0.05514928011689335,-0.07449873681374206
983040.0,-1.2454812955111265,-1.3250389057522018,983040.0,-0.12970729482670626,-0.13359579565003513,983040.0,-0.13064156581337252,-0.13439907567420356,983040.0,-0.04671036537426213,-0.06929580683548313
995328.0,-1.2308804281055927,-1.3075106738135218,995328.0,-0.12902331406561038,-0.1327173192054033,995328.0,-0.12945510594484708,-0.13349278323197117,995328.0,-0.03544646157145811,-0.06370778301012857
1007616.0,-1.2222806103527546,-1.2912279533222317,1007616.0,-0.1280455676993976,-0.13183406540192663,1007616.0,-0.12865164371517798,-0.1326055094677334,1007616.0,-0.026951995207734097,-0.05764533323866392
1019904.0,-1.1765219712009032,-1.2753852180515728,1019904.0,-0.12730197810257474,-0.13097686490509658,1019904.0,-0.1280721235089004,-0.13174096915560465,1019904.0,-0.02168651087170777,-0.051958746854506896
1032192.0,-1.1987399018059175,-1.2596758626401425,1032192.0,-0.1266373694719126,-0.13016668920560429,1032192.0,-0.12719612242653966,-0.1308940800217291,1032192.0,-0.013154369250211554,-0.0458057256231162
1044480.0,-1.1876208111643791,-1.2450616420557101,1044480.0,-0.12582271608213583,-0.12937572750573356,1044480.0,-0.12665189305941263,-0.1300806898002823,1044480.0,-0.007341054377320688,-0.039258370909616744
1056768.0,-1.0532576472808917,-1.21944742637376,1056768.0,-0.12500542704947293,-0.12856717543521276,1056768.0,-0.12568049932209155,-0.12927689278343074,1056768.0,0.0011783591421211288,-0.032550372455705204
1069056.0,-1.0787571209172409,-1.1962014561519028,1069056.0,-0.12454273854382336,-0.12780112879506,1069056.0,-0.12521896813996136,-0.12851515871006994,1069056.0,0.010540884528988196,-0.02525718010440035
1081344.0,-1.0654466977963846,-1.1728182616954048,1081344.0,-0.12376045691780746,-0.12703933366574346,1081344.0,-0.12442076276056468,-0.12772075508255512,1081344.0,0.018638233401967835,-0.017608255969651054
1093632.0,-1.1114201626429956,-1.1570406646778184,1093632.0,-0.12295701478918393,-0.1262803877548625,1093632.0,-0.12342454842291772,-0.12694132331137858,1093632.0,0.02957599617851277,-0.00913572834011044
1105920.0,-1.0853949344406526,-1.1410320285707711,1105920.0,-0.12208412083176275,-0.12551807035536813,1105920.0,-0.12309134122915566,-0.12618630085295687,1105920.0,0.0409106207662262,-0.0003736297260616084
1118208.0,-0.9916014398137728,-1.1171041297415891,1118208.0,-0.12155631006074448,-0.12477136995488154,1118208.0,-0.12237572398347159,-0.12547836265681933,1118208.0,0.05480921536218375,0.008651937967302578
1130496.0,-0.9226328482230505,-1.087139353528619,1130496.0,-0.1207478401872019,-0.124041597203662,1130496.0,-0.1217413261377563,-0.12478733089907715,1130496.0,0.059886012226343155,0.017335738710710303
1142784.0,-1.0275161657482386,-1.0722387729833525,1142784.0,-0.12026182375848293,-0.12333758176925283,1142784.0,-0.12096658473213513,-0.1240767770214006,1142784.0,0.06579227058682591,0.026083616856563675
1155072.0,-0.9483741621176401,-1.0472021990145246,1155072.0,-0.11952226469293237,-0.12262607129135479,1155072.0,-0.12049083683329324,-0.123406248462076,1155072.0,0.0846529450500384,0.03586434828658867
1167360.0,-0.8746271121005217,-1.0159028291081387,1167360.0,-0.11880040331743658,-0.12192384001488488,1167360.0,-0.11951015090259413,-0.12269207424639414,1167360.0,0.08264611339351784,0.04486306506367252
1179648.0,-0.7789961975067854,-0.9884766841307282,1179648.0,-0.11826857194925348,-0.12125015450486291,1179648.0,-0.11937748182875414,-0.12206177249706038,1179648.0,0.10124843505521615,0.05487007265498202
1191936.0,-0.6975772806132833,-0.9503587001003325,1191936.0,-0.11731059515538315,-0.12052694016601892,1191936.0,-0.11822675145231187,-0.12136255082829543,1191936.0,0.11269224101367097,0.0650852083034503
1204224.0,-0.6119516212493181,-0.9050091924456259,1204224.0,-0.11681057792156935,-0.11983195226639509,1204224.0,-0.11828023917041719,-0.12074849846928068,1204224.0,0.15687749884091318,0.07890913484734483
1216512.0,-0.5765598515669504,-0.8515231613380214,1216512.0,-0.11618810698079567,-0.11915506148555628,1216512.0,-0.1170168276100109,-0.12010772638799001,1216512.0,0.13504283386282623,0.08945581861577619
1228800.0,-0.6157342791557312,-0.8045570958095294,1228800.0,-0.11591688613407314,-0.11853833801578731,1228800.0,-0.11699706711806357,-0.1194982989768808,1228800.0,0.1452241650937746,0.09988717304853102
1241088.0,-0.5936679414783915,-0.7647637459759911,1241088.0,-0.11522333510220051,-0.11790504051993292,1241088.0,-0.11587303263756137,-0.11884802984228979,1241088.0,0.21191835077479482,0.11559808658979213
1253376.0,-0.551414885558188,-0.7276419497095048,1253376.0,-0.11446223695141573,-0.11727648019635428,1253376.0,-0.11605301996072133,-0.1182791992245863,1253376.0,0.21251469664275646,0.13086095503143344
1265664.0,-0.5338010468209783,-0.6782704378167789,1265664.0,-0.11403208691626787,-0.11665350651213277,1265664.0,-0.1149287656104813,-0.1176754173124209,1265664.0,0.2042200582412382,0.14470373379687468
1277952.0,-0.5077892451857527,-0.63421194612359,1277952.0,-0.11315484624356031,-0.1160167646671956,1277952.0,-0.11436952945465843,-0.11706328657455745,1277952.0,0.20026016080131134,0.15626445537200195
1290240.0,-0.471242096585532,-0.593873444572091,1290240.0,-0.11274257698096335,-0.11541098203354824,1290240.0,-0.11386555472078423,-0.11649882695637645,1290240.0,0.2390742820377151,0.17190727223642172
1302528.0,-0.4293500116715829,-0.5589088259885708,1302528.0,-0.11212434045349558,-0.11479655888397247,1302528.0,-0.11290380614809692,-0.11585145938831072,1302528.0,0.27590286219492555,0.18937271495039265
1314816.0,-0.42259507967780036,-0.5314106058950225,1314816.0,-0.11167775195402403,-0.11423327456383654,1314816.0,-0.11258284732078512,-0.11528706897515803,1314816.0,0.30823135779549676,0.20892662662857525
1327104.0,-0.3904190578808387,-0.5092573495581746,1327104.0,-0.11127328942529857,-0.11367954571420946,1327104.0,-0.11216476016367476,-0.1146755210744838,1327104.0,0.2722962076465289,0.2204684975091368
1339392.0,-0.375859637123843,-0.4891873281138638,1339392.0,-0.11077734626208742,-0.11313846964233865,1339392.0,-0.11161692168874045,-0.11413553048235674,1339392.0,0.31007605061555904,0.23797181918441007
1351680.0,-0.4219626737758517,-0.46981016757587596,1351680.0,-0.11016583256423473,-0.11256336428535481,1351680.0,-0.1107664997689426,-0.11351247374744464,1351680.0,0.33246307261288166,0.2566957099363208
1363968.0,-0.5416175676509738,-0.4646051301931341,1363968.0,-0.10955689878513415,-0.11199672065364816,1363968.0,-0.1109083448536694,-0.11301600496905546,1363968.0,0.3014002142784496,0.2656438962866863
1376256.0,-0.6887802829345068,-0.478341669930766,1376256.0,-0.10928361404997607,-0.1114788583635042,1376256.0,-0.10967734269797802,-0.11237843724278111,1376256.0,0.34610991226509213,0.27900341784891985
1388544.0,-0.6942248698323965,-0.49438405223190784,1388544.0,-0.10878965739781658,-0.11095461541165907,1388544.0,-0.10933642655921479,-0.11181920333765445,1388544.0,0.312962190558513,0.28987763108064735
1400832.0,-0.667628432624042,-0.5103679709757368,1400832.0,-0.10801640036515892,-0.11044077082381894,1400832.0,-0.10878089481654267,-0.1112603398738429,1400832.0,0.26658052097385126,0.29650966709790133
1413120.0,-0.6271792640909553,-0.5259616877262792,1413120.0,-0.10767260729335248,-0.10993377385505784,1413120.0,-0.1083169454553475,-0.11070547894729921,1413120.0,0.36778443415338796,0.3093806823094686
1425408.0,-0.6185031918187937,-0.5448770057410002,1425408.0,-0.10752706004617114,-0.1094740458143254,1425408.0,-0.10792982430818181,-0.11020808076330771,1425408.0,0.31674962351098657,0.3134653584410747
1437696.0,-0.5882116590316097,-0.5614386636763811,1437696.0,-0.10657842263268928,-0.10896411288219195,1437696.0,-0.10711577069014311,-0.10966137310024351,1437696.0,0.29497660091146827,0.31213988275267185
1449984.0,-0.57161600732555,-0.5795583586208523,1449984.0,-0.10646999278105795,-0.10848378321776786,1449984.0,-0.10721973430675764,-0.10916687051455179,1449984.0,0.35149187066902715,0.3200594490549217
1462272.0,-0.5916923135519028,-0.6011416262636582,1462272.0,-0.10588752990588546,-0.10799480158214766,1462272.0,-0.10660174799462159,-0.10866535314513992,1462272.0,0.3419046946801245,0.3232423134613782
1474560.0,-0.5898612706611553,-0.6179314859521886,1474560.0,-0.10539687339526911,-0.10751790566525113,1474560.0,-0.10576633084565401,-0.10816533625281104,1474560.0,0.32233358764400083,0.3222293649644902
1486848.0,-0.6250903553639849,-0.6262787647234898,1486848.0,-0.10488877701573074,-0.1070510934883108,1486848.0,-0.10579659324139357,-0.10765416109158348,1486848.0,0.3724605077877641,0.3293353943154216
1499136.0,-0.6015862695251902,-0.617559363382558,1499136.0,-0.10466645867563784,-0.10658937795087695,1499136.0,-0.10532864998094738,-0.1072192918198804,1499136.0,0.33807341412951547,0.32853174450186395
1511424.0,-0.620357781338195,-0.610172654533138,1511424.0,-0.10399735004951556,-0.10611014721604684,1511424.0,-0.10444354203840096,-0.106730003367799,1511424.0,0.3644793912147482,0.33368346456748743
1523712.0,-0.6302620383600394,-0.6064360151067376,1523712.0,-0.10367160414656003,-0.10567566759418696,1523712.0,-0.10428318513246874,-0.10628023239939163,1523712.0,0.3102953581449886,0.3380549482846012
1536000.0,-0.5556043994923433,-0.5992785286468765,1536000.0,-0.1035022068147858,-0.10525862754633028,1536000.0,-0.1038080642465502,-0.10582934427851191,1536000.0,0.38856593364228803,0.3401330982334912
1548288.0,-0.5580197423696518,-0.5932301837019621,1548288.0,-0.10254334146156907,-0.10476025568787009,1548288.0,-0.10328014513167243,-0.10536437636086096,1548288.0,0.3341027883191903,0.34186841471431156
1560576.0,-0.5553133208304644,-0.5899403498818477,1560576.0,-0.10219351574778557,-0.1043217649993797,1560576.0,-0.10262334377815326,-0.10491513366966196,1560576.0,0.35025864203150076,0.3473966188263148
1572864.0,-0.5580246827254692,-0.5885812174218397,1572864.0,-0.10177067690528929,-0.10385183341180285,1572864.0,-0.10267826736283799,-0.10446098697527002,1572864.0,0.3739961050450802,0.34964704226392007
1585152.0,-0.5823691186184684,-0.5876488979284963,1585152.0,-0.10154930044276018,-0.1034180104654903,1585152.0,-0.101769152097404,-0.10397772738554827,1585152.0,0.3467853808154662,0.3501351108774543
1597440.0,-0.6370600508525968,-0.5923687759476404,1597440.0,-0.10088974803996582,-0.10296729792996,1597440.0,-0.10192166656876604,-0.10359326095785945,1597440.0,0.4413603277256091,0.36203778488561517
1609728.0,-0.6542075608546535,-0.5952804964967072,1609728.0,-0.10057060699909925,-0.10253548092829683,1609728.0,-0.10104502636628847,-0.10311810427034893,1609728.0,0.345933903940022,0.3593851245008409
1622016.0,-0.6835088186586896,-0.6034727514100572,1622016.0,-0.1004885061023136,-0.10211768567096442,1622016.0,-0.10103934622990589,-0.10268917389524479,1622016.0,0.40831134219964343,0.36640891730785374
1634304.0,-0.6745544072861472,-0.6088924140048524,1634304.0,-0.09970249763379495,-0.10168820042939235,1634304.0,-0.10067271433460216,-0.1023120911248649,1634304.0,0.3093336663829784,0.3608943448246767
1646592.0,-0.7133935081462065,-0.6172055609834691,1646592.0,-0.09968229057267308,-0.10128926907200367,1646592.0,-0.1000685579298685,-0.1018906284046049,1646592.0,0.46677356120198965,0.3765421651303768
1658880.0,-0.7113321516662836,-0.6327783362008631,1658880.0,-0.09884382823171715,-0.10082343121369679,1658880.0,-0.10012945191313823,-0.1015227671712637,1658880.0,0.3491808398005863,0.37260365574620663
1671168.0,-0.6816829048718015,-0.6451446524510781,1671168.0,-0.09839004992196958,-0.10040810205973685,1671168.0,-0.09904816839843988,-0.10109956949794045,1671168.0,0.3873555576428771,0.37792893267857536
1683456.0,-0.7019727462902665,-0.6598105949970583,1683456.0,-0.09786646037052076,-0.09997539652201035,1683456.0,-0.0986153866785268,-0.1006987737879778,1683456.0,0.38150423175344866,0.38105349165077007
1695744.0,-0.6630761350194613,-0.6703157402264576,1695744.0,-0.0978283289199074,-0.09958116172347217,1695744.0,-0.09863310656510293,-0.10029425770820428,1695744.0,0.33811468227456015,0.37746534937371806
1708032.0,-0.6389491654311618,-0.6759737449077268,1708032.0,-0.0971221470584472,-0.09913844638504088,1708032.0,-0.09765942317123215,-0.0998832848155871,1708032.0,0.33918413147330284,0.3767052244395017
1720320.0,-0.6234248147035638,-0.6746102212928236,1720320.0,-0.09733973854842286,-0.09878344543588659,1720320.0,-0.09813946912375589,-0.0995050650710861,1720320.0,0.3774936990812421,0.37031856157506504
1732608.0,-0.5968383364379406,-0.6688732988511522,1732608.0,-0.09648613585159183,-0.09837499832113585,1732608.0,-0.09691331186331809,-0.09909189362078906,1732608.0,0.4318521438787381,0.3789103855689367
1744896.0,-0.575810570580264,-0.6581034740433096,1744896.0,-0.09646777909559508,-0.09797292562046399,1744896.0,-0.09690942661836743,-0.0986789016596352,1744896.0,0.31836342237268883,0.3699155935862412
1757184.0,-0.5601407140493393,-0.6466621047196288,1757184.0,-0.09610338051182528,-0.09761301390826703,1757184.0,-0.09624868522708614,-0.09823649874888361,1757184.0,0.4626688016578555,0.38524910711372895
1769472.0,-0.5491965704907974,-0.6302424109540878,1769472.0,-0.09558028813141088,-0.09720281366414081,1769472.0,-0.09632576179380219,-0.09786221913527697,1769472.0,0.35372233018279076,0.373943984011809
1781760.0,-0.5251346652706465,-0.6116226623145241,1781760.0,-0.09517756282972793,-0.09683618712394187,1781760.0,-0.09566501000275214,-0.09741577494423836,1781760.0,0.34148677298799157,0.3731745773305496
1794048.0,-0.5070603974163532,-0.5941604115689795,1794048.0,-0.09486330075499912,-0.09648351220724483,1794048.0,-0.09549655066803098,-0.09706061317119749,1794048.0,0.4597696519146363,0.3804159867577255
1806336.0,-0.48924190923571587,-0.5728873278635243,1806336.0,-0.09469150356017053,-0.09616601652620982,1806336.0,-0.09532601782120764,-0.09673167628546556,1806336.0,0.36705276152739924,0.3789708397351205
1818624.0,-0.4764388787249724,-0.5542236022340755,1818624.0,-0.09406139732648928,-0.09578932336686799,1818624.0,-0.0947084715589881,-0.09633921278485406,1818624.0,0.46049025530616444,0.391208397038281
1830912.0,-0.472764790058136,-0.537605164696773,1830912.0,-0.09405696966374914,-0.09548280562739819,1830912.0,-0.0944647598080337,-0.09601974644853423,1830912.0,0.42394193913787603,0.3996841778047383
1843200.0,-0.4702177361274759,-0.5222844568391641,1843200.0,-0.09352476118753354,-0.09510130789130924,1843200.0,-0.09438732235382001,-0.09564453177154063,1843200.0,0.45508601299176615,0.4074434091957907
1855488.0,-0.463961155153811,-0.5089967387107512,1855488.0,-0.09343375366491576,-0.09479606967264165,1855488.0,-0.09366836639431615,-0.09532003722464044,1855488.0,0.4368642509604494,0.40794461990396175
1867776.0,-0.4552649265776078,-0.49694217431048554,1867776.0,-0.09303497771422069,-0.09445278953450421,1867776.0,-0.09375408408232033,-0.09500450297103574,1867776.0,0.35319532516102,0.41142781018279495
1880064.0,-0.4443762609735131,-0.4853657290029029,1880064.0,-0.09286231019844611,-0.09412868250316629,1880064.0,-0.093367757430921,-0.09471641019141921,1880064.0,0.48324243382861215,0.41348517339987056
1892352.0,-0.43355900949488085,-0.47380197290331133,1892352.0,-0.09239918769647677,-0.0938105724596729,1892352.0,-0.09288221613193552,-0.09437205562523254,1892352.0,0.5078044415762027,0.42889338453921183
1904640.0,-0.4282815574357907,-0.4641166621198257,1904640.0,-0.09178539388813078,-0.09347135556551317,1904640.0,-0.09241924877278507,-0.09404747950223585,1904640.0,0.47580519629021484,0.4423252268694341
1916928.0,-0.43425463947157067,-0.4568360863253475,1916928.0,-0.09204889523486297,-0.09318991501349955,1916928.0,-0.09270817871826391,-0.09376864230725913,1916928.0,0.5782675088072816,0.45417501255869863
1929216.0,-0.4443008294329047,-0.4523419783450663,1929216.0,-0.09167940425686538,-0.09288870508316903,1929216.0,-0.09215732648347814,-0.0934517731734862,1929216.0,0.4603853787605961,0.46350827428201835
1941504.0,-0.4266256568953395,-0.4473606561621031,1941504.0,-0.09137241456968088,-0.09261980680748821,1941504.0,-0.09137369319796562,-0.09311829533738394,1941504.0,0.5380890149002274,0.4712681502414246
1953792.0,-0.4147211154922843,-0.4415562887055179,1953792.0,-0.09100834714869659,-0.09231494455598295,1953792.0,-0.09209562768228352,-0.09288138212480893,1953792.0,0.54221914584438,0.4830958709120751
1966080.0,-0.42373987442503375,-0.4369085025352737,1966080.0,-0.09052012798686822,-0.0920144812359164,1966080.0,-0.09119556898561616,-0.09256220678798854,1966080.0,0.4944008343542616,0.4870273530483247
1978368.0,-0.4099935718501608,-0.4315117442049086,1978368.0,-0.09064786531962454,-0.0917358924013873,1978368.0,-0.09097006637603045,-0.09229237678615998,1978368.0,0.4860936834787329,0.49195029630015297
1990656.0,-0.40915612907459337,-0.4269008644546072,1990656.0,-0.08998483916123708,-0.09143087854608895,1990656.0,-0.09073739879143734,-0.09199070825707167,1990656.0,0.5565631616239747,0.5122870799464484
2002944.0,-0.38666226249188185,-0.42112946460644407,2002944.0,-0.08976800196493666,-0.09112144772273797,2002944.0,-0.0899274890543893,-0.09164668141941851,2002944.0,0.5246773262818655,0.5164305691917737
2015232.0,-0.387478431686759,-0.4165214068256319,2015232.0,-0.08950761542655528,-0.09083229049574583,2015232.0,-0.09025124778660636,-0.09138358458488557,2015232.0,0.6691547306254506,0.5325655980966986
2027520.0,-0.37837947470446426,-0.41153119855249914,2027520.0,-0.08917552139610052,-0.0905713032465428,2027520.0,-0.08918848012884457,-0.09106050772049154,2027520.0,0.5182219156995416,0.5368072700376312
2039808.0,-0.3687749632323782,-0.40498323092858,2039808.0,-0.08890498095812897,-0.0902569118188694,2039808.0,-0.0894540074126174,-0.09073509058992689,2039808.0,0.5859333571667472,0.5375738548735778
2052096.0,-0.3745307018980384,-0.3980062181750933,2052096.0,-0.08839095698203892,-0.08992806709138676,2052096.0,-0.0890655058901757,-0.09042590853059665,2052096.0,0.6346548860892653,0.5550008056064447
2064384.0,-0.3764922823756933,-0.39299288072312877,2064384.0,-0.08831570025843878,-0.08962239566026256,2064384.0,-0.08862351587352653,-0.09015089079815274,2064384.0,0.4936742139980197,0.5505593255162239
2076672.0,-0.3550445626800259,-0.3870252254419029,2076672.0,-0.08743708875651161,-0.08926526982104406,2076672.0,-0.0885305927755932,-0.08979438730748371,2076672.0,0.5338365069280068,0.5497210616245867
2088960.0,-0.35043013965090114,-0.37969425196448964,2088960.0,-0.08799269007674108,-0.08901252603003133,2088960.0,-0.08830230093250672,-0.08950506050217275,2088960.0,0.5440703146159649,0.5546880096507569
2101248.0,-0.3572920160368085,-0.3744240963831544,2101248.0,-0.08756700848850112,-0.088704440346919,2101248.0,-0.0882976648863405,-0.08923782035320375,2101248.0,0.5277351162706813,0.5588521529299517
2113536.0,-0.3553340087334315,-0.3690418843490382,2113536.0,-0.08740584940339129,-0.08844654137113442,2113536.0,-0.08771983755286783,-0.08893606422934681,2113536.0,0.6070479887227217,0.5639006356398264
2125824.0,-0.34496231252948445,-0.3648718893527984,2125824.0,-0.0871825337332363,-0.08818799454796437,2125824.0,-0.0879646490405624,-0.08873978022796412,2125824.0,0.57827526734521,0.5692604297461609
2138112.0,-0.3341310437147816,-0.35953715055560076,2138112.0,-0.0866082893141235,-0.0878980619367212,2138112.0,-0.08746526549415042,-0.08846118199871854,2138112.0,0.5359769416972995,0.5559426508533457
2150400.0,-0.3248230059010287,-0.3541815036752572,2150400.0,-0.08653594308998436,-0.08763410410610958,2150400.0,-0.08713270910084248,-0.08825560489591831,2150400.0,0.6311755788822969,0.5672380171716213
2162688.0,-0.30468602214629453,-0.3477726095666488,2162688.0,-0.08639294215633224,-0.0873829002259299,2162688.0,-0.08716750261373818,-0.0880269544160304,2162688.0,0.5555145793283979,0.5641961393877863
2174976.0,-0.29512425713861984,-0.3398319650907069,2174976.0,-0.08597613960349311,-0.08714141848807534,2174976.0,-0.08659057315283765,-0.0877794611422966,2174976.0,0.6249791160225868,0.5632285623811186
2187264.0,-0.2905370509251952,-0.33123644194565716,2187264.0,-0.08553192710193495,-0.08686304117242497,2187264.0,-0.08673891801542293,-0.08759100135648623,2187264.0,0.5130987092852592,0.5651710119098425
2199552.0,-0.28603586042299867,-0.3243355717199544,2199552.0,-0.08542921394109726,-0.08666225369088351,2199552.0,-0.08588407386559993,-0.0873263494654869,2199552.0,0.4957649763673544,0.5613638588537773
2211840.0,-0.2425674833357334,-0.3135493060884377,2211840.0,-0.0852879873321702,-0.08639178341642643,2211840.0,-0.08624096758042772,-0.08712021613027901,2211840.0,0.5109550949806968,0.5580523368902506
2224128.0,-0.23473351852347454,-0.30129345633710425,2224128.0,-0.08509085676632822,-0.08614416824420915,2224128.0,-0.08574921435986955,-0.08686537107763191,2224128.0,0.7416946717227498,0.5794482924354574
2236416.0,-0.33287855035935837,-0.299047910499697,2236416.0,-0.08504635165445507,-0.08590821846931551,2236416.0,-0.08558224909938872,-0.086651612232284,2236416.0,0.5322693834702173,0.5719704319102069
2248704.0,-0.5097035911555091,-0.3155220383622994,2248704.0,-0.08433109677086274,-0.08562307477307816,2248704.0,-0.08550693630240858,-0.08640584095846862,2248704.0,0.5738110576445857,0.5715240109401445
2260992.0,-0.6749978438019753,-0.3496087183710187,2260992.0,-0.08441519364714622,-0.08540376520638043,2260992.0,-0.08500788585903744,-0.08616010299495731,2260992.0,0.5805352305372556,0.57597983982414
2273280.0,-0.829676910613974,-0.4000941088423133,2273280.0,-0.08408568190255512,-0.08515873908763752,2273280.0,-0.08494089016069968,-0.08594092110094304,2273280.0,0.6697703000778953,0.5798393119436999
2285568.0,-0.9575210797290007,-0.4653776146005839,2285568.0,-0.08373179597159226,-0.08489262446916353,2285568.0,-0.08401481353212148,-0.08562565219278137,2285568.0,0.5880402438342571,0.5830918783942859
2297856.0,-1.056987880418698,-0.5415639769285918,2297856.0,-0.08371508746252705,-0.08466651925506692,2297856.0,-0.08463190181646496,-0.0854297850591441,2297856.0,0.6627204716205597,0.5868660139540831
2310144.0,-1.1281310214350622,-0.6253233739795785,2310144.0,-0.0833449698984623,-0.08444782353471966,2310144.0,-0.08371970701652269,-0.08512786395925406,2310144.0,0.6330755374704798,0.5988636967726051
2322432.0,-1.173899728183945,-0.714109760755673,2322432.0,-0.08310888377794375,-0.0842157905184043,2322432.0,-0.08417315133071195,-0.08495677170576527,2322432.0,0.6535883384446303,0.6146460329803327
2334720.0,-1.2033748279015224,-0.8101904952122518,2334720.0,-0.08284388680476695,-0.08397138046566398,2334720.0,-0.0836081854455794,-0.08469349349228043,2334720.0,0.7266390748942891,0.6362144309716921
2347008.0,-1.2296389030913513,-0.9096810336690397,2347008.0,-0.08249984580713014,-0.08371227936974415,2347008.0,-0.08336430178799976,-0.08445500223509347,2347008.0,0.6554070891191562,0.6275856727113326
2359296.0,-1.2508023691674073,-1.0014734155498446,2359296.0,-0.0821742945505927,-0.08342507365935792,2359296.0,-0.08322792337276042,-0.08421956966243063,2359296.0,0.6386189308638374,0.6382206274506947
2371584.0,-1.257522301748395,-1.076255286609133,2371584.0,-0.08231511781923473,-0.08322347576419512,2371584.0,-0.08264114517563333,-0.08393299054975312,2371584.0,0.5788472052663565,0.6387242422128717
2383872.0,-1.2808481579025586,-1.1368403180191915,2383872.0,-0.08187660687447836,-0.08296961708692834,2383872.0,-0.08273282123263925,-0.08370548408711329,2383872.0,0.6473974430312713,0.6454104634622733
2396160.0,-1.2893915368864934,-1.1828117806464433,2396160.0,-0.08203481894452125,-0.08276453079112496,2396160.0,-0.08248357040186723,-0.08345975211123005,2396160.0,0.767592386653026,0.6551926721197863
2408448.0,-1.2975018645326297,-1.2168098591268062,2408448.0,-0.08185448835138232,-0.08257680002910395,2408448.0,-0.0825246893412744,-0.08331073969214534,2408448.0,0.6266142996028066,0.6590500776966413
2420736.0,-1.2941425777971745,-1.240525328864654,2420736.0,-0.08127603823474298,-0.08233289510632555,2420736.0,-0.08164964930620044,-0.08301251444111889,2420736.0,0.51789006156226,0.6445670366908113
2433024.0,-1.2817422871788342,-1.2558864554390312,2433024.0,-0.08145808649715036,-0.08214420676619436,2433024.0,-0.08195342080822836,-0.08283588582028945,2433024.0,0.6070351852104068,0.641963001464804
2445312.0,-1.2841977402567863,-1.2669162566463152,2445312.0,-0.08083292077450703,-0.08191661046585068,2445312.0,-0.08200678970509519,-0.08261924965772778,2445312.0,0.6551674058039983,0.6421209082007407
2457600.0,-1.223116435110569,-1.26889041736722,2457600.0,-0.08066578058060259,-0.08169879984343423,2457600.0,-0.08139355313808967,-0.08239778642697881,2457600.0,0.812842765202125,0.6507412772315243
2469888.0,-1.1551685618857543,-1.26144338324666,2469888.0,-0.08049165523455788,-0.08149798078617702,2469888.0,-0.0817553880236422,-0.08223689505054306,2469888.0,0.5866665647675594,0.6438672247963646
2482176.0,-1.1143299968292315,-1.2477961460128426,2482176.0,-0.08019023268328358,-0.08129957459944612,2482176.0,-0.0809177904156968,-0.0820058817548367,2482176.0,0.679057584144175,0.6479110901243985
2494464.0,-0.9670194952438275,-1.218745865362386,2494464.0,-0.0802837034376959,-0.08109643316129223,2494464.0,-0.08120271206522982,-0.08186203844379633,2494464.0,0.6768813872088989,0.6577145083186526
2506752.0,-0.7154900201906761,-1.1622100515911975,2506752.0,-0.07954973785672337,-0.08086374625951673,2506752.0,-0.08021872164681554,-0.08161062848521397,2506752.0,0.7006423731024066,0.6630390013257663
2519040.0,-0.5701864687725902,-1.0902895447798076,2519040.0,-0.07985687449884911,-0.08064595181494952,2519040.0,-0.08034493626716237,-0.08139676507174348,2519040.0,0.6720305991669496,0.6534828225771586
2531328.0,-0.4397861794568598,-1.0045179762722303,2531328.0,-0.07986208645161241,-0.08044671162497254,2531328.0,-0.08087899074113618,-0.08123219521172965,2531328.0,0.6784342039997379,0.6586648130168518
2543616.0,-0.3000161663318674,-0.9051053351256997,2543616.0,-0.0793499028077349,-0.08025409808227171,2543616.0,-0.07948144079030801,-0.08101537436014042,2543616.0,0.6216477608929077,0.6690405829499166
2555904.0,-0.219445061404258,-0.798875612548242,2555904.0,-0.07914106652606279,-0.08002239608516296,2555904.0,-0.0803697786371534,-0.08085701014303293,2555904.0,0.5780426788454255,0.6661413323134184
2568192.0,-0.21422079531475902,-0.6918779180540393,2568192.0,-0.07902660985322048,-0.0798417649930343,2568192.0,-0.07972177137465526,-0.08062850830998894,2568192.0,0.6714778247599801,0.6677723742090165
2580480.0,-0.22802471028019985,-0.5923687455710024,2580480.0,-0.07901635432305436,-0.07967682236727949,2580480.0,-0.07965457757624488,-0.08045461075380445,2580480.0,0.8503089273969332,0.6715189904284975
2592768.0,-0.234079015130798,-0.5002597908955068,2592768.0,-0.078037829293559,-0.07943143977317958,2592768.0,-0.07929806845883529,-0.08020887879732375,2592768.0,0.6048781725888451,0.6733401512106261
2605056.0,-0.23687620492031178,-0.4125144117046148,2605056.0,-0.07842694836047788,-0.07925511134089902,2605056.0,-0.07966592938949664,-0.08008369269470374,2605056.0,0.6567024119819204,0.6711046339944005
2617344.0,-0.23530321971823773,-0.3393427841520558,2617344.0,-0.07787137754106273,-0.07901387875123571,2617344.0,-0.0789607009695222,-0.07985949158513299,2617344.0,0.7684172994146744,0.6802582252149781
2629632.0,-0.24584516572455564,-0.29237829870544374,2629632.0,-0.07761169182291876,-0.07882007414785523,2629632.0,-0.07932026626076549,-0.07976964604652798,2629632.0,0.6026905725399653,0.670463045158734
2641920.0,-0.25732752308249474,-0.2610924041364342,2641920.0,-0.07799779414199293,-0.07863416611216961,2641920.0,-0.07884739145326118,-0.07961989156513785,2641920.0,0.6043403785054883,0.6636940230925877
2654208.0,-0.26747488339121145,-0.24386127452986933,2654208.0,-0.07734166799734037,-0.07838212426674242,2654208.0,-0.0779643739030386,-0.07932842988132809,2654208.0,0.5838955575600266,0.6542401584486166
2666496.0,-0.23453726479783654,-0.23731338437646626,2666496.0,-0.07707351085264236,-0.07815448507123315,2666496.0,-0.07848120861065884,-0.07922840666336319,2666496.0,0.6271590798472365,0.6547912903440495
2678784.0,-0.2047200915403664,-0.2358408873900771,2678784.0,-0.07723757453883688,-0.07796413587251058,2678784.0,-0.07829228582947205,-0.07902065738259503,2678784.0,0.7150174224128326,0.6684887647007902
2691072.0,-0.2386322507324318,-0.23828203293184438,2691072.0,-0.07728812548642357,-0.07779028743583088,2691072.0,-0.07715634295406441,-0.07876411454053596,2691072.0,0.6357761208588878,0.664918594310681
2703360.0,-0.2353486092761159,-0.239014422831436,2703360.0,-0.07707539612116913,-0.07759619161564237,2703360.0,-0.07802736021888752,-0.07860139280480023,2703360.0,0.7196610330914458,0.6518538048801322
2715648.0,-0.23215016877899566,-0.23882153819625573,2715648.0,-0.07707584641563396,-0.07749999332784985,2715648.0,-0.07731816836167127,-0.07840340279508383,2715648.0,0.6285066936785976,0.6542166569891075
2727936.0,-0.23832195795451602,-0.2389661134996762,2727936.0,-0.0766412578523159,-0.07732142427703366,2727936.0,-0.07731903996318579,-0.07816871385245273,2727936.0,0.759731772976617,0.6645195930885773
2740224.0,-0.28330882514516514,-0.2437666740423689,2740224.0,-0.075753731187433,-0.07710965964167069,2740224.0,-0.07666936536164333,-0.07793958029166484,2740224.0,0.6579151113207141,0.6534693742791813
2752512.0,-0.246518117065231,-0.24383396917643646,2752512.0,-0.07595699358110626,-0.07694418981748943,2752512.0,-0.07672550944456209,-0.07768010461004451,2752512.0,0.6384811333070198,0.6570484303558867
2764800.0,-0.27405569997305673,-0.24550678686549263,2764800.0,-0.075971383213376,-0.07674154872462775,2764800.0,-0.07731265248730779,-0.07752663071344917,2764800.0,0.6091126970325907,0.6575256622085968
2777088.0,-0.2755329057884713,-0.24631258910521864,2777088.0,-0.07527233314855646,-0.07653461523974936,2777088.0,-0.0764183991511042,-0.07737203323825573,2777088.0,0.6806481927633286,0.6672009257289271
2789376.0,-0.3126336808005969,-0.25412223070549467,2789376.0,-0.07617093964169423,-0.07644435811865453,2789376.0,-0.07679672989373405,-0.07720358536656324,2789376.0,0.8495547448595365,0.689440492230157
2801664.0,-0.29630875509853166,-0.2632810970613112,2801664.0,-0.07572540920227766,-0.07629314158499861,2801664.0,-0.07654039111609261,-0.07702839589522531,2801664.0,0.5996147183080515,0.6779002218196789
2813952.0,-0.3374476752554377,-0.2731626395136118,2813952.0,-0.0754665657489871,-0.07611098561125498,2813952.0,-0.07631626445800066,-0.07694438804561893,2813952.0,0.6155266609663764,0.6758752758304277
2826240.0,-0.3261042991653085,-0.2822382085025311,2826240.0,-0.07564821288300057,-0.07596826728743813,2826240.0,-0.07581298068786661,-0.07672295009251683,2826240.0,0.6581759657710791,0.6697267690983911
2838528.0,-0.29077423084527254,-0.28810061470915876,2838528.0,-0.07511265599168837,-0.07577194824504355,2838528.0,-0.07581884363510956,-0.07657301761986066,2838528.0,0.6877822345122695,0.6756543231817582
2850816.0,-0.2920410926453769,-0.2934725281782448,2850816.0,-0.07508890559741606,-0.07561671301955358,2850816.0,-0.07555980378917108,-0.0763970940024592,2850816.0,0.8306177848329147,0.682742924367388
2863104.0,-0.30572748044505715,-0.29571439370823405,2863104.0,-0.07497456793983777,-0.07553879669479405,2863104.0,-0.07582399738021195,-0.07631255720431605,2863104.0,0.6554069972286621,0.6824921129581829
2875392.0,-0.3602290442213416,-0.30708548642384514,2875392.0,-0.07477274152915925,-0.07542037148959936,2875392.0,-0.0748316978958125,-0.0761231760494411,2875392.0,0.6426386227831244,0.6829078619057933
2887680.0,-0.37227009143680334,-0.31690692557021977,2887680.0,-0.07453397820548464,-0.07527663098881021,2887680.0,-0.07564831711351871,-0.07595674251206219,2887680.0,0.6852365167190632,0.6905202438744407
2899968.0,-0.3471210557036102,-0.32406574056173365,2899968.0,-0.07372198669084658,-0.07512159634303923,2899968.0,-0.07463976403232664,-0.07577887900018444,2899968.0,0.6479478795081377,0.6872502125489215
2912256.0,-0.35417548287659883,-0.3282199207693338,2912256.0,-0.07386789525238176,-0.07489129190410798,2912256.0,-0.0744448125672837,-0.0755436872675394,2912256.0,0.7639689066757759,0.6786916287305454
2924544.0,-0.35494711219022673,-0.3340837564785033,2924544.0,-0.07409827201627195,-0.0747285781855074,2924544.0,-0.07450793035483609,-0.07534044119141375,2924544.0,0.7252748279521862,0.6912576396949589
2936832.0,-0.36199445743113756,-0.3365384346960733,2936832.0,-0.07313943739670019,-0.07449586535027872,2936832.0,-0.07452185657651474,-0.07516100040326516,2936832.0,0.602259388503929,0.6899309124487142
2949120.0,-0.38024948133776587,-0.34195295291331906,2949120.0,-0.0734840096750607,-0.07427944502948472,2949120.0,-0.07423847607181717,-0.07500354994166022,2949120.0,0.8512323113779227,0.7092365470093986
2961408.0,-0.3973572462176283,-0.3526112544505547,2961408.0,-0.07351677146895479,-0.07411985657721137,2961408.0,-0.07380025833845139,-0.07480169141199441,2961408.0,0.6433752020820975,0.7047958437663814
2973696.0,-0.37274094205349684,-0.36068123939136665,2973696.0,-0.07300144391289602,-0.07391111040875935,2973696.0,-0.07375057231790076,-0.07462076826486735,2973696.0,0.6457848390564322,0.6863125491887331
2985984.0,-0.3906263932585716,-0.3691711306727181,2985984.0,-0.07294409811341514,-0.0737080634261171,2985984.0,-0.07388256300085534,-0.0744266248269317,2985984.0,0.7870922560493151,0.6994810750707985
2998272.0,-0.39918939179430407,-0.37306716543001434,2998272.0,-0.07281037284216534,-0.07351182655741771,2998272.0,-0.07330790235816191,-0.07427424527316664,2998272.0,0.7340424321591854,0.7086214560084045
3010560.0,-0.43120582805325586,-0.3789607390916596,3010560.0,-0.0725062092145284,-0.07330904965832209,3010560.0,-0.07401898689568043,-0.07411131225138282,3010560.0,0.7642925201604763,0.7165270563525458
3022848.0,-0.40412762388587,-0.3846613959098856,3022848.0,-0.07297159921533118,-0.07323401091077056,3022848.0,-0.07280093935939173,-0.07392742978408931,3022848.0,0.7375163038571676,0.7254838987874488
3035136.0,-0.39465374903132516,-0.3887092225253582,3035136.0,-0.07214164322552581,-0.07306138570808496,3035136.0,-0.0735737809445709,-0.07384032662181804,3035136.0,0.759981649617354,0.7250851730816066
3047424.0,-0.392632432281971,-0.39247775453453265,3047424.0,-0.07242207753006369,-0.07289376625946413,3047424.0,-0.07267992516669135,-0.07365752610300356,3047424.0,0.8192050264527401,0.7344781929316619
3059712.0,-0.4050213036437829,-0.39678043915579714,3059712.0,-0.07224927772767842,-0.07280475029256195,3059712.0,-0.07304149710883696,-0.0735094901562358,3059712.0,0.742363691329956,0.7484886232142647
3072000.0,-0.44597268228729564,-0.4033527592507501,3072000.0,-0.07209093174121033,-0.07266544249917692,3072000.0,-0.07271561045975734,-0.07335720359502981,3072000.0,0.705311756581068,0.7338965677345792
3084288.0,-0.4451139575491349,-0.40812843038390084,3084288.0,-0.07192469520183901,-0.07250623487246532,3084288.0,-0.07309103516551356,-0.07328628127773604,3084288.0,0.7260797290752331,0.7421670204338928
3096576.0,-0.4212741156419118,-0.4129817477427423,3096576.0,-0.07171323736353467,-0.07237741421752919,3096576.0,-0.07282913286083688,-0.07319413733202965,3096576.0,0.7266613381604353,0.7502546703442932
3108864.0,-0.40856974261502427,-0.4147760826783876,3108864.0,-0.07149225065950304,-0.07223222947213799,3108864.0,-0.07315156795084476,-0.07312103782702858,3108864.0,0.815984641512235,0.753143908890585
3121152.0,-0.4129406114419301,-0.41615120464315014,3121152.0,-0.0712922973325476,-0.07208042192117621,3121152.0,-0.07205678736014913,-0.0729959263272273,3121152.0,0.7990353181958199,0.7596431974942485
3133440.0,-0.4042123689626654,-0.41345185873409107,3133440.0,-0.071160845264482,-0.07194588552617157,3133440.0,-0.07232043771849324,-0.07282607140950859,3133440.0,0.6885524929190675,0.7520691947701077
3145728.0,-0.39771182897190255,-0.41281027924269437,3145728.0,-0.07085607115489741,-0.0717343327201282,3145728.0,-0.07226622884627432,-0.07277260035819685,3145728.0,0.7602526346842448,0.7543428278528155
3158016.0,-0.4270921104277174,-0.41605411538233356,3158016.0,-0.07118483733696242,-0.07163865213127188,3158016.0,-0.07211294576215248,-0.072626516839955,3158016.0,0.6913442512353262,0.7474790880146125
3170304.0,-0.4451171715433399,-0.4213025893084705,3170304.0,-0.0712500123384719,-0.07152144561211268,3170304.0,-0.07159284882557888,-0.07251780920584375,3170304.0,0.7574146452049414,0.7413000498898328
3182592.0,-0.4472358621036013,-0.4255240451544523,3182592.0,-0.07060061379646261,-0.0713565792189911,3182592.0,-0.07218677406975378,-0.07243233690193544,3182592.0,0.7786505166441202,0.7449287324212491
3194880.0,-0.46022260282188654,-0.42694903720791144,3194880.0,-0.0705155012353013,-0.0711990361684002,3194880.0,-0.07101575463699798,-0.0722623513196595,3194880.0,0.78688928236564,0.7530864849997063
3207168.0,-0.46830837956319255,-0.4292684794093172,3207168.0,-0.07033659102550398,-0.0710402257507667,3207168.0,-0.07093657933486004,-0.07204690573659416,3207168.0,0.8328221713503202,0.7637607292272149
3219456.0,-0.4569891986126701,-0.432839987706393,3219456.0,-0.07037519811031719,-0.07090642182544495,3219456.0,-0.07109710376244038,-0.07187370282675451,3219456.0,0.6334122990568479,0.7544358253168563
3231744.0,-0.4631642845148842,-0.438299441896379,3231744.0,-0.07007474890754868,-0.07076467165024952,3231744.0,-0.0709590733749792,-0.07165445336916794,3231744.0,0.785674155379335,0.7514047767035663
3244032.0,-0.4669172400608659,-0.4436971047582725,3244032.0,-0.0702978455228731,-0.07066522646928206,3244032.0,-0.07097793789580464,-0.07154656842273349,3244032.0,0.780121764789025,0.7495134213628869
3256320.0,-0.48610867621997994,-0.4518867354840041,3256320.0,-0.06981053847509126,-0.07053019579034298,3256320.0,-0.07030681935915102,-0.07134520658679928,3256320.0,0.719805679594477,0.7526387400304279
3268608.0,-0.4891470332319538,-0.4610302559100091,3268608.0,-0.06993660148388396,-0.07043824882324164,3268608.0,-0.0706201430875808,-0.07118059801092992,3268608.0,0.7338941028962532,0.7500028868516286
3280896.0,-0.5105254628385106,-0.46937359115108856,3280896.0,-0.06945670345642914,-0.07026543543518832,3280896.0,-0.07030765025410801,-0.07100006846012548,3280896.0,0.7591838575899601,0.756786847487092
3293184.0,-0.5442497829596201,-0.4792868522927165,3293184.0,-0.06952798754597704,-0.07009323295593882,3293184.0,-0.07027280024097611,-0.0708680636016652,3293184.0,0.7895263781150182,0.7599980207780996
3305472.0,-0.6111455944677194,-0.4956778255291283,3305472.0,-0.06909241228519629,-0.0699424128048122,3305472.0,-0.07038019605291386,-0.0706874057999812,3305472.0,0.7255255052198967,0.7546855196356773
3317760.0,-0.7300065072874228,-0.522656215975682,3317760.0,-0.06888438551686704,-0.06977930123296877,3317760.0,-0.06938291410915554,-0.07052412174719697,3317760.0,0.6649805388102928,0.7424946452801426
3330048.0,-0.8536736400177082,-0.5611927420211335,3330048.0,-0.06918684688086311,-0.06966432681850468,3330048.0,-0.07054590507565688,-0.07048505432127664,3330048.0,0.8064461878190438,0.739857046927015
3342336.0,-0.8956817872822285,-0.6050620008880893,3342336.0,-0.0687412532667319,-0.06950093233414614,3342336.0,-0.06988228077534586,-0.07036357202256718,3342336.0,0.757412268469731,0.7522570438683033
3354624.0,-0.8998675762365261,-0.6487323300602535,3354624.0,-0.0686851484157766,-0.06936197228496895,3354624.0,-0.06958060335212697,-0.07022572502028199,3354624.0,0.6698005857566992,0.7406696869060397
3366912.0,-0.9270761969188849,-0.6947482257460555,3366912.0,-0.06897529629835238,-0.06922971736251687,3366912.0,-0.069359650524954,-0.0700638962831969,3366912.0,0.6447065199414889,0.7271281624212861
3379200.0,-0.9326271793494622,-0.7394000760590037,3379200.0,-0.068397050180162,-0.06908836853302394,3379200.0,-0.0688413663689668,-0.06991735098417848,3379200.0,0.6818409025048217,0.7233316847123206
3391488.0,-0.9472340767582258,-0.7852087804116309,3391488.0,-0.06847908312920481,-0.06894261669755603,3391488.0,-0.06940486480016261,-0.06979582315543666,3391488.0,1.0219238953044016,0.7521346639531353
3403776.0,-0.966177724301815,-0.8307740065579612,3403776.0,-0.0681780552258715,-0.06881475187450027,3403776.0,-0.06914917550360163,-0.06967997568038603,3403776.0,0.8083449999491373,0.7570507781890531
3416064.0,-0.9852207936346531,-0.8748711076254645,3416064.0,-0.06820398600151141,-0.06868235172005371,3416064.0,-0.06875504246757676,-0.06952819990304611,3416064.0,0.6413573498527209,0.7422338753628235
3428352.0,-1.0049968405316274,-0.9142562322318554,3428352.0,-0.06814557344963153,-0.06858766783649724,3428352.0,-0.06918808456975967,-0.06940898875473067,3428352.0,0.8139412713547548,0.7510754519763092
3440640.0,-1.023881287003557,-0.9436437102034688,3440640.0,-0.06803336859835933,-0.06850256614464646,3440640.0,-0.06803115205063175,-0.0692738125488783,3440640.0,0.8961608440925678,0.7741934825045366
3452928.0,-1.031818874180317,-0.9614582336197296,3452928.0,-0.068268127933455,-0.06841069424990565,3452928.0,-0.06891213908481102,-0.06911043594979369,3452928.0,0.8960581502566735,0.7831546787482997
3465216.0,-1.0506287949780624,-0.976952934389313,3465216.0,-0.0672590957256034,-0.0682624784957928,3465216.0,-0.06818056847744931,-0.06894026472000406,3465216.0,0.7578354155023893,0.7831969934515655
3477504.0,-1.0546553979317348,-0.992431716558834,3477504.0,-0.06754655270682026,-0.06814861892489717,3477504.0,-0.06818641563101362,-0.06880084594789271,3477504.0,0.8117542496571938,0.7973923598416149
3489792.0,-1.067317462215821,-1.0064558430885273,3489792.0,-0.06754226621706039,-0.06800531591676796,3489792.0,-0.06783802027348429,-0.06864868292274574,3489792.0,0.6586213503032923,0.7987838428777954
3502080.0,-1.0919615235179663,-1.0223892775053778,3502080.0,-0.06742372185302277,-0.06790798308405405,3502080.0,-0.06783971097320318,-0.06854851738316939,3502080.0,0.9276328285535177,0.823363035482665
3514368.0,-1.117128434901436,-1.039378713319699,3514368.0,-0.06713900936301798,-0.06777397570743536,3514368.0,-0.0679326899892961,-0.06840129990208274,3514368.0,0.8190761605898539,0.80307826201121
3526656.0,-1.1080383006483316,-1.0535647709543507,3526656.0,-0.06728386467633148,-0.06768455665248135,3526656.0,-0.06716132707272966,-0.06820251505899554,3526656.0,0.8389909497151772,0.8061428569878142
3538944.0,-1.1358560863882303,-1.0686283002297083,3538944.0,-0.06730726881263156,-0.06759488493359338,3538944.0,-0.06770155516763528,-0.0680971663290014,3538944.0,0.7701326000193754,0.8190203820044797
3551232.0,-1.1382294831176598,-1.0819515644883118,3551232.0,-0.0669033812591806,-0.06747066571454828,3551232.0,-0.06796647134857874,-0.06797500500688329,3551232.0,0.8241325467824936,0.8200395095472535
3563520.0,-1.1393300847460825,-1.093496444262564,3563520.0,-0.06666102795861661,-0.06733343165057401,3563520.0,-0.06728169799316674,-0.06790005960113679,3563520.0,0.9132785499095917,0.8217512801289558
3575808.0,-1.1452456594755251,-1.104839122792085,3575808.0,-0.06663737310251842,-0.06717035616748034,3575808.0,-0.06704677206774552,-0.06771352289943025,3575808.0,0.7904855894545714,0.8111940240487456
3588096.0,-1.1496271851162116,-1.1147389618058998,3588096.0,-0.06651206287400176,-0.06709565288232018,3588096.0,-0.0670210311266904,-0.06759756916435436,3588096.0,0.8976071470727524,0.8251711972057819
3600384.0,-1.1338688917458057,-1.122660311187307,3600384.0,-0.06664063793141395,-0.06700506140477955,3600384.0,-0.06702446836667757,-0.06748137443792075,3600384.0,0.7979542650282383,0.8237911987428863
3612672.0,-1.0914622079581022,-1.125074785761535,3612672.0,-0.06630628288257867,-0.06688146307133139,3612672.0,-0.0663748598114277,-0.06733505839171508,3612672.0,0.7201794007172188,0.829947003784279
3624960.0,-1.0135702261080344,-1.117235656020542,3624960.0,-0.0663107781438157,-0.06677016870041066,3624960.0,-0.06695980198370914,-0.06724706749276568,3624960.0,0.8113764344404141,0.8183213643729687
3637248.0,-0.9243766019741694,-1.0979604727278152,3637248.0,-0.06580550382689883,-0.06663681814679875,3637248.0,-0.06637095776386559,-0.06709089427022263,3637248.0,0.8547795601189137,0.8218917043258746
3649536.0,-0.8160991153369347,-1.0687665541966755,3649536.0,-0.06558897354019184,-0.0664673290331848,3649536.0,-0.06680779124144465,-0.06705554068709414,3649536.0,0.9008804789433876,0.8280806572486956
3661824.0,-0.752408075456818,-1.0304217531035342,3661824.0,-0.06562493617335956,-0.06629909576925759,3661824.0,-0.06659636285621673,-0.06694502145595228,3661824.0,0.6740241047615806,0.8184698077229162
3674112.0,-0.7392434440553188,-0.9905231491973003,3674112.0,-0.06573902621554832,-0.06618266026489436,3674112.0,-0.06585498639227201,-0.06673387296032161,3674112.0,0.8142364496986071,0.8174801980145275
3686400.0,-0.6914920825511217,-0.9457393489778042,3686400.0,-0.0655523386861508,-0.06607179133764778,3686400.0,-0.06594387313816696,-0.06660009047482164,3686400.0,0.8140684502820174,0.8075591880517703
3698688.0,-0.689905448195835,-0.9002053278498353,3698688.0,-0.06520152949572851,-0.0659282069769688,3698688.0,-0.06587901847281803,-0.06648331511532889,3698688.0,0.7564782022188107,0.8041584493281941
3710976.0,-0.6710954885929823,-0.8523521581975121,3710976.0,-0.06545614241622388,-0.065822614931191,3710976.0,-0.0658455634644876,-0.0663657683491086,3710976.0,0.8173933619012436,0.7961370708110431
3723264.0,-0.6680881222710013,-0.8057740812500317,3723264.0,-0.06582639354746789,-0.06574119049279639,3723264.0,-0.06527069420553744,-0.06619039093299459,3723264.0,0.8873607584585746,0.8050777201540769
3735552.0,-0.6568955114732186,-0.7623174116015435,3735552.0,-0.06538604087351511,-0.06564916629189003,3735552.0,-0.06533624759564798,-0.06608652971141661,3735552.0,0.7891244820008675,0.8119722282824415
3747840.0,-0.6619611382484436,-0.7271565028155844,3747840.0,-0.0655040747563665,-0.06556849595314512,3747840.0,-0.06547805139174064,-0.06593835465221976,3747840.0,0.7957862510035435,0.8104132099387547
3760128.0,-0.6754485263178746,-0.7022636952499549,3760128.0,-0.06502595245062064,-0.0654905408155173,3760128.0,-0.06525269488338381,-0.06582652836417159,3760128.0,0.8914714697748423,0.8140824009043474
3772416.0,-0.7003043772031864,-0.69068422143658,3772416.0,-0.06478397051493327,-0.06541004051299144,3772416.0,-0.06575159821659327,-0.06572090906168644,3772416.0,0.7120762281119823,0.7952019758212069
3784704.0,-0.6991579340149959,-0.6853592072923977,3784704.0,-0.06425207352731377,-0.06527275424838687,3784704.0,-0.06489245360717177,-0.06555051813678195,3784704.0,0.9080823386708895,0.8186077992121378
3796992.0,-0.713781808813413,-0.6828130437682072,3796992.0,-0.06495765293948352,-0.0651946169207804,3796992.0,-0.06491621599222223,-0.06545664109677697,3796992.0,0.8004486002027988,0.817229014262557
3809280.0,-0.699129780754447,-0.6835768135885397,3809280.0,-0.06432478847758223,-0.06507186189992355,3809280.0,-0.06449366853727649,-0.06531162063668791,3809280.0,0.9529047161340714,0.8311126408477623
3821568.0,-0.7013345938175917,-0.6847197281507155,3821568.0,-0.06426117371302098,-0.06497782632165279,3821568.0,-0.0656610579462722,-0.06528982458403335,3821568.0,0.9017004482448101,0.8456348654503623
3833856.0,-0.7109696877499422,-0.6887071480664113,3833856.0,-0.06427966077656795,-0.0648601781576872,3833856.0,-0.06392198575971027,-0.06509746681355562,3833856.0,0.8511601854115725,0.8490115478013951
3846144.0,-0.7591961026191711,-0.6978179461012284,3846144.0,-0.06425664178095758,-0.06470320298103617,3846144.0,-0.064846160588786,-0.06505501345188047,3846144.0,0.7446565503875414,0.8347411269942919
3858432.0,-0.7634502307822307,-0.7084734180321296,3858432.0,-0.0641554615770777,-0.06458014505139241,3858432.0,-0.06418468869136025,-0.0649398575614517,3858432.0,0.8245031287272772,0.838278991666933
3870720.0,-0.7445321610818306,-0.7167305203154684,3870720.0,-0.06430236498514812,-0.06445997407427058,3870720.0,-0.06399495616399993,-0.06479154803867763,3870720.0,0.9850414860993624,0.8572045151765147
3883008.0,-0.7607552800327539,-0.7252611956869564,3883008.0,-0.06387798476498574,-0.06434517730570707,3883008.0,-0.06479225237853825,-0.06474550378819308,3883008.0,0.8505526718993982,0.8531126353889704
3895296.0,-0.7875140147904555,-0.7339821594456832,3895296.0,-0.0638459837064147,-0.06425137862485522,3895296.0,-0.06390929594635963,-0.06456127356116971,3895296.0,0.8576006436099609,0.8676650769387682
3907584.0,-0.8011537361890078,-0.7441817396630844,3907584.0,-0.0639029727705444,-0.06421646854917828,3907584.0,-0.06415800486380856,-0.06448782868683336,3907584.0,0.8585928305983543,0.8627161261315148
3919872.0,-0.7968246893336376,-0.7524860277151068,3919872.0,-0.06332619142873834,-0.06405332239810377,3919872.0,-0.06331000127829611,-0.06432720721544076,3919872.0,0.8990408610552549,0.8725753522167603
3932160.0,-0.7992202459524075,-0.7624950742349028,3932160.0,-0.06370854020739596,-0.06399169757108514,3932160.0,-0.0635366194959109,-0.06423150231130421,3932160.0,0.9088834977398316,0.8681732303773364
3944448.0,-0.8020020816475153,-0.7725618230178953,3944448.0,-0.06349005018516134,-0.06391458521829918,3944448.0,-0.0636039124801755,-0.06402578776469456,3944448.0,0.8069359194487333,0.8586967774977288
3956736.0,-0.8180004060268402,-0.7832648948455849,3956736.0,-0.06329186734122534,-0.06381580587476492,3956736.0,-0.06324753588220726,-0.06395834277694423,3956736.0,0.7669456296910843,0.85027532192568
3969024.0,-0.8534132397423188,-0.7926866085578997,3969024.0,-0.06292507351220895,-0.06368264904789007,3969024.0,-0.06403485724392037,-0.06387721244245767,3969024.0,0.8493572367976109,0.8607453905666868
3981312.0,-0.858735770607988,-0.8022151625404754,3981312.0,-0.06321917423823227,-0.06358902031400553,3981312.0,-0.06336003821343184,-0.06379474739466483,3981312.0,0.964696324740847,0.8747647101680439
3993600.0,-0.8485773466527462,-0.8126196810975671,3993600.0,-0.06281716093265761,-0.06344049990875647,3993600.0,-0.0638514399761334,-0.06378039577587817,3993600.0,0.8610682922104994,0.8623673907791576
4005888.0,-0.8582159839570522,-0.8223657514899969,4005888.0,-0.06290097588983674,-0.06334279902124157,4005888.0,-0.063059619278647,-0.06360713246588906,4005888.0,0.8001473192125559,0.8573268555104733
4018176.0,-0.884180702889959,-0.8320324202999473,4018176.0,-0.06248592841438949,-0.06320679349203905,4018176.0,-0.06209262739866972,-0.06342546561112007,4018176.0,1.05016343233486,0.8765831343829632
4030464.0,-0.8786799150208632,-0.8397850381831328,4030464.0,-0.06255942303687334,-0.06307243851867195,4030464.0,-0.06388727109879255,-0.06339839223461848,4030464.0,0.791824230303367,0.8699062743534643
4042752.0,-0.8668053541332483,-0.8467831046630938,4042752.0,-0.06290678152193625,-0.06303049752799174,4042752.0,-0.062315229210071266,-0.06329891502779597,4042752.0,0.8023118128379186,0.8602333695317308
4055040.0,-0.8800049175818762,-0.8548615718260407,4055040.0,-0.062155371997505426,-0.06287518070700268,4055040.0,-0.0629679006524384,-0.06324204314344874,4055040.0,0.8082599584013224,0.8501710155978799
4067328.0,-0.8975119460374117,-0.8644125582650304,4067328.0,-0.06293233654772241,-0.06281940934325879,4067328.0,-0.06231094462176164,-0.06311274635760736,4067328.0,0.9463060765216748,0.864108031305174
4079616.0,-0.9082203557093939,-0.8734345532332858,4079616.0,-0.06256645223281036,-0.06274686783241729,4079616.0,-0.062133721580418445,-0.06300136492742847,4079616.0,0.8604177429030339,0.873455242626369
4091904.0,-0.8983893239249786,-0.8779321616515517,4091904.0,-0.06200095607588688,-0.06265445608878507,4091904.0,-0.06208564853295684,-0.06280644405633211,4091904.0,0.8817707126339277,0.8766965902100006
4104192.0,-0.8960555115093788,-0.8816641357416908,4104192.0,-0.061952230132495366,-0.06252776167821139,4104192.0,-0.06247457411761085,-0.06271789764675001,4104192.0,0.9348978443692127,0.8737167421728372
4116480.0,-0.8915231532106797,-0.885958716397484,4116480.0,-0.06200185363801817,-0.06244623094874744,4116480.0,-0.062011725191647805,-0.06253392616830145,4116480.0,0.7971964174260696,0.8673295546943942
4128768.0,-0.8981142578025659,-0.8899485437820356,4128768.0,-0.061471309047192335,-0.062303264264483,4128768.0,-0.06264986225869507,-0.06249295046630625,4128768.0,0.8718063446382681,0.8744954572369654
4141056.0,-0.8902008328586817,-0.8905505567789078,4141056.0,-0.06155541465462496,-0.062210212888506554,4141056.0,-0.06174082631090035,-0.06245777035752933,4141056.0,0.8738672050336996,0.8568658345068494
4153344.0,-0.8749216527988514,-0.8901747305567067,4153344.0,-0.061457937001250684,-0.06210006428494429,4153344.0,-0.06213605791951219,-0.062282649039601276,4153344.0,0.8306963493426641,0.8607530464107793
4165632.0,-0.8707478089878956,-0.8905689760421713,4165632.0,-0.06155018558880935,-0.06196440469163159,4165632.0,-0.061619756976142526,-0.06221310181620841,4165632.0,0.9338135104626417,0.8739032161732514
4177920.0,-0.9348572933425506,-0.8960542136182388,4177920.0,-0.06130204497215649,-0.0618790719890967,4177920.0,-0.06159451856122663,-0.062075763607087234,4177920.0,0.9477920259038607,0.8878564229235053
4190208.0,-0.9338076015313467,-0.8996837791676324,4190208.0,-0.060995569452643394,-0.06168539527958881,4190208.0,-0.062008880505648754,-0.062045557195475956,4190208.0,0.8018702951570352,0.8734128447870415
4202496.0,-0.9399087242782116,-0.902852616024514,4202496.0,-0.061009671965924404,-0.061529717252900205,4202496.0,-0.06110267802917709,-0.06194245284035181,4202496.0,0.8646121956408024,0.8738322900608182
4214784.0,-0.9268992238988479,-0.905703606021901,4214784.0,-0.061389276680226125,-0.061468549313334134,4214784.0,-0.06107927521225065,-0.061841815508281196,4214784.0,0.9669119448711475,0.8823464132845402
4227072.0,-0.8852571491152048,-0.9046237697824836,4227072.0,-0.06086527781250576,-0.061359854081335166,4227072.0,-0.061328059217582144,-0.06172716401827831,4227072.0,0.8287635476638874,0.8717329836140075
4239360.0,-0.8761110578974088,-0.9030825602511566,4239360.0,-0.060639535232136645,-0.06122362224074701,4239360.0,-0.06143324127576003,-0.061669315626689536,4239360.0,0.7862260720382134,0.870635949075222
4251648.0,-0.8768617063760757,-0.9009573051085076,4251648.0,-0.06123023255107304,-0.06119951459113508,4251648.0,-0.061001792550086975,-0.061504508655828724,4251648.0,0.9151009085277716,0.8749654054641723
4263936.0,-0.9026287713398536,-0.9022000989566248,4263936.0,-0.06083599633226792,-0.06112757275889937,4263936.0,-0.061098518587338425,-0.06144027788347254,4263936.0,0.9849490579217672,0.8860735907529792
4276224.0,-0.8997363895177841,-0.904681572628518,4276224.0,-0.060241644930404924,-0.0610059435518148,4276224.0,-0.060745843375722565,-0.06130125642909358,4276224.0,0.9031135446081558,0.8933153102795283
4288512.0,-0.8987467276553313,-0.9074814644952616,4288512.0,-0.06031990489767244,-0.06088291548270112,4288512.0,-0.060767910249220826,-0.061216071756401404,4288512.0,0.9600080121308565,0.8959347604463499
4300800.0,-0.8822468252231678,-0.9022204176833233,4300800.0,-0.060907773401898645,-0.060843488325675335,4300800.0,-0.060441731746929385,-0.06110079307497168,4300800.0,0.8738106669237217,0.8885366245483359
4313088.0,-0.8503761359800895,-0.8938772711281976,4313088.0,-0.06016936188098043,-0.060760867568509035,4313088.0,-0.06076525221578777,-0.06097643024598559,4313088.0,0.8249784223735332,0.8908474372699857
4325376.0,-0.8383385383834442,-0.8837202525387207,4325376.0,-0.06059118798778703,-0.0607190191706953,4325376.0,-0.06134506703043977,-0.06100066914611185,4325376.0,1.1322853118181229,0.9176147488877178
4337664.0,-0.8449808601289988,-0.8755284161617357,4337664.0,-0.06020941430081924,-0.06060103293275461,4337664.0,-0.05998870676072935,-0.06089161230095972,4337664.0,0.8609182530393203,0.907015379704535
4349952.0,-0.8474932666867971,-0.8717520279188952,4349952.0,-0.06002082140184939,-0.060516587291688975,4349952.0,-0.06106449551104257,-0.06086525593030576,4349952.0,0.8707142509520054,0.9112104500333469
4362240.0,-0.8491829372942448,-0.8690592158585787,4362240.0,-0.05982753490873923,-0.06043538725934924,4362240.0,-0.05966571027723452,-0.06068850283045322,4362240.0,0.866561089331905,0.9192439517627159
4374528.0,-0.8523703602453073,-0.8666100812455019,4374528.0,-0.06004639028105885,-0.06031700303234781,4374528.0,-0.06039099337067455,-0.060627422912511976,4374528.0,0.8402815256267786,0.9117620134726167
4386816.0,-0.8460653144866228,-0.8609537355601787,4386816.0,-0.060245256715764604,-0.06025792907069748,4386816.0,-0.060289726786625884,-0.060546543732440714,4386816.0,0.9753167623033127,0.9107987839107713
4399104.0,-0.8406292994817098,-0.8550430265565714,4399104.0,-0.05940304684918374,-0.06017406926257536,4399104.0,-0.05971385301866879,-0.060443344696735346,4399104.0,0.9265109418580929,0.913138523635765
4411392.0,-0.8403882856170336,-0.8492071823527416,4411392.0,-0.059846686626163624,-0.06012674743542449,4411392.0,-0.059863156833065055,-0.06035286935511978,4411392.0,0.9378596308330694,0.9109236855059862
4423680.0,-0.838036655758818,-0.8447861654063067,4423680.0,-0.05936703004408628,-0.05997267309964325,4423680.0,-0.0604756479539598,-0.060356260975822806,4423680.0,1.113564803575476,0.9348990991711617
4435968.0,-0.8345203970869383,-0.8432005915169916,4435968.0,-0.059745969638849296,-0.05993033387543013,4435968.0,-0.05921691648351649,-0.060201427402595674,4435968.0,0.8625090749313434,0.9386521644269428
4448256.0,-0.8309587681045135,-0.8424626144890984,4448256.0,-0.05980978824663907,-0.05985219390131533,4448256.0,-0.06052053056191653,-0.060118973755743356,4448256.0,0.8037054600814978,0.9057941792532802
4460544.0,-0.8279363426069418,-0.8407581627368927,4460544.0,-0.05949205257153759,-0.05978045772838717,4460544.0,-0.05925095527588079,-0.0600451986072585,4460544.0,0.8533212629457315,0.9050344802439213
4472832.0,-0.8264626152813435,-0.8386550975963474,4472832.0,-0.05965504783671349,-0.05974388037187358,4472832.0,-0.05986147226455311,-0.05992489628260954,4472832.0,0.9973854733010133,0.9177016024788222
4485120.0,-0.8212983123958111,-0.8358666351065039,4485120.0,-0.05916190221129606,-0.05967731710212926,4485120.0,-0.0597191189105312,-0.059930237145939216,4485120.0,0.9419380395362774,0.9252392974992594
4497408.0,-0.8087320799628893,-0.8315028070782621,4497408.0,-0.05945357649276654,-0.059618035723300024,4497408.0,-0.058994191931560636,-0.05979055700202783,4497408.0,0.9862978955109915,0.9398409344876807
4509696.0,-0.7857725787907839,-0.8254735335086784,4509696.0,-0.05917622032575309,-0.05951113208429888,4509696.0,-0.05954777228180319,-0.05971636155154556,4509696.0,0.8326949098457893,0.9255787492419284
4521984.0,-0.7844673469662666,-0.8198573382571339,4521984.0,-0.05880031315609813,-0.05945085871499032,4521984.0,-0.058248706511221826,-0.05956984690080086,4521984.0,1.01810200077792,0.934737855133911
4534272.0,-0.7774902544915676,-0.8135675351445875,4534272.0,-0.05903517854555199,-0.05936970790692915,4534272.0,-0.05973593890666962,-0.059557125108161316,4534272.0,0.9057352306942145,0.9315254151200255
4546560.0,-0.7501524655769268,-0.8047791161263982,4546560.0,-0.05857046371481071,-0.05929005127400159,4546560.0,-0.05874840713416537,-0.05938440102618188,4546560.0,0.9707628811399142,0.9172452228764693
4558848.0,-0.7270667366683483,-0.7940337500845392,4558848.0,-0.05877811481089642,-0.059193265791206304,4558848.0,-0.05942793419429412,-0.059405502797259646,4558848.0,0.7811503950506449,0.9091093548883995
4571136.0,-0.755957139035066,-0.7865335871775945,4571136.0,-0.058494744434331856,-0.059061761409975586,4571136.0,-0.05866473897670706,-0.0592199236387387,4571136.0,1.0190348227818806,0.9306422911584379
4583424.0,-0.7544303455700477,-0.779182987473905,4583424.0,-0.05871539640550812,-0.058984095793372646,4583424.0,-0.05910707521252334,-0.05920553563240295,4583424.0,0.9557694364339113,0.9408871085072559
4595712.0,-0.7417283430695534,-0.770709560252726,4595712.0,-0.05824602232314646,-0.05884319324201594,4595712.0,-0.05851955048274249,-0.05907134345422188,4595712.0,0.9900841563940048,0.9401569768165547
4608000.0,-0.7319480298707882,-0.7617745320002238,4608000.0,-0.05836788277762631,-0.05876379129864896,4608000.0,-0.058916810317896307,-0.05899111259495839,4608000.0,0.8905916381627321,0.9350223366792004
4620288.0,-0.7270399512102207,-0.753605319124957,4620288.0,-0.05850154405925423,-0.05866858805529773,4620288.0,-0.05772974085994065,-0.058864667487796396,4620288.0,0.9921599011868238,0.9356085372467835
4632576.0,-0.7409340708206097,-0.7491214683279395,4632576.0,-0.05807896486173073,-0.05855886250889549,4632576.0,-0.05900252657011151,-0.05881014291662723,4632576.0,0.9754269576321045,0.9498817420254151
4644864.0,-0.7256334908306599,-0.743238082714379,4644864.0,-0.0580806671641767,-0.05848689790970335,4644864.0,-0.05774351360742003,-0.05875962362624705,4644864.0,0.9763946154465278,0.9457110034922758
4657152.0,-0.7031200217703978,-0.7358010594422619,4657152.0,-0.05767524083300183,-0.05835090413844833,4657152.0,-0.05811537549986193,-0.058597567285566275,4657152.0,0.838511273264885,0.9389886077493429
4669440.0,-0.6945683751255274,-0.730242650397122,4669440.0,-0.05777161855561038,-0.05827101962252831,4669440.0,-0.05783085664734244,-0.05850581223688399,4669440.0,1.0575038976967335,0.9476627094050247
4681728.0,-0.7002926779290041,-0.7275652445231875,4681728.0,-0.05770783533807844,-0.05816399167524651,4681728.0,-0.05846028476177404,-0.05840904729363198,4681728.0,0.8829231591274341,0.9578399858127037
4694016.0,-0.701994306097428,-0.7221689612294236,4694016.0,-0.05790499485253046,-0.05810501671706636,4694016.0,-0.05775553884450346,-0.058318127280411615,4694016.0,0.893041821817557,0.9452406857162714
4706304.0,-0.6857800291230282,-0.7153039295847217,4706304.0,-0.057434050870748855,-0.05797688216359044,4706304.0,-0.05790681341507783,-0.05819810110066707,4706304.0,0.771273031209906,0.9267910451938709
4718592.0,-0.6829740305741628,-0.7094284983351826,4718592.0,-0.05741044277480493,-0.05789332420875628,4718592.0,-0.05778854285987715,-0.05812500033838053,4718592.0,1.0433644149452448,0.9321190710489949
4730880.0,-0.6999256517738104,-0.7062262605254849,4730880.0,-0.05764232583654424,-0.05782076851464808,4730880.0,-0.05750149011146277,-0.05798346831773717,4730880.0,1.01143086142838,0.9442029933755597
4743168.0,-0.6903237601121267,-0.7025546414156755,4743168.0,-0.05736478064985325,-0.05770709217370799,4743168.0,-0.05805371173967918,-0.058015865405711034,4743168.0,0.9024565815925598,0.9352326614161333
4755456.0,-0.6628125940139095,-0.6947424937350055,4755456.0,-0.05741453520022333,-0.05764064920755724,4755456.0,-0.05734944122377783,-0.057850556871077666,4755456.0,1.112457975745201,0.948935763227443
4767744.0,-0.6594667279471954,-0.6881258174466589,4767744.0,-0.0574944766315942,-0.05758203015429899,4767744.0,-0.058114219650936626,-0.057887627475429325,4767744.0,0.8707238957285881,0.938368691255649
4780032.0,-0.6564759335791072,-0.6834614086275299,4780032.0,-0.05679080895303438,-0.057493586966302246,4780032.0,-0.056680614477954805,-0.057744151373238614,4780032.0,0.8281807216505209,0.9373356360942126
4792320.0,-0.6396693888430794,-0.6779715099992851,4792320.0,-0.056881713292871915,-0.0574045964400284,4792320.0,-0.05800424543364594,-0.05776149025186896,4792320.0,1.0174429509788752,0.9333295414224267
4804608.0,-0.6368159279227257,-0.6716238349986573,4804608.0,-0.056852154550142586,-0.057319028361234814,4804608.0,-0.05671389913186431,-0.05758685168887799,4804608.0,0.8554667426894108,0.9305838997786242
4816896.0,-0.6342084274316827,-0.6648452471320828,4816896.0,-0.05725846179605772,-0.057254375055587545,4816896.0,-0.05756812065374106,-0.05756810986980175,4816896.0,1.126309956734379,0.9539107132703066
4829184.0,-0.652871006478866,-0.6615543448676666,4829184.0,-0.05652310287890335,-0.05716328025640299,4829184.0,-0.05684622761327773,-0.05746205128962174,4829184.0,0.7968778572976589,0.9564711958790818
4841472.0,-0.6841833225140969,-0.6616752740616599,4841472.0,-0.05686506066316118,-0.05710874204523862,4841472.0,-0.056896996878397964,-0.05737289669147383,4841472.0,0.9456458321462075,0.946699337599178
4853760.0,-0.6730141968776783,-0.6589841285720468,4853760.0,-0.0564964124156783,-0.05699415070315202,4853760.0,-0.05698200959401826,-0.05732094863972938,4853760.0,0.858529624218742,0.9314092138782142
4866048.0,-0.6570340485001603,-0.6556551574108502,4866048.0,-0.05667170090600848,-0.05692484272876754,4866048.0,-0.057174386883464955,-0.05723301615410795,4866048.0,1.1061791597555082,0.9517814716945091
4878336.0,-0.6605522312844793,-0.6554291211379072,4878336.0,-0.05661227666617682,-0.056844616875362894,4878336.0,-0.05606190130735437,-0.0571042621624656,4878336.0,0.9089888483285904,0.9314345589528481
4890624.0,-0.6359139181052645,-0.653073840153714,4890624.0,-0.05624269403051585,-0.05671943861525506,4890624.0,-0.057120995790076755,-0.05700493977637962,4890624.0,0.9272565996895233,0.9370878293489415
4902912.0,-0.6035249903798103,-0.6477787458337843,4902912.0,-0.056407767037550606,-0.05668113442370668,4902912.0,-0.056663334175633885,-0.05700321174614752,4902912.0,0.9063372040788332,0.9449034775917727
4915200.0,-0.5667585923026005,-0.6404876661797364,4915200.0,-0.056135941801282264,-0.056606557274547706,4915200.0,-0.05611928195382158,-0.056814715398165086,4915200.0,0.8254005225996176,0.925699234753847
4927488.0,-0.5335113282004992,-0.6301572062075139,4927488.0,-0.056625497488615416,-0.05658389156839501,4927488.0,-0.05677592207212001,-0.05682091769219065,4927488.0,0.9759866415212551,0.9377512246370314
4939776.0,-0.518099634287258,-0.6185463268930713,4939776.0,-0.0561747633619234,-0.05647552172498157,4939776.0,-0.05605781031772494,-0.05666988665858904,4939776.0,0.9998830618957678,0.9251085351531703
4952064.0,-0.5448417579755187,-0.6077434020427366,4952064.0,-0.055939645816882454,-0.05641717601877948,4952064.0,-0.05644186838374784,-0.05662945073563606,4952064.0,1.126470089579622,0.9580677583813666
4964352.0,-0.5660837702453136,-0.5959334468158582,4964352.0,-0.056328088122730456,-0.05636347876473641,4964352.0,-0.056876314842763044,-0.05662738253207256,4964352.0,0.8839129234353701,0.9518944675102828
4976640.0,-0.5844810778896014,-0.5870801349170507,4976640.0,-0.05561172096834829,-0.05627500962000341,4976640.0,-0.055675860571985446,-0.056496767629869285,4976640.0,0.8952714949846268,0.9555686545868716
4988928.0,-0.5821419799079498,-0.5795909280578295,4988928.0,-0.056277747925681375,-0.056235614321970696,4988928.0,-0.05684839627550294,-0.05646416856907308,4988928.0,0.9992372704048952,0.9448744656518103
5001216.0,-0.5857447230567535,-0.572110177235057,5001216.0,-0.05575297842733562,-0.05614968449808657,5001216.0,-0.05585742155866077,-0.05644372059420373,5001216.0,1.0590552520006895,0.9598811060190201
5013504.0,-0.5813780122747024,-0.5666565866520006,5013504.0,-0.05600144683072964,-0.056125559778107945,5013504.0,-0.05550485767889768,-0.05628210678308582,5013504.0,0.8781722045193116,0.9549726665019989
5025792.0,-0.563380534760654,-0.562642141090085,5025792.0,-0.05540679131324092,-0.05602546220567698,5025792.0,-0.056625303463079035,-0.05627830371183033,5025792.0,0.9538246734688679,0.9597214134410024
5038080.0,-0.566353768731157,-0.5626016587329408,5038080.0,-0.05523907653211305,-0.055935775678760055,5038080.0,-0.055677729775197804,-0.05623414849396795,5038080.0,0.8661939818412066,0.9638007593651613
5050368.0,-0.5739531870931387,-0.5666458446222047,5050368.0,-0.055957351539594434,-0.05586896108385797,5050368.0,-0.055735871622649334,-0.05613014344902088,5050368.0,1.0947402101010084,0.9756761162231367
5062656.0,-0.5597259759282073,-0.5708084787862996,5062656.0,-0.05488495315269878,-0.05573998006293551,5062656.0,-0.055732962558977306,-0.056097658673146124,5062656.0,1.0892181787639856,0.9846096279099583
5074944.0,-0.5590362061435977,-0.5722279236031075,5074944.0,-0.05558425975808253,-0.05570444145705551,5074944.0,-0.05581975483801216,-0.05603544731857255,5074944.0,0.8035053399701914,0.9523131529490152
5087232.0,-0.5657303566113114,-0.5721925822397074,5087232.0,-0.055846586280191936,-0.05565629127280165,5087232.0,-0.055203856357062854,-0.05586820147000253,5087232.0,0.9556727775683006,0.9594891383623084
5099520.0,-0.5850976205741366,-0.5722542365081608,5099520.0,-0.05520822821805874,-0.0556159419977727,5099520.0,-0.05542158075453093,-0.05584277348825708,5099520.0,0.9259546094884475,0.9625574498126905
5111808.0,-0.5778624222924312,-0.5718262807466089,5111808.0,-0.05502070490426073,-0.05549023769563064,5111808.0,-0.05557308834977448,-0.055715242695684244,5111808.0,1.108038192614913,0.9734375420336923
5124096.0,-0.5800789566710591,-0.5712597041080396,5124096.0,-0.05487006821203977,-0.05540194667410105,5124096.0,-0.05515527546716233,-0.0556450280865344,5124096.0,1.0484214561680953,0.9723741624504326
5136384.0,-0.6000701735417048,-0.5731289202347398,5136384.0,-0.055263857978085675,-0.05532818778883666,5136384.0,-0.05552214155128846,-0.05564675647377347,5136384.0,1.0355386684338252,0.988110808841884
5148672.0,-0.6007760558277369,-0.5768684723414481,5148672.0,-0.05510613147635013,-0.05529812180514758,5148672.0,-0.05526695462564627,-0.055510921590030196,5148672.0,1.0851750491807859,1.001245846413076
5160960.0,-0.5953011323387424,-0.5797632087022067,5160960.0,-0.054702256883805,-0.055244439840316774,5160960.0,-0.054943198997837804,-0.0554374685122942,5160960.0,0.8503038492053747,0.9996568331494927
5173248.0,-0.5744759993006786,-0.5798154899229606,5173248.0,-0.054971272591501474,-0.05514583194550747,5173248.0,-0.055362254924451314,-0.05540010684247439,5173248.0,1.1380042775223653,1.0039832398916284
5185536.0,-0.5722320529942712,-0.5810660976295668,5185536.0,-0.05405407364014536,-0.05506274399425213,5185536.0,-0.054547851672396064,-0.05528159575381626,5185536.0,0.9746353241304556,0.9925249544282753
5197824.0,-0.5856398254012068,-0.5837264595553279,5197824.0,-0.055266069869200386,-0.05503092500536392,5197824.0,-0.0551404479968672,-0.05521366506970178,5197824.0,1.0953212045133114,1.0217065408825874
5210112.0,-0.604461630495886,-0.5875995869437853,5210112.0,-0.054564275623609625,-0.05490269393970569,5210112.0,-0.054883628617972136,-0.0551816422957927,5210112.0,1.0637751414130132,1.0325167772670587
5222400.0,-0.6626375643536448,-0.5953535813217362,5222400.0,-0.05447584060796847,-0.05482945517869666,5222400.0,-0.054890814780568085,-0.055128565698396415,5222400.0,0.977253540729483,1.0376466703911622
5234688.0,-0.7070266579588255,-0.6082700048883756,5234688.0,-0.05514531322599699,-0.05484191601087028,5234688.0,-0.05469104399283727,-0.055040361262702696,5234688.0,0.970688101525108,1.0239116612821817
5246976.0,-0.7594924705723921,-0.6262113562785089,5246976.0,-0.054549784515984356,-0.054809887641264744,5246976.0,-0.054468669656974576,-0.05497170068168392,5246976.0,1.0837969748924177,1.0274492131546138
5259264.0,-0.7734530462572972,-0.6435496435500682,5259264.0,-0.05411033530253917,-0.05469453537371009,5259264.0,-0.053836279665119946,-0.05480311449306707,5259264.0,0.9541561982283989,1.0193109661340714
5271552.0,-0.787303319821755,-0.6622023699494701,5271552.0,-0.054259281566676996,-0.05460985038274278,5271552.0,-0.055035294499248266,-0.05477994848042726,5271552.0,0.851341579730312,0.995927619189024
5283840.0,-0.8139185675730308,-0.6840641134728989,5283840.0,-0.05424863282435884,-0.05456448797679817,5283840.0,-0.053710049483925104,-0.054656633529036006,5283840.0,1.1063345068444808,1.0215306849529346
5296128.0,-0.8221983592957258,-0.7088363494724035,5296128.0,-0.054049919436996184,-0.05447235266134763,5296128.0,-0.05457356374245137,-0.054577764410836005,5296128.0,0.9808016934742531,1.0058104265481234
5308416.0,-0.8316689475129048,-0.7347800389242669,5308416.0,-0.053887472565596305,-0.05445569255389273,5308416.0,-0.054472720134072006,-0.0545702512570036,5308416.0,1.0070059169083834,1.0090474858259162
5320704.0,-0.8480326347053051,-0.7610193198546769,5320704.0,-0.05429465944568316,-0.05435855151154101,5320704.0,-0.05390410245551417,-0.05444661670286829,5320704.0,0.9973818945387999,0.999253554828465
5332992.0,-0.8440596330910921,-0.7849791201141973,5332992.0,-0.05421085415097574,-0.054323209364277626,5332992.0,-0.055071634240448475,-0.05446541726511593,5332992.0,1.1091960159440835,1.0037956422815721
5345280.0,-0.8410742444296678,-0.8028227881217995,5345280.0,-0.05396597436629236,-0.05427222274011001,5345280.0,-0.053857959574088454,-0.05436213174446797,5345280.0,1.1141265040884416,1.017482938617468
5357568.0,-0.8473190665245056,-0.8168520289783675,5357568.0,-0.0538978804834187,-0.05414747946585219,5357568.0,-0.05396318047617873,-0.05428934539280211,5357568.0,0.9396671168506145,1.0143808401500185
5369856.0,-0.8549652217576901,-0.8263993040968975,5369856.0,-0.05355440580751747,-0.05404794159500549,5369856.0,-0.05416534778972467,-0.05425901320607711,5369856.0,0.9579024954388539,1.001791392204662
5382144.0,-0.83053097811838,-0.8321070972830057,5382144.0,-0.054187876055948436,-0.05405569567034642,5382144.0,-0.05369266444661965,-0.05424465168422708,5382144.0,1.0057202900449436,1.0069478013863165
5394432.0,-0.8204627577215433,-0.8354230410729844,5394432.0,-0.05406497422760973,-0.05403626493643969,5394432.0,-0.05382577880906562,-0.054123700115208825,5394432.0,0.9843327266474565,1.020246916078031
5406720.0,-0.8392701707780361,-0.8379582013934851,5406720.0,-0.053058639052324,-0.05391726555923622,5406720.0,-0.05388507782481611,-0.05414120294929792,5406720.0,0.8453842146943013,0.9941518868630131
5419008.0,-0.7998105070243279,-0.8357194161663453,5419008.0,-0.053860602085478604,-0.053898333824084446,5419008.0,-0.05369588639587164,-0.054053435214639955,5419008.0,1.1492439086238544,1.010996108377973
5431296.0,-0.7112485455969969,-0.8236773759747547,5431296.0,-0.05373469452994565,-0.05388305602051938,5431296.0,-0.05456092522945255,-0.054062255724178,5431296.0,1.1778457916031282,1.0280800958474476
5443584.0,-0.5846317273875078,-0.7973372852429748,5443584.0,-0.05393407381294916,-0.053846997457245985,5443584.0,-0.05337824358139187,-0.054009669836765785,5443584.0,0.8346618258704742,1.0118080889806151
5455872.0,-0.4246386718004942,-0.7553951891139149,5455872.0,-0.05374869607233753,-0.053800781649382165,5455872.0,-0.0543121830948318,-0.053933724722204104,5455872.0,0.8965580556541681,0.9905442929516237
5468160.0,-0.20970968556745598,-0.6922587332276937,5468160.0,-0.05305389369217058,-0.05370957358196998,5468160.0,-0.05393018790831169,-0.05394094755562644,5468160.0,1.0304739512503147,0.9821790376678109
5480448.0,-0.008778698839402447,-0.6084046964591836,5480448.0,-0.05383690601835648,-0.05370347613546376,5480448.0,-0.05343177728354931,-0.05388780723636348,5480448.0,1.1009890393664439,0.9983112299193939
5492736.0,0.10047251226690908,-0.5128609230567236,5492736.0,-0.052872757078148425,-0.05363531126252685,5492736.0,-0.05368927125042925,-0.05384019958243395,5492736.0,1.0114111434668303,1.0036620947221917
5505024.0,0.16505643127796552,-0.4133021821170891,5505024.0,-0.0528400813927874,-0.05350053179621075,5505024.0,-0.053155634474630155,-0.053786496585235,5505024.0,0.9746819548308849,1.0005582612007857
5517312.0,0.2491748391961058,-0.30633842242532405,5517312.0,-0.05349630784864227,-0.053443665158314,5517312.0,-0.05319886466410632,-0.05372380517073907,5517312.0,1.2028277305265267,1.0224077615886928
5529600.0,0.2857607590655486,-0.19383532944096563,5529600.0,-0.0528335259296,-0.053421153846041604,5529600.0,-0.053610663783426084,-0.05369636376660007,5529600.0,1.0225246821840603,1.0401218083376687
5541888.0,0.325060917219768,-0.081348187016556,5541888.0,-0.05348480508352319,-0.05338357414584607,5541888.0,-0.052591477249128125,-0.05358592285192572,5541888.0,0.9526519930611054,1.0204626167813937
5554176.0,0.34215497334177297,0.023992164877320955,5554176.0,-0.0520291457651183,-0.053213019269363324,5554176.0,-0.05333540190864975,-0.053463370519845434,5554176.0,0.95033841393888,0.9977118790149687
5566464.0,0.37180293537676334,0.11963563115374806,5566464.0,-0.05295465711969882,-0.053115077600038293,5566464.0,-0.0531717404567947,-0.05344272020738572,5566464.0,1.1897730119526386,1.0332229976231853
5578752.0,0.35850454587489367,0.19794995292128686,5578752.0,-0.05300038521333287,-0.053040246514137836,5578752.0,-0.053569864753323294,-0.053368488373234865,5578752.0,0.9986468814313412,1.0434318802009026
5591040.0,0.386066185310483,0.25752754000908074,5591040.0,-0.05256271936620275,-0.05299112908154106,5591040.0,-0.05265627281429867,-0.05324109686383357,5591040.0,1.0892761529733737,1.0493121003732084
5603328.0,0.4024077331026395,0.29864618320328495,5603328.0,-0.05231318130002668,-0.05283875660970807,5603328.0,-0.0533499657176435,-0.05323291570724298,5603328.0,0.9511103009184202,1.034324226528406
5615616.0,0.40120587839434546,0.3287195198160286,5615616.0,-0.0525700263485002,-0.05280848353674324,5615616.0,-0.052733040996827185,-0.053137292681882775,5615616.0,1.0251741595566273,1.035700528137386
5627904.0,0.4245636484896143,0.3546702415371935,5627904.0,-0.05294792610220611,-0.052819268007685126,5627904.0,-0.05327527256061634,-0.0531492564904814,5627904.0,1.1470882340023916,1.0529411560545365
5640192.0,0.4143848428502679,0.37119124190260966,5640192.0,-0.05255797718806813,-0.0527254349416277,5640192.0,-0.053642110200598836,-0.05319358104413065,5640192.0,0.9124447740614414,1.0239028604080278
5652480.0,0.4180407840758562,0.38441924440364045,5652480.0,-0.05222820934917157,-0.05266490328358486,5652480.0,-0.052559606226471565,-0.0530884752884352,5652480.0,1.1447696511944134,1.0361273573090632
5664768.0,0.42144346206138533,0.39405749888780217,5664768.0,-0.05257276684278622,-0.05257369945951116,5664768.0,-0.053181182127445936,-0.053147445776266976,5664768.0,1.1282027910153072,1.0536824371044833
5677056.0,0.42334636331846315,0.40217663788547114,5677056.0,-0.052627646713517606,-0.05263354955435109,5677056.0,-0.05282695645776888,-0.053096601231178896,5677056.0,1.005265763650338,1.059175172075629
5689344.0,0.4326973867913087,0.40826608302692574,5689344.0,-0.0523054819010819,-0.052568632032489404,5689344.0,-0.05251005641184747,-0.05303043282668416,5689344.0,1.1826020895193021,1.0584580798322953
5701632.0,0.4399335999041796,0.41640898842985424,5701632.0,-0.0522369013633579,-0.0524922836474919,5701632.0,-0.05243278915683428,-0.05291672526703527,5701632.0,1.001726775119702,1.0587660692011316
5713920.0,0.4619023750225703,0.4239926074010631,5713920.0,-0.05216248143309107,-0.05245225985418074,5713920.0,-0.052740853978320956,-0.052925183383437505,5713920.0,1.033229246114691,1.0531613785152634
5726208.0,0.4524338354046146,0.4289952176312605,5726208.0,-0.051737789918358125,-0.05239472071601388,5726208.0,-0.05283124989364296,-0.05287331180103745,5726208.0,0.9718218917647997,1.0552325375999014
5738496.0,0.4620630381007989,0.43508093360190586,5738496.0,-0.052584737966147564,-0.05239619187777862,5738496.0,-0.05287254943201939,-0.05288726264455666,5738496.0,0.9491908686856428,1.0476342085128028
5750784.0,0.48495063092559576,0.44111963184550407,5750784.0,-0.052367828863983355,-0.05233818215395634,5750784.0,-0.0524082271149382,-0.05280055809998885,5750784.0,1.0915880538523197,1.0420841904977958
5763072.0,0.4858713485300541,0.44826828241348265,5763072.0,-0.05162797301697234,-0.052245181736846766,5763072.0,-0.05164495238568634,-0.0526008423184976,5763072.0,1.0113665169725816,1.0519763647889098
5775360.0,0.48933492756138247,0.45539769676203534,5775360.0,-0.05180755762072901,-0.05220311656400252,5775360.0,-0.05255376275939246,-0.05260025797178969,5775360.0,1.0948232635855675,1.046981726028025
5787648.0,0.5136470313494405,0.46461805369084075,5787648.0,-0.051472466361398496,-0.05209308651586374,5787648.0,-0.052056499873287976,-0.05248778974637389,5787648.0,1.3370161342124145,1.067863060347736
5799936.0,0.5161073664203286,0.47389415400102736,5799936.0,-0.05181344668380916,-0.052011666512892886,5799936.0,-0.052462853879357375,-0.052451379488532734,5799936.0,0.9819746545205513,1.0655339494347573
5812224.0,0.5207774409403404,0.48270215941593053,5812224.0,-0.05141275151011845,-0.05192239347379655,5812224.0,-0.05190035370954623,-0.05239040921830261,5812224.0,0.991282157599926,1.0464019562428197
5824512.0,0.5302559395010272,0.4917343933756153,5824512.0,-0.051632829126901925,-0.05186198625015095,5824512.0,-0.05197012651478872,-0.05234414295409806,5824512.0,0.9721964374184608,1.0434489224726955
5836800.0,0.5212461315095425,0.4976687690243125,5836800.0,-0.051230425597168505,-0.0517687806665587,5836800.0,-0.051840360004765294,-0.0522540935567425,5836800.0,1.2745254995922248,1.067578547820449
5849088.0,0.5289422459900379,0.5053196100828549,5849088.0,-0.051371821823219456,-0.051732183857044825,5849088.0,-0.05188996356446296,-0.052159964923824485,5849088.0,0.9320592135190964,1.0636022799958786
5861376.0,0.5378644202525417,0.5128997482980291,5861376.0,-0.0516459221059146,-0.05163830227102153,5861376.0,-0.05234127627530446,-0.052106837608153,5861376.0,0.9566526928295692,1.0643484624102713
5873664.0,0.5366507278134426,0.5180697579868138,5873664.0,-0.05201241610726962,-0.05160276099535016,5873664.0,-0.05210140910154829,-0.052076155806814,5873664.0,1.1135894109805424,1.0665485981230938
5885952.0,0.5401571594799558,0.5234983390818039,5885952.0,-0.05149393458850682,-0.05158935715250361,5885952.0,-0.05216497407915691,-0.05212815797616107,5885952.0,1.2998233437538147,1.095394280801217
5898240.0,0.5463184124479691,0.5291966875704628,5898240.0,-0.050698228258018695,-0.051478424216232575,5898240.0,-0.050694311425710716,-0.0519422128427929,5898240.0,1.0380711158116658,1.0897190660238267
5910528.0,0.5461594685912132,0.5324479312946399,5910528.0,-0.0515967117001613,-0.051490848750108856,5910528.0,-0.05253057562125226,-0.051989620417589325,5910528.0,1.1932560621450345,1.0753430588170887
5922816.0,0.5301041739682356,0.5338476120494307,5922816.0,-0.05117055661200235,-0.05142655974292817,5922816.0,-0.05110333318589255,-0.05185366834824283,5922816.0,0.9023110643029213,1.0673766997953256
5935104.0,0.5267410216232141,0.5344439701177179,5935104.0,-0.05134547230166694,-0.05141983182208302,5935104.0,-0.0524482352581496,-0.051908456503103176,5935104.0,0.9071359572311243,1.0589620797584454
5947392.0,0.5209747959549228,0.5335158557631076,5947392.0,-0.05139220979375144,-0.05139576988876797,5947392.0,-0.05161526028920586,-0.05187296988054489,5947392.0,1.3163172497103612,1.0933741609876355
5959680.0,0.5200826339423656,0.5333995060063899,5959680.0,-0.051499980268999934,-0.05142272535595112,5959680.0,-0.05182388226967305,-0.05187132210703567,5959680.0,1.0355715019007523,1.0694787612184882
5971968.0,0.5224200338125229,0.5327472847886383,5971968.0,-0.05112083004011462,-0.05139762617764063,5971968.0,-0.05240385051971922,-0.05192271080256129,5971968.0,0.9135760981589556,1.0676304496824742
5984256.0,0.5191594483330846,0.5308767875966927,5984256.0,-0.05098886458047976,-0.05133192042509714,5984256.0,-0.051363477405781545,-0.051824930915609004,5984256.0,0.995565976947546,1.0715217780942718
5996544.0,0.5193834813932577,0.5291500629546741,5996544.0,-0.05065304785966873,-0.05119598360033706,5996544.0,-0.0517764661150674,-0.05179243661696091,5996544.0,1.1344362795352936,1.0736064649497468
6008832.0,0.5119995257506768,0.5263342995817463,6008832.0,-0.051178966144410275,-0.051164486755927406,6008832.0,-0.051603842565479376,-0.05173632346559316,6008832.0,1.212648815785845,1.0648890121529502
6021120.0,0.5019586011767387,0.5218983184546232,6021120.0,-0.050350975788508855,-0.051129761508976426,6021120.0,-0.05117061249135683,-0.05178395357215777,6021120.0,1.067493058120211,1.0678312063838047
6033408.0,0.5018821833655238,0.5174705899320543,6033408.0,-0.05053951626177877,-0.05102404196513817,6033408.0,-0.052016540158850454,-0.05173255002591759,6033408.0,1.0958605135480564,1.0580916515241068
6045696.0,0.5022666053846478,0.5146868330736954,6045696.0,-0.05045782347830633,-0.050952768651768565,6045696.0,-0.05150102043990046,-0.05177231875131838,6045696.0,0.9614063668996096,1.0640011817837753
6057984.0,0.497947147116065,0.5118074456229806,6057984.0,-0.05032370033829162,-0.05085059145543104,6057984.0,-0.05239036698670437,-0.05176653192417385,6057984.0,1.0800173698614042,1.0812893230468033
6070272.0,0.4967977652947108,0.5093897425569593,6070272.0,-0.05090954814416667,-0.05080232529047256,6070272.0,-0.05070266061617682,-0.05167527195687095,6070272.0,1.2101757961014907,1.0706751776859165
6082560.0,0.49327999260276556,0.5067094784229994,6082560.0,-0.05039248891019573,-0.05069157615459213,6082560.0,-0.05144791652370865,-0.05163767538227452,6082560.0,1.020914018775026,1.0692094293733436
6094848.0,0.4841705805932482,0.5028845331010718,6094848.0,-0.050702577573247254,-0.0506497509079054,6094848.0,-0.051468384956630565,-0.05154412882596565,6094848.0,1.1783213472614686,1.095683954283595
6107136.0,0.4784703565140565,0.49881562391916906,6107136.0,-0.05001938424538821,-0.05055280287439625,6107136.0,-0.05111893976572901,-0.0515196750619604,6107136.0,1.0448319837450981,1.10061055496335
6119424.0,0.4794717052330573,0.49482444630314903,6119424.0,-0.050273839520135276,-0.050514882040442896,6119424.0,-0.052155804024854056,-0.051557608852939064,6119424.0,0.9380878619849682,1.0809757132083178
6131712.0,0.4761501668641965,0.4912395104145011,6131712.0,-0.05026022352588674,-0.050423007778590545,6131712.0,-0.05058028044489523,-0.05145525264088065,6131712.0,1.1621155894050996,1.0759223905702433
6144000.0,0.4709815699607134,0.4881418072928986,6144000.0,-0.05032477481290698,-0.05042038768103037,6144000.0,-0.05119117236851404,-0.05145730862859636,6144000.0,1.0345138298968475,1.0726244677479069
6156288.0,0.47070650942623615,0.4850242398989697,6156288.0,-0.0493419129634276,-0.05030062735119525,6156288.0,-0.05119083154325684,-0.05137473776703701,6156288.0,1.2678278697033722,1.0898212033634385
6168576.0,0.46694271887342137,0.48149185124784716,6168576.0,-0.05025896296137944,-0.05028074129950255,6168576.0,-0.05105113459285349,-0.05132974918233231,6168576.0,1.169715306411187,1.1106520973145961
6180864.0,0.45963399081180495,0.4776605356174211,6180864.0,-0.0494550599444968,-0.050193877260123074,6180864.0,-0.0512299156592538,-0.05121370404958725,6180864.0,0.9851741902530193,1.1011677793537578
6193152.0,0.4574202100435893,0.47372278009230895,6193152.0,-0.05000072011413673,-0.050102994457120076,6193152.0,-0.05079255229793489,-0.05122269321776305,6193152.0,1.0706018662701051,1.0872103863706193
6205440.0,0.4553686985746026,0.46993165068949266,6205440.0,-0.04978526022750884,-0.0500422715888514,6205440.0,-0.05069487010284016,-0.0511473885756762,6205440.0,0.9802651088684797,1.0831454953799644
6217728.0,0.450024139136076,0.4665170065437755,6217728.0,-0.04937684795974443,-0.04990969862750111,6217728.0,-0.05075388075783849,-0.05107593815579701,6217728.0,1.1329537983983755,1.0786087404936553
6230016.0,0.449881315852205,0.46365810247759026,6230016.0,-0.04954903933685273,-0.04986266413664756,6230016.0,-0.05090407794341445,-0.05105445197356555,6230016.0,1.0310489361484845,1.077230435733994
6242304.0,0.4441879556203882,0.4601297275163234,6242304.0,-0.049233385167705514,-0.049758618701404585,6242304.0,-0.05095484604438146,-0.050934356175518294,6242304.0,1.2884276354064543,1.1122644130761425
6254592.0,0.44936160401751596,0.4574508712316553,6254592.0,-0.04957481696813678,-0.04969007804562958,6254592.0,-0.05112291206993783,-0.050988619338022546,6254592.0,1.106552812581261,1.106708135393759
6266880.0,0.4451841212188204,0.45487112635746596,6266880.0,-0.049635687842965126,-0.0496211693486354,6266880.0,-0.05043536424636841,-0.05091303852580799,6266880.0,1.002317865068714,1.1034885389109452
6279168.0,0.4402978830039501,0.4518302637152374,6279168.0,-0.049079501846184335,-0.04959492823691107,6279168.0,-0.05102938617346808,-0.05089689398882911,6279168.0,1.1736507471650839,1.0940708266571164
6291456.0,0.4416857681547602,0.4493045686433713,6291456.0,-0.05003153315434853,-0.049572185256207976,6291456.0,-0.05078767612576485,-0.05087054814212024,6291456.0,0.9692203421145678,1.0740213302274544
6303744.0,0.4366956489781539,0.44701073446000616,6303744.0,-0.048670352106758706,-0.04949371447243417,6303744.0,-0.050087431736756116,-0.05075629974987047,6303744.0,1.165077619254589,1.0920116731276115
6316032.0,0.4361690441146493,0.44488561786711217,6316032.0,-0.049877344902294375,-0.049481376951249934,6316032.0,-0.04950597521383315,-0.050627642041460294,6316032.0,1.2147123701870441,1.1064227235193054
6328320.0,0.445570451207459,0.4439057931303978,6328320.0,-0.04906691771854336,-0.049409542700353394,6328320.0,-0.05127720387342075,-0.05068587541851836,6328320.0,0.9887593804548184,1.1072721506779393
6340608.0,0.44914840751638013,0.4438182199684282,6340608.0,-0.04879474484672149,-0.049351332389051095,6340608.0,-0.05034272626896078,-0.050644759969630596,6340608.0,0.9328411047657331,1.087260881314675
6352896.0,0.44761195220053196,0.44359128360326083,6352896.0,-0.04919660330051556,-0.04931608878541737,6352896.0,-0.05008794693276286,-0.050563146868565424,6352896.0,1.3279463034123182,1.1169506180410584
6365184.0,0.4448612766961257,0.4436586157108347,6365184.0,-0.04858069723316779,-0.04925081999196361,6365184.0,-0.050524641488057874,-0.050520126412933075,6365184.0,1.084669217467308,1.0965747762471438
6377472.0,0.45142503703633946,0.443864959012717,6377472.0,-0.04901701861914868,-0.049195040157064794,6377472.0,-0.0506539597020795,-0.050473231176147236,6377472.0,1.0884282533079386,1.0947623203198116
6389760.0,0.4436206240206957,0.44370860929290445,6389760.0,-0.04904692402730385,-0.049136163775498676,6389760.0,-0.050581592872428395,-0.050487854038753235,6389760.0,1.1209325231611729,1.1066237861290573
6402048.0,0.44802709327389795,0.44448153031989934,6402048.0,-0.04884289705660194,-0.049112503296540426,6402048.0,-0.05076255109937241,-0.05046117053134367,6402048.0,0.9922775731732448,1.0884864687298736
6414336.0,0.4436570306619008,0.4446786565706134,6414336.0,-0.04912217213617017,-0.049021567194722594,6414336.0,-0.050471359689254314,-0.05042953888769262,6414336.0,1.0328154172748327,1.0948459762459
6426624.0,0.4446535849322875,0.4454744501660267,6426624.0,-0.04885631654178724,-0.04904016363822545,6426624.0,-0.05115170784605046,-0.050535966498622055,6426624.0,1.2499683517962694,1.103335049500068
6438912.0,0.44620664945493144,0.446478210700055,6438912.0,-0.04842037057581668,-0.04889446620557768,6438912.0,-0.05003878035737822,-0.050589247012976554,6438912.0,1.0955664875606697,1.0914204612374305
6451200.0,0.4388507613912225,0.4458062417184313,6451200.0,-0.048818131540125854,-0.04886958758773593,6451200.0,-0.049753012523675956,-0.05043682787800208,6451200.0,1.010982967292269,1.0936428199211758
6463488.0,0.4385168952867389,0.4447430904954672,6463488.0,-0.0484068012641122,-0.048830793229475,6463488.0,-0.04958111342663566,-0.05036066659376957,6463488.0,1.1113211046904325,1.1114908199136457
6475776.0,0.43825696253528196,0.44380759152894217,6475776.0,-0.04905928884788106,-0.048817061784211545,6475776.0,-0.04874708398710936,-0.05022658029920422,6475776.0,0.9810641165822744,1.0768026012306413
6488064.0,0.4394343551248312,0.4432648993718128,6488064.0,-0.04816918936558068,-0.048775910997452834,6488064.0,-0.04993550789852937,-0.05016766694025136,6488064.0,0.9482112315793833,1.0631568026418488
6500352.0,0.4359318350131313,0.44171557916949195,6500352.0,-0.04905333721156543,-0.04877954285669451,6500352.0,-0.049502033701476954,-0.05005247434019111,6500352.0,1.313949345300595,1.0857089118411145
6512640.0,0.43009853766610223,0.44036337053403257,6512640.0,-0.04824435899111753,-0.048699286353075875,6512640.0,-0.04906361744118234,-0.0499006767970665,6512640.0,1.1860712077468634,1.0922227802996833
6524928.0,0.4387106696764628,0.4394317281742891,6524928.0,-0.04867624908608074,-0.04868262155602376,6524928.0,-0.04993924677061538,-0.0498183463641908,6524928.0,1.038586726412177,1.0968536956235766
6537216.0,0.4288237855459253,0.43794840366269144,6537216.0,-0.04910358714793498,-0.04868076305720024,6537216.0,-0.048497307036692895,-0.04962094109893466,6537216.0,1.169318091745178,1.110503963070611
6549504.0,0.42617192522933084,0.43610023769239586,6549504.0,-0.04796984551164011,-0.048592115954185534,6549504.0,-0.05006757128285244,-0.04951252744261486,6549504.0,1.1753764742364485,1.103044775314629
6561792.0,0.4219012415657441,0.4336696969034771,6561792.0,-0.048470427049323916,-0.048597121601536244,6561792.0,-0.04805066234742602,-0.04931371564161964,6561792.0,1.3268753370891015,1.1261756602674722
6574080.0,0.4171960453192393,0.43150422529627874,6574080.0,-0.0474937081647416,-0.04846467926399782,6574080.0,-0.049422898659637816,-0.04928070425521582,6574080.0,0.9432672020047903,1.1194040837387242
6586368.0,0.41611289450277883,0.4292638252178828,6586368.0,-0.04760301004474362,-0.04838430014206096,6586368.0,-0.048289854157095156,-0.04915157832826177,6586368.0,1.1626509105165799,1.1245370643213393
6598656.0,0.4184263690064351,0.4272807658649981,6598656.0,-0.048570899467449635,-0.04833546120401782,6598656.0,-0.04995131422765553,-0.049272001352316394,6598656.0,1.1681972698618968,1.1432503796493017
6610944.0,0.41667684974769753,0.42500501532728474,6610944.0,-0.0476861287218829,-0.04828715513964804,6610944.0,-0.048702857069050275,-0.049148736269368484,6610944.0,1.0585340956846874,1.154282666059832
6623232.0,0.4055000611891349,0.42196183794488507,6623232.0,-0.04773491543407241,-0.04815531296189875,6623232.0,-0.04972150277656814,-0.049170683176877596,6623232.0,1.1235745946566265,1.1352451909954349
6635520.0,0.40200460112343234,0.41915244429061815,6635520.0,-0.04777686330877865,-0.04810856339366486,6635520.0,-0.04793295566923916,-0.04905761699968328,6635520.0,1.1355563538769882,1.1301937056084472
6647808.0,0.3883647999415795,0.4141178573171298,6647808.0,-0.047885854553896934,-0.048029523940446475,6647808.0,-0.049073976872023195,-0.04897109000982406,6647808.0,1.348751539985339,1.1612101869657636
6660096.0,0.38832363082716864,0.41006784184525413,6660096.0,-0.048579547728877515,-0.04797711999854073,6660096.0,-0.04869348934153095,-0.048990708240307865,6660096.0,1.0523214526474476,1.1495105230559906
6672384.0,0.3778244663650791,0.40523309595882895,6672384.0,-0.04856567445676774,-0.04803670289305349,6672384.0,-0.04861306261348849,-0.04884525737337147,6672384.0,1.0857009316484134,1.1405429687971869
6684672.0,0.3682284491757552,0.39986581671983,6684672.0,-0.04767791544630503,-0.0479574517327516,6684672.0,-0.049652121611870825,-0.04900540329981595,6684672.0,0.9613685961812735,1.103992294706404
6696960.0,0.3716653399169445,0.39531274617960055,6696960.0,-0.04753155154564107,-0.04796123607084155,6696960.0,-0.04818262999954944,-0.04888137643380712,6696960.0,1.3060659561306238,1.1402721701189875
6709248.0,0.3681920189410448,0.39052065862342716,6709248.0,-0.04798653844045475,-0.047999588910412665,6709248.0,-0.04950915362375478,-0.04900330638047308,6709248.0,0.9862499460577965,1.1226320736731092
6721536.0,0.36943533675124246,0.38562155539790793,6721536.0,-0.047195887251291424,-0.04786208768879684,6721536.0,-0.04753025985943774,-0.04876120094365131,6721536.0,1.0624291716764371,1.1120552638545633
6733824.0,0.37057430297136307,0.3810113007202745,6733824.0,-0.048171386568962284,-0.04791061347350478,6733824.0,-0.05034792023555686,-0.04892570726030196,6733824.0,1.0905683673918247,1.115258691025277
6746112.0,0.3689828334997098,0.37735957795133196,6746112.0,-0.047251707854835935,-0.04786229271558114,6746112.0,-0.048006068468869977,-0.04875416382953214,6746112.0,1.3328078997631867,1.1361820215359333
6758400.0,0.35261663887649775,0.37242078172663845,6758400.0,-0.04748480320752909,-0.047833086705456176,6758400.0,-0.04941622604383156,-0.04890249086699138,6758400.0,0.9765953862418731,1.1202859247724217
6770688.0,0.35317241741965216,0.3689015434744457,6770688.0,-0.04729858657810837,-0.04777435990787732,6770688.0,-0.04817083204397932,-0.048812176384186994,6770688.0,1.1883442010730505,1.1042451908811928
6782976.0,0.3314047499249379,0.3632096553842227,6782976.0,-0.046921972961475454,-0.04760860243113711,6782976.0,-0.04873235351017987,-0.048816062801051885,6782976.0,1.1641815168162186,1.11543119729807
6795264.0,0.31328562057266635,0.3567557708049814,6795264.0,-0.04830014653271064,-0.0475820496387314,6795264.0,-0.04902798222610727,-0.048857554762313765,6795264.0,1.0649859538922708,1.1133596995224555
6807552.0,0.2973495066786806,0.34966787655527387,6807552.0,-0.04646223387680948,-0.04746048148178185,6807552.0,-0.048271944494141884,-0.04871953705054087,6807552.0,1.0501726691921551,1.122240106823544
6819840.0,0.25232345098629594,0.33773368766220907,6819840.0,-0.04755924721636499,-0.047463251048854245,6819840.0,-0.04855097469408065,-0.048756371519994,6819840.0,1.268953916306297,1.1185289028411112
6832128.0,0.22713985635588566,0.32362847140369316,6832128.0,-0.046984660477998354,-0.047363063252608605,6832128.0,-0.04759315048189213,-0.048564771205807725,6832128.0,1.1369467911620934,1.1335985873515408
6844416.0,0.19749009679071605,0.3064339474076405,6844416.0,-0.04651884228223935,-0.0472953587557034,6844416.0,-0.047879946359898895,-0.04859973985585384,6844416.0,1.0496295876801014,1.1323186289519072
6856704.0,0.15609163821985325,0.28498568093248955,6856704.0,-0.04829456160465876,-0.04730767625927304,6856704.0,-0.04796200761726747,-0.048361148594024905,6856704.0,1.2042034553984802,1.1436821377525725
6868992.0,0.14921670717497668,0.26300906830001625,6868992.0,-0.04637305060168728,-0.04721981053395818,6868992.0,-0.047863171862748764,-0.048346858933412784,6868992.0,1.3016833545019229,1.1405696832264465
6881280.0,0.14886407717131078,0.24263381212949758,6881280.0,-0.047471396411613874,-0.04721846985436666,6881280.0,-0.04747876004936794,-0.04815311233396642,6881280.0,1.0601574052125216,1.1489258851235111
6893568.0,0.1553147720793883,0.2228480475954711,6893568.0,-0.04725508176488802,-0.047214119373044615,6893568.0,-0.04798029087639103,-0.0481340582172076,6893568.0,1.0916556778053443,1.1392570327967404
6905856.0,0.16009788680821657,0.20571736128379903,6905856.0,-0.046984208398498595,-0.047220342916746934,6905856.0,-0.04770814353832975,-0.04803163722002258,6905856.0,1.0739824088911216,1.1302371220042307
6918144.0,0.1938684133347124,0.1937756405600036,6918144.0,-0.04700475721620023,-0.047090803985095894,6918144.0,-0.04783066519303247,-0.0479119055167151,6918144.0,1.1878989270577829,1.1425284193207819
6930432.0,0.23200122717147073,0.18724081260928263,6930432.0,-0.04696287011029199,-0.047140867608444145,6930432.0,-0.047157216002233326,-0.04780043266752424,6930432.0,1.0353632476180792,1.1410474771633743
6942720.0,0.2537915565383931,0.18738762316449234,6942720.0,-0.04627471789717674,-0.04701241467652532,6942720.0,-0.04735844867536798,-0.04768118006565297,6942720.0,1.1727437830219667,1.1314264638349412
6955008.0,0.2744261830424269,0.19211625583314645,6955008.0,-0.0470081211727423,-0.04701476074599971,6955008.0,-0.04731291202673068,-0.04765315622013683,6955008.0,1.1139907638231914,1.129130861101051
6967296.0,0.29064004045600694,0.20143125019967556,6967296.0,-0.04612007500448575,-0.04697488401822435,6967296.0,-0.04736036650137976,-0.047601198234284915,6967296.0,1.2336932253092527,1.1475372248639664
6979584.0,0.29201454545060795,0.21502354092275106,6979584.0,-0.04692806072610741,-0.04683823393036922,6979584.0,-0.0477886603330262,-0.04758386350586079,6979584.0,1.1802727760126193,1.1451441569253802
6991872.0,0.28560802387073636,0.22866267259232695,6991872.0,-0.04666706126105661,-0.046867634996306154,6991872.0,-0.047189242322929204,-0.04751647055187883,6991872.0,1.1039941143244505,1.1253752329076332
7004160.0,0.2913751060453554,0.24291377547973148,7004160.0,-0.04629460576688871,-0.046749955931833634,7004160.0,-0.04749226822362592,-0.04751782136930463,7004160.0,1.0502029328296583,1.1243797856693465
7016448.0,0.28919947737207014,0.2563022460089997,7016448.0,-0.047502198664005846,-0.04677466762174542,7016448.0,-0.047162815443395324,-0.047436073826005065,7016448.0,1.3361006267368793,1.1488242805625002
7028736.0,0.2992432185759147,0.2702167791857695,7028736.0,-0.04636807041242719,-0.04671305382313827,7028736.0,-0.04699974741864329,-0.04736523421403642,7028736.0,1.1210683112343152,1.1535328707968195
7041024.0,0.3017797831756373,0.281007916169862,7041024.0,-0.04734855890274048,-0.046747433991792306,7041024.0,-0.04737773198091114,-0.047319940892824285,7041024.0,0.9250310448308786,1.1272460825741293
7053312.0,0.31154692204048234,0.28896248565676314,7053312.0,-0.04647926508914679,-0.04669907348967778,7053312.0,-0.04682373234148448,-0.047286592526749396,7053312.0,1.1503669234613578,1.138746450158457
7065600.0,0.333355145684133,0.2969188445713371,7065600.0,-0.046457762325493,-0.04671737793250941,7065600.0,-0.047456473538962506,-0.04729639501310885,7065600.0,1.2569874798258145,1.1471708198388417
7077888.0,0.3496575557316343,0.30444198184025784,7077888.0,-0.04612983604116986,-0.04662954941935216,7077888.0,-0.04785302184366932,-0.04735040599480271,7077888.0,1.1259751698623102,1.1483692604427536
7090176.0,0.33561235293745995,0.3089392130884031,7090176.0,-0.046230224950704724,-0.046640564413974066,7090176.0,-0.046795946545898914,-0.04729396399925463,7090176.0,1.1027386225759983,1.135273800169428
7102464.0,0.34167667633543414,0.31390542617688577,7102464.0,-0.046871251232611634,-0.04663488346462448,7102464.0,-0.04671894225369518,-0.047186992191321525,7102464.0,1.152344384541114,1.1324809610222777
7114752.0,0.35860771328831714,0.3212053951186438,7114752.0,-0.045924357895273715,-0.0465606131280462,7114752.0,-0.04744291321064035,-0.04721235928009264,7114752.0,1.1609402267883222,1.1381755722686648
7127040.0,0.38776893618827063,0.33084477813293534,7127040.0,-0.046495067654177547,-0.046580659316775075,7127040.0,-0.04618835967266932,-0.047081968424996984,7127040.0,0.9283142214020094,1.1259867011259
7139328.0,0.41780128981918097,0.34370495937764645,7139328.0,-0.046700742250929274,-0.04650051367546742,7139328.0,-0.0471269988338463,-0.04707838676404208,7139328.0,1.2435635570436716,1.1167329941565791
7151616.0,0.42555682733654976,0.35633632025371,7151616.0,-0.04567261734822144,-0.046430968369046845,7151616.0,-0.046409535609806575,-0.04701936558315841,7151616.0,1.279370483631889,1.1325632113963364
7163904.0,0.4070875085890293,0.36686709279504914,7163904.0,-0.046429412555880845,-0.04633905373436088,7163904.0,-0.047220351077461,-0.047003627492813393,7163904.0,1.0697786590705316,1.1470379728203017
7176192.0,0.3938227811207374,0.37509467870307467,7176192.0,-0.04544198734220117,-0.04623532595966632,7176192.0,-0.046648445539176464,-0.04698609881258259,7176192.0,1.0654957294464111,1.1385508534188071
7188480.0,0.3920501573011279,0.38096417986477416,7188480.0,-0.046396485976098724,-0.0462291983247269,7188480.0,-0.04774326532303045,-0.047014777990989395,7188480.0,1.0196536754568417,1.11481747298191
7200768.0,0.3951618590702613,0.38551461019863686,7200768.0,-0.046314990516596787,-0.046247713772269584,7200768.0,-0.04644187029528742,-0.0468736628361512,7200768.0,1.3228445990631978,1.1345044159019988
7213056.0,0.3894422094648083,0.39089759585137174,7213056.0,-0.04560751978230352,-0.04618544325542946,7213056.0,-0.04651104926597327,-0.046845173108158625,7213056.0,1.2806342039257288,1.1522939740369718
7225344.0,0.3720196693514784,0.3939318951529761,7225344.0,-0.04622981685679406,-0.04612129981784771,7225344.0,-0.04668746657747155,-0.046842025540536264,7225344.0,1.0647217041502397,1.1435317059978842
7237632.0,0.3700139056891203,0.3950725143930564,7237632.0,-0.04632780638833841,-0.046161644667154174,7237632.0,-0.04724291940995803,-0.04682202616046803,7237632.0,1.085973081489404,1.1360349914679926
7249920.0,0.3884099964052439,0.3951366204147537,7249920.0,-0.046097890997771174,-0.04612192700151353,7249920.0,-0.04568156838649884,-0.04677134703185099,7249920.0,1.121156595647335,1.1553192288925251
7262208.0,0.4015479916706681,0.3935112905999024,7262208.0,-0.04542378223656366,-0.045994231000076984,7262208.0,-0.0468884797495169,-0.04674749512341804,7262208.0,1.160934389879306,1.1470563121760884
7274496.0,0.41093012504279613,0.39204862037052707,7274496.0,-0.044816700547623135,-0.04590863932001715,7274496.0,-0.046961986692622304,-0.04680274023169962,7274496.0,1.41366570815444,1.1604858346283438
7286784.0,0.4202899318188429,0.39336886269350846,7286784.0,-0.04610734776360914,-0.045876432840789974,7286784.0,-0.04649387511502331,-0.04673009263545585,7286784.0,1.0567536316812038,1.1591833318894107
7299072.0,0.4322599368169904,0.3972125782631338,7299072.0,-0.0446990443742834,-0.04580213854399821,7299072.0,-0.04673581215320155,-0.04673882929685836,7299072.0,0.9921313325564066,1.1518468922004101
7311360.0,0.4362194323912263,0.4016295057721436,7311360.0,-0.045689534298920385,-0.045731443376280365,7311360.0,-0.04661850840784609,-0.046626353605339926,7311360.0,1.167573558787505,1.1666388805334766
7323648.0,0.42259345048417646,0.40437266491353513,7323648.0,-0.045229997020214796,-0.045622944026642166,7323648.0,-0.04604146608229106,-0.04658631318404029,7323648.0,1.3383480329066515,1.168189223917822
7335936.0,0.42509804541865986,0.40793824850892024,7335936.0,-0.045845407798575856,-0.04564673282826941,7335936.0,-0.04647701773016403,-0.04658291003045937,7335936.0,1.0463425740599632,1.1447600609312456
7348224.0,0.4132994680354993,0.4120662283773223,7348224.0,-0.04543062157851333,-0.045566813300441336,7348224.0,-0.04681607341626659,-0.046595770714338874,7348224.0,1.233289822936058,1.1616168728098273
7360512.0,0.4067630177984635,0.41574113958825665,7360512.0,-0.04458495613653213,-0.045392528275260705,7360512.0,-0.04606895608594641,-0.04647837438193771,7360512.0,1.0766116542120774,1.160680730082095
7372800.0,0.4044892539580663,0.4173490653435389,7372800.0,-0.04578579523755858,-0.04536131869923944,7372800.0,-0.04629273161602517,-0.04653949070489034,7372800.0,1.2971631766607363,1.178281388183435
7385088.0,0.4055606306840976,0.41775032924488187,7385088.0,-0.04519277847915267,-0.04533821832349834,7385088.0,-0.04717711157475909,-0.04656835388741456,7385088.0,1.0342545447250207,1.1656134036680066
7397376.0,0.3743536559243997,0.4140926823330423,7397376.0,-0.045214111354046814,-0.04537795940414071,7397376.0,-0.045620614604558796,-0.04643421667860821,7397376.0,1.1496330723166466,1.139210140084227
7409664.0,0.3851646951710184,0.4105801586682598,7409664.0,-0.04461631960778808,-0.045228856588558596,7409664.0,-0.04715012512557829,-0.046499841679663714,7409664.0,1.2446396332234144,1.157998740238448
7421952.0,0.36403692855189246,0.40375785784174995,7421952.0,-0.04506702342769131,-0.045265654493899396,7421952.0,-0.04628747113747522,-0.04645500757809108,7421952.0,0.9602299984544516,1.1548086068282526
7434240.0,0.36795516436298686,0.3969314310389261,7434240.0,-0.0456124827809011,-0.04525794934209747,7434240.0,-0.04707299950920666,-0.04650045668822713,7434240.0,1.182041957353552,1.1562554466848574
7446528.0,0.35895655242105323,0.39056774123261373,7446528.0,-0.044361125076344855,-0.045171062147710474,7446528.0,-0.04599794539778183,-0.04649610461977621,7446528.0,1.261712606375416,1.1485919040317338
7458816.0,0.37035201489925385,0.38509313818067314,7458816.0,-0.04483599396189675,-0.04507012076404256,7458816.0,-0.045836602279450744,-0.046432063074704884,7458816.0,1.3808908195545275,1.1820467285811902
7471104.0,0.3450242693846424,0.3782656183155874,7471104.0,-0.0451716676276798,-0.045044225368959204,7471104.0,-0.04657528890917698,-0.046407984623995924,7471104.0,1.0918125212192535,1.1678989984095096
7483392.0,0.318882342427969,0.369477550778538,7483392.0,-0.0445959615559938,-0.04504532591090538,7483392.0,-0.04527366656111553,-0.04632845567151283,7483392.0,1.1349813509732485,1.1737359680856267
7495680.0,0.30891511496156454,0.3599201368788878,7495680.0,-0.044930310357206814,-0.0449597774228702,7495680.0,-0.046503846785829715,-0.046349567188493285,7495680.0,1.1304649809996288,1.1570661485195157
7507968.0,0.3170455902193983,0.35106863283241785,7507968.0,-0.045287398155778646,-0.044969239390532795,7507968.0,-0.04583983486130213,-0.04621583951714758,7507968.0,1.0183430630713701,1.155475000354151
7520256.0,0.33357968647032976,0.3469912358870109,7520256.0,-0.04434800871725505,-0.04488262912685362,7520256.0,-0.04579389116649205,-0.04623316717334092,7520256.0,1.3109444410850604,1.1716061372309923
7532544.0,0.3376198816113174,0.3422367545310408,7532544.0,-0.0448599288550516,-0.04490699005157997,7532544.0,-0.04558522900333628,-0.04607667756111671,7532544.0,1.2320481731245916,1.1703469912211102
7544832.0,0.30624465566749376,0.33645752724260086,7544832.0,-0.04503105004550889,-0.04490339271336173,7544832.0,-0.046271506192473076,-0.0460750810666165,7544832.0,1.0948556649188201,1.1838095578675467
7557120.0,0.24574299917245904,0.3242363107235481,7557120.0,-0.044302586369061224,-0.04477240307217774,7557120.0,-0.04603529603142912,-0.04597131071883874,7557120.0,1.2440825371692579,1.1900136158491172
7569408.0,0.24720532214269042,0.3130611876957118,7569408.0,-0.0446437057107687,-0.04480066113562013,7569408.0,-0.04545586598881831,-0.0459171027779424,7569408.0,1.0178706422448158,1.1656294194360572
7581696.0,0.23137650405988097,0.2991636366117746,7581696.0,-0.044244967517443,-0.044741558491174754,7581696.0,-0.046066846892548106,-0.04594012723925213,7581696.0,1.2906338007499774,1.1566037175556025
7593984.0,0.24195915910725793,0.28885712558403615,7593984.0,-0.044648897484876215,-0.044689281476894396,7593984.0,-0.044779404784397535,-0.04576053882677418,7593984.0,1.3735910337418318,1.1847815688078602
7606272.0,0.24165986261020103,0.28113487760225936,7606272.0,-0.04501765207775558,-0.04473145052907058,7606272.0,-0.046075340263390295,-0.04584070619700166,7606272.0,1.034391585116585,1.1747225922221938
7618560.0,0.2542306184768677,0.2756664279537896,7618560.0,-0.04423804996379962,-0.044662224489729854,7618560.0,-0.04514071157124514,-0.0457043926755432,7618560.0,1.1244884623835485,1.1741249403605858
7630848.0,0.2500481711079677,0.2689666860426466,7630848.0,-0.04499817963611955,-0.04463330263776394,7630848.0,-0.04534857107015947,-0.045655266296428944,7630848.0,1.2171262490252654,1.1940032589559753
7643136.0,0.29909574380144477,0.2655182917757581,7643136.0,-0.043780552165117115,-0.044576556982550156,7643136.0,-0.04477945920856049,-0.045553823100635785,7643136.0,1.1106388630966346,1.1739727011571326
7655424.0,0.3363395386065046,0.2653902574752768,7655424.0,-0.04473812162177637,-0.044564376259222625,7655424.0,-0.04600327543448657,-0.04559562774375081,7655424.0,1.0967462100088596,1.1604425048455593
7667712.0,0.39588965630779666,0.27435475753930705,7667712.0,-0.04397332466517886,-0.04445860372118962,7667712.0,-0.04524382970218236,-0.04549286009472174,7667712.0,1.0523142951230209,1.1561883678659797
7680000.0,0.4017511097093423,0.2899555685929954,7680000.0,-0.04397922694139803,-0.0444262677784233,7680000.0,-0.04412850004155189,-0.04530218049573402,7680000.0,1.1075690674285095,1.1425370208919046
7692288.0,0.3937166913722952,0.3046067055159559,7692288.0,-0.04527960853495946,-0.04448985806084238,7692288.0,-0.046419094083830714,-0.04539850330523526,7692288.0,1.259185602888465,1.1666685169562696
7704576.0,0.37264904597153264,0.3187339597071211,7704576.0,-0.04368618408140416,-0.04443397971723849,7704576.0,-0.044202401904234044,-0.045212058806403846,7704576.0,1.2419429626315832,1.1617994331444303
7716864.0,0.3638770530621211,0.33092574910260736,7716864.0,-0.044321111228782684,-0.04440120109162914,7716864.0,-0.04556397560130184,-0.045290515888094275,7716864.0,1.4358822138359149,1.1680285511538389
7729152.0,0.3574523793843885,0.3425050007800261,7729152.0,-0.044073969106345125,-0.0443068327944881,7729152.0,-0.04457572096725926,-0.045140553958481176,7729152.0,1.1488965606937807,1.1794790487115583
7741440.0,0.37145428173244,0.35422736710558334,7741440.0,-0.04392801510402933,-0.04427582930851107,7741440.0,-0.04542933400565138,-0.0451694162019218,7741440.0,1.1734554581344128,1.1843757482866446
7753728.0,0.3733638913060228,0.36655893912538884,7753728.0,-0.044517378555610776,-0.04422774920046019,7753728.0,-0.044993182100976505,-0.045133877305003504,7753728.0,1.3251546459893386,1.1951785879830519
7766016.0,0.3601552997715771,0.37266489472240205,7766016.0,-0.043571021989919245,-0.0442067961829404,7766016.0,-0.04484269405171896,-0.04514020078931935,7766016.0,1.058934111148119,1.1900081127882003
7778304.0,0.3603127251068751,0.3750622133724391,7778304.0,-0.044254744541831315,-0.04415845847494589,7778304.0,-0.044923153259636216,-0.04503218857183432,7778304.0,1.1076171050469081,1.1910952022920052
7790592.0,0.37531998148187995,0.37300524588984746,7790592.0,-0.04421756412678709,-0.04418288242110672,7790592.0,-0.045560459431726485,-0.04506385154478873,7790592.0,1.4067622429380815,1.2265399970735111
7802880.0,0.38240799587219954,0.3710709345061332,7802880.0,-0.04395528283203021,-0.04418048801016993,7802880.0,-0.044677584257442504,-0.04511875996637779,7802880.0,1.1140720006078482,1.2271902903914451
7815168.0,0.38161626054594916,0.3698608914234986,7815168.0,-0.04406245549519857,-0.04405877270619384,7815168.0,-0.04538936581229791,-0.04501578713922451,7815168.0,1.1694814922908943,1.218219879331688
7827456.0,0.4032202186062932,0.37291800868697467,7827456.0,-0.04379340920907756,-0.04406949521896118,7827456.0,-0.04448075064768394,-0.0450436220135695,7827456.0,1.4695033623526494,1.2409759193037946
7839744.0,0.3948524547740817,0.37601554885817073,7839744.0,-0.044333843630738556,-0.04407076845915678,7839744.0,-0.04543014088024696,-0.045030238541464006,7839744.0,1.2611566632986069,1.223503364250064
7852032.0,0.39934965160985786,0.38020527608071764,7852032.0,-0.043767474339498826,-0.04404011898247215,7852032.0,-0.045402033564945064,-0.045112869801232594,7852032.0,1.1750010903924704,1.2261138172199328
7864320.0,0.39630879554897547,0.3826907274623712,7864320.0,-0.04392281399729351,-0.04403959887179857,7864320.0,-0.04541291065591698,-0.04511122746625915,7864320.0,1.1484172685692708,1.2236099982634188
7876608.0,0.4071583344290654,0.38607017177467545,7876608.0,-0.044646852591540664,-0.044052546275391555,7876608.0,-0.04480136692291126,-0.045092045948452626,7876608.0,1.1632515763243039,1.2074196912969153
7888896.0,0.40896613368143636,0.3909512551656614,7888896.0,-0.0438016383171392,-0.04407560790811355,7888896.0,-0.04648812427573527,-0.04525658897085426,7888896.0,1.1131026844183605,1.2128365486239394
7901184.0,0.4101051638523738,0.39593049904021127,7901184.0,-0.04395389293010036,-0.04404552274694045,7901184.0,-0.04420613978678981,-0.045184887623569626,7901184.0,1.2849696297198534,1.2305718010912339
7913472.0,0.40066400822252035,0.3984649017142753,7913472.0,-0.04362825352776175,-0.043986591687037925,7913472.0,-0.045250485107923545,-0.04515389019118933,7913472.0,1.0303705930709839,1.192932636104524
7925760.0,0.4051943579688668,0.400743537923942,7925760.0,-0.042804838701461755,-0.04387154727398107,7925760.0,-0.044646924283976354,-0.04515082419384271,7925760.0,1.2733554014315207,1.2088609761868914
7938048.0,0.4112086525807778,0.4037027771274249,7938048.0,-0.043652378798772894,-0.043830539604338505,7938048.0,-0.0448458370519802,-0.04509647131781094,7938048.0,1.1441288081308205,1.2063257077708842
7950336.0,0.413810711974899,0.40476182646428543,7950336.0,-0.04320222500246018,-0.043771421183676766,7950336.0,-0.044753981152704604,-0.045123794368313,7950336.0,1.0477270788202684,1.164148079417646
7962624.0,0.4087633276358247,0.4061529137504598,7962624.0,-0.0437320219934918,-0.043711239019952094,7962624.0,-0.04425003511520723,-0.045005783791809036,7962624.0,1.3917886521667242,1.1772112783044575
7974912.0,0.4185181089366476,0.4080697594831387,7974912.0,-0.0434302015734526,-0.04367751174334747,7974912.0,-0.04455101425992325,-0.044920681861306856,7974912.0,0.9918296206742525,1.158894131332636
7987200.0,0.4319777823984623,0.41163665816808737,7987200.0,-0.04331817770920073,-0.04361704811453819,7987200.0,-0.04497421930621689,-0.04487681272633684,7987200.0,1.1908584423363209,1.163138248709341
7999488.0,0.45100002518544596,0.41602082724372547,7999488.0,-0.04308383906027302,-0.04346074676141143,7999488.0,-0.04423903984328111,-0.04482058001837382,7999488.0,1.3010283454010885,1.1769159256170192
8011776.0,0.44088058825582266,0.4192122727011641,8011776.0,-0.04337564537612101,-0.04341814746730961,8011776.0,-0.04479160631308332,-0.04465092822210863,8011776.0,1.1042267146209876,1.176028328637282
8024064.0,0.4377461336553097,0.4219763696814577,8024064.0,-0.043464141276975475,-0.04336917230199712,8024064.0,-0.04397737108714258,-0.044628051352143906,8024064.0,1.2207563575357199,1.1696070014188686
8036352.0,0.43653595447540283,0.42556356430674597,8036352.0,-0.043623796702983476,-0.04336872661951929,8036352.0,-0.04421647273314496,-0.044524650114666046,8036352.0,1.074800532311201,1.1740499953428905
8048640.0,0.4290688118586938,0.4279510096957287,8048640.0,-0.04302705228716756,-0.04339094797808988,8048640.0,-0.04443785406571502,-0.044503743092839915,8048640.0,1.3209499008953571,1.1788094452892741
8060928.0,0.45550460492571193,0.432380604930222,8060928.0,-0.04327849882732456,-0.04335355998094505,8060928.0,-0.04392090282635763,-0.04441124967027767,8060928.0,1.1630109213292599,1.180697656609118
8073216.0,0.4494554816434781,0.4359450818970799,8073216.0,-0.043427642221407346,-0.04337610170283975,8073216.0,-0.04508897493360564,-0.04444474904836776,8073216.0,1.247465547795097,1.200671503506601
8085504.0,0.42773879257341224,0.43784262839083865,8085504.0,-0.04339620292497178,-0.04334251979598776,8085504.0,-0.04342701472342014,-0.04436244700918905,8085504.0,1.2981159122039874,1.1913042295103273
8097792.0,0.4217044310644269,0.43816126060361665,8097792.0,-0.04325559822609648,-0.04332505946125214,8097792.0,-0.04461371572688222,-0.04436871715588495,8097792.0,1.2001009657979012,1.212131364022692
8110080.0,0.40279435583700735,0.43524291794747116,8110080.0,-0.042813896880640336,-0.04327463137839611,8110080.0,-0.043897416772476085,-0.04426103690251087,8110080.0,1.1731168491144974,1.2103572047005098
8122368.0,0.3860366049533089,0.42874657592425747,8122368.0,-0.043341043579857796,-0.043300351830354585,8122368.0,-0.04377253087780749,-0.044214386005963516,8122368.0,1.2219290335973103,1.2024472735201321
8134656.0,0.38530034106224775,0.4231885512048999,8134656.0,-0.04359190202861404,-0.04332197749560388,8134656.0,-0.044798659917432815,-0.04421509136639846,8134656.0,1.3691562519719203,1.2289402272552252
8146944.0,0.38098014580706757,0.41751195242007577,8146944.0,-0.043013518307513245,-0.04327691519865766,8146944.0,-0.043207391805481166,-0.044138093438232315,8146944.0,1.1257705688476562,1.219441648386419
8159232.0,0.3917946647852659,0.413037823451062,8159232.0,-0.04267846067280819,-0.04318238159564013,8159232.0,-0.043929446081165224,-0.04410939077303434,8159232.0,1.2078181716303031,1.232743412318329
8171520.0,0.3957353653386235,0.409704478799055,8171520.0,-0.04273098045572018,-0.04315277441249539,8171520.0,-0.0438957002479583,-0.04405517539125867,8171520.0,1.2305544974903266,1.223703871977826
8183808.0,0.41679285063097876,0.4058333033695817,8183808.0,-0.042468185032097004,-0.043071743032972634,8183808.0,-0.044132325584845,-0.04407631766710741,8183808.0,1.058759843930602,1.2132787642379603
8196096.0,0.4231623075902462,0.40320398596425855,8196096.0,-0.04281337906528885,-0.04301031671736079,8196096.0,-0.04308517079334706,-0.043875937253081546,8196096.0,1.1903497390449047,1.2075671833629409
8208384.0,0.4371751494084795,0.4041476216477652,8208384.0,-0.042470842852101974,-0.04291778071007381,8208384.0,-0.043508013167108096,-0.043884037097450354,8208384.0,1.3984958802660306,1.2176051801691454
8220672.0,0.44152460775027674,0.4061296393163502,8220672.0,-0.04225242512378221,-0.04281746339984238,8220672.0,-0.04372303785445789,-0.04379496931020792,8220672.0,1.1355992288639147,1.2111550064757468
8232960.0,0.45141525752842426,0.41099172948549184,8232960.0,-0.04269697796553373,-0.042805771508331716,8232960.0,-0.04447547338592509,-0.04385277497155282,8232960.0,1.276738479733467,1.2215171695376437
8245248.0,0.455679248397549,0.41795599382991594,8245248.0,-0.043000924439790346,-0.042771759594324985,8245248.0,-0.04334493291874727,-0.043810015175646796,8245248.0,1.0697737180938323,1.2063016379872957
8257536.0,0.456068725635608,0.42503283228725197,8257536.0,-0.04159992060158402,-0.04257256145162198,8257536.0,-0.04481660904518018,-0.043811810088421534,8257536.0,1.2156072190652292,1.1909467346966267
8269824.0,0.44437075809886056,0.4313718935164313,8269824.0,-0.043511167323837675,-0.04262232635325442,8269824.0,-0.04292023426387459,-0.04378309433426087,8269824.0,1.2495175109555323,1.2033214289074143
8282112.0,0.43250588172425825,0.43544301521033046,8282112.0,-0.04254523332929239,-0.04260900361890284,8282112.0,-0.04363341452941919,-0.043753491179086265,8282112.0,1.3149054360886414,1.2140301553532482
8294400.0,0.4266119447226326,0.4385306731487314,8294400.0,-0.042611006763763726,-0.04259700624970719,8294400.0,-0.044251897120072194,-0.043789110866297665,8294400.0,1.2503722080339987,1.2160119264076155
8306688.0,0.4364683423191309,0.4404982223175466,8306688.0,-0.04248424714508777,-0.04259861246100626,8306688.0,-0.043347506589877106,-0.04371062896680087,8306688.0,1.0957118285199006,1.2197071248665452
8318976.0,0.43220403262724477,0.44140239482124644,8318976.0,-0.041314559639431536,-0.04244873051842053,8318976.0,-0.04354910536979636,-0.0437570224244458,8318976.0,1.1653930749744177,1.2172114584594964
8331264.0,0.44680012048532564,0.44236489192893114,8331264.0,-0.04287485628932094,-0.04248913186214243,8331264.0,-0.04361145097451905,-0.04376736620518689,8331264.0,1.2866094553222258,1.206022815965116
8343552.0,0.46224152731398743,0.4444365838853021,8343552.0,-0.04218509461497888,-0.0424823988112621,8343552.0,-0.04364763863850385,-0.04375982628359149,8343552.0,1.1980015219499667,1.2122630452737213
8355840.0,0.48814788026114303,0.4481098461585741,8355840.0,-0.04262720521849891,-0.042475421536558616,8355840.0,-0.0432285688778696,-0.043635135832785936,8355840.0,1.1128197001914184,1.1958711673195164
8368128.0,0.49278529236714047,0.45182045055553316,8368128.0,-0.0425777513301,-0.04243310422558959,8368128.0,-0.044273279199842364,-0.043727970460895445,8368128.0,1.0204828698188066,1.1909420824920136
8380416.0,0.4810661769782503,0.4543201956897974,8380416.0,-0.04204960415760676,-0.042478072581191864,8380416.0,-0.04305559394803519,-0.043551868951180954,8380416.0,1.3843284454196692,1.2078142051274576
8392704.0,0.48117663121471804,0.45800078300138314,8392704.0,-0.042762204247992486,-0.04240317627360734,8392704.0,-0.04355855833273381,-0.043615701358066875,8392704.0,1.2089462193349998,1.2037570759654046
8404992.0,0.4828372271731496,0.46303391754627227,8404992.0,-0.04211680263203258,-0.04236033320388136,8404992.0,-0.043201313024231545,-0.0435724912075481,8404992.0,1.0545490911851327,1.1777214414750534
8417280.0,0.4856880422060688,0.46894152729461586,8417280.0,-0.04241414139202485,-0.04234064666670748,8417280.0,-0.043613840670635305,-0.04350868556260441,8417280.0,1.2268384359776974,1.1753680642694235
8429568.0,0.48972447744260234,0.47426714080696303,8429568.0,-0.0421057571657002,-0.04230279766876872,8429568.0,-0.043787854141555727,-0.043552720317772284,8429568.0,1.1920715017865102,1.1850040315960846
8441856.0,0.49099284037947655,0.4801460215821862,8441856.0,-0.042169108016726874,-0.04238825250649825,8441856.0,-0.04359532469728341,-0.04355734225052098,8441856.0,1.2902454379945993,1.1974892678981026
8454144.0,0.49408821140726406,0.4848748306743801,8454144.0,-0.042142314972200744,-0.04231499837478622,8454144.0,-0.04274593792312468,-0.043470790945381546,8454144.0,1.4218204077333212,1.2110103631392122
8466432.0,0.512872357852757,0.489937913728257,8466432.0,-0.04213566032315915,-0.042310054945604254,8466432.0,-0.04336088595058148,-0.04344211567658931,8466432.0,1.1162886762370665,1.2028390785679224
8478720.0,0.5157147844632467,0.49269460414846733,8478720.0,-0.04208122300527369,-0.04225545672428173,8478720.0,-0.04273404510846982,-0.04339266329964934,8478720.0,1.1199802278230588,1.2035551313310862
8491008.0,0.5176947383830944,0.49518554875006277,8491008.0,-0.042277270171325654,-0.0422254086084043,8491008.0,-0.04306245038363462,-0.04327158041802855,8491008.0,1.3441181009014447,1.2359186544393501
8503296.0,0.5189197066550454,0.49897090171774233,8503296.0,-0.042029165818045534,-0.04222336477444817,8503296.0,-0.04262518492760137,-0.043228539515985175,8503296.0,1.2809206377714872,1.2255778736745317
8515584.0,0.524284314053754,0.5032816700016458,8515584.0,-0.041525864779638745,-0.04209973082761281,8515584.0,-0.042019418557174504,-0.043074625538429244,8515584.0,1.1946403613934915,1.224147287880381
8527872.0,0.5214374298229814,0.5071416902666291,8527872.0,-0.041664321751644216,-0.04205448273957396,8527872.0,-0.04378474602708593,-0.04313296883871469,8527872.0,0.9747180243333181,1.2161641811951995
8540160.0,0.5260935081169009,0.5111822368577122,8540160.0,-0.04260621159725512,-0.042073689760097,8540160.0,-0.04240987337349603,-0.043012572109000766,8540160.0,1.28477687202394,1.2219580247998238
8552448.0,0.5249508942166964,0.5147048785351218,8552448.0,-0.04189569171285257,-0.04205268321481223,8552448.0,-0.04369126491170997,-0.04300291318601619,8552448.0,1.4179273893435795,1.2445436135555306
8564736.0,0.5280527742579579,0.5184108719229699,8564736.0,-0.04166288064637532,-0.04200206047777707,8564736.0,-0.04245881326884652,-0.04288926204317249,8564736.0,1.253898972645402,1.2409089670206108
8577024.0,0.5316376456369957,0.5221658153459429,8577024.0,-0.04131742551301917,-0.041919571531858914,8577024.0,-0.04241818826024731,-0.042856487076884754,8577024.0,1.1501401048153639,1.2137409367288152
8589312.0,0.5272232638671994,0.5236009059473872,8589312.0,-0.04206184086312229,-0.04191218958585523,8589312.0,-0.04318246132849405,-0.042838644614676014,8589312.0,1.0955827590078115,1.2116703450058897
8601600.0,0.5367797575891018,0.5257074032599727,8601600.0,-0.04149335236676658,-0.04185340252200452,8601600.0,-0.04231471197757249,-0.04279671130158628,8601600.0,1.3215685623387496,1.2318291784574587
8613888.0,0.5382046895101666,0.5277583983726799,8613888.0,-0.04214788038128366,-0.04184046354300032,8613888.0,-0.04335888184141368,-0.042826354447364184,8613888.0,1.1874692769100268,1.216164296058317
8626176.0,0.5341251312444607,0.5292789408316214,8626176.0,-0.04153276935297375,-0.041790823896493134,8626176.0,-0.04215459085147207,-0.04277929503975125,8626176.0,1.3070346197734277,1.218775694258511
8638464.0,0.5382028209666411,0.5306707915229103,8638464.0,-0.04087637993507087,-0.04172587541203636,8638464.0,-0.04292797116795555,-0.042870150300829364,8638464.0,1.1288734506815672,1.2121990031873184
8650752.0,0.5374386683106422,0.5322709153716763,8650752.0,-0.041558579464132585,-0.04171530118328519,8650752.0,-0.042771115724463016,-0.042768787270567064,8650752.0,1.1766736240436633,1.2323945631583533
8663040.0,0.5399081436917186,0.5336523789291581,8663040.0,-0.04154584001904974,-0.04160926402546466,8663040.0,-0.04291500444135939,-0.0428193003773534,8663040.0,1.2176365156968434,1.2256805275256437
8675328.0,0.5431963006655375,0.5354769195740421,8675328.0,-0.04123148013604805,-0.0415428428677842,8675328.0,-0.04237653912665943,-0.04268782779884835,8675328.0,1.04056926133732,1.1879447147250175
8687616.0,0.5439994819462299,0.5370715903428693,8687616.0,-0.04218777862843126,-0.0415953326659898,8687616.0,-0.042354152751310416,-0.042677361747094744,8687616.0,1.291906060030063,1.1917454234634837
8699904.0,0.5496454477931062,0.5388723705584805,8699904.0,-0.04112306786313032,-0.04157589690100091,8699904.0,-0.043558676164442055,-0.042791410537514216,8699904.0,1.1117944102734327,1.1879108540092906
8712192.0,0.5510097462683916,0.5412510187985997,8712192.0,-0.0410964455222711,-0.041479357366915784,8712192.0,-0.04247363375422234,-0.042720527780087045,8712192.0,1.353231620664398,1.213675740174949
8724480.0,0.5527605957662066,0.54284910261631,8724480.0,-0.041833474106776215,-0.04151336954091676,8724480.0,-0.04240437754197046,-0.04272949433652685,8724480.0,1.2122487450639408,1.202743758447468
8736768.0,0.5514851724728942,0.5441771509125828,8736768.0,-0.04131251078797504,-0.0414298325815859,8736768.0,-0.04242249506448085,-0.04263585565883356,8736768.0,1.1672263965010643,1.200719470406572
8749056.0,0.5560781521101793,0.5463724529991547,8749056.0,-0.04134161009763678,-0.04141071665605219,8749056.0,-0.04128554364433512,-0.04254895093811986,8749056.0,1.3823734012742837,1.2082533485566578
8761344.0,0.5551295019686222,0.5480651210993528,8761344.0,-0.040904239557373025,-0.04141350261828241,8761344.0,-0.04372774718406921,-0.04262892853973123,8761344.0,1.1455987958858411,1.209925883077085
8773632.0,0.5587043588360151,0.5501916901518901,8773632.0,-0.04138550282611201,-0.04139619495448036,8773632.0,-0.04184474012193581,-0.0425362909794785,8773632.0,1.3212500164906185,1.2243835223217805
8785920.0,0.5592541256919503,0.5521262883519132,8785920.0,-0.04127433378016576,-0.04136904433059196,8785920.0,-0.04280581922891239,-0.042525372458233804,8785920.0,1.2757479436695576,1.2301946651190518
8798208.0,0.5569337302198013,0.5535000313073397,8798208.0,-0.04190181436327597,-0.041436077753314746,8798208.0,-0.04244148975703865,-0.042531867521271735,8798208.0,1.2123342143992584,1.2473711604252455
8810496.0,0.5628908366585771,0.5553891667785744,8810496.0,-0.04116786024921263,-0.04133408591539288,8810496.0,-0.04281292333810901,-0.04257774457995159,8810496.0,1.121884726608793,1.2303690270831187
8822784.0,0.5650990158319473,0.5569345235824585,8822784.0,-0.041254365836114935,-0.04134721571269135,8822784.0,-0.042198051659700773,-0.04244168212947745,8822784.0,1.328073179970185,1.2519969040527938
8835072.0,0.5659664447108904,0.5584301934267084,8835072.0,-0.0410618464423654,-0.041343755804700774,8835072.0,-0.04299547449530413,-0.04249386620358564,8835072.0,1.2730361341188352,1.2439773553982376
8847360.0,0.5663633281365037,0.5597904666637381,8847360.0,-0.040853107755538076,-0.041245719169576964,8847360.0,-0.04215522620749349,-0.04246895107013794,8847360.0,1.180856540799141,1.2408381349717577
8859648.0,0.5669562400629123,0.5613375734227399,8859648.0,-0.04210971041660135,-0.04132543913243959,8859648.0,-0.04313553712563589,-0.04254025527625345,8859648.0,1.1718221499274175,1.241297710314393
8871936.0,0.5680837410812577,0.5625381323198477,8871936.0,-0.04091519257053733,-0.04128279737972965,8871936.0,-0.04199778837695097,-0.04261147974951503,8871936.0,1.2300041417280834,1.2260607843597728
8884224.0,0.5706620750327905,0.5640913896262646,8884224.0,-0.04144011177898695,-0.041336384601891034,8884224.0,-0.04198516251441712,-0.04243722128254982,8884224.0,1.4547776822000742,1.2569786729911963
8896512.0,0.5721076463038722,0.5654317183730503,8896512.0,-0.0410244352145431,-0.041300277840734145,8896512.0,-0.04206569638336077,-0.04245931690869232,8896512.0,1.0953721143305302,1.2343908827751875
8908800.0,0.5744239302972952,0.5669486988335848,8908800.0,-0.04148901213193312,-0.04132174567591089,8908800.0,-0.04175293709461888,-0.04235402869526296,8908800.0,1.206188790500164,1.227434967458248
8921088.0,0.5753019694238901,0.5687855227539937,8921088.0,-0.0407821626868099,-0.04120978050826428,8921088.0,-0.041608352931992464,-0.04227071501275835,8921088.0,1.0423043426126242,1.2104319802795849
8933376.0,0.5785680289069811,0.5703532419788341,8933376.0,-0.04095349833369255,-0.04118834431671227,8933376.0,-0.041295934720740966,-0.04211901615102154,8933376.0,1.5313508063554764,1.2513785882542532
8945664.0,0.5775490654632449,0.5715982469419638,8945664.0,-0.041281756615110986,-0.041191083394611874,8945664.0,-0.04196459324642395,-0.042095670309693856,8945664.0,1.21944408180813,1.2405156784380476
8957952.0,0.5808083085964123,0.573082433330516,8957952.0,-0.040476135385688394,-0.04113251228894417,8957952.0,-0.04200147493975237,-0.04199627035413868,8957952.0,1.1761428707589705,1.2308263521020613
8970240.0,0.5813627041255435,0.57458237092942,8970240.0,-0.04181672046737125,-0.04122887356012749,8970240.0,-0.04157320357626304,-0.04193806809101565,8970240.0,1.17867114332815,1.2306078123549622
8982528.0,0.5857284152880311,0.5764595884519318,8982528.0,-0.040963327318119504,-0.04111423525027931,8982528.0,-0.04295464626435811,-0.04191997900488787,8982528.0,1.2115358660618465,1.234579183968405
8994816.0,0.5882732598111033,0.5784785403249164,8994816.0,-0.04035800831237187,-0.041058516824462765,8994816.0,-0.04147935881822681,-0.041868136049015445,8994816.0,1.1975012235343456,1.231328892149031
9007104.0,0.5850788292785486,0.5799202157494923,9007104.0,-0.04163762919294337,-0.0410782685658584,9007104.0,-0.04317567194812,-0.04198718699238573,9007104.0,1.101710120216012,1.196022135950625
9019392.0,0.5919222831726074,0.5819016794363657,9019392.0,-0.040569349114472665,-0.041032759955851365,9019392.0,-0.042577104235533625,-0.042038327777603024,9019392.0,1.2028134819120169,1.2067662727087736
9031680.0,0.5910643506795168,0.583565721474588,9031680.0,-0.04038007815446084,-0.040921866558104134,9031680.0,-0.04167059484946852,-0.04203009355308798,9031680.0,1.319573851923148,1.218104778851072
9043968.0,0.5925393669555584,0.5852894612277548,9043968.0,-0.04051168899362286,-0.040894819188785424,9043968.0,-0.04252147637695695,-0.04212140589758444,9043968.0,1.3898012824356556,1.252854472833375
9056256.0,0.5920523684471846,0.5866378951817752,9056256.0,-0.03995583152088026,-0.040795052507504204,9056256.0,-0.04169017439320063,-0.0421608298648304,9056256.0,1.2474222543338935,1.2244616176312169
9068544.0,0.5953113383923968,0.5884141224746903,9068544.0,-0.040992676571477205,-0.040766144503140825,9068544.0,-0.04220971866743639,-0.04218534240693164,9068544.0,1.1782484793414671,1.2203420573845505
9080832.0,0.595345220528543,0.5898678136679034,9080832.0,-0.040023256927573435,-0.04072085665732932,9080832.0,-0.04230987251503393,-0.042216182164459805,9080832.0,1.2970731928944588,1.2324350895980996
9093120.0,0.599609900576373,0.5916925333129863,9093120.0,-0.0405521453746284,-0.04059439914805504,9093120.0,-0.04213211656315252,-0.04227207346314875,9093120.0,1.0887227269510429,1.2234402479603887
9105408.0,0.5968829865256945,0.5928079904367527,9105408.0,-0.04111495996282125,-0.040609562412525224,9105408.0,-0.04194051487138495,-0.04217066032385143,9105408.0,1.1701758932322264,1.2193042506774268
9117696.0,0.6035921750590205,0.5943398819615444,9117696.0,-0.04006088992658382,-0.040579850573946405,9117696.0,-0.04170909298894306,-0.04219363374092306,9117696.0,1.3366597518324852,1.2332201035072408
9129984.0,0.6038455770661434,0.5962165567403038,9129984.0,-0.040579873350604125,-0.04047407498971249,9129984.0,-0.04250540601788089,-0.04212660714789915,9129984.0,1.2090462899456422,1.2439537204802036
9142272.0,0.6038940899694959,0.5974137374199927,9142272.0,-0.040818550216499716,-0.04049899509991519,9142272.0,-0.04218188089240963,-0.04208708481358675,9142272.0,1.1776419052233298,1.241436562811335
9154560.0,0.6090880241245031,0.5992161047644914,9154560.0,-0.04067429403463999,-0.040528416687933104,9154560.0,-0.041269574333758406,-0.04204698276201574,9154560.0,1.315064984684189,1.2409856760874391
9166848.0,0.6060550231486559,0.6005676703838011,9166848.0,-0.04013613809365779,-0.0404908615979366,9166848.0,-0.043043174974930785,-0.042099152621813116,9166848.0,1.1807294450700283,1.2200784923508765
9179136.0,0.609128593467176,0.6022752928858003,9179136.0,-0.039824449185592435,-0.04047772336440782,9179136.0,-0.04037526542864119,-0.041967661725357173,9179136.0,1.0422569339474042,1.1995619603122276
9191424.0,0.6104410259673992,0.6037882616433005,9191424.0,-0.040228970969716706,-0.040401352804231766,9191424.0,-0.043290912154285856,-0.04207578107404212,9191424.0,1.56179949020346,1.2379170613984267
9203712.0,0.6103168393795689,0.6052854235284031,9203712.0,-0.04007509839721024,-0.04040653695119545,9203712.0,-0.04154083024089535,-0.041998876846628265,9203712.0,1.0148970757921536,1.2096994496881963
9216000.0,0.6126975438868006,0.6065941878594457,9216000.0,-0.040044118223401405,-0.04035573423607275,9216000.0,-0.04221867979504168,-0.04200753316981718,9216000.0,1.2564019585649173,1.2264673728495836
9228288.0,0.6171939655517539,0.6086252857620517,9228288.0,-0.040427666409717254,-0.040287004880762346,9228288.0,-0.04224614465298752,-0.04203809614797744,9228288.0,1.3315478687485058,1.2426045704012116
9240576.0,0.6215162258595228,0.610417690842102,9240576.0,-0.04040616349084303,-0.04032153223718827,9240576.0,-0.04230243219838788,-0.042097430068921915,9240576.0,1.145482352624337,1.2234868304803967
9252864.0,0.6226868601515889,0.6123018191506466,9252864.0,-0.04018699880301332,-0.040282244782429186,9252864.0,-0.04266165185254067,-0.0421130546523879,9252864.0,1.0685568023473024,1.2094378817205627
9265152.0,0.6226355091979107,0.6141759610734879,9265152.0,-0.03982415624583761,-0.04018280538536297,9265152.0,-0.041183813203436635,-0.0420132478834906,9265152.0,1.3820254591604073,1.2298762371142706
9277440.0,0.6253707318877181,0.6158042318498095,9277440.0,-0.04075423397201424,-0.0401907993791004,9277440.0,-0.04190220724558458,-0.04207651117467322,9277440.0,1.4463762504359086,1.2430073636894428
9289728.0,0.6268675255899628,0.6178854820939401,9289728.0,-0.04034813966912528,-0.04021199953664715,9289728.0,-0.04186375737966349,-0.04195856941514649,9289728.0,1.2052879594266415,1.245463215125104
9302016.0,0.6254780280093352,0.6195204255481561,9302016.0,-0.03975404102432852,-0.04020495872052075,9302016.0,-0.04239434787693123,-0.04216047765997549,9302016.0,1.260696081444621,1.2673071298748255
9314304.0,0.6086743138730526,0.6193437543387215,9314304.0,-0.03983231967625519,-0.04016529359117461,9314304.0,-0.0416212038253434,-0.041993506827081244,9314304.0,1.302521925419569,1.2413793733964362
9326592.0,0.6170422593131661,0.6200162963320812,9326592.0,-0.04012377744462962,-0.04017016149591655,9326592.0,-0.04187357132711137,-0.04202678093570285,9326592.0,1.1075351970891159,1.2506431855261324
9338880.0,0.625173375941813,0.6212638795375824,9338880.0,-0.039998225848345705,-0.040165572258410984,9338880.0,-0.04090154328150675,-0.04189506728434936,9338880.0,1.2924222809573014,1.254245217765371
9351168.0,0.6338634584099054,0.6229308288233976,9351168.0,-0.04002623581133472,-0.040125429198572725,9351168.0,-0.04203278877927611,-0.041873731696978216,9351168.0,1.100433448329568,1.2311337757234773
9363456.0,0.6324499252562722,0.6240241987630724,9363456.0,-0.039447625361693404,-0.04002957538565776,9363456.0,-0.04166395391803235,-0.04180988386894266,9363456.0,1.0872438065707684,1.2253099211181202
9375744.0,0.6166413246343533,0.623419645211349,9375744.0,-0.03996098134666681,-0.040006973640023105,9375744.0,-0.04081216270181661,-0.04162493495387025,9375744.0,1.4260504680375259,1.2610592876871425
9388032.0,0.621563047170639,0.6233123990086218,9388032.0,-0.03976800698243702,-0.04000135871368305,9388032.0,-0.0420717839927723,-0.04171373203280381,9388032.0,1.0574164347102244,1.2285983852421243
9400320.0,0.6011079562207063,0.6208861214419206,9400320.0,-0.03996200760593638,-0.039922136077075274,9400320.0,-0.041505921205195286,-0.04167410342876489,9400320.0,1.3648343949268262,1.2204441996912163
9412608.0,0.5803855617220203,0.6162379250551263,9412608.0,-0.04009863396640867,-0.0398971855068036,9412608.0,-0.04233617250186702,-0.04172134494098524,9412608.0,1.1963853587706883,1.2195539396256208
9424896.0,0.5965840490534902,0.6133485271595419,9424896.0,-0.0396976875490509,-0.03989155015927584,9424896.0,-0.042724277649540454,-0.04175433791824616,9424896.0,1.3413919545710087,1.2276235269382598
9437184.0,0.6031922937060396,0.6128003251428406,9437184.0,-0.039779323793482035,-0.039886250570998524,9437184.0,-0.040725692214133836,-0.04166478675712521,9437184.0,1.1593181062489748,1.2133031450212002
9449472.0,0.5822307526444396,0.6093191744759678,9449472.0,-0.0401455833343789,-0.03988843115997346,9449472.0,-0.04218355480891963,-0.04169578510530604,9449472.0,1.3042887436846893,1.2329784996807573
9461760.0,0.5773306895668308,0.6045349058384696,9461760.0,-0.03977912780828774,-0.03986652135596765,9461760.0,-0.040679670424045376,-0.04167359781955989,9461760.0,1.3118864179899294,1.2349249133840203
9474048.0,0.5708319203307232,0.5982317520305515,9474048.0,-0.04037802870152518,-0.0399017006449867,9474048.0,-0.0417220756256332,-0.0416425265041956,9474048.0,1.2714548154423635,1.2520270500953
9486336.0,0.5970802850400408,0.5946947880089282,9486336.0,-0.03895017535736164,-0.03985195564455352,9486336.0,-0.041577576795437686,-0.041633888791936136,9486336.0,1.1481030639261007,1.2581129758308331
9498624.0,0.6068003280088305,0.593710688346376,9498624.0,-0.04024645490183806,-0.03988050300007064,9498624.0,-0.041896371267891176,-0.0417423096485436,9498624.0,1.167053369184335,1.232213265945514
9510912.0,0.6055253207062682,0.592106915699939,9510912.0,-0.039589084626641124,-0.03986261076449106,9510912.0,-0.041657448144784816,-0.041700876063744854,9510912.0,1.5208492601911228,1.278556548493604
9523200.0,0.6194963433469335,0.5939457544125617,9523200.0,-0.03914577275281772,-0.0397809872791792,9523200.0,-0.04193852089035014,-0.041744136032260334,9523200.0,1.076883068929116,1.2497614158938326
9535488.0,0.6008061772833267,0.5959878159686923,9535488.0,-0.03965456847799942,-0.03973658073033827,9535488.0,-0.04102240644472962,-0.04161275942654659,9535488.0,1.3311076207707326,1.2632336420938373
9547776.0,0.6002754401415586,0.5963569550774992,9547776.0,-0.03933676667899514,-0.0397004886433327,9547776.0,-0.041094646284667156,-0.04144979629005926,9547776.0,1.3520388528704643,1.2642983319237826
9560064.0,0.6074924872567257,0.5967869744325678,9560064.0,-0.04007694303678969,-0.039730250567663467,9560064.0,-0.042342794341190405,-0.04161150650276492,9560064.0,1.305842097227772,1.2789507310216626
9572352.0,0.6135776865606507,0.5999216678241888,9572352.0,-0.03934475488495082,-0.03965016772272066,9572352.0,-0.04022436080655704,-0.04141558710252867,9572352.0,1.1527628774444263,1.263798144397636
9584640.0,0.5915192967901627,0.6013405285465221,9584640.0,-0.038700493751093745,-0.03954230431700125,9584640.0,-0.041666275394770004,-0.04151424759960113,9584640.0,1.032685576627652,1.2358780602614083
9596928.0,0.575710842696329,0.6018284207830826,9596928.0,-0.03958087591066336,-0.039462589037915066,9596928.0,-0.0416150894210053,-0.041503548979138334,9596928.0,1.4085960071533918,1.249592179432511
9609216.0,0.5246197528516253,0.594582367564241,9609216.0,-0.039634045077643044,-0.03953097600994321,9609216.0,-0.041212467243894935,-0.041467038023984056,9609216.0,1.3820555737862985,1.2729874304185311
9621504.0,0.5094293734679619,0.5848452721101542,9621504.0,-0.03890480011856804,-0.039396810531616214,9621504.0,-0.04192600981332362,-0.0414700018785273,9621504.0,0.9923572285721699,1.2555178163573146
9633792.0,0.5631344209735593,0.5806061821368834,9633792.0,-0.03958332616214951,-0.03939623468516705,9633792.0,-0.04036453570006415,-0.04134071063405524,9633792.0,1.097961165010929,1.213229006839295
9646080.0,0.5836007374649247,0.5770166215486824,9646080.0,-0.03905142011353746,-0.03938679942123902,9646080.0,-0.04183303927614664,-0.041330162472634886,9646080.0,1.3426722791045904,1.2398079278568428
9658368.0,0.5789732510844866,0.5748333289287985,9658368.0,-0.03854038232627014,-0.039275380806066094,9658368.0,-0.041136214354385935,-0.04134154326360051,9658368.0,1.364250894015034,1.2431222551812728
9670656.0,0.562670107310017,0.5710727956456443,9670656.0,-0.04001103747092808,-0.039342807885259394,9670656.0,-0.040514981878610946,-0.0412835768229949,9670656.0,1.3671886591861646,1.2446372358128428
9682944.0,0.5620912813271085,0.5665326750526826,9682944.0,-0.03850366270247226,-0.039185479851827645,9682944.0,-0.04211116456038629,-0.04126041384491449,9682944.0,1.1275133819629748,1.226804364286363
9695232.0,0.5732020232826471,0.5624951087248823,9695232.0,-0.039458596923698984,-0.03919686405570246,9695232.0,-0.040470483247190714,-0.041285026088977855,9695232.0,1.3233405767629545,1.243862134218216
9707520.0,0.5788201248894135,0.5612251915348073,9707520.0,-0.03875975617362807,-0.03920279029795589,9707520.0,-0.042597798203739025,-0.04137817836987476,9707520.0,1.4115449121842782,1.2817480677738786
9719808.0,0.5680094736938676,0.5604550546345612,9719808.0,-0.0390037331962958,-0.03914507602651914,9719808.0,-0.04033198215377828,-0.041249867643152055,9719808.0,1.0809416590879362,1.248982632967333
9732096.0,0.596472731170555,0.567640352466454,9732096.0,-0.03930749817906568,-0.0391124213366614,9732096.0,-0.04219500604085624,-0.04134812152284818,9732096.0,1.4775686996678512,1.2585339455554883
9744384.0,0.6013092345868548,0.5768283385783434,9744384.0,-0.03863179621597131,-0.03908512094640173,9744384.0,-0.040995240638343,-0.04125504460535012,9744384.0,1.1157682792594035,1.2708750506242117
9756672.0,0.6348294370497266,0.5839978401859601,9756672.0,-0.038781627760423966,-0.039004951106229174,9756672.0,-0.041581388330087066,-0.04137672986835241,9756672.0,1.4386784328768651,1.3049467774108052
9768960.0,0.639540979017814,0.5895918643412491,9768960.0,-0.039417780664128564,-0.039041587161288284,9768960.0,-0.041144173010252416,-0.041307843241762995,9768960.0,1.1216222705940406,1.2828417765597502
9781248.0,0.6226022318005562,0.593954762412856,9781248.0,-0.03864439844619483,-0.03905198877328075,9781248.0,-0.04135455253223578,-0.04132967705954798,9781248.0,1.368110655496518,1.2832277527078986
9793536.0,0.6256824303418398,0.6002559947160384,9793536.0,-0.03957118974843373,-0.03900800400103131,9793536.0,-0.0417107186318996,-0.04144925073487685,9793536.0,1.3214189497133095,1.2786507817606132
9805824.0,0.6310598493243257,0.60715285151576,9805824.0,-0.03923581105967363,-0.039081218836751454,9805824.0,-0.04078446615797778,-0.04131658089463599,9805824.0,1.038406655813257,1.2697401091456413
9818112.0,0.6164396991953254,0.6114766191070279,9818112.0,-0.038617623155005276,-0.038997121459882086,9818112.0,-0.04168353998102248,-0.04143788656801916,9818112.0,1.1010941589872043,1.2475154673680664
9830400.0,0.6123863548661271,0.6148332421046993,9830400.0,-0.03918258878790463,-0.03903940472130974,9830400.0,-0.04106121199826399,-0.04128422794747167,9830400.0,1.489946182196339,1.2553555943692725
9842688.0,0.6061794382209579,0.6186502385574084,9842688.0,-0.03854535454108069,-0.03899356685578824,9842688.0,-0.04145405573459963,-0.0413964353055538,9842688.0,1.1940725681682427,1.2666686852773033
9854976.0,0.6029653347407778,0.6192994989144305,9854976.0,-0.03879759584863981,-0.03894257662274564,9854976.0,-0.04166672355495393,-0.04134360705696356,9854976.0,1.1348956196258466,1.2324013772731026
9867264.0,0.623380847585698,0.6215066602143148,9867264.0,-0.0390355814791595,-0.038982955149064455,9867264.0,-0.04120331566082314,-0.04136441455921158,9867264.0,1.194068466623624,1.2402313960095248
9879552.0,0.6358953127637506,0.6216132477857171,9879552.0,-0.03818306567457815,-0.03892309894047987,9879552.0,-0.04028911836212501,-0.04123518756241538,9879552.0,1.4413998269786437,1.2405035354197027
9891840.0,0.6610056248803934,0.6237597123719751,9891840.0,-0.03907749574864283,-0.03888907044893131,9891840.0,-0.04209536614750201,-0.04133030687614034,9891840.0,1.0256660686184962,1.2309079152221483
9904128.0,0.6692890251676241,0.6284283917086819,9904128.0,-0.0385780290622885,-0.03888243351054067,9904128.0,-0.040920254735586546,-0.04128687709647541,9904128.0,1.4985947987685602,1.2439563295493523
9916416.0,0.6793800971160332,0.6337981583861014,9916416.0,-0.038750444597098976,-0.0388003589954072,9916416.0,-0.04166594384393344,-0.0412823996176788,9916416.0,1.261538549636801,1.2379682895417015
9928704.0,0.6859311582520604,0.6392852892788748,9928704.0,-0.03954644848514969,-0.038831422737954806,9928704.0,-0.04045932883551965,-0.041249885885432984,9928704.0,1.2030976073195536,1.2544373846923311
9940992.0,0.6747719512010614,0.6451185144794485,9940992.0,-0.038270070256354906,-0.038796667448089774,9940992.0,-0.04108898370759562,-0.0411904302580903,9940992.0,1.2384626623243093,1.2681742350260417
9953280.0,0.6495465769742926,0.6488345366902649,9953280.0,-0.038756859100734196,-0.038754094479372725,9953280.0,-0.04094066624141609,-0.0411783756824055,9953280.0,1.349821802849571,1.2541617970913648
9965568.0,0.6545655016476909,0.6536731430329382,9965568.0,-0.03947794055178141,-0.03884735308044279,9965568.0,-0.039786074038905404,-0.04101157751283608,9965568.0,1.319147874911626,1.2666693277657033
9977856.0,0.6529012483855089,0.6586667343974113,9977856.0,-0.03740525301933909,-0.03870811879751272,9977856.0,-0.04057411463387931,-0.04090231662072862,9977856.0,1.1961267267664273,1.2727924384797613
9990144.0,0.6299697421491146,0.659325623853753,9990144.0,-0.03971525551363205,-0.03877608620095998,9990144.0,-0.04093444820803901,-0.04087542987545021,9990144.0,1.508427981287241,1.3042283899461231
10002432.0,0.6406745137646794,0.6598035439538459,10002432.0,-0.0380154168427301,-0.03875932131777517,10002432.0,-0.040397789426303156,-0.04088629698186802,10002432.0,1.1249980218708515,1.2725882094353438
10014720.0,0.6371478860576948,0.6574177700715761,10014720.0,-0.03844545337293918,-0.03869611708020481,10014720.0,-0.04131089620447407,-0.04080784998756524,10014720.0,1.2730447991440694,1.297326082487901
10027008.0,0.6667250854273638,0.6571613760975499,10027008.0,-0.03809036413440481,-0.038647350587416446,10027008.0,-0.039125400401341416,-0.04062836455414072,10027008.0,1.3440921728809674,1.2818758198991418
10039296.0,0.6443467742453018,0.6536580438104769,10039296.0,-0.03800243112103393,-0.03857254923980993,10039296.0,-0.042402416351251304,-0.0407020118048725,10039296.0,1.3299063450346391,1.2887125994389255
10051584.0,0.6775007511799535,0.6528150031032662,10051584.0,-0.0392691278248094,-0.038544817173775905,10051584.0,-0.03941118474661683,-0.040597197395982214,10051584.0,1.284321094552676,1.2968349481622377
10063872.0,0.6385240362336239,0.6491902116065223,10063872.0,-0.03779987509672841,-0.038497797657813256,10063872.0,-0.04066073651968812,-0.04055437267719147,10063872.0,1.2504805444429319,1.2980367363740999
10076160.0,0.6126339038213094,0.645498944291224,10076160.0,-0.03911616443656385,-0.03853372819139622,10076160.0,-0.040198900057779006,-0.04048019605882776,10076160.0,1.1869747303426266,1.2817520291234055
10088448.0,0.634733953513205,0.6435157894777755,10088448.0,-0.038553411490283906,-0.038441275285246476,10088448.0,-0.04076660991025468,-0.04057824964596268,10088448.0,1.5280571983506281,1.3026429614673058
10100736.0,0.6594295768688122,0.6441686223261059,10100736.0,-0.03810566962541392,-0.038511316945853954,10100736.0,-0.039780992723535746,-0.04049893745492833,10100736.0,1.2686663748075564,1.3098969262714188
10113024.0,0.6557755125686526,0.6467491993680597,10113024.0,-0.03942411967242757,-0.03848220336173351,10113024.0,-0.04033345449715853,-0.04043883808384029,10113024.0,1.1941277117778857,1.2784668993204833
10125312.0,0.6572541647280256,0.6484071644643943,10125312.0,-0.0381025254027918,-0.03849091421773968,10125312.0,-0.039652137454443924,-0.04036427288665436,10125312.0,1.1320621085663636,1.2791733079900347
10137600.0,0.6316909498224655,0.6478614708408714,10137600.0,-0.038194258930161595,-0.03846579477346192,10137600.0,-0.04104450085045149,-0.0403376333512521,10137600.0,1.1566630775729816,1.2675351358329257
10149888.0,0.5904518598690629,0.6402341482850413,10149888.0,-0.03831141399374852,-0.038487899759396295,10149888.0,-0.03971434966661036,-0.040396528277778995,10149888.0,1.2984585035592318,1.2629717689007518
10162176.0,0.6088509016359845,0.6366845610241095,10162176.0,-0.03856168471975252,-0.038543825119268155,10162176.0,-0.04025048050486172,-0.040181334693140044,10162176.0,1.3296981162081163,1.2629509460180997
10174464.0,0.6081578560794393,0.6297502715140582,10174464.0,-0.03803296521073207,-0.03842020885786042,10174464.0,-0.03957130934577435,-0.0401973471530558,10174464.0,1.173479934533437,1.251866830016176
10186752.0,0.5790866001819571,0.6238065279088915,10186752.0,-0.038310850194344916,-0.03847130636762207,10186752.0,-0.03992535724925498,-0.04012380922601248,10186752.0,1.1469015646725893,1.241508932039142
10199040.0,0.530716766603291,0.6156148141870895,10199040.0,-0.03814193299816301,-0.03837388322378198,10199040.0,-0.039196186854193606,-0.040023537905653946,10199040.0,1.3319125113387902,1.256002710138758
10211328.0,0.5149336876347661,0.6036347875992456,10211328.0,-0.03860252589220181,-0.03837879466397377,10211328.0,-0.040184760078166924,-0.039965352922445165,10211328.0,1.304961100841562,1.2336931003878513
10223616.0,0.4897666412095229,0.5866684940333168,10223616.0,-0.03773748352735614,-0.03834197605416799,10223616.0,-0.04017608721430103,-0.04000486237152169,10223616.0,1.091049584870537,1.2159314213941497
10235904.0,0.5157342230280241,0.5726643650792539,10235904.0,-0.03832274943124503,-0.03823183903004974,10235904.0,-0.03986692692463597,-0.039958209614269435,10235904.0,1.27464853040874,1.223983503257235
10248192.0,0.5440112197150787,0.5613400705779592,10248192.0,-0.03789009437120209,-0.03821059592689077,10248192.0,-0.04038376952909554,-0.04003137282173459,10248192.0,1.2366728192816179,1.2344445743287602
10260480.0,0.5670569743961096,0.5548766730353235,10260480.0,-0.038626749049096055,-0.03825384493878422,10260480.0,-0.04034201787241424,-0.03996112452393087,10260480.0,1.142537300164501,1.233031996587912
10272768.0,0.5827284132440885,0.5541043283728262,10272768.0,-0.037891685225379966,-0.03821187206194736,10272768.0,-0.03936741466168314,-0.03992643102343815,10272768.0,1.2012549042701721,1.2233116366590062
10285056.0,0.5824739780897895,0.5514666360182068,10285056.0,-0.03736709287234893,-0.038092412877207,10285056.0,-0.04016327867672468,-0.03991771084062445,10285056.0,1.3642744682729244,1.226769271865487
10297344.0,0.5616617938503623,0.546817029795299,10297344.0,-0.03829244043057164,-0.038118360399190955,10297344.0,-0.040784702772119395,-0.04003905018325895,10297344.0,1.0601866412907839,1.215439942541222
10309632.0,0.5875720661133528,0.5476655763884386,10309632.0,-0.03797102383881187,-0.03808437776363765,10309632.0,-0.040975765829595424,-0.040144091041293,10309632.0,1.269622301061948,1.2277120161801578
10321920.0,0.595175496612986,0.554111449389408,10321920.0,-0.037781117910829685,-0.038048296254904315,10321920.0,-0.039620818686671555,-0.04018655422454079,10321920.0,1.2348508617530267,1.2180058512215814
10334208.0,0.6496103607739011,0.5675791167033216,10334208.0,-0.03847509568246702,-0.03803555323393084,10334208.0,-0.0421541432539622,-0.04038349254212032,10334208.0,1.0854244586080313,1.1960521869982281
10346496.0,0.6733764009550214,0.5859400926778714,10346496.0,-0.037091867571386196,-0.037970991638333854,10346496.0,-0.04030811320990324,-0.04039669514168054,10346496.0,1.368171414360404,1.223764369947215
10358784.0,0.6521810128663977,0.5995847716617088,10358784.0,-0.03846436170473074,-0.03798515286568242,10358784.0,-0.04058745592677345,-0.04046874804189428,10358784.0,1.13852332221965,1.2101518491283059
10371072.0,0.6594294381017486,0.6111265935003758,10371072.0,-0.03700823581311852,-0.037896967009874064,10371072.0,-0.04054444060117627,-0.04048481514910236,10371072.0,1.24020572938025,1.2105051401381692
10383360.0,0.6498330884302655,0.6194042049037914,10383360.0,-0.03744515976480519,-0.03777880808144497,10383360.0,-0.04075315846906354,-0.04052592920876728,10383360.0,1.273572816203038,1.2236086917420228
10395648.0,0.6485024662688375,0.6259816102062662,10395648.0,-0.038244458012438066,-0.03781408536015078,10395648.0,-0.04054113539556662,-0.04064330128215564,10395648.0,1.3441914605597656,1.2379023473709823
10407936.0,0.68850594603767,0.6365848070010542,10407936.0,-0.037166575726587325,-0.037794033645574626,10407936.0,-0.04053361708065495,-0.040680335122548664,10407936.0,1.1398534843077262,1.2154602489744624
10420224.0,0.7057253100598851,0.6509911586220065,10420224.0,-0.03813326430584615,-0.03777811603310208,10420224.0,-0.039135339844506234,-0.040515398829787344,10420224.0,1.3288238166520994,1.2423239665105938
10432512.0,0.6921061761677265,0.661444569627444,10432512.0,-0.0373081654155006,-0.03771183019077094,10432512.0,-0.04002154420595616,-0.04041997666742342,10432512.0,1.1225216817110777,1.2276139045755068
10444800.0,0.7025163111587366,0.6721786510820189,10444800.0,-0.03778635722119361,-0.03771235412180734,10444800.0,-0.03881014968889455,-0.04033890976764572,10444800.0,1.4712857641279697,1.2512573948130012
10457088.0,0.7203422629584869,0.6792518413004776,10457088.0,-0.03722281917968454,-0.03758712647152909,10457088.0,-0.040295134123880416,-0.040153008854637545,10457088.0,1.2324903203795354,1.2659639809901515
10469376.0,0.7462741502871116,0.6865416162336866,10469376.0,-0.03711786540225148,-0.037589726254615624,10469376.0,-0.03963014138086388,-0.04008521167173361,10469376.0,1.3749897566934426,1.2666458152234554
10481664.0,0.7508308831602335,0.6964066032630701,10481664.0,-0.03727051600192984,-0.03747034168433553,10481664.0,-0.03928265990301346,-0.03995473206935761,10481664.0,1.0775278353442748,1.260546266535918
10493952.0,0.7558360186715921,0.7060472613200545,10493952.0,-0.037194906937656924,-0.037489008796789375,10493952.0,-0.04003056259049723,-0.0399033442682897,10493952.0,1.179427146911621,1.2544684082890551
10506240.0,0.7560159129401048,0.7166655437710384,10506240.0,-0.03870529861887917,-0.03761502268219677,10506240.0,-0.0383452518338648,-0.03966255360476983,10506240.0,1.2328800329317648,1.2503991299619277
10518528.0,0.7584975821276506,0.7276650553569197,10518528.0,-0.037304404055854924,-0.03752101728653846,10518528.0,-0.04079021115709717,-0.03968746118092288,10518528.0,1.058963406831026,1.2218763245890538
10530816.0,0.7582573127001524,0.734640192023168,10530816.0,-0.0374761430042175,-0.03755197401430147,10530816.0,-0.03932830997897933,-0.039566930470755324,10530816.0,1.5539352434376876,1.2632845005020499
10543104.0,0.7370973906169335,0.7377774000788728,10543104.0,-0.037165664815499135,-0.03745521406526677,10543104.0,-0.03841368266148493,-0.03949476475245319,10543104.0,1.0458460971713066,1.2349867285539706
10555392.0,0.7308678291738033,0.7416535653794806,10555392.0,-0.03666983888251707,-0.03739138141196842,10555392.0,-0.039733275363687426,-0.03946593786822632,10555392.0,1.5104330144822598,1.2737778618310889
10567680.0,0.7347479220479727,0.7448767264684041,10567680.0,-0.037569869755922504,-0.03736973266544131,10567680.0,-0.03817247630407413,-0.039402170529744276,10567680.0,1.201860743885239,1.2468353598068158
10579968.0,0.7626350652426481,0.7491060066968203,10579968.0,-0.03776688287810733,-0.03742413903528359,10579968.0,-0.03993803124952441,-0.03936646024230867,10579968.0,1.1912701229254405,1.2427133400614063
10592256.0,0.7663239203393459,0.7511109837020437,10592256.0,-0.03732856275746599,-0.03744520877080503,10592256.0,-0.0382151430627952,-0.03922496041050181,10592256.0,1.3383043731252353,1.2390448017045854
10604544.0,0.7537782719979683,0.7514057225858172,10604544.0,-0.03775042569031939,-0.03749319973964399,10604544.0,-0.03936290905888503,-0.039232985326088966,10604544.0,1.3277345336973667,1.2640654715398947
10616832.0,0.7371323065211376,0.7495353513707717,10616832.0,-0.0369943004528371,-0.037473139091162004,10616832.0,-0.03881348921762159,-0.039111277988801395,10616832.0,1.1398644720514615,1.2601092040538788
10629120.0,0.6927577002594868,0.7432095301027098,10629120.0,-0.0377181363486064,-0.037374422864134726,10629120.0,-0.038979395874775946,-0.039174692392892514,10629120.0,1.490359249835213,1.2858571257442237
10641408.0,0.6656438500309984,0.7339241568930447,10641408.0,-0.03714515936250488,-0.03735849839479973,10641408.0,-0.03876959879805023,-0.038972631156987826,10641408.0,1.291422591234247,1.3091030441845457
10653696.0,0.6655973177403212,0.7246581573970616,10653696.0,-0.03732974004621307,-0.037343858098999295,10653696.0,-0.0382958014573281,-0.0388693803048227,10653696.0,1.3298267275094986,1.2866921925917267
10665984.0,0.6705785036707917,0.7180062687024474,10665984.0,-0.037222491072801255,-0.0373495407247295,10665984.0,-0.03972469817381352,-0.03900048185605555,10665984.0,1.0255596072723467,1.2846635436018308
10678272.0,0.6531589534133673,0.7102353811264038,10678272.0,-0.037690735732515655,-0.037451630409729354,10678272.0,-0.03931232838658616,-0.03895838715834543,10678272.0,1.3337912168353796,1.2669993638371428
10690560.0,0.6615205397829413,0.7029126428999006,10690560.0,-0.03638405597303063,-0.03733304903144017,10690560.0,-0.03892850697350999,-0.039033990225289014,10690560.0,1.2857830325762432,1.2753915927062431
10702848.0,0.6738110706210136,0.6940302434377372,10702848.0,-0.03759399720001966,-0.0373157604636314,10702848.0,-0.039705564927620195,-0.0390107435930986,10702848.0,1.2354694896688063,1.2798115293805798
10715136.0,0.6623561447486281,0.6836334658786655,10715136.0,-0.03779883233558697,-0.0373627874214435,10715136.0,-0.038206706735460706,-0.03900989996036515,10715136.0,1.2456806525588036,1.2705491573239365
10727424.0,0.6816054216275612,0.6764161808416247,10727424.0,-0.03607799184586232,-0.03719554403699779,10727424.0,-0.03958866553148255,-0.0390324756076249,10727424.0,1.1362821354220312,1.2514039174964031
10739712.0,0.693777649042507,0.6720807150937617,10739712.0,-0.03735813481034711,-0.037231927472748796,10739712.0,-0.03893649061986556,-0.0390447757478493,10739712.0,1.2829171009361744,1.2657091803848741
10752000.0,0.6795454860354463,0.6707594936713577,10752000.0,-0.03743564382117862,-0.03720367822000602,10752000.0,-0.03843973790450642,-0.03899080995082234,10752000.0,1.0995233083764713,1.2266255862390003
10764288.0,0.6962621950854858,0.6738213281768063,10764288.0,-0.03684608424858501,-0.03717377070861403,10764288.0,-0.03869452994937698,-0.03898330306595502,10764288.0,1.0566369624187548,1.203147023357451
10776576.0,0.7173081046591202,0.6789924068686862,10776576.0,-0.03747282528396075,-0.037188079232388795,10776576.0,-0.039065053317851074,-0.03906022825200732,10776576.0,1.4901194317887227,1.2191762937853734
10788864.0,0.716300425119698,0.6835645990135769,10788864.0,-0.03643685358110815,-0.03710951548321949,10788864.0,-0.03882698299518476,-0.03897045673414444,10788864.0,1.2663558168957632,1.243255914747715
10801152.0,0.7439543350289265,0.6926441371751328,10801152.0,-0.0362200981277662,-0.036962451722744545,10801152.0,-0.03796809744865944,-0.038836033640351764,10801152.0,1.2639930738757055,1.2362761004517475
10813440.0,0.7534522376954556,0.7018373069663842,10813440.0,-0.03672469758506244,-0.03699651588394772,10813440.0,-0.039279612072277814,-0.03887114415022855,10813440.0,1.2480552246173222,1.2325033196558555
10825728.0,0.7596487011760473,0.7104210700218876,10825728.0,-0.03593113246218612,-0.03683022941016436,10825728.0,-0.03797906020190567,-0.0386984936776571,10825728.0,1.1056797883162897,1.2195243495206038
10838016.0,0.7617270294576883,0.7203581584927936,10838016.0,-0.03764968237373978,-0.03681531441397965,10838016.0,-0.03947314864490181,-0.038825137868601214,10838016.0,1.3412751170496147,1.2290837959696848
10850304.0,0.7695315113912026,0.7291507674691577,10850304.0,-0.03663549674092792,-0.036871064903486205,10850304.0,-0.037500987314463906,-0.03861637004689934,10850304.0,1.3069193965444963,1.2461475220819314
10862592.0,0.7713195364922285,0.7369049562141299,10862592.0,-0.03697028604801744,-0.03683228002725324,10862592.0,-0.03951557325975349,-0.038674278310888134,10862592.0,1.3790520591040452,1.2557610178987186
10874880.0,0.75805085649093,0.7447554932596783,10874880.0,-0.03744143920872981,-0.03683285956600836,10874880.0,-0.03687825634066636,-0.03851813015450413,10874880.0,1.4708662622918685,1.2928953132902585
10887168.0,0.7312116461495558,0.7482504383660853,10887168.0,-0.0368340162288708,-0.036831652764036944,10887168.0,-0.039024580405869834,-0.03855113520015342,10887168.0,1.0748620616892974,1.2947178232173127
10899456.0,0.7455296646803617,0.7510725943682094,10899456.0,-0.03657323397540798,-0.03674169363318166,10899456.0,-0.03748311195522547,-0.03839294106389086,10899456.0,1.2299086370815833,1.2686967437465986
10911744.0,0.7401322964578867,0.7534557815020283,10911744.0,-0.036428076738957316,-0.03674081594896658,10911744.0,-0.03851555111274744,-0.03836179787564713,10911744.0,1.2540940170486767,1.2674705637618902
10924032.0,0.7654789965599775,0.7556082476551333,10924032.0,-0.03718887979630381,-0.036837694115820344,10924032.0,-0.03961456014076248,-0.03852644414485743,10924032.0,1.3309536837041378,1.2741666247447332
10936320.0,0.7712994118531545,0.7573929650709033,10936320.0,-0.036652766866609454,-0.03683050104397505,10936320.0,-0.03767768844651679,-0.03836625178228133,10936320.0,1.2032181471586227,1.2696829169988633
10948608.0,0.7800415133436521,0.7594322462876637,10948608.0,-0.036661214544437826,-0.03690350925220022,10948608.0,-0.038652732754902296,-0.03843361903758099,10948608.0,1.288900633653005,1.2880050015325346
10960896.0,0.7843521665781736,0.7616947599997123,10960896.0,-0.036031346574115254,-0.03674167567223777,10960896.0,-0.03673512467260783,-0.03815981664035158,10960896.0,1.3633698280900717,1.2902144726365805
10973184.0,0.8075614968935648,0.7654977585499486,10973184.0,-0.036536000727210194,-0.036731726070865986,10973184.0,-0.03878179716411978,-0.038287897625317174,10973184.0,1.3230363093316555,1.2918261639152964
10985472.0,0.809862599397699,0.7693520648404957,10985472.0,-0.036897461337503046,-0.03672444359981455,10985472.0,-0.038202972209546715,-0.0381566375202965,10985472.0,1.2809471643219392,1.2820156744370856
10997760.0,0.8173841387033463,0.7752853930617373,10997760.0,-0.03660427996267875,-0.03664072767520944,10997760.0,-0.037541569773262985,-0.03822296886355617,10997760.0,1.3682756163179874,1.2717566098396975
11010048.0,0.812848978365461,0.7834491262833277,11010048.0,-0.036252507319053016,-0.03658257678422766,11010048.0,-0.03774320728067929,-0.038094831551037114,11010048.0,1.0896395078549783,1.2732343544562656
11022336.0,0.7964974083006382,0.7885459006453555,11022336.0,-0.03549617858758817,-0.036474871245445684,11022336.0,-0.037933285270507135,-0.038139848882565275,11022336.0,1.3743099309504032,1.2876744838431475
11034624.0,0.8124538703511158,0.7957780580346784,11034624.0,-0.03701662526388342,-0.0365337260979383,11034624.0,-0.03784928754127274,-0.0380732225254178,11034624.0,1.2319125086069107,1.2854563329989712
11046912.0,0.8173956423997879,0.8009697226186592,11046912.0,-0.03662169385158146,-0.036477007503466066,11046912.0,-0.037903943622950464,-0.03790216087363661,11046912.0,1.268030875052015,1.2791640521337588
11059200.0,0.8352134774128596,0.8073611291746298,11059200.0,-0.03643226835022991,-0.0364549576518281,11059200.0,-0.03801687100591759,-0.03793607912957669,11059200.0,1.2204300835728645,1.2808852457751831
11071488.0,0.8327060081064701,0.8126275786509115,11071488.0,-0.03739747575794657,-0.036528583773178976,11071488.0,-0.03814187098760158,-0.03788499295284661,11071488.0,1.2685432384411495,1.2788495062539975
11083776.0,0.835893178358674,0.8177816798289615,11083776.0,-0.035987510423486434,-0.036524200158116096,11083776.0,-0.03813460114179179,-0.03802494059976501,11083776.0,1.1771733456601698,1.2602298580110074
11096064.0,0.83870494676133,0.8208960248157382,11096064.0,-0.03633197788925221,-0.0365037978743203,11096064.0,-0.038341629454710834,-0.037980923828824106,11096064.0,1.16759211756289,1.2446854388341309
11108352.0,0.8401627366741499,0.8239260385433832,11108352.0,-0.036429503137090556,-0.03645700205427905,11108352.0,-0.03743146736330042,-0.03790377334419948,11108352.0,1.2465056621779997,1.241241288619737
11120640.0,0.8428091698636612,0.8264685416594147,11120640.0,-0.03601645975140855,-0.036398220033152025,11120640.0,-0.03811583138303831,-0.03796119950517702,11120640.0,1.3071091063320637,1.2351246376211447
11132928.0,0.8440417243788639,0.8295878162607551,11132928.0,-0.036831455489542954,-0.03645611485020102,11132928.0,-0.038242598180659115,-0.038011138595175,11132928.0,1.3375893595318,1.2599196227888265
11145216.0,0.845113014181455,0.8344493768488368,11145216.0,-0.036002152463576444,-0.03650671223779985,11145216.0,-0.038267583411652595,-0.03804456840928954,11145216.0,1.144321961949269,1.236920825888713
11157504.0,0.8444298996279637,0.8376469797765216,11157504.0,-0.036259706520165004,-0.03643102036342801,11157504.0,-0.03806155896745622,-0.03806579555190789,11157504.0,1.3460746798664331,1.2483370430146654
11169792.0,0.8529768331597248,0.8412050988525153,11169792.0,-0.03633793084494149,-0.036402644062764014,11169792.0,-0.03759922388902245,-0.038035323578515086,11169792.0,1.2467511190722387,1.2462090674166877
11182080.0,0.8500074297189713,0.8426844940831264,11182080.0,-0.03571708310240259,-0.036331125537981276,11182080.0,-0.037307968693009265,-0.037964433347224255,11182080.0,1.3176400357236464,1.2559300626317662
11194368.0,0.8537478242069483,0.8447886756931741,11194368.0,-0.03669010913775613,-0.03626038887596223,11194368.0,-0.03888368003147965,-0.03803861425161207,11194368.0,1.1095748028407495,1.240033219071726
11206656.0,0.8573957458138466,0.8469389324386916,11206656.0,-0.035879625647794455,-0.036249600398393034,11206656.0,-0.036151394713670015,-0.03784029360879988,11206656.0,1.499811355645458,1.2722970200702548
11218944.0,0.856944693873326,0.848762907149891,11218944.0,-0.036291854126223676,-0.036245588022090186,11218944.0,-0.038315711329535894,-0.03783770179628239,11218944.0,1.2710433769971132,1.282642146013677
11231232.0,0.8610630333423615,0.8508529368167121,11231232.0,-0.03594107737687106,-0.03619674544606823,11231232.0,-0.037556329528645925,-0.03785018801281694,11231232.0,1.1904932136336963,1.2770409011592467
11243520.0,0.8633298190931479,0.8529050017396609,11243520.0,-0.03578909829957411,-0.03617400930088479,11243520.0,-0.03789522791824614,-0.037828127666337724,11243520.0,1.4160778137544792,1.2879377719014884
11255808.0,0.8597231556971868,0.8544731448714933,11255808.0,-0.036509826798768096,-0.036141846431807303,11255808.0,-0.03692076652077958,-0.03769594450034977,11255808.0,1.1286896870781977,1.2670478046561282
11268096.0,0.8631683091322581,0.8562786743665735,11268096.0,-0.03553301974898204,-0.03609493316034786,11268096.0,-0.03769997810013592,-0.03763918396919811,11268096.0,1.13795505464077,1.2664111139252783
11280384.0,0.8643347881734371,0.8582691632211208,11280384.0,-0.035880005452781916,-0.03605696305360956,11280384.0,-0.03677011378264675,-0.03751003945071717,11280384.0,1.3441594901184242,1.2662195949504773
11292672.0,0.8655329116930565,0.8595247710744539,11292672.0,-0.03583002994613101,-0.0360061729637285,11292672.0,-0.03769210126483813,-0.03751932718829873,11292672.0,1.1333648785948753,1.2548809709027409
11304960.0,0.8693983089178801,0.8614638589943449,11304960.0,-0.035850819859964154,-0.03601954663948466,11304960.0,-0.0369006039109081,-0.03747859071008861,11304960.0,1.66385767608881,1.2895027349392574
11317248.0,0.8700153461347023,0.8630906111871202,11317248.0,-0.03588889081341525,-0.03593942480705058,11317248.0,-0.03849964063071335,-0.03744018677001198,11317248.0,1.1236592332522075,1.290911177980403
11329536.0,0.8711588190247616,0.8644669185082117,11329536.0,-0.03597850709532698,-0.03594931295180383,11329536.0,-0.03756458052278807,-0.037581505350923784,11329536.0,1.2996528794368107,1.2708953303595385
11341824.0,0.8745312734196583,0.8662255764628449,11341824.0,-0.03577245657409852,-0.03589737319659131,11341824.0,-0.03790051406637455,-0.037539985624607655,11341824.0,1.1436708606779575,1.258158078727623
11354112.0,0.8744104194144408,0.867560315070053,11354112.0,-0.03582067911823591,-0.035885333370727794,11354112.0,-0.03676110884407535,-0.0374604635561506,11354112.0,1.3895934894680977,1.278068106311063
11366400.0,0.8755516602347294,0.8687824991842111,11366400.0,-0.03604194014527214,-0.0359106175552976,11366400.0,-0.03772331620954598,-0.03744327238528058,11366400.0,1.2690106866260369,1.2633613935982189
11378688.0,0.8762251436710358,0.870432697981596,11378688.0,-0.03661517703828091,-0.03592115257924888,11378688.0,-0.0375659890511694,-0.03750779463831956,11378688.0,1.3094761539250612,1.2814400402829054
11390976.0,0.8798508662730455,0.8721009536956746,11390976.0,-0.03533193150845667,-0.03590104375519635,11390976.0,-0.03735323056268195,-0.03747311988457417,11390976.0,1.207478828728199,1.288392417691648
11403264.0,0.88055680009226,0.873723154887557,11403264.0,-0.036034298789066575,-0.035916473088824806,11403264.0,-0.03773567757646864,-0.03756967626395635,11403264.0,1.434152938425541,1.2973917625223597
11415552.0,0.8818151950836182,0.8753513832266133,11415552.0,-0.03583226636207352,-0.03591669673041906,11415552.0,-0.03691523588107278,-0.03749198972557981,11415552.0,1.0971221600969632,1.2937674906725685
11427840.0,0.8807099629193544,0.8764825486267606,11427840.0,-0.0354503485141322,-0.03587664959583587,11427840.0,-0.03778228563411782,-0.03758015789790079,11427840.0,1.0382047059635322,1.2312021936600406
11440128.0,0.8832172105709711,0.8778027350703874,11440128.0,-0.03624944320957487,-0.03591270483545183,11440128.0,-0.03647000492007161,-0.037377194326836616,11440128.0,1.309873266145587,1.2498235969493785
11452416.0,0.8840886813898882,0.8790957213069002,11452416.0,-0.03594868705840781,-0.03590972283175991,11452416.0,-0.03785549141078567,-0.03740628541563638,11452416.0,1.5590823280314605,1.2757665418088435
11464704.0,0.8867668739209572,0.88031928135703,11464704.0,-0.03584569178444023,-0.03591704635279409,11464704.0,-0.03647062950767577,-0.0372632969597665,11464704.0,1.2559560040632884,1.2869950561473764
11476992.0,0.887067511677742,0.8815849905833602,11476992.0,-0.03549945112899877,-0.03588492355387037,11476992.0,-0.03798730731553709,-0.03738591680691267,11476992.0,1.279085968931516,1.2759443040937186
11489280.0,0.8886940206090609,0.8828992266207933,11489280.0,-0.03591554216109216,-0.03587228375545237,11489280.0,-0.036743866822992764,-0.037287971868257344,11489280.0,1.302113803724448,1.2792546158035596
11501568.0,0.8904097850124041,0.8843176907549302,11501568.0,-0.03473510659144571,-0.03568427671076885,11501568.0,-0.036924146950089685,-0.037223787658149377,11501568.0,1.2327114765842755,1.2715781480694812
11513856.0,0.8940941672772169,0.8857420208553475,11513856.0,-0.0362547708209604,-0.03577656064201922,11513856.0,-0.03740446073546385,-0.037228910675427565,11513856.0,1.2421942949295044,1.2750496946896117
11526144.0,0.8938384441037973,0.887070185256501,11526144.0,-0.03578448190819472,-0.03575157895393204,11526144.0,-0.037516342931970335,-0.03720697721097773,11526144.0,1.3684561687211196,1.2684800177191695
11538432.0,0.8916142533222834,0.8880500910803676,11538432.0,-0.03543426870601252,-0.035711779188325944,11538432.0,-0.0368563665348726,-0.03720109027635772,11538432.0,1.1823168490082026,1.2769994866102932
11550720.0,0.894862558071812,0.8894653505956134,11550720.0,-0.03684711925840626,-0.03585145626275335,11550720.0,-0.03756249443783114,-0.037179111156729054,11550720.0,1.265534419566393,1.2997324579705796
11563008.0,0.8942185696214437,0.8905654865006605,11563008.0,-0.03462657351822903,-0.03568916929361876,11563008.0,-0.036376866997064404,-0.03716979736442833,11563008.0,1.23063598262767,1.2918087296187877
11575296.0,0.8940284165243307,0.8915594600141048,11575296.0,-0.03594937115364397,-0.035689237703142376,11575296.0,-0.03661823945973689,-0.03704607216932345,11575296.0,1.1846236394097407,1.254362860756616
11587584.0,0.8960680837432543,0.8924895809963344,11587584.0,-0.035160931933205575,-0.035620761718018916,11587584.0,-0.0363795271065707,-0.03703696192921295,11587584.0,1.1308001813789208,1.2418472784881793
11599872.0,0.8950605435917774,0.893288884187738,11599872.0,-0.0351922117988579,-0.03559003778500482,11599872.0,-0.036834903371830784,-0.036921721534842314,11599872.0,1.2975591818491619,1.2436945997799438
11612160.0,0.8989365547895432,0.8943131376057863,11612160.0,-0.03578433895017952,-0.03557691746391356,11612160.0,-0.03799717351406192,-0.03704705220394923,11612160.0,1.334412094205618,1.2469244288280605
11624448.0,0.8982308047513167,0.8950952395796776,11624448.0,-0.035958224713491894,-0.035699229276118176,11624448.0,-0.0352565274030591,-0.036880290249246175,11624448.0,1.2563428754607837,1.2492875687157114
11636736.0,0.9016375429928303,0.8958495771512389,11636736.0,-0.035837719993044935,-0.03565752419332663,11636736.0,-0.03715446024822692,-0.036855290200522486,11636736.0,1.4203005178521078,1.2670981910079717
11649024.0,0.9006276788810889,0.8965285006289679,11649024.0,-0.03615583956707269,-0.03569465995921443,11649024.0,-0.03605980897555128,-0.036709636804880576,11649024.0,1.3866518512368202,1.268917759259542
11661312.0,0.902311010286212,0.8975981763253609,11661312.0,-0.03581357483441631,-0.03573259057205481,11661312.0,-0.03762998313565428,-0.03678699846495874,11661312.0,1.3407005425542593,1.2847561286141476
11673600.0,0.9048286707450947,0.8985947875926892,11673600.0,-0.03618238724690551,-0.035666117370904735,11673600.0,-0.03581514824569846,-0.03661226384574547,11673600.0,1.157345186918974,1.2739372053494056
11685888.0,0.9038063324987888,0.8995535638804236,11685888.0,-0.03552379457202429,-0.03575583947628426,11685888.0,-0.03731034632073715,-0.036705611778112754,11685888.0,1.1692182682454586,1.2677954339111845
11698176.0,0.9074282372991244,0.900893545957903,11698176.0,-0.035187272277350225,-0.03567962958865489,11698176.0,-0.037099413748364896,-0.03675372920697555,11698176.0,1.502174936234951,1.2995505635937055
11710464.0,0.9089226617167393,0.9021790037552515,11710464.0,-0.0354381631865787,-0.0357073527139922,11710464.0,-0.03614934217572833,-0.036730710713891314,11710464.0,1.167465037976702,1.3032170492534836
11722752.0,0.9064065447698036,0.9033136038730541,11722752.0,-0.03520731028402224,-0.03570886256250863,11722752.0,-0.03745289628083507,-0.036792510004791744,11722752.0,1.2453851141035557,1.297999642478923
11735040.0,0.9093003359933695,0.9043499819934369,11735040.0,-0.03484511033942302,-0.03561493970143298,11735040.0,-0.03513163413542012,-0.03650595606692757,11735040.0,1.3726419303566217,1.3018226260940235
11747328.0,0.9087192341685295,0.9053988249351581,11747328.0,-0.035283955512568355,-0.03554751278134063,11747328.0,-0.03756034626470258,-0.036736337953091905,11747328.0,1.1880823740114768,1.2949965759490927
11759616.0,0.9107046822706858,0.9063055388629435,11759616.0,-0.03512448455633906,-0.03547618923767004,11759616.0,-0.03546544358444711,-0.036567436286713925,11759616.0,1.192075756068031,1.272174099770685
11771904.0,0.9112414109210173,0.9073669120669365,11771904.0,-0.035916763183195144,-0.03545228159928228,11771904.0,-0.03844007863275086,-0.036805463252433876,11771904.0,1.2567183375358582,1.2591807484005888
11784192.0,0.9097842518240213,0.9081142362207174,11784192.0,-0.03420850722856509,-0.03529177483869717,11784192.0,-0.03493758056235189,-0.036536222995103645,11784192.0,1.422225686411063,1.267333262786269
11796480.0,0.9102750613043705,0.9086588752766451,11796480.0,-0.03543150886738052,-0.035216687000744665,11796480.0,-0.03742310885960857,-0.03669701905649466,11796480.0,1.2267897023508947,1.274277714329461
11808768.0,0.9112490266561508,0.9094031446923811,11808768.0,-0.03444274544987517,-0.03510858208852975,11808768.0,-0.03500545284866045,-0.036466529709286995,11808768.0,1.3251665209730465,1.2898725396022201
11821056.0,0.9125962195297083,0.9099199429154398,11821056.0,-0.03444211460494747,-0.035034066321289484,11821056.0,-0.0370063977704073,-0.03645722811149123,11821056.0,1.1949700141946475,1.2591520473981896
11833344.0,0.9130212577680746,0.9103298025205732,11833344.0,-0.03545215987833217,-0.03503546599046482,11833344.0,-0.03489565050889117,-0.03633185894480751,11833344.0,1.3870730195194483,1.2811128455524643
11845632.0,0.9128938658783833,0.9109785346314311,11845632.0,-0.03490400539400677,-0.03500513550146328,11845632.0,-0.036096134378264345,-0.03619618275455044,11845632.0,1.084271650761366,1.2650014992182455
11857920.0,0.9148063268512487,0.911529133717219,11857920.0,-0.03476553444246141,-0.03499717791176712,11857920.0,-0.03554790142031076,-0.03623780948303951,11857920.0,1.1382374508927267,1.2415610512718558
11870208.0,0.9176750636349121,0.9124247166638574,11870208.0,-0.03528501208832798,-0.03499728356934308,11870208.0,-0.036448595948362104,-0.03612663445140545,11870208.0,1.2109712927291791,1.2438499431436258
11882496.0,0.9186114321152369,0.9132153916483123,11882496.0,-0.035566030885092914,-0.03504143820221846,11882496.0,-0.03576423916577672,-0.03615651400953841,11882496.0,1.178457106774052,1.2424880782142282
11894784.0,0.9107921614001194,0.9131704666962225,11894784.0,-0.03484546722029336,-0.034934308605928284,11894784.0,-0.03563634194627715,-0.03587614034089104,11894784.0,1.2445705408851306,1.2412732985491555
11907072.0,0.8909766419480244,0.9112897057086228,11907072.0,-0.03536607848946005,-0.035050065732017785,11907072.0,-0.03661378762141491,-0.036043761046797344,11907072.0,1.3292124656339486,1.231971976471444
11919360.0,0.9082387698193392,0.9110860765601199,11919360.0,-0.034528029015442975,-0.034959717746824034,11919360.0,-0.035778376137992986,-0.035879287774635796,11919360.0,1.047376649454236,1.2140306711817783
11931648.0,0.92070237112542,0.9120314110070467,11931648.0,-0.0349314222112298,-0.035008585422959496,11931648.0,-0.036372434018024556,-0.0360159858915722,11931648.0,1.3095423995206754,1.212468259036541
11943936.0,0.9219306868811449,0.9129648577421904,11943936.0,-0.034411739519176386,-0.03500554791438238,11943936.0,-0.03522332689802473,-0.03583767880433394,11943936.0,1.0273693595081568,1.195708193567892
11956224.0,0.922121205056707,0.9138748524710536,11956224.0,-0.033986788107237466,-0.03485901073727291,11956224.0,-0.036216645947812744,-0.0359697783482261,11956224.0,1.1131206844002008,1.1683129600559672
11968512.0,0.8942572635908922,0.9120111922423046,11968512.0,-0.03469217516249046,-0.034837827714121285,11968512.0,-0.035322531747321285,-0.0358924180851318,11968512.0,1.447770070284605,1.2046628020082912
11980800.0,0.9022641206781069,0.9107569716249904,11980800.0,-0.034742234429965414,-0.034835497712871685,11980800.0,-0.03547129681101069,-0.03588475762420179,11980800.0,1.157343678176403,1.2065734247366589
11993088.0,0.8900380277385315,0.9079932680353522,11993088.0,-0.03408223139316154,-0.034715219643355034,11993088.0,-0.036314304491194584,-0.03587132847848504,11993088.0,1.2999262760082881,1.2154689230645697
12005376.0,0.8449461553245783,0.9006267403562864,12005376.0,-0.035765729747557394,-0.03473518952960148,12005376.0,-0.03540088556474075,-0.03583499311838144,12005376.0,1.0795921565343936,1.205582428040604
12017664.0,0.9027112970749537,0.8998186539237698,12017664.0,-0.033873917418532073,-0.03463803454942535,12017664.0,-0.036594444672421865,-0.03593080339099591,12017664.0,1.3598027111341555,1.2171056450655064
12029952.0,0.9065140566478173,0.9013723953937489,12029952.0,-0.03486526649794541,-0.03458795335027389,12029952.0,-0.035788058943580836,-0.035848230523212496,12029952.0,1.1458678065488737,1.1987711791569988
12042240.0,0.8602157750477394,0.8965700959165892,12042240.0,-0.0350207161779205,-0.03463722206652165,12042240.0,-0.035953655101669334,-0.03586575841958013,12042240.0,1.4441736539204915,1.2384508796036244
12054528.0,0.8583509412904581,0.890334952933093,12054528.0,-0.03403146183700301,-0.034547226029098974,12054528.0,-0.03488679936466118,-0.03571719495424379,12054528.0,1.1892358027398586,1.2264202199255427
12066816.0,0.8829926357915004,0.8864411478241283,12066816.0,-0.035180630589214466,-0.034624115136102765,12066816.0,-0.03548529821758469,-0.035743392086199796,12066816.0,1.287893345579505,1.2524726185326773
12079104.0,0.8883364498615265,0.8830626723046106,12079104.0,-0.03372067011271914,-0.03459750333665094,12079104.0,-0.035437648611453675,-0.03566549235256388,12079104.0,1.2381629565109808,1.2649768457437554
12091392.0,0.8919570203870535,0.8828326479842266,12091392.0,-0.034557795811754964,-0.034584065401577394,12091392.0,-0.03519392422943687,-0.03565263160077544,12091392.0,1.2605167105793953,1.2462515097732347
12103680.0,0.888951209684213,0.8815013568848371,12103680.0,-0.034434512723237276,-0.03455329323090457,12103680.0,-0.036472322283467896,-0.03575273414802117,12103680.0,1.2538355731715758,1.2559006992727517
12115968.0,0.9012086937824885,0.8826184234892329,12115968.0,-0.033951937686651945,-0.03454026386025362,12115968.0,-0.035333487612660974,-0.03565465246016781,12115968.0,1.3146047983318567,1.2573685515051087
12128256.0,0.873201963181297,0.8854440042749048,12128256.0,-0.03557110517673815,-0.034520801403171694,12128256.0,-0.036314159942169986,-0.03574597989791073,12128256.0,1.4324564995865028,1.2926549858103196
12140544.0,0.910298723106583,0.8862027468780678,12140544.0,-0.03350906392248968,-0.03448431605356746,12140544.0,-0.03568534355144948,-0.03565506978581349,12140544.0,1.0536924892415602,1.26204396362106
12152832.0,0.9187831909706196,0.887429660310348,12152832.0,-0.03439429101611798,-0.03443721850538471,12152832.0,-0.03529642258460323,-0.03560590614991573,12152832.0,1.2078754951556523,1.268244732481738
12165120.0,0.9198075532913208,0.893388838134706,12165120.0,-0.03366702211011822,-0.03430184909860448,12165120.0,-0.0346890389919281,-0.03547944453894161,12165120.0,1.4469775762408972,1.2685251247137785
12177408.0,0.9078288711607456,0.8983366311217349,12177408.0,-0.03461755610381564,-0.03436045852528574,12177408.0,-0.03461355589873468,-0.03545212019234896,12177408.0,1.3688477507481973,1.2864863195146123
12189696.0,0.8917854956040779,0.8992159171029925,12189696.0,-0.03368918120395392,-0.03421131358675969,12189696.0,-0.036275790635651596,-0.03553116943415564,12189696.0,1.2110487607618172,1.2788018610328435
12201984.0,0.8377505155901114,0.894157323675851,12201984.0,-0.03465498279547319,-0.034304744855035096,12201984.0,-0.03472450200933963,-0.03545985477394425,12201984.0,1.2632889685531457,1.2813144622370602
12214272.0,0.8316816091537476,0.8881297825525204,12214272.0,-0.03395283322121637,-0.034244248595981235,12214272.0,-0.035749711794778705,-0.035515433530478424,12214272.0,1.2817152452965577,1.2834343157087764
12226560.0,0.8939755633473396,0.888632217918833,12226560.0,-0.0334980477928184,-0.03415060210293935,12226560.0,-0.03655124315991998,-0.03552332561812364,12226560.0,1.0973286585261424,1.2677836242442333
12238848.0,0.9251308956493934,0.8910244381055236,12238848.0,-0.034761684791495405,-0.03423157681342369,12238848.0,-0.03469634772045538,-0.03545961162890308,12238848.0,1.0804716187218826,1.2443703062832356
12251136.0,0.9011394723008076,0.8938181890174747,12251136.0,-0.03421460694517009,-0.03409592699026688,12251136.0,-0.037222983063353844,-0.03555049394102146,12251136.0,1.3192837828149397,1.2330530346060793
12263424.0,0.856486656392614,0.8884369823460776,12263424.0,-0.03454049693148894,-0.03419907029116682,12263424.0,-0.03569693453027867,-0.03555165303890438,12263424.0,1.2499488312751055,1.2526786688094338
12275712.0,0.8639056651542584,0.8829492297644416,12275712.0,-0.034073897365791105,-0.03416703092613412,12275712.0,-0.03777829270499448,-0.035799840050943506,12275712.0,1.0995307713747025,1.2418441964313387
12288000.0,0.9295039679855108,0.8839188712338608,12288000.0,-0.03332733913945655,-0.03413306262906796,12288000.0,-0.03451162970547254,-0.03578209912229795,12288000.0,1.1064250462998946,1.2077889434372386
