v2_latent_discrepancy_timesteps,v2_latent_discrepancy_score,v2_latent_discrepancy_score_mean,v3_latent_plus_clamped_eme_timesteps,v3_latent_plus_clamped_eme_score,v3_latent_plus_clamped_eme_score_mean,v4_latent_plus_normalised_eme_timesteps,v4_latent_plus_normalised_eme_score,v4_latent_plus_normalised_eme_score_mean
12288.0,0.13272649166174233,0.13272649166174233,12288.0,0.13272649166174233,0.13272649166174233,12288.0,0.13272649166174233,0.13272649166174233
24576.0,0.13367723285531005,0.1332018622585262,24576.0,0.13367723285531005,0.1332018622585262,24576.0,0.13428483290287355,0.13350566228230792
36864.0,0.13994030087875822,0.1354480084652702,36864.0,0.13994030087875822,0.1354480084652702,36864.0,0.14015019894577563,0.13572050783679715
49152.0,0.15264367032796144,0.139746923930943,49152.0,0.15264367032796144,0.139746923930943,49152.0,0.15322628485349318,0.14009695209097117
61440.0,0.18096928453693786,0.14799139605214198,61440.0,0.18096928453693786,0.14799139605214198,61440.0,0.1816611853428185,0.14840979874134064
73728.0,0.2233397769741714,0.16054945953914687,73728.0,0.2233397769741714,0.16054945953914687,73728.0,0.22557596443220973,0.16127082635648549
86016.0,0.28561599909638363,0.17841610804732358,86016.0,0.2872844065229098,0.17865445196539873,86016.0,0.2847890662960708,0.17891628920499766
98304.0,0.3790415630986293,0.20349428992873678,98304.0,0.3779364167712629,0.20356469756613177,98304.0,0.3741180117552479,0.20331650452377895
110592.0,0.5107687820369998,0.23763590016298825,110592.0,0.5140036263813575,0.23805791187893466,110592.0,0.5081363695984086,0.23718537842096
122880.0,0.6836399637783567,0.2822363065245251,122880.0,0.6999866034214696,0.2842507810331881,122880.0,0.687253775075078,0.2821922180863718
135168.0,0.9213893990963697,0.3611025972679878,135168.0,0.9345795816431443,0.36443609003132826,135168.0,0.909405080601573,0.35986007698035494
147456.0,1.2279008757323027,0.47052496155568707,147456.0,1.2649753255148728,0.4775658992972846,147456.0,1.189236855134368,0.46535527920350434
159744.0,1.3527484244356553,0.5918057739113768,159744.0,1.4348538350313902,0.6070572527125477,159744.0,1.4701416299988825,0.598354422308815
172032.0,1.393383463844657,0.7158797532630463,172032.0,1.432710914562146,0.7350639771359663,172032.0,1.7797802494217951,0.7610098187656452
184320.0,1.4760671369731426,0.845389538506667,184320.0,1.5436431883523862,0.871331367517511,184320.0,1.6613960259904463,0.908983302830408
196608.0,1.6921873906006415,0.992274299869314,196608.0,1.8421804929773014,1.0332154391178239,196608.0,1.5151766072958708,1.0379433671167742
208896.0,2.186036524673303,1.182316352427006,208896.0,2.0598463378846645,1.2104716322539995,208896.0,1.4480940687159698,1.154273867358764
221184.0,2.3369980504115424,1.378112001158297,221184.0,2.0771397848924003,1.3803919690661135,221184.0,1.2782428028682868,1.244686346470068
233472.0,2.1433751272658506,1.541372635681182,233472.0,2.200311674425999,1.5490227738705773,233472.0,1.127871485427022,1.3066598580529294
245760.0,2.1153090161581836,1.684539540919165,245760.0,2.021506732950608,1.6811747868234914,245760.0,1.0725513013700645,1.3451896106824277
258048.0,1.9197877099116643,1.7843793720006946,258048.0,1.7179480915268261,1.7595116378118594,258048.0,1.2139462350557249,1.375643726127843
270336.0,1.8405697873483102,1.8456462631622952,270336.0,1.5229761730879545,1.7853117225691677,270336.0,1.4114364540825288,1.397863686022659
282624.0,1.5835040993988514,1.868721830658615,282624.0,1.592862558240692,1.801112594890098,282624.0,1.6352451114604871,1.4143740341688196
294912.0,1.398394089192152,1.869222893193364,294912.0,1.9051884816338618,1.8483603515972693,294912.0,1.644099290172259,1.4008059382438658
307200.0,1.3645893956224124,1.8580751190582911,307200.0,2.510560717433691,1.9450521045054,307200.0,1.5968432718267043,1.3943506628274918
319488.0,1.4490628745406866,1.8337626674522958,319488.0,2.9947188210984073,2.0603059373175103,319488.0,1.7132897432893515,1.41416197642684
331776.0,1.5062615269174178,1.765785167676707,331776.0,3.4857917775710425,2.202900481286148,331776.0,2.1870034970343113,1.488052919258674
344064.0,1.6254773555944364,1.6946330981949966,344064.0,3.444818414747715,2.3396683442716797,344064.0,2.638991446544727,1.624127783626318
356352.0,1.5985707690318425,1.6401526623715956,356352.0,2.9094193441172442,2.4105791112408044,356352.0,3.1323737824956575,1.8245780133331817
368640.0,1.4681862611323595,1.5754403868690134,368640.0,2.631693044056495,2.471597742351393,368640.0,3.835985022286574,2.100921385424833
380928.0,1.3553399487088125,1.5189956107487281,380928.0,2.890435256063938,2.588846458805104,380928.0,4.272874963780244,2.4068142582972842
393216.0,1.602451575299104,1.4951837895438076,393216.0,2.8885340727865696,2.725402248774966,393216.0,3.962234251201153,2.661894038009147
405504.0,2.2296282624204955,1.5597962058459722,405504.0,2.913086121280988,2.8574246050789953,405504.0,3.9415967538952827,2.8925292022526263
417792.0,2.5535786288479962,1.6753146598115563,417792.0,3.066721059381962,2.9735778628538054,417792.0,3.410545762628317,3.069173849498232
430080.0,2.5278136394917965,1.791637084198495,430080.0,3.8792973334590592,3.110451524456342,430080.0,2.731041692197323,3.182593691535294
442368.0,2.529571724434694,1.8996879691878952,442368.0,5.2683877771099406,3.337818420057496,442368.0,2.3904708487292132,3.2503118020792803
454656.0,2.520993985235691,2.0011612150197227,454656.0,5.961099120477836,3.5853491543481746,454656.0,2.2985146194696426,3.261462914322813
466944.0,2.7060990519821644,2.109223384658496,466944.0,6.224216543138027,3.8632889671872057,466944.0,2.512592821071545,3.248823051775495
479232.0,3.4671515660981336,2.296081464365125,479232.0,6.186456687748432,4.190992701550324,479232.0,3.0553747601807117,3.2411231495440007
491520.0,3.4232168992360434,2.491584528175493,491520.0,5.855430359641711,4.513366433108846,491520.0,4.022443428635597,3.2597689901789026
503808.0,2.870665792375803,2.6431171125421917,503808.0,6.639304935932159,4.888253401095668,503808.0,4.942456791798274,3.3267271729807057
516096.0,2.458185033251842,2.728690458337466,516096.0,8.170921588937441,5.416492152710756,516096.0,5.598348818719387,3.4903386297325296
528384.0,2.2160224293669066,2.727329875032107,528384.0,9.738623340924581,6.099045874675115,528384.0,5.817251016696294,3.6779040560126304
540672.0,2.073439265290896,2.679315938676397,540672.0,9.025724520285925,6.6949462207655115,540672.0,6.251559240122636,3.9620054037620624
552960.0,2.209269223113855,2.647461497038603,552960.0,8.101314360896746,7.117147923509281,552960.0,7.259297112623851,4.414830945804715
565248.0,2.348623796055714,2.629366704200705,565248.0,7.992869849006335,7.389596130698921,565248.0,8.733166262507439,5.049100487182537
577536.0,2.746705502271652,2.6519378559043014,577536.0,8.10207486152649,7.603693704803786,577536.0,11.077202270428339,5.926969252278407
589824.0,3.558707488079866,2.7371986995140714,589824.0,7.941838651895523,7.775455915679535,589824.0,13.71131545305252,7.046841515476504
602112.0,3.854732704659303,2.7759568133701875,602112.0,9.069084748625755,8.063718721767268,602112.0,16.60279310743014,8.401583350201447
614400.0,3.3622775288919606,2.7698628763357798,614400.0,10.41397538781166,8.51957322458426,614400.0,20.943887770175934,10.093727784355481
626688.0,3.0145141892135143,2.784247716019551,626688.0,11.963688090443611,9.052011540035407,626688.0,17.931555847326916,11.392637689908344
638976.0,2.579718175033728,2.79640103019774,638976.0,13.82122973104318,9.61704235424598,638976.0,13.735042269031206,12.20630703493953
651264.0,2.331507921218872,2.807949579382936,651264.0,19.195684899886448,10.562748510142168,651264.0,9.594787935415903,12.58406072681149
663552.0,2.078760133435329,2.8084816661973795,663552.0,25.365269511938095,12.196703009307383,663552.0,6.981065429747105,12.657011345773935
675840.0,1.9506121712426345,2.782615961010257,675840.0,34.79537558555603,14.866109131773314,675840.0,5.232008149226506,12.4542824494342
688128.0,1.9036622035006683,2.7381198017547534,688128.0,35.287610272566475,17.595583174129324,688128.0,4.324620592097442,12.013427882393202
700416.0,1.8941492525239785,2.6528641767799854,700416.0,28.68848980466525,19.6542246684432,700416.0,3.627132515112559,11.268420906861625
712704.0,1.919052963455518,2.4888987243175507,712704.0,21.866334448258083,21.046674248079455,712704.0,3.0928608601291976,10.20657544756929
724992.0,2.025553625077009,2.305980816359321,724992.0,16.227644274632137,21.762530200680096,724992.0,2.712200354784727,8.817516172304748
737280.0,2.068536017090082,2.1766066651791336,737280.0,12.92447698613008,22.013580360511938,737280.0,2.434033085902532,6.9665307038774085
749568.0,2.1605982022980847,2.0912150664875906,749568.0,10.403798624873161,21.857591413954893,749568.0,2.26056706905365,5.399431826050082
761856.0,2.239395243426164,2.057182773326834,761856.0,8.457559242844582,21.32122436513503,761856.0,2.205363935480515,4.246463992695014
774144.0,2.4931959845125675,2.0733515796562036,774144.0,7.038656562566757,20.105521531403063,774144.0,1.991176704565684,3.4861028696099914
786432.0,2.7869902762273946,2.14417459393541,786432.0,6.0506884679198265,18.174063427001236,786432.0,2.0069128163158894,2.9886876082668703
798720.0,3.1421872625748315,2.26333210306863,798720.0,5.306121699512005,15.225138038396835,798720.0,1.956897930552562,2.661176586399476
811008.0,3.6968708435694375,2.442652967075507,811008.0,4.67731902251641,12.16410891339183,811008.0,2.0269036404788494,2.4314048912376163
823296.0,4.207116759071748,2.673949717730284,823296.0,4.18930069108804,9.714190002034108,823296.0,2.1345121450722218,2.282142854233583
835584.0,4.818680313726266,2.9639124527573584,835584.0,4.479670499761899,7.975523607184489,835584.0,2.2512535514930883,2.197982123369972
847872.0,6.052859149873257,3.366643005236983,847872.0,3.6827574955920377,6.7210349292804805,847872.0,2.3646221831440926,2.1632243062059087
860160.0,7.248496199647586,3.8846390234927335,860160.0,3.093985096861919,5.737985740353664,860160.0,2.5722762010991573,2.177048617725571
872448.0,9.981146405140558,4.666693843776981,872448.0,2.872372794896364,4.984843157355984,872448.0,2.653413205097119,2.216333231329918
884736.0,9.113612979650497,5.354115617399414,884736.0,2.8741872558991113,4.426505958661437,884736.0,2.9713246760269008,2.2929293053845563
897024.0,7.2605521728595095,5.830851236234109,897024.0,2.7922356265286603,4.0018638650576275,897024.0,3.2487047761678696,2.418682112544775
909312.0,5.343972387413184,6.086549447352686,909312.0,2.859774890045325,3.682772507270177,909312.0,3.6270026999215284,2.580691100905339
921600.0,3.958807185292244,6.168211439624428,921600.0,2.9051324216028056,3.4426735794792576,921600.0,4.090463298062484,2.7940476376563312
933888.0,3.067877364655336,6.105312091733018,933888.0,3.218867614865303,3.2968284387141464,933888.0,4.6744319299856825,3.0588004666070145
946176.0,2.4345254910488925,5.928052964930734,946176.0,3.6091990619897842,3.238818275804321,946176.0,5.957048336664836,3.441054085766276
958464.0,2.0755036088327565,5.653735294441382,958464.0,4.07172924776872,3.1980241506050033,958464.0,6.815453079839547,3.8974740386009215
970752.0,1.7548224218189716,5.223931621635954,970752.0,5.0057141209642095,3.33031981314222,970752.0,8.44603562851747,4.5056153831382595
983040.0,1.4785907591382663,4.646941077585021,983040.0,5.715102439125379,3.592431547368567,983040.0,10.006156355142593,5.2490033985426034
995328.0,1.352196938668688,3.784046130937835,995328.0,6.990034309526284,4.004197698831558,995328.0,11.988806997736296,6.182542777806521
1007616.0,1.271206117545565,2.9998054447273415,1007616.0,8.756192410985628,4.59239821434021,1007616.0,15.06192090610663,7.391602400814494
1019904.0,1.2353887713203828,2.397289104573429,1019904.0,10.458573480447134,5.359031999732057,1019904.0,15.878048171599707,8.654536740357678
1032192.0,1.2303124560664098,1.9859231114387517,1032192.0,12.876282950242361,6.360682805751762,1032192.0,13.419112583001455,9.63374772866567
1044480.0,1.1998534103234608,1.7100277339418728,1044480.0,15.860096087058386,7.6561791722973185,1044480.0,11.173113986849785,10.3420127975444
1056768.0,1.2127443129817645,1.5245144287745158,1056768.0,19.061365008354187,9.240428911646207,1056768.0,9.163216099143028,10.790891214460135
1069056.0,1.2290956551829975,1.4039714451879262,1069056.0,23.779192338387173,11.257428239285947,1069056.0,7.712772359450658,10.966463616738718
1081344.0,1.2649954371154308,1.3229206280161938,1081344.0,29.516245782375336,13.801879892746609,1081344.0,6.546808858712514,10.939599194626012
1093632.0,1.3061241979400318,1.2780508056282998,1093632.0,36.867755234241486,16.988084004074334,1093632.0,5.61215365678072,10.656210997452337
1105920.0,1.3809654135257006,1.2682882710670431,1105920.0,46.042941788832344,21.020867939045033,1105920.0,5.378056834141414,10.193401045352221
1118208.0,1.4618702077617247,1.279255597976347,1118208.0,57.3974004983902,26.061604557931425,1118208.0,5.325836047530174,9.52710395033161
1130496.0,1.5935934701313574,1.3114943332349263,1130496.0,68.18666450182597,32.00465176701546,1130496.0,5.22114693125089,8.543026552846033
1142784.0,1.691614316155513,1.3571168877184392,1142784.0,84.7144525051117,39.430239669481914,1142784.0,5.242084721724193,7.479430207858483
1155072.0,1.7571540685991447,1.4098010489717125,1155072.0,71.57025877634685,45.29963725209236,1155072.0,5.2825892791152,6.665777877469857
1167360.0,1.9004104807972908,1.4798567560190956,1167360.0,53.11067716280619,49.02469535966715,1167360.0,5.6545049995183945,6.113916978736718
1179648.0,2.019635461270809,1.560545870848,1179648.0,35.46589066584905,50.66514792541663,1179648.0,5.8777785276373224,5.785373221586148
1191936.0,2.185508110870918,1.6561871164167923,1191936.0,23.817060083150864,50.66893469989299,1191936.0,6.04197911421458,5.61829389706254
1204224.0,2.3109228685498238,1.7607798595602315,1204224.0,17.48037712772687,49.46534783442815,1204224.0,6.180052014688651,5.581618212660153
1216512.0,2.4374422381321588,1.8739116635794442,1216512.0,13.248635093371073,47.10343582034112,1216512.0,6.33597906678915,5.654000753660997
1228800.0,2.588312237213055,1.9946463459481798,1228800.0,10.731556544701258,43.57229729592801,1228800.0,6.58968552450339,5.775163622697194
1241088.0,2.7944881108899913,2.127908136261006,1241088.0,8.884180724620819,38.72097531855107,1241088.0,6.922778156896432,5.934857833633821
1253376.0,3.054552022367716,2.274003991484642,1253376.0,7.6302463461955385,32.66533350298802,1253376.0,7.284794136881828,6.141222554196914
1265664.0,3.2710856944322586,2.4319511293123166,1265664.0,6.761041273673375,24.86999237984419,1265664.0,8.085456217328707,6.425559703757367
1277952.0,3.547039652864138,2.6109396877388162,1277952.0,6.217397657533486,18.33470626796285,1277952.0,8.264670560757319,6.7237678319215775
1290240.0,4.0212664778033895,2.823025287439426,1290240.0,5.694730532666047,13.59311160494884,1290240.0,9.242116977771124,7.0825290297468495
1302528.0,4.372777941326301,3.058339535444975,1302528.0,5.28541374951601,10.575063913315534,1302528.0,9.982630704840025,7.49301424746712
1314816.0,4.858827163775762,3.3256714407354595,1314816.0,5.100416819254558,8.703399586925904,1314816.0,11.258164783318838,8.014632814377546
1327104.0,5.731406124929587,3.6677197663734353,1327104.0,4.848120937744777,7.440173967927694,1327104.0,12.921976298093796,8.68882524271806
1339392.0,7.262750551104546,4.1502505976706745,1339392.0,4.8861338670055074,6.6039238452911375,1339392.0,14.572456330060959,9.512472969045243
1351680.0,9.482661455869675,4.839685519536337,1351680.0,4.808126126726468,6.011580803493659,1351680.0,15.837639858325323,10.437268402427433
1363968.0,11.412224074204763,5.701459115867814,1363968.0,4.70034026602904,5.59319675763448,1363968.0,18.060629626115162,11.551053549349309
1376256.0,14.544526050488154,6.850456518679858,1376256.0,4.671280081073443,5.297300131122271,1376256.0,21.302171289920807,12.952791264653206
1388544.0,18.982015053431194,8.42154945457975,1388544.0,4.602637472252051,5.081459750980139,1388544.0,25.61423636476199,14.705669279396535
1400832.0,13.974726408720016,9.464318130165339,1400832.0,4.634739883244038,4.923193973551194,1400832.0,21.93904314438502,16.0731065377593
1413120.0,8.019483531514803,9.86413983553648,1413120.0,4.6103168204426765,4.814752602328857,1413120.0,15.090995043516159,16.657994344333808
1425408.0,4.788048518200715,9.905666893223922,1425408.0,4.5969111522038775,4.745902342597644,1425408.0,10.164244030912718,16.676155676941075
1437696.0,3.004158228635788,9.720199999709923,1437696.0,4.587393067777157,4.694599967449904,1437696.0,6.795331567525864,16.22987235536178
1449984.0,2.1647663625578084,9.363536023472747,1449984.0,4.603030741214752,4.6700909477969015,1449984.0,4.7346224163969355,15.411136967192093
1462272.0,1.6536556494732697,8.802626533309619,1462272.0,4.609353202084701,4.64241288130482,1462272.0,3.4978222673137984,14.30367356091738
1474560.0,1.474628871306777,8.00182327485333,1474560.0,4.673941987256209,4.628994467357794,1474560.0,2.786290030926466,12.998538578177492
1486848.0,1.3252013654758532,6.993121003980437,1486848.0,4.714732952415943,4.630433735996485,1486848.0,2.3203930221498013,11.424514917780957
1499136.0,1.2051958317557971,5.659187982107203,1499136.0,4.665936134755611,4.629899341364702,1499136.0,1.865941119690736,9.48089190075795
1511424.0,1.1484908120085795,3.8758355579649404,1511424.0,4.762016132473946,4.645837207386892,1511424.0,1.627838938186566,7.082252158100407
1523712.0,1.0925638532886903,2.5876193024218077,1523712.0,4.787038589517276,4.661067078014215,1523712.0,1.4719885773956776,5.035546701401473
1536000.0,1.0384474055220683,1.8895156898225345,1536000.0,4.866314689318339,4.686666864901781,1536000.0,1.3479917794466019,3.6612463749945166
1548288.0,0.9954477225740751,1.5102556102598708,1548288.0,4.856397293508053,4.712615479032198,1548288.0,1.2502765425791342,2.769849626161158
1560576.0,0.9226241043458382,1.3021021978308756,1560576.0,4.869229319194953,4.740799104173979,1560576.0,1.152646742761135,2.205581143684685
1572864.0,0.8963137256602446,1.1752569341411192,1572864.0,5.0003958294789,4.780535613000393,1572864.0,1.113197027395169,1.8434386047845088
1585152.0,0.8988607668628296,1.099777445880075,1585152.0,5.0873327280084295,4.828333565592766,1585152.0,1.0558337680995464,1.5992397548630832
1597440.0,0.856761651734511,1.0379907239228487,1597440.0,5.18900848676761,4.879840215543906,1597440.0,0.998743548989296,1.4204851066693664
1609728.0,0.8492843490093946,0.9903990222762028,1609728.0,5.233502231538296,4.931717143456142,1609728.0,0.9472075793892145,1.2831665623933077
1622016.0,0.8323782756924629,0.9531172666698694,1622016.0,5.452659644186497,5.01038949439923,1622016.0,0.9115514376511177,1.187727594189346
1634304.0,0.8376496704295278,0.9220331525119642,1634304.0,5.513719002405803,5.085559781392415,1634304.0,0.8770896301915249,1.112652663389842
1646592.0,0.8783258628100157,0.9006093534640968,1646592.0,5.617511545618375,5.168607077002525,1646592.0,0.8394116722047329,1.0493949728707475
1658880.0,0.8996137548238039,0.8867259883942703,1658880.0,5.681985343496005,5.250174142420292,1658880.0,0.7912575860197345,0.9937215535280606
1671168.0,0.9331816639751196,0.8804993825343747,1671168.0,5.768863076965014,5.341420720765988,1671168.0,0.7786031554763516,0.9465542148177823
1683456.0,0.9963150707383951,0.8878684791736304,1683456.0,6.023666677375634,5.456864456584055,1683456.0,0.7524106449758013,0.906530605039249
1695744.0,1.0510760496060054,0.9033447115682065,1695744.0,6.1328601737817126,5.570110891014338,1695744.0,0.7221582482258478,0.8674267271223167
1708032.0,1.1090676796933014,0.9243654028512538,1708032.0,6.197978829344113,5.681175501147907,1708032.0,0.7168080549066266,0.8335241558030247
1720320.0,1.2258830939730008,0.9612775470751028,1720320.0,6.24703062325716,5.786977714796861,1720320.0,0.6929685724899173,0.8029466581530869
1732608.0,1.3403058915088575,1.010379701325049,1732608.0,6.269188232719898,5.890546314915021,1732608.0,0.6638300676519672,0.7746089069793622
1744896.0,1.5214738895495732,1.07928926271076,1744896.0,6.572149654229482,6.002495315919321,1744896.0,0.642966579956313,0.7477504212098818
1757184.0,1.6797181790073712,1.1634961135685447,1757184.0,7.671036049723625,6.218227020651102,1757184.0,0.6358896108965079,0.72363041928038
1769472.0,1.7933029532432556,1.2549938226118684,1769472.0,7.178463414311409,6.374322207520406,1769472.0,0.6265106042847037,0.7023403124883771
1781760.0,2.071250090996424,1.3721574562291303,1781760.0,7.720691611369451,6.57819283430775,1781760.0,0.6126397674282392,0.6844785306292276
1794048.0,2.3421926088631153,1.51305855071793,1794048.0,8.130635872483253,6.814370113859573,1794048.0,0.5962245771661401,0.6662406727982064
1806336.0,2.678113680332899,1.6812384116773802,1806336.0,8.578899761041006,7.0698934222261105,1806336.0,0.589300986379385,0.6499297069385648
1818624.0,2.9800277849038443,1.8741335852071639,1818624.0,8.75508688390255,7.332116093238194,1818624.0,0.5748454316829642,0.6351984252842764
1830912.0,3.487772449851036,2.1120040622229377,1830912.0,9.247332572937012,7.637051467597485,1830912.0,0.5707414131611586,0.6205917611097296
1843200.0,3.8587673107783,2.3752924839034675,1843200.0,9.23297526439031,7.935645931710799,1843200.0,0.5651791803538799,0.607812821896126
1855488.0,4.232976543406646,2.664559549093247,1855488.0,9.726384793718656,8.281365587810674,1855488.0,0.5556582743301988,0.5969956425639491
1867776.0,4.587378623584907,2.97115002249678,1867776.0,9.99149902164936,8.623300524552663,1867776.0,0.5419214405119419,0.586891128619512
1880064.0,5.535428397357464,3.356721044331789,1880064.0,10.309720605611801,8.887168980141482,1880064.0,0.5432570884004235,0.5776278763699035
1892352.0,6.362065901358922,3.8135973391433557,1892352.0,10.6729792902867,9.236620567739012,1892352.0,0.535998037395378,0.568576619680971
1904640.0,7.305825968583425,4.337054926902057,1904640.0,11.216971258322397,9.586248532434306,1904640.0,0.5305932400127252,0.5603719669394195
1916928.0,9.07422943909963,5.010258609925708,1916928.0,11.835593660672506,9.95674431125323,1916928.0,0.5319406359146038,0.5539435728142659
1929216.0,10.23285759985447,5.765733001877864,1929216.0,12.11449684202671,10.3103040193518,1929216.0,0.5310014737769961,0.548113621554027
1941504.0,12.100240970651308,6.677754320452611,1941504.0,12.389249309897423,10.673720261951289,1941504.0,0.5300052628541986,0.5436296046711505
1953792.0,15.856198489665985,7.914596924434105,1953792.0,12.378532985846201,10.986840303242207,1953792.0,0.5276943575590849,0.5393248991109431
1966080.0,20.37129952510198,9.565850145866474,1966080.0,13.102515717347464,11.373794348537922,1966080.0,0.5366372860347232,0.5364707096790273
1978368.0,16.00189858675003,10.742742350200812,1978368.0,13.426884765426317,11.743844345708688,1978368.0,0.5426508684953054,0.535169969095538
1990656.0,11.673428694407145,11.451347357283037,1990656.0,14.022098263104757,12.146904269854227,1990656.0,0.5448706715057293,0.5354648921949169
2002944.0,7.5641472935676575,11.654219246904056,2002944.0,14.185171455144882,12.534449354807537,2002944.0,0.5490414736171564,0.53604333071659
2015232.0,4.960229799151421,11.514035636683303,2015232.0,14.845426440238953,12.95169406980276,2015232.0,0.5495680697883168,0.5374003339558839
2027520.0,3.6926657259464264,11.152719612419606,2027520.0,15.512542843818665,13.381251228352388,2027520.0,0.5567313628271222,0.5400141462373237
2039808.0,2.757472058137258,10.521043874323366,2039808.0,15.894064287344614,13.787098291019598,2039808.0,0.5562451540802916,0.5424445980538924
2052096.0,2.0942527564863362,9.707183389986554,2052096.0,16.68021599451701,14.243670206268629,2052096.0,0.5650893539811174,0.5458533860743046
2064384.0,1.7605241822699706,8.673211711148422,2064384.0,17.06312667330106,14.711057942608992,2064384.0,0.5748954660569628,0.550342406394581
2076672.0,1.5580839235335588,7.243400254535179,2076672.0,17.69058594107628,15.242263238132,2076672.0,0.5846065282821655,0.5560336234668891
2088960.0,1.443267537901799,5.350597055815159,2088960.0,18.63209742307663,15.795221408704915,2088960.0,0.5879088481888175,0.5611607796822986
2101248.0,1.3431634362787008,3.8847235407680265,2101248.0,19.20684697230657,16.373217629392943,2101248.0,0.6019814430425564,0.5670938371370237
2113536.0,1.2233401456226904,2.839714685889582,2113536.0,20.32143635551135,17.0031514386336,2113536.0,0.6007105950266123,0.572677829489112
2125824.0,1.1812307313084602,2.2014230296636623,2125824.0,21.552169273296993,17.73985122044881,2125824.0,0.6103256034354368,0.5788062424709399
2138112.0,1.1327254542460043,1.8186725951731204,2138112.0,23.080757588148117,18.563384335239725,2138112.0,0.6126821975534161,0.5851176552474499
2150400.0,1.0905424021184444,1.5584602627903226,2150400.0,25.20255097746849,19.53238514860471,2150400.0,0.6134855579584837,0.590793074760586
2162688.0,1.0595645463714998,1.3886695116137464,2162688.0,26.460817615191143,20.589060481389364,2162688.0,0.6296701049432158,0.5981355698468784
2174976.0,1.0361182124664385,1.2828560572117567,2174976.0,28.16474457581838,21.737513339519502,2174976.0,0.6539267000431815,0.6070193044530849
2187264.0,1.0258088956276576,1.2093845285475253,2187264.0,30.70017155011495,23.10121782720089,2187264.0,0.673803893228372,0.6169101471702257
2199552.0,1.024531725794077,1.1560293087735771,2199552.0,32.5070015390714,24.582859387000404,2199552.0,0.6875400468707085,0.62720349902908
2211840.0,1.0235928166657686,1.1140618366499742,2211840.0,35.72071580092112,26.29172122478485,2211840.0,0.7174896967286865,0.640161583883067
2224128.0,1.0323087504754465,1.0829763680696485,2224128.0,38.49016970396042,28.220053497950232,2224128.0,0.7437052450453242,0.6543339640833438
2236416.0,1.0608594845980406,1.0667283019671836,2236416.0,40.52959521611532,30.24086938401063,2236416.0,0.7803816556309661,0.672301070143779
2248704.0,1.0644937592248123,1.055054604758819,2248704.0,44.690753757953644,32.554727832476296,2248704.0,0.7995945243164897,0.6912279622318844
2260992.0,1.0915205807735522,1.0509341174115738,2260992.0,48.041889210542045,35.05084099471569,2260992.0,0.8336437574277321,0.713324118219316
2273280.0,1.1089207138866186,1.0527719485883913,2273280.0,54.488942424456276,37.97948013941447,2273280.0,0.8621259207526842,0.7381881544987362
2285568.0,1.1354580062131088,1.060361294572552,2285568.0,60.86364777882894,41.419763155778256,2285568.0,0.8983137725541989,0.7650525212598345
2297856.0,1.133895783374707,1.0701390516633789,2297856.0,60.21314585208893,44.6246032834053,2297856.0,0.9172085610528787,0.7913807073608041
2310144.0,1.1997064563135307,1.087528807731966,2310144.0,49.99612218141556,46.554198346535365,2310144.0,0.9489588035891453,0.8188961983968813
2322432.0,1.2991916568328936,1.114994800835848,2322432.0,41.27368690570196,47.43086688319842,2322432.0,1.0040402890493472,0.8505462226147452
2334720.0,1.2834681135912736,1.1409823305283986,2334720.0,32.59306134780248,47.11810143788655,2334720.0,1.0362854823470116,0.8824258011765778
2347008.0,1.3909856776396434,1.176850023244818,2347008.0,25.406060596307118,45.80969052712122,2347008.0,1.081937858213981,0.9162490624934436
2359296.0,1.4139735400676727,1.2121614287917812,2359296.0,19.50096383690834,43.70682738920053,2359296.0,1.1081700672705967,0.9490279036574065
2371584.0,1.5195767742892106,1.2576697302982212,2371584.0,14.398714443047842,40.67762345770995,2371584.0,1.1651628036051989,0.9855847315862775
2383872.0,1.587708367034793,1.3072885089243453,2383872.0,10.496373136838278,36.92307185033957,2383872.0,1.209661303088069,1.023186486152311
2396160.0,1.600687022631367,1.35646513979882,2396160.0,7.842233896255493,32.258400997519495,2396160.0,1.247457447151343,1.061719638792177
2408448.0,1.7766437542935212,1.4205837146068614,2408448.0,5.890256203711033,26.761061840007706,2408448.0,1.2892508531610172,1.1008133468528587
2420736.0,1.8402517611781757,1.4912193123872082,2420736.0,4.570428354044755,21.196790090203287,2420736.0,1.3143959262718756,1.1405320833747585
2433024.0,2.0034525928397975,1.5715939260398348,2433024.0,3.4555914973219237,16.542737021793926,2433024.0,1.3751997463405132,1.1831561776498956
2445312.0,2.2016777582466602,1.6618425361812115,2445312.0,2.8638053461909294,12.70174886584282,2445312.0,1.3847118963797886,1.2212233383829394
2457600.0,2.3339432875315347,1.7668900535752374,2457600.0,2.2848576667408147,9.670928497736652,2457600.0,1.4262641612440348,1.2602212062726417
2469888.0,2.476766910403967,1.87546817685167,2469888.0,1.907733225574096,7.3210957606633515,2469888.0,1.4602742064744234,1.2980548410986859
2482176.0,2.7048910769323506,2.0045599305381376,2482176.0,1.616331937412421,5.5326325707137585,2482176.0,1.492971645668149,1.3365349989384412
2494464.0,2.8209353325267634,2.1346957863618927,2494464.0,1.369221029182275,4.229683229327202,2494464.0,1.5020500446359317,1.3702237230415144
2506752.0,2.997177499035994,2.275642699562013,2506752.0,1.1481342526773612,3.2948593409111098,2506752.0,1.5291619561612606,1.4021737883488337
2519040.0,3.1415272193650403,2.4297267192353806,2519040.0,0.9646201363454262,2.6070979649201034,2519040.0,1.5508228410035372,1.4325103277340532
2531328.0,3.3439474751551947,2.586457091321548,2531328.0,0.8229065711299578,2.100363001661996,2531328.0,1.5420609197268884,1.4577913343906401
2543616.0,3.596617616713047,2.762093676875035,2543616.0,0.7066850218301018,1.7139886684405308,2543616.0,1.6228790115565062,1.4886396429191033
2555904.0,3.870823030670484,2.9488307206581035,2555904.0,0.6240240555877486,1.4308319242671133,2555904.0,1.606896845002969,1.5118093527853491
2568192.0,4.156550484399001,3.144317993273338,2568192.0,0.5180746857076883,1.1962588582187892,2568192.0,1.5960039707521598,1.532938560222586
2580480.0,4.214527097841104,3.3323763743042947,2580480.0,0.5653081318984429,1.0243039047345517,2580480.0,1.626247150823474,1.55293685918053
2592768.0,4.680134465297063,3.5527131297936037,2592768.0,0.5354861707116166,0.8870791992483038,2592768.0,1.589923628916343,1.565901801424722
2605056.0,4.825768604874611,3.7648008825878305,2605056.0,0.5146215514590343,0.7769081606529653,2605056.0,1.6173842946688335,1.5783430663247904
2617344.0,5.159768141806126,3.998684163515766,2617344.0,0.561704579119881,0.6961565156467259,2617344.0,1.675067490587632,1.5956448109199601
2629632.0,5.533122353255749,4.252278648937741,2629632.0,0.4500361472989122,0.626346705108881,2629632.0,1.6399861394117277,1.606727229245007
2641920.0,6.029032456378142,4.5410291726390515,2641920.0,0.44094420845309895,0.5739791123196483,2641920.0,1.7248209205766518,1.6241270372023184
2654208.0,6.447026128570239,4.851337037980556,2654208.0,0.5512648386259874,0.5468149390692512,2654208.0,1.7245850985248883,1.6423794550821185
2666496.0,7.348382482926051,5.226513524601856,2666496.0,0.4259647059564789,0.5187429074818889,2666496.0,1.7433201981087525,1.6544235737373434
2678784.0,8.426902080575625,5.682121429592371,2678784.0,0.4377079652622342,0.5001112984493374,2678784.0,1.7437853900094826,1.6681124282379947
2691072.0,10.159206613898277,6.2823870425422985,2691072.0,0.4215614050626755,0.4904599703848362,2691072.0,1.7175714274247487,1.6802691739052533
2703360.0,12.496386915445328,7.110573024302721,2703360.0,0.4429352826749285,0.4782226854624847,2703360.0,1.7934347465634346,1.6969879334792495
2715648.0,15.311432580153147,8.17370283578833,2715648.0,0.4330606233949463,0.46798013073081773,2715648.0,1.8279978198309739,1.7207953525707125
2727936.0,20.188964774211247,9.710022452721992,2727936.0,0.42898647487163544,0.4594166230720778,2727936.0,1.7871620481212933,1.7377731279159587
2740224.0,27.795107165972393,11.97355635513862,2740224.0,0.43296791178484756,0.44654295633857444,2740224.0,1.7814309746026993,1.7484094763174653
2752512.0,20.406759321689606,13.460920051982004,2752512.0,0.43634683328370255,0.4451740249370535,2752512.0,1.7595724985003471,1.760368112226327
2764800.0,12.031394133965174,14.061156219740706,2764800.0,0.4962754917020599,0.45070715326194966,2764800.0,1.8727140873670578,1.7751574289053678
2777088.0,7.2691441377003985,14.143368020653725,2777088.0,0.44911348323027295,0.4404920177223781,2777088.0,1.8146761991083622,1.784166538963715
2789376.0,4.7707014208038645,13.885599914441505,2789376.0,0.4664070997387171,0.44453625710060196,2789376.0,1.8566233801345031,1.7954968571662904
2801664.0,3.4226854915420213,13.385178255538145,2801664.0,0.4816321150089304,0.4489286720752717,2801664.0,1.8829381788770359,1.8094121360530457
2813952.0,2.815730031579733,12.65083059730629,2813952.0,0.4609090055649479,0.45286343212549884,2813952.0,1.953896300246318,1.8330446233352025
2826240.0,2.32967189202706,11.634159094964465,2826240.0,0.4670444466173649,0.45527434851974247,2826240.0,1.9387914414207141,1.8475802928209304
2838528.0,1.9782009286185105,10.300835929810999,2838528.0,0.47938732523471117,0.459907018703719,2838528.0,1.9563060030341148,1.8604111111412447
2850816.0,1.7407816760241985,8.456017619992297,2850816.0,0.5052849883213639,0.4675368700486919,2850816.0,1.9273947303493817,1.8744343793640534
2863104.0,1.5565609813978274,5.832163001534839,2863104.0,0.4685197730238239,0.4710920561725895,2863104.0,1.9720119374493759,1.8934924756487213
2875392.0,1.436131816978256,3.9351002510637043,2875392.0,0.535723488467435,0.48102972169096275,2875392.0,1.9115593396127224,1.9086911597599587
2887680.0,1.352597389370203,2.867220576604207,2887680.0,0.48762772884219885,0.4801649454049766,2887680.0,2.044660152246555,1.9258857662479083
2899968.0,1.2152665723115206,2.2618328200653197,2899968.0,0.4995662070189913,0.4852102177838484,2899968.0,2.037976792703072,1.9482158256073796
2912256.0,1.0952626100430887,1.8942889389892419,2912256.0,0.47458496255179244,0.4860280040651559,2912256.0,2.1152323074638844,1.9740767183403176
2924544.0,1.0286866358170907,1.6548890534167486,2924544.0,0.5348237277939916,0.4913471653436621,2924544.0,2.054231781512499,1.9912060786038637
2936832.0,0.9567919547359148,1.468995245732367,2936832.0,0.5197470877319574,0.49723097356036305,2936832.0,2.073170095682144,2.0031334581474463
2949120.0,0.8877360261976719,1.3248016591494283,2949120.0,0.5474912039935589,0.5052756492979824,2949120.0,2.05669666826725,2.0149239808321
2961408.0,0.8552475919326147,1.2125063254808386,2961408.0,0.5728856235121688,0.5146254791257282,2961408.0,2.070719720174869,2.026365352546175
2973696.0,0.8187316556771597,1.1203013234461348,2973696.0,0.8545831857870022,0.549555298872292,2973696.0,2.1117654653886953,2.044802426050107
2985984.0,0.7652767896652222,1.0411729042728743,2985984.0,1.1280705860505502,0.6155103801749646,2985984.0,2.113857600837946,2.058986992388964
2998272.0,0.7595020355656743,0.9735099261316161,2998272.0,1.3995842607691884,0.70189645740514,2998272.0,2.1589502654969692,2.083726084977388
3010560.0,0.7479133773595095,0.9130415249305468,3010560.0,1.2172695472836494,0.7748606392492852,3010560.0,2.089540188511213,2.088214088603854
3022848.0,0.728993960035344,0.8644142637029291,3022848.0,0.825945295083026,0.8074985480556884,3022848.0,2.136986335118612,2.098115042845408
3035136.0,0.7611211246500412,0.8310001151636243,3035136.0,1.3074927131334941,0.8907893231138588,3035136.0,2.1935322334369025,2.10594503544271
3047424.0,0.7380518149584532,0.8019366330777604,3047424.0,0.9717572027196487,0.9344826706064244,3047424.0,2.2126709247628846,2.1217889497677485
3059712.0,0.7487779259681702,0.7811352302009861,3059712.0,1.0800481010228395,0.9905127719355127,3059712.0,2.141094430039326,2.128581383203467
3072000.0,0.744853583474954,0.7668469859287143,3072000.0,2.1733756431688867,1.1531012158530454,3072000.0,2.2163938842713833,2.14455110480388
3084288.0,0.7643274220948418,0.757754968944937,3084288.0,1.4653744517515104,1.2423500986769795,3084288.0,2.227281288554271,2.16020726164182
3096576.0,0.7780704163014889,0.75368884500737,3096576.0,4.85316642622153,1.6422084227204323,3096576.0,2.2364876195788383,2.172679477060835
3108864.0,0.7841878378142914,0.7555799498222768,3108864.0,2.0497158312549195,1.7343729472408693,3108864.0,2.3035498137275376,2.191648698349794
3121152.0,0.7883739291379849,0.7584671391795079,3121152.0,8.046237581099073,2.399038279273858,3121152.0,2.280802079786857,2.2038338797787826
3133440.0,0.819533875832955,0.7656291890268525,3133440.0,13.593216966837645,3.6366330212292572,3133440.0,2.309279840439558,2.2258078449716168
3145728.0,0.8653135461111864,0.7792611476344368,3145728.0,7.301623360564311,4.284200827777386,3145728.0,2.319304443895817,2.2440396558493374
3158016.0,0.8769054617732763,0.7908395813467602,3158016.0,14.363705451289812,5.589822101593017,3158016.0,2.3839987764755883,2.2630863101532066
3170304.0,0.906167301038901,0.807651129954805,3170304.0,20.320940237492323,7.524740405070284,3170304.0,2.36713524783651,2.278532742460569
3182592.0,0.9566610076775154,0.8284394381257396,3182592.0,47.25123567009965,12.141859161977965,3182592.0,2.411087858180205,2.305532085274657
3194880.0,0.9876945974926153,0.8527235395275057,3194880.0,105.29163815577824,22.4536854132389,3194880.0,2.464624556402365,2.330355152487755
3207168.0,1.0332888904958963,0.8796196863676112,3207168.0,125.03020334243774,34.810168302307524,3207168.0,2.4208677088220916,2.3497137945145368
3219456.0,1.0441276176522176,0.9062254065026838,3219456.0,152.32359298070273,49.55721095775565,3219456.0,2.4589255414903164,2.371957586705684
3231744.0,1.1165026742964983,0.9394568901509046,3231744.0,177.20945250988007,67.07318462561815,3231744.0,2.4706524275243282,2.3886678480853636
3244032.0,1.174734890460968,0.9780929862832031,3244032.0,187.92460266749063,85.06102113425732,3244032.0,2.4243913094202676,2.403026771048705
3256320.0,1.26946771889925,1.0230863705898325,3256320.0,205.26181149482727,104.22788058705628,3256320.0,2.4674460478127003,2.418843391786019
3268608.0,1.392964646841089,1.0758514806628228,3268608.0,186.8496687412262,122.18268512512245,3268608.0,2.4974346893529096,2.4366564163317284
3280896.0,1.469025446722905,1.1350634791577856,3280896.0,165.92316897710165,137.33863147770364,3280896.0,2.5767247465749583,2.4559290133416654
3293184.0,1.5181285242239635,1.1962596014762918,3293184.0,165.24708477656046,151.83124593161045,3293184.0,2.5641934126615524,2.4756348298241693
3305472.0,1.6464392778774102,1.2652374284962815,3305472.0,169.532102505366,164.05933261513712,3305472.0,2.630888544023037,2.4976148984084525
3317760.0,1.7645705975592136,1.3429250285029413,3317760.0,165.54551045099893,170.0847198446592,3317760.0,2.5539383379121623,2.5065462765594324
3330048.0,1.872988998889923,1.4268950393423439,3330048.0,155.7296982606252,173.15466933647792,3330048.0,2.5872160320480666,2.5231811088820293
3342336.0,2.0106907971203327,1.5235513572891553,3342336.0,153.33703891436258,173.2560139298439,3342336.0,2.5400575498739877,2.531294309720397
3354624.0,2.0652345083653927,1.618424540696045,3354624.0,160.61424024899802,171.5964927037557,3354624.0,2.582177453984817,2.542446812366446
3366912.0,2.1960762230058513,1.7205586739505327,3366912.0,168.31222399075827,169.63525483608242,3366912.0,2.631279525657495,2.5631356339901687
3379200.0,2.2737541434665522,1.8209873164072632,3379200.0,180.1048775513967,167.1195614417394,3379200.0,2.640918387720982,2.580482867980997
3391488.0,2.427644277612368,1.9244552794843912,3391488.0,191.58671053250632,167.59326562086738,3391488.0,2.6403821421166263,2.5947776132573686
3403776.0,2.4309009152154126,2.0206428263336425,3403776.0,205.50469064712524,171.55141778786975,3403776.0,2.6944211969772973,2.6065472582976024
3416064.0,2.6318293077250323,2.132012904683749,3416064.0,225.7458151181539,177.60129082202909,3416064.0,2.6284625281890235,2.6129741698503492
3428352.0,2.784307759255171,2.245799752821525,3428352.0,245.55963627497354,185.20404419898986,3428352.0,2.606851043800513,2.6105704198280972
3440640.0,2.827561809370915,2.3520988740026954,3440640.0,275.7343964576721,196.2229327996572,3440640.0,2.62383945658803,2.617560531695684
3452928.0,2.925396309544643,2.4573396050681673,3452928.0,309.5795672734578,211.60791970094047,3452928.0,2.6820076877872148,2.627039697269599
3465216.0,2.989789099742969,2.5552494353304303,3465216.0,346.74322001139325,230.94853781064353,3465216.0,2.7134322288135686,2.644377165163557
3477504.0,3.0560483733812966,2.6543308218320214,3477504.0,383.53320058186847,253.2404338439306,3477504.0,2.7477445863187313,2.660933878396948
3489792.0,3.0027725671728454,2.7350004562487205,3489792.0,440.4103733698527,280.45024878184,3489792.0,2.6955638291935125,2.6673623087505502
3502080.0,3.2024709433317184,2.827872136235237,3502080.0,494.9246778488159,311.9322288115819,3502080.0,2.711971820642551,2.674467652042707
3514368.0,3.2811771805087724,2.913225426524878,3514368.0,544.1284138361613,347.1863991419474,3514368.0,2.692472709963719,2.679676708827416
3526656.0,3.4139069293936095,3.0115260279426974,3526656.0,604.8071845372518,387.1166485309601,3526656.0,2.680362874021133,2.6782708765317995
3538944.0,3.3853079800804458,3.0868738951782384,3538944.0,665.1138480504354,431.05345182418824,3538944.0,2.7406376960376897,2.6894883933166662
3551232.0,3.553663969039917,3.1638095161567135,3551232.0,739.0757843653361,480.40506663322446,3551232.0,2.7803493067622185,2.7068382196128367
3563520.0,3.5552102774381638,3.236574362963438,3563520.0,816.1858558654785,534.4502125740051,3563520.0,2.726623274385929,2.7171166013926267
3575808.0,3.6031210273504257,3.304346834744017,3575808.0,857.057362874349,589.1979921340942,3575808.0,2.795040941486756,2.728419926762581
3588096.0,3.750176993509134,3.3803856241206334,3588096.0,900.083345413208,644.5320046742756,3588096.0,2.6963592966397605,2.7267126335452
3600384.0,3.858198367059231,3.460600623488426,3600384.0,979.9754549662272,704.1762301127117,3600384.0,2.721426673233509,2.7240808422366776
3612672.0,3.964787175258001,3.5568020842969417,3612672.0,1047.1413955688477,764.8493323326111,3612672.0,2.8018434271216393,2.7347088020294903
3624960.0,3.873295836150646,3.6238845735788345,3624960.0,1112.3551692962646,826.592381477356,3624960.0,2.729522561033567,2.7364638760685915
3637248.0,3.976427733898163,3.693409628917774,3637248.0,1228.961446126302,895.07568470637,3637248.0,2.750287330398957,2.7422453381121157
3649536.0,4.194743757446607,3.7714933117230736,3649536.0,1379.0048116048176,972.4954474131267,3649536.0,2.815232213586569,2.7557322720686597
3661824.0,4.193925082683563,3.852355021983385,3661824.0,1532.753704071045,1059.2594330151876,3661824.0,2.8236774876713753,2.764036251232028
3674112.0,4.329886220395565,3.92997724711895,3674112.0,1595.1180114746094,1144.8636557261148,3674112.0,2.837519522756338,2.76975327283144
3686400.0,4.333049344519774,4.0077611538271105,3686400.0,1617.3710772196453,1224.9821778615315,3686400.0,2.9704115986824036,2.7941321052610872
3698688.0,4.467041589319706,4.0941532100240385,3698688.0,1622.878714243571,1301.5643129984535,3698688.0,2.9313335344195366,2.8077613645543655
3710976.0,4.415244388083617,4.160659949481487,3710976.0,1608.803949991862,1372.436373456319,3710976.0,2.927362641940514,2.830861699084441
3723264.0,4.6103581835826235,4.235875931133826,3723264.0,1558.8002675374348,1430.31885471344,3723264.0,2.984113303323587,2.8571303620934487
3735552.0,4.825329348444939,4.321930148452521,3735552.0,1533.9338671366374,1478.9981018702188,3735552.0,3.071164693683386,2.884062488749623
3747840.0,4.854814067482948,4.42008197158575,3747840.0,1440.9352582295735,1511.8561107635499,3747840.0,2.9785367362201214,2.9089639062682786
3760128.0,4.876971676945686,4.510136365890503,3760128.0,1398.7408987681072,1528.8340560277304,3760128.0,3.06033394113183,2.939968567341566
3772416.0,4.917309497793515,4.582392939925194,3772416.0,1393.062089284261,1530.2397837956746,3772416.0,3.1611459453900657,2.9745599405219156
3784704.0,4.9065659667054815,4.653657028327386,3784704.0,1363.5197289784749,1513.3163862864178,3784704.0,3.025698902706305,2.994762082025409
3796992.0,4.987476175030072,4.719416023790837,3796992.0,1372.5021890004475,1491.0548040390017,3796992.0,3.0409658712645373,3.015106716876229
3809280.0,5.030679720143477,4.789179061353207,3809280.0,1365.9558118184407,1465.9132774988811,3809280.0,3.146793644875288,3.032744921495517
3821568.0,5.130600653588772,4.8555349677801125,3821568.0,1416.0666116078694,1445.232067235311,3821568.0,3.126003830383221,3.052211951091886
3833856.0,5.113860132793586,4.925396542251109,3833856.0,1435.503562927246,1427.9020285288493,3833856.0,3.208050308128198,3.080280717710654
3846144.0,5.238019374509652,4.988162661343813,3846144.0,1494.9615414937336,1421.518155924479,3846144.0,3.11029435445865,3.09289882282416
3858432.0,5.2252742151419325,5.028157148013513,3858432.0,1545.7214482625325,1422.6969140370688,3858432.0,3.204430444786946,3.1062253979345167
3870720.0,5.368250072002411,5.079500748465458,3870720.0,1559.6743412017822,1434.5708223342895,3870720.0,3.167934206624826,3.1251651449749867
3883008.0,5.474316547314326,5.139235235502323,3883008.0,1580.4577395121257,1452.7425064086913,3883008.0,3.155163202434778,3.1346480711052815
3895296.0,5.2986137469609575,5.177365660419067,3895296.0,1599.4555231730144,1473.3818497975667,3895296.0,3.3832057068745294,3.156854047253728
3907584.0,5.399114109575748,5.226620474706094,3907584.0,1630.9123929341633,1500.1211161931355,3907584.0,3.3231661543250084,3.1866007724155985
3919872.0,5.569142458339532,5.28478710303704,3919872.0,1627.6510378519695,1525.6360010782878,3919872.0,3.321689061820507,3.2146730914711954
3932160.0,5.816905185580254,5.363409649580718,3932160.0,1649.3601341247559,1553.9764333089192,3932160.0,3.422362834215164,3.2422300104051827
3944448.0,6.141393353541692,5.464488919576009,3944448.0,1660.9612770080566,1578.465899848938,3944448.0,3.401219549278418,3.2697515822947025
3956736.0,6.258563498655955,5.578959256162245,3956736.0,1734.0127118428547,1608.316814740499,3956736.0,3.4514481549461684,3.2940913669764997
3969024.0,6.336049236357212,5.688762242347002,3969024.0,1785.6748441060383,1637.3881450017293,3969024.0,3.4036127030849457,3.323423201839129
3981312.0,6.616546149055163,5.827889435738324,3981312.0,1801.9200083414714,1663.0080010096233,3981312.0,3.4592188000679016,3.3489020373672247
3993600.0,6.952578201889992,5.986322248727083,3993600.0,1545.0660781860352,1661.5471747080483,3993600.0,3.503689835468928,3.3824776002516344
4005888.0,7.133142796655496,6.1522048736612,4005888.0,1195.3051300048828,1623.0319137573242,4005888.0,3.4437322368224463,3.4113345036904015
4018176.0,7.359723324577014,6.358315831422805,4018176.0,919.3713811238607,1555.023499552409,4018176.0,3.5404300590356192,3.42705693890651
4030464.0,7.210390955209732,6.539443515986204,4030464.0,703.0364599227905,1462.2359062512717,4030464.0,3.6761114075779915,3.4623514642318085
4042752.0,7.326703677574794,6.715199637909731,4042752.0,534.2350832621256,1352.8943107922871,4042752.0,3.6529950027664504,3.4954820583264032
4055040.0,7.679306914409001,6.901439810792605,4055040.0,407.45639006296796,1228.7039363861084,4055040.0,3.5578235015273094,3.5090281250576183
4067328.0,7.666932289799054,7.053993704418342,4067328.0,311.36807521184284,1093.744616206487,4067328.0,3.6239525452256203,3.531301424652338
4079616.0,7.861356074611346,7.214272962013881,4079616.0,230.9381243387858,943.4371574560803,4079616.0,3.788092335065206,3.564965842664242
4091904.0,8.07942264775435,7.3886103031535955,4091904.0,172.68539571762085,782.1382126172383,4091904.0,3.7463069036602974,3.599235262721777
4104192.0,8.558077911535898,7.5827634794016685,4104192.0,128.62492632865906,614.8087044159572,4104192.0,3.9068483064572015,3.6439982133607067
4116480.0,9.016184091567993,7.789124068369469,4116480.0,95.86160635948181,469.8882572333017,4116480.0,4.0526823078592615,3.6988974605997407
4128768.0,9.426018451650938,8.018411633869011,4128768.0,73.7918637196223,357.73693060477575,4128768.0,4.1212803175052,3.766652268668016
4141056.0,9.571228752533594,8.239562176664672,4141056.0,54.15209893385569,271.21500238577516,4141056.0,4.2092263375719385,3.833531896521648
4153344.0,10.409706130623817,8.559493694206079,4153344.0,40.32461245854696,204.9438176393509,4153344.0,4.318172579010327,3.897738013664882
4165632.0,11.27088318268458,8.953911644717056,4165632.0,33.53985480467478,154.8742947936058,4165632.0,4.494539218644301,3.9818924352526666
4177920.0,11.92541940510273,9.37852289378643,4177920.0,27.839175939559937,116.91257338126502,4177920.0,4.275489464402199,4.053659031540155
4190208.0,12.932777434587479,9.905107408265271,4190208.0,27.717916468779247,88.54755750695864,4190208.0,4.298184697826703,4.121082246800264
4202496.0,14.962597022453943,10.615231503049532,4202496.0,28.453600188096363,68.2991050918897,4202496.0,4.530613707999389,4.195334384093682
4214784.0,17.835708647966385,11.590860103070735,4214784.0,25.78399384021759,53.608964904149374,4214784.0,4.617571532726288,4.282460847000281
4227072.0,20.305337568124134,12.765586068729558,4227072.0,26.905652344226837,43.43703750570616,4227072.0,4.648145653307438,4.356590581685305
4239360.0,26.226280132929485,14.486595672865707,4239360.0,23.89475228389104,36.24035209814708,4239360.0,4.6841059649984045,4.419732947399218
4251648.0,32.80380356311798,16.824374184012413,4251648.0,28.25491676727931,31.686657402912772,4251648.0,4.730568175514539,4.480661733200153
4263936.0,21.94594744841258,18.06184605360031,4263936.0,25.05370459953944,28.77681796948115,4263936.0,4.895788838466008,4.54931798328956
4276224.0,13.233190511663755,18.344194491704304,4276224.0,26.60001726945241,27.404358450571692,4276224.0,5.034415885806084,4.620942313969136
4288512.0,7.790290738145511,17.9961352472504,4288512.0,28.09381526708603,26.85975449681282,4288512.0,5.0515243882934255,4.676640830934048
4300800.0,5.042907846470674,17.307884091387194,4300800.0,26.215914130210876,26.697428315877914,4300800.0,5.041266682247321,4.753218552718559
4313088.0,3.7694818899035454,16.391554536918797,4313088.0,30.451240102450054,26.970760679244997,4313088.0,5.127819394071897,4.836182022343079
4325376.0,3.047765420128902,15.200071376686296,4325376.0,29.89072984457016,27.11447364489237,4325376.0,5.206419683992863,4.903762619942427
4337664.0,2.6075969201823077,13.677260203907888,4337664.0,33.320417960484825,27.8681160569191,4337664.0,5.296515790124734,4.971657045682272
4349952.0,2.2896254658699036,11.875688993682463,4349952.0,34.08151159683863,28.58570198218028,4349952.0,5.365418955683708,5.043384375919898
4362240.0,2.041538288195928,9.457214809209109,4362240.0,36.95691595474879,29.891918349266053,4362240.0,5.710648035009702,5.146038582921029
4374528.0,1.8770872838795185,6.364543181285263,4374528.0,37.502882639567055,30.816714936494833,4374528.0,6.038870515922706,5.276868816961844
4386816.0,1.7391603738069534,4.343864473824699,4386816.0,40.35652645428976,32.346997121969856,4386816.0,6.426210944851239,5.429911027600367
4399104.0,1.659227196748058,3.1864681423331307,4399104.0,43.2292003830274,34.00991543332735,4399104.0,6.859663342436154,5.612435773263376
4411392.0,1.5900764403243859,2.5664467125510178,4411392.0,43.80531909068426,35.581065815687175,4411392.0,7.198108737667401,5.827094208200773
4423680.0,1.4956256467849016,2.2117184925824405,4423680.0,49.9882478316625,37.95829918583234,4423680.0,8.108787566423416,6.1338462966183815
4435968.0,1.4508808199316263,1.9798583855852485,4435968.0,50.38363734881083,39.95153891046842,4435968.0,8.417913953463236,6.462855752557516
4448256.0,1.3958519864827394,1.8146670422206324,4448256.0,55.205799301465355,42.483045856157936,4448256.0,9.400398517648378,6.882253635923067
4460544.0,1.3755996860563755,1.6914673188080394,4460544.0,56.398447593053184,44.79084881941477,4460544.0,10.59393985569477,7.4119960424800695
4472832.0,1.3205459925035636,1.5945593714714048,4472832.0,61.179794232050575,47.50067708293597,4472832.0,11.860679373145103,8.06152208422621
4485120.0,1.3066715703656275,1.521072699688375,4485120.0,63.987436413764954,50.203729128837594,4485120.0,12.672029465436935,8.757660227268934
4497408.0,1.2954203051825364,1.462906001818677,4497408.0,69.84631458918254,53.43807232379913,4497408.0,11.87159413099289,9.340932588775953
4509696.0,1.2603106138606865,1.4150210258240503,4509696.0,74.76537962754567,56.87895764112473,4509696.0,10.874659990270933,9.785777493317921
4521984.0,1.2549869536111753,1.374597001510362,4521984.0,80.56093951066335,60.61213155388833,4521984.0,9.31072902182738,10.030884061257044
4534272.0,1.276631663242976,1.3432525238022206,4534272.0,85.72212139765422,64.8038117845853,4534272.0,8.81474998096625,10.19254818558693
4546560.0,1.3046580056349437,1.3241557596872249,4546560.0,92.05961672465007,69.01094867388407,4546560.0,7.7225364198287325,10.15392307092746
4558848.0,1.3343882660071056,1.3125065042947728,4558848.0,96.76255003611247,73.64883994261422,4558848.0,7.075103998184204,10.019642075399558
4571136.0,1.330726799244682,1.3059939855709672,4571136.0,101.63975302378337,78.29223531484604,4571136.0,6.705273225903511,9.750129546225072
4583424.0,1.3558728353430827,1.3040213004996377,4583424.0,107.28199911117554,83.38059046665828,4583424.0,6.381517991423607,9.328887359797955
4595712.0,1.4045587331056595,1.3124225745598475,4595712.0,118.86172882715861,89.14878392616907,4595712.0,6.163803671797116,8.759199789663155
4608000.0,1.4635754693299532,1.3281129644562801,4608000.0,131.21539942423502,95.87158022721607,4608000.0,6.081033557653427,8.100100198884805
4620288.0,1.5133795378108819,1.3499088877191148,4620288.0,142.17461387316385,103.1044101556142,4620288.0,6.113712469736735,7.524312032759189
4632576.0,1.5665256573508184,1.380530392068128,4632576.0,149.10569262504578,110.53844145536422,4632576.0,6.309711053967476,7.067817139128844
4644864.0,1.6998054993649323,1.4250122466435033,4644864.0,157.39960638682047,118.22230814297995,4644864.0,6.457244132955869,6.782468650241692
4657152.0,1.81865718588233,1.4792147989074391,4657152.0,164.26978850364685,126.0770748535792,4657152.0,6.573041019340356,6.558297754079104
4669440.0,1.9162126009662945,1.540370258440574,4669440.0,171.6681091785431,134.03792409896852,4669440.0,6.614296833674113,6.447473795463641
4681728.0,2.0780402794480324,1.6147354597846664,4681728.0,177.63812470436096,142.12548156579334,4681728.0,6.699324267605941,6.409895822405815
4694016.0,2.168311320245266,1.698493911884725,4694016.0,183.25216555595398,150.2867228190104,4694016.0,6.480283071597417,6.387396806975206
4706304.0,2.365992449223995,1.7995058732728162,4706304.0,184.2729026476542,157.98581317265828,4706304.0,6.672547101974487,6.416499718030295
4718592.0,2.579784625520309,1.9170284625142808,4718592.0,186.9937882423401,164.79901911417645,4718592.0,6.611860704918702,6.461305421342452
4730880.0,2.7531162165105343,2.045982537232339,4730880.0,191.01091957092285,170.77857112884521,4730880.0,6.590729497373104,6.512275015314421
4743168.0,2.88637542227904,2.1832821256791552,4743168.0,196.11523977915445,176.17263371944426,4743168.0,6.890598381559054,6.589963606496651
4755456.0,3.0133922174572945,2.327968781689803,4755456.0,194.50199015935263,180.71226347287495,4755456.0,7.040064747134845,6.662998975813389
4767744.0,3.11459968239069,2.4694481999923785,4767744.0,197.3252590497335,184.70482873916623,4767744.0,7.0014651765426,6.717421080172062
4780032.0,3.2739620183904967,2.614978683243195,4780032.0,200.00256172815958,188.2781060616175,4780032.0,7.02265236278375,6.762382214516402
4792320.0,3.314754714568456,2.7548328946034113,4792320.0,202.2045318285624,191.33174832661948,4792320.0,6.901867950956027,6.7911393262445925
4804608.0,3.540142707526684,2.9010431374112766,4804608.0,207.1557609240214,194.2835119485855,4804608.0,6.998187626401584,6.821025662124157
4816896.0,3.6175559535622597,3.045967600742976,4816896.0,204.98218568166098,196.4565139611562,4816896.0,6.997643892963727,6.872761744260788
4829184.0,3.744789029161135,3.18384725873669,4829184.0,209.3954995473226,198.96877365112303,4829184.0,7.087218175331752,6.914228851596515
4841472.0,3.9469815269112587,3.320566948875785,4841472.0,216.08115800221762,201.87751062711078,4841472.0,7.185000772277514,6.971542858332396
4853760.0,4.032574472328027,3.4485127744575346,4853760.0,214.77318668365479,204.25373733838398,4853760.0,7.201369106769562,7.032606819272042
4866048.0,3.972277492284775,3.557102981458108,4866048.0,215.50342575709024,206.1925559361776,4866048.0,7.389996707439423,7.0825466518600795
4878336.0,4.2011685619751615,3.6758806159098945,4878336.0,215.87779076894125,208.33013599713644,4878336.0,7.414810806512833,7.120021257797878
4890624.0,4.194711407025655,3.7838917883733907,4890624.0,222.1696802775065,210.81457811991373,4890624.0,7.138912548621495,7.133765995005767
4902912.0,4.289360644916694,3.8854316510260105,4902912.0,225.51037375132242,213.36535932223006,4902912.0,7.282686149080594,7.15976937363545
4915200.0,4.306792847812176,3.984635464350382,4915200.0,224.2493805885315,215.56984419822692,4915200.0,7.360600729783376,7.205642651518185
4927488.0,4.4251167848706245,4.073132872084777,4927488.0,231.51111602783203,218.00537970860796,4927488.0,7.46216859916846,7.252040748794873
4939776.0,4.491451491912206,4.160522425919771,4939776.0,230.72146463394165,220.57930760383607,4939776.0,7.4972826937834425,7.302004628876846
4952064.0,4.711890871326129,4.2572326101362705,4952064.0,235.90790764490762,223.23054841359453,4952064.0,7.435336420933406,7.336816453437011
4964352.0,4.682825207710266,4.330816978216171,4964352.0,230.5871785481771,224.68115046819054,4964352.0,7.657623867193858,7.384078762928645
4976640.0,4.8242698435982065,4.40998651534319,4976640.0,234.14861408869425,226.61869320869445,4976640.0,7.871245448788007,7.451066397130489
4988928.0,4.886603027582169,4.501419068872929,4988928.0,233.7099781036377,228.43934844334916,4988928.0,7.812265187501907,7.493293245136738
5001216.0,4.91323551038901,4.572625763714313,5001216.0,234.7910850842794,230.33067787488304,5001216.0,7.9641121824582415,7.548223382731278
5013504.0,4.953394241631031,4.648494047174851,5013504.0,234.04070711135864,231.5177805582682,5013504.0,8.138525565465292,7.648184684415658
5025792.0,5.061343374351661,4.725692320118347,5025792.0,233.57387971878052,232.32413115501404,5025792.0,8.420185655355453,7.761934635043144
5038080.0,5.105420793096225,4.805555114646753,5038080.0,234.5081361134847,233.35000670750938,5038080.0,8.594977299372355,7.885372292002043
5050368.0,5.173803935448329,4.880423829704523,5050368.0,233.9721975326538,233.59611485799155,5050368.0,8.373350689808527,7.97649050106605
5062656.0,5.256385477880637,4.956917228301366,5062656.0,233.6986028353373,233.89382867813111,5062656.0,8.35760742922624,8.062522974610328
5074944.0,5.317513977487882,5.0174795389175415,5074944.0,233.16600624720255,233.6196385383606,5074944.0,8.285482595364252,8.147537592053414
5087232.0,5.4011036058266955,5.089307378729186,5087232.0,232.042267481486,233.76514743169145,5087232.0,8.190225511789322,8.200797756512959
5099520.0,5.480460410316785,5.154926435401043,5099520.0,235.37101666132608,233.88738768895465,5099520.0,8.259256228804588,8.239598834514618
5111808.0,5.321397500733535,5.1984058827161785,5111808.0,236.68930180867514,234.18532005945843,5111808.0,8.797727212309837,8.33814503699541
5124096.0,5.583058940867583,5.265388225764036,5124096.0,236.34851710001627,234.3410632610321,5124096.0,8.935146232446035,8.43524844199419
5136384.0,5.618899092078209,5.331938710808753,5136384.0,236.60502465566,234.59749501546224,5136384.0,9.083872069915136,8.529783092439173
5148672.0,5.788787558674812,5.40468312924107,5148672.0,236.3850704828898,234.87861409187317,5148672.0,9.488264302412668,8.636590957144895
5160960.0,5.893268890678883,5.483467938999335,5160960.0,236.87299585342407,235.1151000658671,5160960.0,9.547496244311333,8.731842851638795
5173248.0,5.908861453334491,5.556973690787951,5173248.0,240.07985512415567,235.72586582501725,5173248.0,9.73839365442594,8.868347148100536
5185536.0,6.039432575305303,5.635278400530417,5185536.0,245.0656100908915,236.8625665505727,5185536.0,9.755553543567657,9.008141759534677
5197824.0,6.0076406598091125,5.704291068762542,5197824.0,245.66597493489584,238.11256341934205,5197824.0,10.324576611320177,9.21205116113027
5210112.0,5.84000975638628,5.748181683818499,5210112.0,243.68833875656128,239.2771705468496,5210112.0,10.24268480638663,9.41729709059
5222400.0,6.230679601430893,5.82320360292991,5222400.0,246.5132943789164,240.39139831860857,5222400.0,10.699171135822931,9.661288581291837
5234688.0,6.36598285784324,5.927662138640882,5234688.0,246.62595383326212,241.38506352106728,5234688.0,11.130238379041353,9.894539697964987
5246976.0,6.437694648901622,6.013125709444284,5246976.0,251.6335906982422,242.9135708808899,5246976.0,11.487905159592628,10.149815590679648
5259264.0,6.722113107641538,6.123447111000617,5259264.0,252.03902832667032,244.45697124799094,5259264.0,12.246873135368029,10.466115697224934
5271552.0,6.722591881950696,6.216827543328206,5271552.0,257.1247703234355,246.53094123204545,5271552.0,12.231498643755913,10.74043913135926
5283840.0,7.156034916639328,6.34310414592425,5283840.0,254.12561480204263,248.25620312690734,5283840.0,12.475740805268288,11.033263587454956
5296128.0,7.1422997415065765,6.466447974741459,5296128.0,256.0695350964864,249.8551711241404,5296128.0,13.612949242194494,11.420719146231809
5308416.0,7.474854558706284,6.609990173081556,5308416.0,261.03772672017413,251.4523827870687,5308416.0,14.888276755809784,11.933991467456021
5320704.0,7.7262000640233355,6.781846113502979,5320704.0,259.4508325258891,252.830868546168,5320704.0,15.7893978257974,12.480473588903745
5332992.0,8.278717110554377,7.02571684891979,5332992.0,266.99089845021564,255.16112451553346,5332992.0,17.481069147586823,13.204312023023766
5345280.0,8.341540281971296,7.236802916973829,5345280.0,263.0227475166321,256.812069829305,5345280.0,19.50895580649376,14.085290490090847
5357568.0,8.548086032271385,7.455013234416643,5357568.0,265.5579131444295,258.70526576042175,5357568.0,22.454046567281086,15.217671308914822
5369856.0,8.768864929676056,7.688130262494087,5369856.0,267.1422430674235,260.2561309973399,5369856.0,24.880842874447506,16.55696508040031
5382144.0,8.852051715056101,7.901124123235545,5382144.0,262.67238664627075,261.31946682929987,5382144.0,29.592349847157795,18.291512751579283
5394432.0,9.39030330379804,8.167895265420277,5394432.0,263.39079364140827,261.94606916109717,5394432.0,33.18597193559011,20.38696008076271
5406720.0,9.57349000374476,8.409640774130821,5406720.0,265.62112696965534,263.0956203778585,5406720.0,41.57649711767832,23.29703571200371
5419008.0,9.921384662389755,8.68754926621914,5419008.0,268.3215109507243,264.32081796328225,5419008.0,48.67590047915777,26.803330835700034
5431296.0,9.927880187829336,8.932851829131444,5431296.0,268.50897693634033,265.0679429848989,5431296.0,30.389845589796703,28.35348771909873
5443584.0,9.802826727430025,9.140514495472113,5443584.0,268.45799589157104,265.96865932146704,5443584.0,17.743811815977097,28.5489291181167
5455872.0,10.030182013909021,9.315660985807579,5455872.0,267.2475206057231,265.9943215370178,5455872.0,11.80864967405796,27.98168717076381
5468160.0,9.923933630188307,9.473900320629278,5468160.0,270.38137276967365,266.73018406232194,5468160.0,9.11405211687088,26.942196801801526
5480448.0,10.299583305915197,9.64905004799366,5480448.0,272.07799768447876,267.38219251632694,5480448.0,8.03108715514342,25.499900860587754
5492736.0,10.786207472284636,9.850784302254516,5492736.0,274.765996615092,268.1445678710937,5492736.0,7.299365133047104,23.74175308644772
5505024.0,11.05595675110817,10.071174805859725,5505024.0,276.5154128074646,269.5288704872131,5505024.0,7.160148814320564,21.49853298316399
5517312.0,11.366248071193695,10.26876928259929,5517312.0,278.79428068796796,271.06921919186914,5517312.0,6.8535517652829485,18.86529096613328
5529600.0,11.788523664077124,10.490272648632526,5529600.0,286.75566879908246,273.18267337481177,5529600.0,6.30875118325154,15.338516372690597
5541888.0,12.733962332208952,10.771530415614446,5541888.0,291.5676124890645,275.50728352864587,5541888.0,5.776199688514073,11.048546293626229
5554176.0,13.550537218650183,11.13379611869653,5554176.0,295.90006081263226,278.246391916275,5554176.0,5.335162582496802,8.543077992896238
5566464.0,13.832476258277893,11.536761071781317,5566464.0,302.43344322840375,281.6439366499583,5566464.0,4.968076532085736,7.265504464507103
5578752.0,15.080453664064407,12.041788236796856,5578752.0,307.0014163653056,285.61932622591655,5578752.0,4.917942439516385,6.576433741052945
5591040.0,15.738228648900986,12.623217738668124,5591040.0,311.2194013595581,289.703129084905,5591040.0,5.04301452388366,6.169329981754224
5603328.0,16.473972727855045,13.240656680862111,5603328.0,317.7858772277832,294.27391703923547,5603328.0,5.429101713001728,5.909131437540054
5615616.0,17.010325610637665,13.86306849469741,5615616.0,320.4582573572795,298.8431431134542,5615616.0,6.110205344855785,5.7902154587209225
5627904.0,18.03742543856303,14.561215363442898,5627904.0,322.204514503479,303.4120532830556,5627904.0,6.7899065762758255,5.753191234916448
5640192.0,18.56952557961146,15.281543114284673,5640192.0,333.64735651016235,308.8973608652751,5640192.0,7.819818834463756,5.849817941834528
5652480.0,19.649398406346638,16.067630588511626,5652480.0,334.2504005432129,313.6468340396881,5652480.0,9.161133309205374,6.135056154429913
5664768.0,21.08658343553543,16.902892698844276,5664768.0,340.3572203318278,318.5257948239645,5664768.0,11.4672432889541,6.704160514473915
5677056.0,22.765084366003673,17.824347413579623,5677056.0,336.96244764328003,322.6320335070292,5677056.0,14.735740631818771,7.644218319406113
5689344.0,24.91641891996066,18.9327416797479,5689344.0,341.8728273709615,326.57597192128503,5689344.0,20.81219694018364,9.228630360215902
5701632.0,26.627550661563873,20.087451379497846,5701632.0,340.04660669962567,329.880490954717,5701632.0,18.104492992162704,10.547285415480534
5713920.0,30.298733313878376,21.543501845995586,5713920.0,339.69273805618286,332.7278246243795,5713920.0,12.777938415606817,11.32077780465285
5726208.0,34.35893303155899,23.331997876365982,5726208.0,339.0999558766683,334.85923248926804,5726208.0,9.261909872293472,11.704058620582025
5738496.0,37.99261438846588,25.430226754148798,5738496.0,330.8493282000224,335.89833957354233,5738496.0,7.37466246386369,11.830504332482816
5750784.0,45.02140643199285,28.128624853491782,5750784.0,322.2663947741191,335.90452760060623,5750784.0,6.592608506480853,11.810774525503318
5763072.0,27.315893709659576,29.00326166649659,5763072.0,306.11455424626666,333.1512473742167,5763072.0,5.889043512443702,11.617696993301314
5775360.0,14.06622072060903,28.444943897922833,5775360.0,293.75722487767536,329.10192980766294,5775360.0,5.509687160452207,11.252552378425998
5787648.0,7.5384641289711,27.090131967266398,5787648.0,292.2552482287089,324.2917325973511,5787648.0,5.432179552813371,10.649046004811922
5799936.0,4.637399924298127,25.27736352309585,5799936.0,280.4558955828349,318.6410773913065,5799936.0,5.545931721727054,9.730065113802752
5812224.0,3.2730127349495888,23.11302290459474,5812224.0,280.3854422569275,312.4923388799032,5812224.0,5.5059298525253935,8.199438405036927
5824512.0,2.5260177242259183,20.702869610860947,5824512.0,278.18606090545654,306.30628430048625,5824512.0,5.852220639586449,6.9742111697793
5836800.0,2.042071142544349,17.87720339372754,5836800.0,282.04873275756836,300.54188377062485,5836800.0,6.06638106952111,6.303055435170729
5849088.0,1.710214930276076,14.612331583599252,5849088.0,281.6724328994751,294.7991314729055,5849088.0,6.193836246927579,5.996248072634141
5861376.0,1.512184056142966,10.96428855036696,5861376.0,279.03995005289715,289.618193658193,5861376.0,6.1391789217789965,5.872699718425672
5873664.0,1.3856594810883205,6.6007138552765054,5873664.0,279.4995665550232,285.34151083628336,5873664.0,6.213378856579463,5.834776753435532
5885952.0,1.3267212907473247,4.001796613385279,5885952.0,311.74373547236127,285.9044289588928,5885952.0,6.320877226690452,5.877960124860207
5898240.0,1.2985535350938637,2.7250298948337637,5898240.0,335.090185324351,290.03772500356035,5898240.0,6.456682483355205,5.972659657150507
5910528.0,1.272324592495958,2.098415941186249,5910528.0,343.45081345240277,295.15728152592976,5910528.0,6.299555925031503,6.05939729437232
5922816.0,1.2205309042086203,1.7567290391772985,5922816.0,342.26198561986286,301.33789052963255,5922816.0,6.262031654516856,6.1310072876513
5935104.0,1.204256818940242,1.5498534475763641,5935104.0,357.44876114527386,309.04422241846726,5935104.0,6.383833748598893,6.218797677258651
5947392.0,1.249235574156046,1.4221752325693768,5947392.0,371.8772185643514,318.4133381843567,5947392.0,6.3929655974109965,6.272872173041106
5959680.0,1.3029838340977828,1.3482665017247197,5959680.0,378.69522444407147,328.077987353007,5959680.0,6.387985805670421,6.305032646656036
5971968.0,1.3358452481528122,1.3108295335123938,5971968.0,384.4842408498128,338.3591681480408,5971968.0,6.512303253014882,6.336879347264767
5984256.0,1.413495445003112,1.3009606723984084,5984256.0,391.91387780507404,349.6465609232585,5984256.0,6.246092073619366,6.347570662448804
5996544.0,1.4970019198954105,1.3120949162791171,5996544.0,384.7508188883464,360.1716861565908,5996544.0,6.524937304357688,6.3787265072266255
6008832.0,1.5346591112514336,1.3328886983295283,6008832.0,382.6881523132324,367.2661278406779,6008832.0,6.7189458558956785,6.418533370147148
6021120.0,1.6616980185111363,1.3692031466712555,6021120.0,391.5204963684082,372.9091589450836,6021120.0,6.916111548741658,6.464476276685794
6033408.0,1.8162683124343555,1.4235975186650953,6033408.0,392.262895266215,377.79036712646484,6033408.0,6.886498654882113,6.523170549670856
6045696.0,1.9785403336087863,1.4993984616051115,6045696.0,390.6159502665202,382.6257635911305,6045696.0,7.222718904415767,6.619239274660745
6057984.0,2.2509637499849,1.6040691547095776,6057984.0,386.19059658050537,385.4999471346537,6057984.0,7.400406618913014,6.720896561692159
6070272.0,2.521888845910629,1.7313344818850358,6070272.0,394.36334133148193,387.7485594113668,6070272.0,7.2849568376938505,6.8100956857204435
6082560.0,2.8059872488180795,1.8816348233570654,6082560.0,401.91753641764325,390.070790608724,6082560.0,7.151710778474808,6.886468183000882
6094848.0,3.1681593619287014,2.0648662347346542,6094848.0,405.61654631296796,392.18402115503943,6094848.0,7.602380037307739,6.995475861430168
6107136.0,3.5157515232761702,2.27509184256196,6107136.0,408.1185309092204,393.8044864654541,6107136.0,7.645727922519048,7.135439446320136
6119424.0,4.010155936082204,2.526407244180639,6119424.0,405.6237538655599,395.8917799631755,6119424.0,7.696484138568242,7.252594129741192
6131712.0,4.59818293650945,2.832759626706441,6131712.0,409.1655149459839,398.53951622645064,6131712.0,7.704128538568814,7.351112398008505
6144000.0,4.8753669907649355,3.154126523931821,6144000.0,406.5553019841512,400.04299678802494,6144000.0,8.094189152121544,7.468920158346494
6156288.0,5.284524855514367,3.5009521782398223,6156288.0,406.508363087972,401.46754357020063,6156288.0,8.179029911756516,7.598173284033935
6168576.0,5.783716258903344,3.8814697707692787,6168576.0,412.1961793899536,403.625566482544,6168576.0,8.330466990669569,7.708948092659314
6180864.0,6.231634030739467,4.279536798844735,6180864.0,410.9711497624715,406.1036218007406,6180864.0,8.385153224070867,7.807422753175099
6193152.0,6.796576050420602,4.707005519295732,6193152.0,409.1086966196696,407.5781573295593,6193152.0,8.67687294880549,7.9466143642862646
6205440.0,7.120901862780253,5.138496980691949,6205440.0,411.0664253234863,408.4930462201436,6205440.0,8.69586523870627,8.101029810309411
6217728.0,8.109944154818853,5.632675459980964,6217728.0,405.86826197306317,408.5182177861531,6217728.0,9.345673089226088,8.275359115501246
6230016.0,8.42919148504734,6.124019456158082,6230016.0,395.78809452056885,407.285174147288,6230016.0,9.416381945212683,8.452424517770606
6242304.0,9.032322575648626,6.626236120114723,6242304.0,399.7411518096924,406.6969139417012,6242304.0,9.551951467990875,8.637971250712871
6254592.0,9.550012042125067,7.121419030676286,6254592.0,399.248249689738,405.7051874160767,6254592.0,10.107336302598318,8.878292027115823
6266880.0,10.165202428897222,7.650402574489513,6266880.0,399.2867310841878,404.9783303260803,6266880.0,10.067307313283285,9.075603843231995
6279168.0,10.920699054996172,8.214019994437695,6279168.0,394.5374396642049,403.78123798370365,6279168.0,10.390003328522047,9.296701184908548
6291456.0,12.10480991502603,8.846129360049963,6291456.0,398.91300201416016,402.45292024612434,6291456.0,10.915070652961731,9.555161551137765
6303744.0,13.169475267330805,9.539913483709096,6303744.0,399.54959869384766,401.3107651392619,6303744.0,10.798148294289907,9.796461058159668
6316032.0,15.338908185561499,10.394146697223187,6316032.0,399.57470575968426,400.3573660532633,6316032.0,11.293956264853477,10.058169389764469
6328320.0,16.499089419841766,11.331965452929337,6328320.0,407.4307231903076,399.99379583994545,6328320.0,11.323262264331182,10.320909092326959
6340608.0,20.49094905455907,12.570065942903359,6340608.0,405.1928933461507,399.92625897725424,6340608.0,11.562288582324982,10.542570641636848
6352896.0,24.07788536945979,14.134935331344604,6352896.0,404.34569613138837,400.7820191383362,6352896.0,12.16665005683899,10.817597452799479
6365184.0,29.38929186264674,16.170632260044414,6365184.0,402.2566776275635,401.03357172012323,6365184.0,12.189031635721525,11.081305469572545
6377472.0,20.001036604245503,17.21573471625646,6377472.0,406.4728778203328,401.75603453318274,6377472.0,12.70513012011846,11.341084851324558
6389760.0,12.194666142265001,17.418681087593235,6389760.0,397.06147384643555,401.5335088094076,6389760.0,13.025198310613632,11.636873951057593
6402048.0,7.968464593092601,17.12345764140288,6402048.0,384.9282229741414,400.5725871404012,6402048.0,13.37548931936423,11.935422550141812
6414336.0,5.786283825834592,16.49160503248374,6414336.0,383.7708733876546,399.05837427775066,6414336.0,13.65870494643847,12.209785979489487
6426624.0,4.366086430847645,15.611266148835423,6426624.0,377.9866221745809,396.90207662582395,6426624.0,14.309969345728556,12.56096808463335
6438912.0,3.7838750829299292,14.455762838572264,6438912.0,373.6658938725789,394.3111954371135,6438912.0,14.45216116309166,12.87678857445717
6451200.0,3.521556332707405,13.158009529858827,6451200.0,366.0528670946757,390.17340982755024,6451200.0,15.282428115606308,13.272705159584683
6463488.0,3.288826117912928,11.437797236194216,6463488.0,361.5954604148865,385.81366653442376,6463488.0,15.888395100831985,13.705315811435383
6475776.0,3.125237079958121,9.342532407244047,6475776.0,353.29968611399335,380.7090655326843,6475776.0,16.842017660538357,14.172852571805317
6488064.0,3.033590572575728,6.706962278236946,6488064.0,348.2141612370809,375.3048138936361,6488064.0,17.17689647277196,14.671639055510363
6500352.0,2.956327944993973,5.002491412311792,6500352.0,336.61209503809613,368.31873561541244,6500352.0,17.50060424208641,15.151186467707157
6512640.0,2.911168072372675,4.07414160532256,6512640.0,331.2887994448344,361.74146817525224,6512640.0,18.505832602580387,15.699249896903833
6524928.0,2.8282713517546654,3.560122281188766,6524928.0,326.9618384043376,355.9448297182718,6524928.0,19.498015652100246,16.31150253017743
6537216.0,2.769132254024347,3.2584071240077415,6537216.0,318.0630168914795,349.37404406865437,6537216.0,20.105094254016876,16.956141460935275
6549504.0,2.7729287520051003,3.099091356123487,6549504.0,315.946489016215,343.17003075281775,6549504.0,22.45638021826744,17.770782548189164
6561792.0,2.6898517260948815,2.989689020439983,6561792.0,304.3225534756978,336.2356967131297,6561792.0,22.629533797502518,18.58851981163025
6574080.0,2.660026863217354,2.9035360734909776,6574080.0,302.31709003448486,329.86211900711066,6574080.0,24.663058082262676,19.526582808295885
6586368.0,2.6213234464327493,2.8367858063429594,6586368.0,303.72855520248413,324.07542848587036,6586368.0,26.210882991552353,20.55883159736792
6598656.0,2.6632775080700717,2.7905898491541543,6598656.0,300.57879145940143,318.8033390204112,6598656.0,28.97609504063924,21.77223933537801
6610944.0,2.6424129692216716,2.7514720888187485,6610944.0,292.67362944285077,313.24928584098814,6610944.0,31.83040952682495,23.237590640783313
6623232.0,2.555355324099461,2.7113748267292976,6623232.0,294.88420391082764,309.0764967282613,6623232.0,35.20011009772619,25.00754122634729
6635520.0,2.49667264521122,2.669925284013152,6635520.0,286.22272205352783,304.5698889891307,6635520.0,39.45011134942373,27.101969101031624
6647808.0,2.58663093795379,2.6457612426330646,6647808.0,284.9702722231547,300.37073237101237,6647808.0,45.22099047899246,29.674266583720843
6660096.0,2.5705151048799357,2.625899527718623,6660096.0,283.6708628336589,296.9315169652303,6660096.0,52.666184306144714,32.93037558893363
6672384.0,2.528587563584248,2.601465408876538,6672384.0,273.86260414123535,292.7231284777323,6672384.0,61.18260780970255,36.80299834807714
6684672.0,2.476351929207643,2.5801154291878143,6684672.0,271.5572452545166,289.44659765561426,6684672.0,75.48691888650258,42.08873685697715
6696960.0,2.490771650026242,2.5631899078687033,6696960.0,262.7349459330241,285.4883832454681,6696960.0,40.712243477503456,43.69365539650123
6709248.0,2.5288914926350117,2.5539467124889295,6709248.0,256.88879442214966,280.8044071674347,6709248.0,19.59843980272611,43.0324110776186
6721536.0,2.5818795152008533,2.545806913202008,6721536.0,257.5655487378438,276.50308289527896,6721536.0,10.517379621664682,41.186539535721145
6733824.0,2.606044222911199,2.5421700385709602,6733824.0,253.13784901301065,272.54950485229494,6733824.0,6.723627333839734,38.675861316422626
6746112.0,2.590399401883284,2.545674446349343,6746112.0,252.4266759554545,268.3037520567576,6746112.0,5.037593911091487,35.65960969775915
6758400.0,2.5549024095137916,2.5514974227796,6758400.0,247.79202953974405,264.4606828053792,6758400.0,4.108284232517083,32.12542698606849
6770688.0,2.57829499989748,2.5506638289739687,6770688.0,249.27400636672974,260.8910562197367,6770688.0,3.5375829289356866,27.957086231062807
6782976.0,2.577567366262277,2.551369055112203,6782976.0,251.12814855575562,257.6367847919464,6782976.0,3.2114420297245183,23.011612003420787
6795264.0,2.6416774367292724,2.5626780424267053,6795264.0,247.27415641148886,254.97794001897176,6795264.0,3.022011373192072,17.195552359769742
6807552.0,2.622748490422964,2.577317698548238,6807552.0,240.96314827601114,251.9185303211212,6807552.0,2.916572326173385,9.93851770373682
6819840.0,2.6353470012545586,2.5917752336710693,6819840.0,241.25850296020508,249.7708860238393,6819840.0,2.815673153847456,6.148860671371222
6832128.0,2.603352171679338,2.5992213015755015,6832128.0,242.55378850301108,248.33738543192544,6832128.0,2.877857698748509,4.476802460973461
6844416.0,2.6087868312994638,2.601912033185363,6844416.0,241.1352947552999,246.6943600336711,6844416.0,2.7891640849411488,3.7039809073011076
6856704.0,2.694788906723261,2.610786501566569,6856704.0,241.35669120152792,245.5162442525228,6856704.0,2.869301659365495,3.3185483398536837
6868992.0,2.623959247022867,2.614142486080527,6868992.0,241.90967973073325,244.46454463005065,6868992.0,2.93454198166728,3.108243146911263
6881280.0,2.6976764984428883,2.628419894973437,6881280.0,242.15574296315512,243.9009159723918,6881280.0,3.002202983945608,2.997635022054116
6893568.0,2.653550365318855,2.6359454315155744,6893568.0,240.8709667523702,243.06061201095585,6893568.0,3.1900177523493767,2.962878504395485
6905856.0,2.7059028136233487,2.648778976251682,6905856.0,237.89013242721558,241.7368103981018,6905856.0,3.4280250320831933,2.984536804631353
6918144.0,2.7435363940894604,2.658964871987701,6918144.0,238.4796061515808,240.857355372111,6918144.0,3.5927366763353348,3.041609334945679
6930432.0,2.772496776034435,2.673939700548847,6930432.0,237.50588051478067,240.51162859598793,6930432.0,3.900920162598292,3.140044118588169
6942720.0,2.7168381698429585,2.6820888174076876,6942720.0,239.11200189590454,240.2969784895579,6942720.0,4.171150925258796,3.2755918957293035
6955008.0,2.8321255668997765,2.704966156929731,6955008.0,242.70063495635986,240.3116631348928,6955008.0,4.712678762773673,3.45907400213182
6967296.0,2.9043099458018937,2.734518468379975,6967296.0,238.93633286158243,240.09176694552102,6967296.0,5.040376782417297,3.6841952718794344
6979584.0,2.929707088818153,2.758010286589464,6979584.0,242.5011469523112,240.2062125205993,6979584.0,5.739667810499668,3.9712318869928516
6991872.0,2.865077448387941,2.7821221067259705,6991872.0,244.21285708745322,240.43653025627137,6991872.0,6.23509809623162,4.301287498449286
7004160.0,2.9637761066357293,2.808732067545255,7004160.0,244.2222522099813,240.64318118095397,7004160.0,6.878544506927331,4.688921650747458
7016448.0,2.9763937406241894,2.8410164050757887,7016448.0,242.3431708017985,240.79040158589677,7016448.0,7.6061826050281525,5.130538136015336
7028736.0,2.9509531259536743,2.8655214363088213,7028736.0,241.78811407089233,241.18019975026445,7028736.0,8.329393863677979,5.620675019174814
7041024.0,2.9460756070911884,2.8857753576089937,7041024.0,241.30835072199503,241.46307420730585,7041024.0,9.117797831694284,6.173181134710709
7053312.0,2.9964205163220563,2.9081677316377563,7053312.0,241.63629372914633,241.87611552874245,7053312.0,9.945029452443123,6.7775920636951925
7065600.0,2.9828681784371534,2.9347707324971757,7065600.0,237.09986050923666,241.6749013900757,7065600.0,10.998125677307447,7.4602895389000565
7077888.0,3.031377005080382,2.954695876315236,7077888.0,238.39658991495767,241.24449688593546,7077888.0,12.342755933602652,8.223297255982954
7090176.0,3.11054477840662,2.9753193595757086,7090176.0,238.47291119893393,241.19815471967064,7090176.0,13.197006871302923,9.038960264871516
7102464.0,3.061661501725515,2.9885148008664446,7102464.0,236.47750520706177,240.59579054514566,7102464.0,13.64838108420372,9.829831592241922
7114752.0,3.1247181706130505,3.0144788730889553,7114752.0,236.89950275421143,239.8644551118215,7114752.0,15.277193586031595,10.73404114122192
7127040.0,3.117674825092157,3.029868744934599,7127040.0,237.3966940244039,239.18189929326377,7127040.0,17.07303814093272,11.753490504622459
7139328.0,3.021668203175068,3.0343961911896864,7139328.0,232.00685612360635,238.14826782544452,7139328.0,18.456438293059666,12.838516073425613
7151616.0,3.120511503269275,3.0513520289212464,7151616.0,231.71800088882446,237.14125650723776,7151616.0,20.52717763185501,14.058294450243313
7163904.0,3.1862027049064636,3.075364738702774,7163904.0,230.68762985865274,236.07918442090354,7163904.0,22.878360996643703,15.434350766738254
7176192.0,3.139046815534433,3.089627368624012,7176192.0,228.2158581415812,234.737140862147,7176192.0,24.747414300839107,16.91458925157785
7188480.0,3.152733707179626,3.106613921498259,7188480.0,225.00725730260214,233.52788054148354,7188480.0,27.796146512031555,18.594391335050265
7200768.0,3.2001316025853157,3.1234893812487523,7200768.0,227.6720461845398,232.45542616844176,7200768.0,33.36170423030853,20.696286164720853
7213056.0,3.2917628561457,3.1416111890226603,7213056.0,226.27381404240927,231.2355164527893,7213056.0,40.689881682395935,23.445573645830155
7225344.0,3.2900776801009974,3.1644528068602087,7225344.0,225.6722470919291,230.15499064127602,7225344.0,32.41537324587504,25.322272861997284
7237632.0,3.282211121171713,3.1802021019160747,7237632.0,225.60170888900757,229.02521125475565,7237632.0,22.840370933214825,26.07859059671561
7249920.0,3.2907595386107764,3.1975105732679365,7249920.0,223.05937910079956,227.59147976239524,7249920.0,16.508193224668503,26.022106105089186
7262208.0,3.2943729956944785,3.224781052519878,7262208.0,225.86184358596802,226.97697850863136,7262208.0,12.62238578995069,25.43870085477829
7274496.0,3.287881371875604,3.241518039380511,7274496.0,228.32130432128906,226.6373088518779,7274496.0,10.262974639733633,24.412280555566156
7286784.0,3.324849305053552,3.255382699395219,7286784.0,228.95986541112265,226.46453240712486,7286784.0,8.766839375098547,23.001128393411637
7299072.0,3.2799964944521585,3.269477667286992,7299072.0,230.32266902923584,226.67521349589032,7299072.0,7.9601074904203415,21.32239771236976
7311360.0,3.3165184979637465,3.285856146365404,7311360.0,229.1233083407084,227.08681859970093,7311360.0,7.095662226279576,19.252349283794562
7323648.0,3.348490527520577,3.30069203885893,7323648.0,227.5008103052775,227.06969501177474,7323648.0,6.772264219820499,16.593405282745756
7335936.0,3.325024093190829,3.3040181625634433,7335936.0,225.0465497970581,226.94696858723955,7335936.0,6.368004009127617,13.161217515418926
7348224.0,3.4018588612476983,3.3151962806781134,7348224.0,222.42930777867636,226.6226746559143,7348224.0,6.032286738355954,10.52290886466702
7360512.0,3.3946270619829497,3.326437874759237,7360512.0,227.0099309285482,226.76349685986833,7360512.0,5.883645852406819,8.827236356586216
7372800.0,3.3867499008774757,3.3360369109859063,7372800.0,227.2428824106852,227.18184719085693,7372800.0,5.648757338523865,7.7412927679717525
7385088.0,3.329620180030664,3.3395616294195256,7385088.0,222.3472286860148,226.8303857008616,7385088.0,5.5751577491561575,7.0365699638923
7397376.0,3.3819156885147095,3.348965061083436,7397376.0,223.8209047317505,226.38034574190777,7397376.0,5.288301465411981,6.539102646460135
7409664.0,3.405975562830766,3.3570776868611576,7409664.0,224.41628058751425,225.9259872595469,7409664.0,5.185455036660035,6.180964212616286
7421952.0,3.401996207733949,3.369277658189336,7421952.0,222.27486610412598,225.12120696703596,7421952.0,5.129851487775643,5.897938612351815
7434240.0,3.4293654387195907,3.3805623522649206,7434240.0,223.2442413965861,224.53330027262368,7434240.0,5.017127722501755,5.690085161974033
7446528.0,3.4221696679790816,3.3879302663107715,7446528.0,222.2095890045166,224.0041781425476,7446528.0,4.854404119153817,5.498299151907364
7458816.0,3.3849523092309632,3.393923087914785,7458816.0,223.28168710072836,223.82769187291464,7458816.0,4.906414086620013,5.352140159656605
7471104.0,3.4758637795845666,3.401323579748472,7471104.0,225.6574034690857,224.15050144195556,7471104.0,4.846526205539703,5.2335641063749785
7483392.0,3.3830901285012565,3.4001698864003025,7483392.0,226.40467882156372,224.08997623125714,7483392.0,4.715368037422498,5.116736324876547
7495680.0,3.4260006323456764,3.404094959547122,7495680.0,226.68793280919394,224.034481271108,7495680.0,4.532191889981429,5.005079780022303
7507968.0,3.43084529787302,3.414217471331358,7507968.0,223.31585137049356,224.13134353955587,7507968.0,4.619180416067441,4.909482046713431
7520256.0,3.4687477201223373,3.4229006744921207,7520256.0,225.44062439600626,224.29331550598144,7520256.0,4.700400439401467,4.8506919441123815
7532544.0,3.465847176810106,3.4288878358900545,7532544.0,222.6824836730957,224.11993581453962,7532544.0,4.441883792479833,4.776334819694361
7544832.0,3.4704778666297593,3.435736001779636,7544832.0,223.92614475886026,224.28506368001302,7544832.0,4.606257090965907,4.723975380013386
7557120.0,3.4853589410583177,3.441335352013509,7557120.0,222.97512118021646,224.25815165837608,7557120.0,4.579711191356182,4.6802337268988286
7569408.0,3.5581588049729667,3.4549342657128976,7569408.0,220.74426396687826,224.11161915461224,7569408.0,4.451616562902927,4.63995497127374
7581696.0,3.6012334575255713,3.476562380542358,7581696.0,220.737189133962,223.85716935793556,7581696.0,4.416805289685726,4.590994091580312
7593984.0,3.6057992229859033,3.4895559248824917,7593984.0,216.61155525843301,222.95258453687035,7593984.0,4.311058409512043,4.537447311977545
7606272.0,3.5941292544205985,3.510659837474426,7606272.0,217.19842910766602,222.03195956548052,7606272.0,4.433592088520527,4.5092697170873475
7618560.0,3.5510270769397416,3.523162481933832,7618560.0,220.22744369506836,221.385910654068,7618560.0,4.42692877103885,4.498743405193091
7630848.0,3.6847205782930055,3.5485500099758314,7630848.0,218.26733334859213,220.88105885187784,7630848.0,4.290050121645133,4.46583037575086
7643136.0,3.572808399796486,3.5589560779432454,7643136.0,220.48514874776205,220.3855112870534,7643136.0,4.288035276035468,4.424593859414259
7655424.0,3.657378422717253,3.57810920253396,7655424.0,218.43735933303833,219.96099885304767,7655424.0,4.340956076979637,4.41450108786424
7667712.0,3.57363281895717,3.588424697766701,7667712.0,216.8030104637146,219.24868542353315,7667712.0,4.317968897521496,4.385672268519799
7680000.0,3.636774686475595,3.6035662723084294,7680000.0,217.9208345413208,218.74325675964354,7680000.0,4.391428098082542,4.366843959192435
7692288.0,3.6254539911945662,3.6102957909305893,7692288.0,219.4961322148641,218.61844358444213,7692288.0,4.471173899869124,4.368799692889055
7704576.0,3.637847900390625,3.6139572352170943,7704576.0,216.65572198232016,218.21029686927795,7704576.0,4.417017849783103,4.368820948898792
7716864.0,3.6942473699649176,3.622802049914996,7716864.0,218.3895460764567,218.38809595108032,7716864.0,4.519197141130765,4.389634822060664
7729152.0,3.7036156107982,3.6337506855527564,7729152.0,217.58057037989298,218.42631007830306,7729152.0,4.632087300221126,4.409484343230725
7741440.0,3.6753679240743318,3.6461847702662147,7741440.0,216.47410170237222,218.05097587903342,7741440.0,4.52191436290741,4.41898290241758
7753728.0,3.769419714808464,3.654654683917761,7753728.0,220.10032478968301,218.23427502314252,7753728.0,4.470814806719621,4.437059370925029
7766016.0,3.7690983215967813,3.67428367609779,7766016.0,216.594988822937,217.84525903065997,7766016.0,4.5047411645452184,4.458729959776004
7778304.0,3.7612815077106156,3.6846739845971266,7778304.0,218.63120730717978,217.86464382807418,7778304.0,4.462603303293387,4.470894682407379
7790592.0,3.7698847154776254,3.7042991742491713,7790592.0,219.0065280596415,218.08499558766684,7790592.0,4.361721644798915,4.47526995713512
7802880.0,3.792357357839743,3.7198574413855865,7802880.0,220.26896047592163,218.31980818112692,7802880.0,4.425254287819068,4.478652576108773
7815168.0,3.820221076409022,3.7393341499070325,7815168.0,219.30459880828857,218.30065484046935,7815168.0,4.319891259074211,4.463524312029282
7827456.0,3.802255945901076,3.755774954458077,7827456.0,218.5681349436442,218.49189613660172,7827456.0,4.420768541594346,4.463899381210407
7839744.0,3.97175852706035,3.783526070167621,7839744.0,218.87512477238974,218.54045400619506,7839744.0,4.462031438946724,4.458182810992003
7852032.0,3.840534195303917,3.797217928618193,7852032.0,218.37682056427002,218.62007902463273,7852032.0,4.543743893504143,4.449348470320304
7864320.0,3.837837316095829,3.813464867820342,7864320.0,220.55271816253662,219.0279406706492,7864320.0,4.456933346887429,4.4428503687183065
7876608.0,3.8512857407331467,3.821651470412811,7876608.0,217.8473637898763,218.80264457066855,7876608.0,4.6372475400567055,4.459493642052015
7888896.0,3.862288815279802,3.8309705197811126,7888896.0,217.14670594533285,218.85781628290812,7888896.0,4.3727405567963915,4.446293581277132
7901184.0,3.823041968047619,3.8371465658148134,7901184.0,215.29637463887533,218.52433301607766,7901184.0,4.617392765978972,4.4617725275456905
7913472.0,3.8482998808224997,3.8449880823493006,7913472.0,215.42903916041055,218.16658412615456,7913472.0,4.528019398450851,4.478402302910884
7925760.0,3.7478682001431785,3.8405391665796444,7925760.0,216.72491121292114,217.81217919985457,7925760.0,4.612710903088252,4.4971479644378025
7938048.0,3.7871998101472855,3.8372370399534703,7938048.0,216.01823155085245,217.48354247411095,7938048.0,4.47439328332742,4.512598166863123
7950336.0,3.7932531808813414,3.8363367634514973,7950336.0,216.8487984339396,217.3116088231405,7950336.0,4.674352258443832,4.537956538548072
7962624.0,3.7775808374087014,3.8169189944863318,7962624.0,216.67630338668823,217.09172668457032,7962624.0,4.654464140534401,4.557199808706839
7974912.0,3.77651447057724,3.810517022013664,7974912.0,217.82965517044067,217.03701014518737,7974912.0,4.6200877502560616,4.564834194382032
7987200.0,3.7861653765042624,3.8053498280545077,7987200.0,219.2835170427958,216.9100900332133,7987200.0,4.704022258520126,4.589543085545301
7999488.0,3.7117630740006766,3.791397561381261,7999488.0,218.15230321884155,216.9405839761098,7999488.0,4.6134872535864515,4.587167056898275
8011776.0,3.767885280152162,3.781957207868497,8011776.0,218.34575176239014,217.06048855781555,8011776.0,4.6999718969066935,4.619890190909307
8024064.0,3.7457487558325133,3.774227886646986,8024064.0,218.07328955332437,217.33818004926042,8024064.0,4.7209712614615755,4.630248040457568
8036352.0,3.828967183828354,3.7722946169475717,8036352.0,217.57219902674356,217.55249603589377,8036352.0,4.873141887287299,4.664760289341212
8048640.0,3.823736714820067,3.7798814684152604,8048640.0,218.90145556131998,217.77015047073365,8048640.0,4.869335509836674,4.690422750016054
8060928.0,3.770605688293775,3.7782220562299096,8060928.0,218.18749284744263,217.98707660039264,8060928.0,4.8911812628308935,4.7321015479664
8073216.0,3.7546959817409515,3.7743663363158704,8073216.0,218.6848553021749,218.17068228721618,8073216.0,5.07610472291708,4.772276794413726
8085504.0,3.792974275847276,3.7759056801597284,8085504.0,219.10311222076416,218.41336317062377,8085504.0,4.843514064947764,4.791181786855062
8097792.0,3.8828421582778296,3.7865384489297873,8097792.0,220.1992948849996,218.65032714207968,8097792.0,5.0084220344821615,4.830015215277672
8110080.0,3.7350364675124488,3.781425558030606,8110080.0,218.79398028055826,218.6013734658559,8110080.0,5.035585602124532,4.863171549638112
8122368.0,3.8046972577770553,3.790718976408243,8122368.0,220.24887100855508,218.81103024482726,8122368.0,4.939872749149799,4.895810099194447
8134656.0,3.7972689047455788,3.793657338867585,8134656.0,219.94190756479898,218.97064582506817,8134656.0,5.164049011965592,4.942217810700337
8146944.0,3.760749955972036,3.7951574588815378,8146944.0,221.19698762893677,219.2830156326294,8146944.0,4.957969104250272,4.965917594979207
8159232.0,3.7171890859802565,3.783979649096728,8159232.0,221.13054498036703,219.63885022799172,8159232.0,4.917685603102048,4.970371966560682
8171520.0,3.8480693846940994,3.7864129160841307,8171520.0,221.61844635009766,219.9105493068695,8171520.0,5.09581258893013,4.993019674470028
8183808.0,3.793277397751808,3.7886800870299338,8183808.0,221.90707397460938,220.28250741958618,8183808.0,5.255403836568196,5.029441931843758
8196096.0,3.8220938170949617,3.795419870565335,8196096.0,223.15130122502646,220.72915201187135,8196096.0,5.128493249416351,5.034680784493685
8208384.0,3.8192894284923873,3.7980513858298464,8208384.0,222.97299416859946,221.11614020665485,8208384.0,5.044684449831645,5.0547978229820725
8220672.0,3.7356450284520784,3.783331672847271,8220672.0,222.8947491645813,221.38568563461303,8220672.0,5.050595643619697,5.059015183895825
8232960.0,3.7247266198198,3.7823006880780055,8232960.0,223.99248250325522,221.90553585688275,8232960.0,5.31938115755717,5.087394739439089
8245248.0,3.8138191352287927,3.7832128758231796,8245248.0,225.80553150177002,222.46120190620422,8245248.0,5.255518508454164,5.118959315369526
8257536.0,3.760231321056684,3.7795091174542903,8257536.0,226.4366626739502,223.11067741711935,8257536.0,5.048047460615635,5.107359160234531
8269824.0,3.83302882562081,3.7867370044191673,8269824.0,225.7942050298055,223.57039915720625,8269824.0,5.172435574233532,5.128805807232856
8282112.0,3.903952901562055,3.805413385977348,8282112.0,225.03001070022583,223.96034572919206,8282112.0,5.162453922132651,5.1532826391359166
8294400.0,3.9323312689860663,3.8138395744065448,8294400.0,226.30019172032675,224.42852026621503,8294400.0,5.309963511923949,5.174697731435298
8306688.0,3.9421687399347625,3.8287287086248396,8306688.0,225.72393671671549,224.81020654042564,8306688.0,5.228616401553154,5.172018987933795
8318976.0,4.063258141279221,3.852845141043266,8318976.0,226.92752361297607,225.18782877922058,8318976.0,5.196648175517718,5.178834480543932
8331264.0,3.870911377171675,3.858007335911194,8331264.0,225.51366678873697,225.44189604123434,8331264.0,5.166267288227876,5.190992764383554
8343552.0,3.950158183773359,3.879458651443323,8343552.0,221.1055464744568,225.2629757722219,8343552.0,5.294933478037517,5.215426547825336
8355840.0,3.9251768440008163,3.8995036738614237,8355840.0,215.36255566279092,224.39998308817545,8355840.0,5.354495535294215,5.218937985599041
8368128.0,3.9532267078757286,3.9134444311261176,8368128.0,215.21811294555664,223.34124123255415,8368128.0,5.322275315721829,5.225613666325808
8380416.0,4.00418225924174,3.9378395249446236,8380416.0,207.47801526387533,221.44537649154663,8380416.0,5.340248741209507,5.2548337943851955
8392704.0,3.957073616484801,3.950244004031022,8392704.0,202.2318779627482,219.08914378484087,8392704.0,5.386094741523266,5.2761997111141685
8404992.0,3.956545236210028,3.9555032374958197,8404992.0,197.71282132466635,216.35742484728493,8404992.0,5.376779255767663,5.297632244477669
8417280.0,3.953699146707853,3.957640025267999,8417280.0,207.31296730041504,214.45870240529376,8417280.0,5.348627045750618,5.301498597860337
8429568.0,3.935059428215027,3.956929094096025,8429568.0,205.43859640757242,212.43016837437943,8429568.0,5.349352943400542,5.313572252045075
8441856.0,3.9555247724056244,3.9461557572086656,8441856.0,201.46155500411987,209.88357151349382,8441856.0,5.375232224663098,5.331430656959613
8454144.0,3.935292008022467,3.9525938202937447,8454144.0,192.48057572046915,206.58026240666703,8454144.0,5.417969577014446,5.3566008858382705
8466432.0,3.9366051529844603,3.951238517214855,8466432.0,197.69460026423135,204.23916778564453,8466432.0,5.584552623331547,5.385562800367673
8478720.0,3.9589086597164473,3.954611698786418,8478720.0,217.81575870513916,204.48448808987933,8478720.0,5.615489954749743,5.411662242313225
8491008.0,3.952903240919113,3.9545793520907564,8491008.0,219.8888405164083,204.95156084696455,8491008.0,5.578279808163643,5.4372626915574065
8503296.0,3.974330877264341,3.9515942138930162,8503296.0,216.8272450764974,205.88648382822672,8503296.0,5.421991780400276,5.445436995476484
8515584.0,3.97535357127587,3.9534222093721234,8515584.0,218.50173568725586,207.5134696006775,8515584.0,5.507125943899155,5.457540115714073
8527872.0,3.899622236688932,3.9477299094200133,8527872.0,225.51582686106363,210.2937701543172,8527872.0,5.4617505470911665,5.466037244846424
8540160.0,3.986863411962986,3.9510463359455272,8540160.0,228.24633900324503,212.3871073246002,8540160.0,5.585670970380306,5.489741637309392
8552448.0,3.9782721822460494,3.955367611348629,8552448.0,236.9895478884379,215.54220247268677,8552448.0,5.708474380274613,5.5256537809968
8564736.0,3.885332969327768,3.9483484310408437,8564736.0,240.47425810496011,219.4434727827708,8564736.0,5.5677100370327635,5.5449015622337665
8577024.0,3.905390334626039,3.945358263701201,8577024.0,240.1849225362142,224.2139074643453,8577024.0,5.498289152979851,5.552933519830306
8589312.0,4.001932034889857,3.9518909518917402,8589312.0,239.73937050501505,228.41838448842367,8589312.0,5.457120768725872,5.540190334369739
8601600.0,3.962960916260878,3.952296177546183,8601600.0,237.3802162806193,230.37483024597162,8601600.0,5.632878951728344,5.5419292340676
8613888.0,3.9533735985557237,3.952343213309844,8613888.0,238.45920451482138,232.231866645813,8613888.0,5.610651555160682,5.545166408767303
8626176.0,3.8928902645905814,3.9441991520424686,8626176.0,238.97708876927695,234.44685101509094,8626176.0,5.478867081304391,5.550853938857715
8638464.0,3.8770412281155586,3.934367917726437,8638464.0,237.45384327570596,236.34206177393594,8638464.0,5.382690976063411,5.53841044207414
8650752.0,3.9266215612490973,3.937067850182454,8650752.0,236.4299429257711,237.43347338040672,8650752.0,5.519648427764575,5.54420023014148
8663040.0,3.879595992465814,3.9263411082327373,8663040.0,233.79315106074014,237.98815458615618,8663040.0,5.5664416799942655,5.542277301102876
8675328.0,4.013243610660235,3.9298382510741554,8675328.0,237.54061365127563,238.04326116243996,8675328.0,5.49476258456707,5.520906121532122
8687616.0,3.9166651417811713,3.932971468319496,8687616.0,238.1223824818929,237.80807360013327,8687616.0,5.455555555721124,5.509690673400959
8699904.0,3.953829159339269,3.9378153507908187,8699904.0,238.2411985397339,237.61370120048522,8699904.0,5.540977440774441,5.513959502180418
8712192.0,3.8813374588886895,3.925755893190702,8712192.0,236.04014809926352,237.24377895991012,8712192.0,5.530850636462371,5.521332488954067
8724480.0,3.9123207529385886,3.9206918768584726,8724480.0,239.26153453191122,237.4319107850393,8724480.0,5.71342704196771,5.529387297978004
8736768.0,3.8781018629670143,3.913164703299602,8736768.0,237.2346822420756,237.30945855776469,8736768.0,5.714524927238624,5.539774635185799
8749056.0,3.932830293973287,3.9171587062378728,8749056.0,236.689737478892,237.08072342872615,8749056.0,5.82212586949269,5.574100514004627
8761344.0,4.003547469774882,3.929809330403805,8761344.0,239.41343625386557,237.2766827265422,8761344.0,5.657975641389688,5.601628980537255
8773632.0,3.8775025929013887,3.9248974335690336,8773632.0,237.27486276626587,237.36117471059165,8773632.0,5.665619805455208,5.61622611830632
8785920.0,3.833796006937822,3.920317435016235,8785920.0,235.53498284022012,237.53535788853964,8785920.0,5.757433044413726,5.635325254748265
8798208.0,3.952266854544481,3.91421975940466,8798208.0,234.93009853363037,237.27430637677512,8798208.0,5.766893344620864,5.662538330753644
8810496.0,3.8563053905963898,3.9081837842861815,8810496.0,234.0048359235128,236.86255172093712,8810496.0,5.6313047508398695,5.680113250265519
8822784.0,3.822724349796772,3.8950733033319316,8822784.0,230.69072230656943,236.10750409762068,8822784.0,5.656049959361553,5.69162050212423
8835072.0,3.8690336073438325,3.893842918177446,8835072.0,232.53987884521484,235.7574771722158,8835072.0,5.675911493599415,5.706126587837934
8847360.0,3.8440138747294745,3.8870122303565346,8847360.0,234.24522829055786,235.25584654808046,8847360.0,5.673937531809012,5.702177636822064
8859648.0,3.871368204553922,3.8863388645152255,8859648.0,235.0220856666565,235.03458689053855,8859648.0,5.603800659378369,5.6911052100360395
8871936.0,3.920840322971344,3.885139867415031,8871936.0,234.22362422943115,234.7879755655925,8871936.0,5.60287373016278,5.669179996103049
8884224.0,3.932763561606407,3.878061476598183,8884224.0,233.5273068745931,234.19936262766524,8884224.0,5.583577784399192,5.661740210403998
8896512.0,3.848183018465837,3.8751295191546284,8896512.0,238.38635683059692,234.31051203409828,8896512.0,5.5744338656465215,5.65262161642313
8908800.0,3.9084842602411904,3.8825983444849648,8908800.0,236.1808393796285,234.37509768803915,8908800.0,5.590022260944049,5.6358805380761625
8921088.0,3.9140442311763763,3.8787760821481547,8921088.0,235.25841983159384,234.4079298178355,8921088.0,5.681176126003265,5.627308816214403
8933376.0,3.9835158810019493,3.89149713118871,8933376.0,233.1737543741862,234.32482166290282,8933376.0,5.590913486977418,5.623269689828158
8945664.0,3.9672595063845315,3.9059506468474865,8945664.0,230.80081351598105,234.335830783844,8945664.0,5.455214748779933,5.603186168769996
8957952.0,3.908175617456436,3.909864847858747,8957952.0,230.82726049423218,234.16456894874574,8957952.0,5.560768780608972,5.591671897470951
8970240.0,3.9569830174247422,3.9211617621282735,8970240.0,231.43075704574585,233.88312182426452,8970240.0,5.581924046079318,5.582470548897982
8982528.0,3.9786558176080384,3.9318905234336845,8982528.0,230.81276273727417,233.4621895313263,8982528.0,5.4039275025328,5.562483233213425
8994816.0,3.8849341770013175,3.928299908836683,8994816.0,230.50250116984049,233.09007722536722,8994816.0,5.589290139575799,5.561124874154727
9007104.0,3.913155051569144,3.9263390578329562,9007104.0,232.79706954956055,233.017053492864,9007104.0,5.455716182788213,5.548338713993629
9019392.0,3.9880184829235077,3.940322604278723,9019392.0,232.38565937678018,232.4169837474823,9019392.0,5.497753441333771,5.540670671562354
9031680.0,3.9141006444891295,3.9408842427035173,9031680.0,231.20321941375732,231.91922175089516,9031680.0,5.5440071895718575,5.536069164425134
9043968.0,4.0210906739036245,3.951588886976242,9043968.0,232.6998233795166,231.66336210568744,9043968.0,5.577929067114989,5.525744458536307
9056256.0,3.9804436092575393,3.9512816598018015,9056256.0,229.36621602376303,231.28260827064514,9056256.0,5.511783776183923,5.517831487456958
9068544.0,3.9252179712057114,3.947077506283919,9068544.0,232.03307930628458,231.40583484967547,9068544.0,5.603240179518859,5.53263403053085
9080832.0,3.97911349684,3.954171294222275,9080832.0,231.4238691329956,231.4654957135518,9080832.0,5.594748343030612,5.536031986773013
9093120.0,4.047162493069966,3.963189241786798,9093120.0,228.22933038075766,231.145353047053,9093120.0,5.544861155251662,5.532325697690249
9105408.0,3.979472200075785,3.9632708800335728,9105408.0,225.7298034032186,230.63705711364747,9105408.0,5.61929864436388,5.553862811873357
9117696.0,3.995595246553421,3.974336986988783,9117696.0,224.53902753194174,230.04070974985763,9117696.0,5.586513362824917,5.5535851341982685
9129984.0,3.9772352799773216,3.980745009829601,9129984.0,225.54206689198813,229.31520948410034,9129984.0,5.583033747971058,5.566316890716553
9142272.0,3.9678088749448457,3.9787240490317344,9142272.0,225.35652685165405,228.61229623158775,9142272.0,5.719613450268905,5.588502891610066
9154560.0,4.031057092050712,3.990419693787892,9154560.0,223.44766346613565,227.83674063682557,9154560.0,5.500950895249844,5.584197262177865
9166848.0,3.9692150900761285,3.9852321354051425,9166848.0,226.3274391492208,227.199502213796,9166848.0,5.592365242540836,5.585640879720449
9179136.0,3.9911314894755683,3.9863009234269464,9179136.0,229.10453828175864,227.17333443959552,9179136.0,5.704581260681152,5.604920628170173
9191424.0,3.992518196503321,3.993030945956707,9191424.0,226.99185466766357,226.66921197573348,9191424.0,5.554009445011616,5.599997554719448
9203712.0,3.9146601781249046,3.9865856140851976,9203712.0,228.2636480331421,226.35318986574808,9203712.0,5.593823730945587,5.599905093510946
9216000.0,3.8953989321986833,3.9714092579980687,9216000.0,227.80229409535727,226.31048623720807,9216000.0,5.800901335974534,5.625509111583233
9228288.0,3.8287934189041457,3.956341379880905,9228288.0,229.6031330426534,226.6978192011515,9228288.0,5.806716896593571,5.644250936806203
9240576.0,3.9128672977288566,3.948068584998449,9240576.0,230.95974397659302,227.33989084561662,9240576.0,5.742923567692439,5.659891957292954
9252864.0,3.915773202975591,3.941922377298276,9252864.0,229.3229978879293,227.7179839452108,9252864.0,5.831765321393807,5.684765114635229
9265152.0,3.9062774082024894,3.9357692306240404,9265152.0,226.97316312789917,227.8796475728353,9265152.0,5.957140865425269,5.708517856150865
9277440.0,3.855170530577501,3.9181805744767195,9277440.0,227.62072086334229,228.29695331255598,9277440.0,5.8196160445610685,5.740384371081987
9289728.0,3.7740354438622794,3.8986626098553345,9289728.0,230.52047491073608,228.7162568887075,9289728.0,5.800387645761172,5.761186611404021
9302016.0,3.7512375861406326,3.8746732195218407,9302016.0,230.9214963912964,228.89795269966126,9302016.0,6.107113182544708,5.801439803590378
9314304.0,3.930010308821996,3.868422430753708,9314304.0,229.73352177937826,229.17211941083275,9314304.0,5.938760727643967,5.839914931853612
9326592.0,3.8506400734186172,3.8620204202830792,9326592.0,228.2261012395223,229.16836473147077,9326592.0,6.083239744106929,5.888856533169745
9338880.0,3.898808628320694,3.8623613898952804,9338880.0,226.69607655207315,229.05774297714234,9338880.0,5.993593183656533,5.9081257179379465
9351168.0,3.860472651819388,3.865529313186804,9351168.0,228.05660756429037,228.90309042930602,9351168.0,6.005031603078048,5.927957188586395
9363456.0,3.9630857159694037,3.8705511550108596,9363456.0,226.84388875961304,228.49150490760803,9363456.0,6.072869213918845,5.960951753209034
9375744.0,3.928265598913034,3.871800394604604,9375744.0,225.1810852686564,228.07731364568076,9375744.0,6.06923521310091,5.984698742379745
9388032.0,3.98280081897974,3.879452735682329,9388032.0,224.77698437372842,227.85769577026366,9388032.0,5.945726670324802,5.983557322869698
9400320.0,3.852618003884951,3.8791974830130735,9400320.0,227.98496437072754,227.8941201210022,9400320.0,6.0879386986295385,6.010389588276545
9412608.0,3.8800330410401025,3.889797242730856,9412608.0,225.69118356704712,227.4111909866333,9412608.0,6.157823597391446,6.046133183439573
9424896.0,3.748176395893097,3.8894911237061023,9424896.0,226.27958313624063,226.9469996611277,9424896.0,6.1547170753280325,6.050893572717905
9437184.0,3.8496607864896455,3.8814561714728675,9437184.0,222.8567484219869,226.25932232538858,9437184.0,6.355398898323377,6.0925573897858465
9449472.0,3.8503136386473975,3.881423527995745,9449472.0,221.08715438842773,225.54542764027912,9449472.0,6.38445782661438,6.122679198036591
9461760.0,3.8902863214413324,3.8805712973078093,9461760.0,217.87599277496338,224.6634192625682,9461760.0,6.280261392394702,6.151346018910408
9474048.0,3.9492178236444793,3.889445814490318,9474048.0,219.0292248725891,223.760680993398,9474048.0,6.057828980187575,6.156625756621361
9486336.0,3.9470125337441764,3.887838496267796,9486336.0,211.91796255111694,222.2680883725484,9486336.0,6.21400685608387,6.170739520837864
9498624.0,3.858814703921477,3.8808934067686396,9498624.0,215.47500658035278,221.29748050371805,9498624.0,6.268170567850272,6.190633056312799
9510912.0,3.8558682054281235,3.8682001454134785,9510912.0,211.29315328598022,219.94909739494324,9510912.0,6.312429549793403,6.227303344259659
9523200.0,3.8266187831759453,3.8656002233425775,9523200.0,216.68777227401733,218.81937818527223,9523200.0,6.386396129926045,6.25714908738931
9535488.0,3.9258690724770227,3.8701838264862696,9535488.0,217.65485429763794,218.0157452583313,9535488.0,6.1204739933212595,6.2534141269822925
9547776.0,3.848059393465519,3.8801721262435116,9547776.0,218.24557177225748,217.21234412193297,9547776.0,6.157904056211312,6.253732825070619
9560064.0,3.8388876939813295,3.87909481699268,9560064.0,222.97967529296875,217.2246368090312,9560064.0,6.331711659828822,6.2513641012211645
9572352.0,3.9066615973909697,3.884729612867037,9572352.0,221.94947655995688,217.3108690261841,9572352.0,6.347431806226571,6.247661499182383
9584640.0,3.876531941195329,3.883354174842437,9584640.0,218.74303515752158,217.39757326443987,9584640.0,6.3015543421109514,6.249790794154008
9596928.0,3.9007748439908028,3.8785098768770694,9596928.0,219.78166898091635,217.4728176752726,9596928.0,6.504470815261205,6.294454977661371
9609216.0,3.8137139131625495,3.8651800148189066,9609216.0,221.5839212735494,218.43941354751587,9609216.0,6.4224656994144125,6.315300861994425
9621504.0,3.663649968802929,3.845663541307052,9621504.0,222.5783804257711,219.14975093205766,9621504.0,6.426443360745907,6.331128141283989
9633792.0,3.810397441188494,3.8411164648830884,9633792.0,220.76388947168985,220.09682455062867,9633792.0,6.4284607370694475,6.342731260011593
9646080.0,3.8549813106656075,3.8439527176320554,9646080.0,219.52833286921182,220.38088061014815,9646080.0,6.4889857321977615,6.352990220238765
9658368.0,3.7759342739979425,3.8289592377841464,9658368.0,225.62708775202432,221.17810395558678,9658368.0,6.423222050070763,6.383265025913715
9670656.0,3.8310151621699333,3.8272548146545886,9670656.0,220.35408767064413,221.3889555454254,9670656.0,6.33725434790055,6.401200055082638
9682944.0,3.914679653942585,3.834834010650714,9682944.0,221.4411629041036,221.23510430653886,9682944.0,6.361315173407395,6.4041604064404964
9695232.0,3.8661494106054306,3.8307827919721604,9695232.0,221.07825342814127,221.14798199335732,9695232.0,6.30413581430912,6.399830807248752
9707520.0,3.8265947004159293,3.8257890678942204,9707520.0,224.14134391148886,221.6878128687541,9707520.0,6.36233028024435,6.40590840106209
9719808.0,3.824686420460542,3.8181802255411945,9719808.0,224.28753264745077,222.1383992354075,9719808.0,6.321365108092626,6.387597830345234
9732096.0,3.7907960638403893,3.8158884406089784,9732096.0,221.50520944595337,222.1305280526479,9732096.0,6.439745994905631,6.389325859894354
9744384.0,3.843236021697521,3.8338470458984375,9744384.0,222.0986329714457,222.08255330721536,9744384.0,6.297713004052639,6.376452824225028
9756672.0,3.8745074992378554,3.840258051703374,9756672.0,220.22829707463583,222.02899406750998,9756672.0,6.40648065507412,6.374254816025496
9768960.0,3.8390056813756623,3.838660488774379,9768960.0,220.74057483673096,222.15021826426187,9768960.0,6.322154531876246,6.357571695993344
9781248.0,3.844970482091109,3.8455641095836954,9781248.0,218.5008432070414,221.43759380976357,9781248.0,6.326556449135144,6.347905135899782
9793536.0,3.7604209134976068,3.838504684716463,9793536.0,222.5753688812256,221.65972193082175,9793536.0,6.347105376422405,6.348890238751968
9805824.0,3.842548429965973,3.831291562318802,9805824.0,227.0537945429484,222.2209850947062,9805824.0,6.437457079688708,6.356504429380099
9818112.0,3.8273292059699693,3.8274095418552556,9818112.0,229.62846215566,223.07600596745812,9818112.0,6.350640267133713,6.361154874662558
9830400.0,3.836384599407514,3.8283885317544146,9830400.0,231.79351472854614,223.84122304916383,9830400.0,6.366152872641881,6.361537133902312
9842688.0,3.774487979710102,3.8233686876793707,9842688.0,230.58784119288126,224.47125390370684,9842688.0,6.285055597623189,6.357906182855368
9854976.0,3.8389559189478555,3.828184673190117,9854976.0,233.1583259900411,225.63656555811562,9854976.0,6.417415534456571,6.355673136810462
9867264.0,3.883656387527784,3.8322267097731433,9867264.0,232.3353827794393,226.66024053891496,9867264.0,6.251464831332366,6.351048319538434
9879552.0,3.830433872838815,3.8278193471332393,9879552.0,230.7986275355021,227.7172735850016,9879552.0,6.430974135796229,6.353497667610645
9891840.0,3.7254342486461005,3.816462203860284,9891840.0,231.56419897079468,228.79963599840798,9891840.0,6.520412924389045,6.373323506861924
9904128.0,3.750612040360769,3.8070263596872493,9904128.0,234.00763956705728,230.35031563440958,9904128.0,6.47797130048275,6.388464991996686
9916416.0,3.7698830912510553,3.8079725774625937,9916416.0,230.67336638768515,231.16011538505555,9916416.0,6.54142905275027,6.407897359629473
9928704.0,3.7988968143860498,3.803607415904601,9928704.0,227.96700112024942,231.25143604278566,9928704.0,6.475802240272363,6.411731875687837
9940992.0,3.8192839274803796,3.802802888055642,9940992.0,228.5490287144979,231.14349269866943,9940992.0,6.411762595176697,6.417844108492136
9953280.0,3.8528592959046364,3.804450357705355,9953280.0,229.4088233311971,230.90502355893454,9953280.0,6.613419110576312,6.44257073228558
9965568.0,3.8824772338072457,3.815249283115069,9965568.0,233.4217154184977,231.18841098149613,9965568.0,6.4313114657998085,6.457196319103241
9977856.0,3.7378894239664078,3.8051426336169243,9977856.0,235.84619760513306,231.45719814300537,9977856.0,6.423406240840753,6.457795389741659
9990144.0,3.8457207505901656,3.8013490699231633,9990144.0,233.33628861109415,231.55728872617084,9990144.0,6.5075876985987025,6.4834076764682935
10002432.0,3.9047426655888557,3.808779949198166,10002432.0,234.83148082097372,231.96057405471802,10002432.0,6.541949858268102,6.494505248715481
10014720.0,3.9397988294561705,3.830216407279173,10014720.0,233.55752070744833,232.1599062283834,10014720.0,6.406811388830344,6.483145095159611
10027008.0,3.9496911292274794,3.850124316165845,10027008.0,234.58817942937216,232.21796021461492,10027008.0,6.520207849641641,6.4873687500754995
10039296.0,3.8302991737922034,3.8561659244199595,10039296.0,231.7436908086141,232.32499265670776,10039296.0,6.617644151051839,6.494990259905656
10051584.0,3.765441889564196,3.8528204319377735,10051584.0,235.1891679763794,233.04720934232077,10051584.0,6.434859253466129,6.490895961225033
10063872.0,3.862658162911733,3.857157855480909,10063872.0,233.88770469029745,233.58107693990073,10063872.0,6.440595790743828,6.493779280781746
10076160.0,3.874433142443498,3.8593152401347957,10076160.0,234.9907717704773,234.13927178382875,10076160.0,6.501331175367038,6.482570487260818
10088448.0,3.891007704039415,3.860168287158013,10088448.0,234.5370626449585,234.2508065064748,10088448.0,6.541842018564542,6.493623542537291
10100736.0,3.856498914460341,3.8720292362074056,10100736.0,233.39613580703735,234.00580032666525,10100736.0,6.580705727140109,6.509353491167228
10113024.0,3.86280224720637,3.8737373858690263,10113024.0,235.8646504084269,234.25863650639855,10113024.0,6.433740136524041,6.50196873495976
10125312.0,3.8625421449542046,3.869517333805561,10125312.0,232.32189226150513,234.00767765045165,10125312.0,6.44800657282273,6.492574406415224
10137600.0,3.8056111509601274,3.856098565955957,10137600.0,234.39596223831177,234.091521803538,10137600.0,6.439680017530918,6.495861269285281
10149888.0,3.8294872045516968,3.8440781734883784,10149888.0,232.76332807540894,233.9090366681417,10149888.0,6.410077013075352,6.484848185628652
10162176.0,3.8616324911514917,3.8472115052243074,10162176.0,233.38280455271402,234.07294804255167,10162176.0,6.6052172382672625,6.483605494350195
10174464.0,3.817944643398126,3.8524617806077,10174464.0,236.16383377710977,234.1704146226247,10174464.0,6.554848775267601,6.495604446530342
10186752.0,3.842642997701963,3.850460264086723,10186752.0,233.69319836298624,234.15096398989357,10186752.0,6.59241808950901,6.510786676406861
10199040.0,3.8065258810917535,3.8436695379515484,10199040.0,237.4212210973104,234.39400892257692,10199040.0,6.571788368125756,6.517832395682731
10211328.0,3.772510511179765,3.831819818665584,10211328.0,236.1272652943929,234.55302918752037,10211328.0,6.47491192817688,6.511139386643967
10223616.0,3.8451632211605706,3.8306862493356064,10223616.0,237.6528148651123,234.97869709332787,10223616.0,6.476238243281841,6.500692638258139
10235904.0,3.877876785894235,3.8321937032043936,10235904.0,237.8644692103068,235.1786789735158,10235904.0,6.633214587966601,6.520640083402395
10248192.0,3.8648112739125886,3.8324206161002317,10248192.0,237.0325166384379,235.64974141120905,10248192.0,6.624408046404521,6.5382802307605745
10260480.0,3.929566482702891,3.844816149274508,10260480.0,237.96402867635092,236.00654805501304,10260480.0,6.41995669901371,6.536307898908854
10272768.0,3.8829199448227882,3.850159423301617,10272768.0,235.03296868006387,236.2335121154785,10272768.0,6.706362813711166,6.565936478972435
10285056.0,3.876925714313984,3.8516887456178663,10285056.0,234.43344004948935,236.33857566515604,10285056.0,6.662268246213595,6.5716415797670695
10297344.0,3.8768437951803207,3.8575786607960856,10297344.0,237.58409865697226,236.4806021531423,10297344.0,6.530092050631841,6.569165907303493
10309632.0,3.9030651400486627,3.8636208750307555,10309632.0,236.63259824117026,236.7745421409607,10309632.0,6.497296770413716,6.559653775393963
10321920.0,3.885524411996206,3.871520728121201,10321920.0,231.98214673995972,236.23063470522567,10321920.0,6.585762992501259,6.561051237831514
10334208.0,3.858603740731875,3.8801300510764123,10334208.0,235.03679132461548,236.1215873082479,10334208.0,6.4879291752974195,6.562352962543568
10346496.0,3.8351692457993827,3.879130653540293,10346496.0,233.0264531771342,235.65895113945004,10346496.0,6.491204013427098,6.563849539558094
10358784.0,3.9617022847135863,3.887513203422229,10358784.0,233.35670948028564,235.20817516644797,10358784.0,6.490397199988365,6.549567800760269
10371072.0,3.992008892198404,3.9002329652508103,10371072.0,234.78604873021445,234.98352837562567,10371072.0,6.503540866076946,6.537481082727512
10383360.0,3.853140120704969,3.8925903290510186,10383360.0,232.99100923538208,234.48622643152876,10383360.0,6.4086907133460045,6.536354484160742
10395648.0,3.878288912276427,3.8921272257963815,10395648.0,232.35274600982666,234.218204164505,10395648.0,6.449205008645852,6.510638703654209
10407936.0,3.779968038201332,3.882431458185116,10407936.0,234.45433886845908,234.22029404640202,10407936.0,6.310954627891381,6.47550734182199
10420224.0,3.9165735269586244,3.886404431362947,10420224.0,232.93336979548135,233.75522116025292,10420224.0,5.754911328355472,6.397989269594351
10432512.0,4.0023719171683,3.89633510907491,10432512.0,234.42950328191122,233.534911664327,10432512.0,5.062542083362739,6.254513800889253
10444800.0,3.902584195137024,3.898041087388992,10444800.0,234.39561001459757,233.77625799179077,10444800.0,4.502179866035779,6.0461554882427055
10457088.0,3.9000025192896524,3.90218096524477,10457088.0,235.56790161132812,233.82936902046202,10457088.0,3.929138774673144,5.790276448180277
10469376.0,3.846578593055407,3.903321899970372,10469376.0,236.10198338826498,234.13692204157513,10469376.0,3.225330429772536,5.463689089814821
10481664.0,3.8852526048819223,3.895676931987206,10481664.0,234.2449491818746,234.22574601173406,10481664.0,2.855218879878521,5.100171257803837
10493952.0,3.9921860843896866,3.895694651206334,10493952.0,234.19151226679483,234.16629236539205,10493952.0,2.4192087228099504,4.691738043477137
10506240.0,3.9373715619246163,3.904117795328299,10506240.0,234.09002542495728,234.27619398434953,10506240.0,2.144300208737453,4.265298993016282
10518528.0,3.847842243810495,3.9010731284817064,10518528.0,234.3030881881714,234.47122820218405,10518528.0,1.9358107708394527,3.813959569235643
10530816.0,3.8272365679343543,3.905799981455009,10530816.0,234.13981835047403,234.4397761503855,10530816.0,1.7495332347850006,3.3578174299250043
10543104.0,3.845914396146933,3.8987340683738387,10543104.0,236.73549016316733,234.81998818715414,10543104.0,1.6296622330943744,2.945292520398895
10555392.0,3.9005466078718505,3.8885515374441946,10555392.0,235.47166109085083,234.9242039680481,10555392.0,1.5492416607836883,2.5939624781409902
10567680.0,3.9313040847579637,3.891423526406288,10567680.0,235.833145459493,235.06795751253767,10567680.0,1.4552639760077,2.2892708891381823
10579968.0,3.8467546179890633,3.8860987362762294,10579968.0,235.0142265955607,235.01259001096088,10579968.0,1.391291841243704,2.0354861957952375
10592256.0,3.830035018424193,3.8844443788131073,10592256.0,234.16140254338583,234.81853192647299,10592256.0,1.3046483161548774,1.8434179844334722
10604544.0,3.8314984465638795,3.879068962981303,10604544.0,237.34020280838013,235.12805728912355,10604544.0,1.3118956461548805,1.689085661061108
10616832.0,3.9179918244481087,3.871649536987145,10616832.0,236.6464171409607,235.37354777654014,10616832.0,1.2593996822834015,1.5731047570084535
10629120.0,3.8793236687779427,3.8658447476724787,10629120.0,233.93852281570435,235.35839751561485,10629120.0,1.2171555918951829,1.4803902953242263
10641408.0,3.8322928125659623,3.8642898045480245,10641408.0,237.51554028193155,235.67964272499086,10641408.0,1.1825461698075135,1.4050638352210325
10653696.0,3.9340635711948075,3.87497250487407,10653696.0,237.29630263646445,235.9952911535899,10653696.0,1.1517488056172926,1.3452853923042616
10665984.0,3.8613570680220923,3.8765167720615863,10665984.0,236.38594357172647,235.9603364944458,10665984.0,1.25361536629498,1.307680705624322
10678272.0,3.8393633042772612,3.8703984417021275,10678272.0,237.99938297271729,236.21310868263245,10678272.0,1.160412377367417,1.2687977772826948
10690560.0,3.921139657497406,3.869381998976072,10690560.0,238.24214839935303,236.45400897661844,10690560.0,1.143382452428341,1.237609624924759
10702848.0,3.9037290116151175,3.875079438338677,10702848.0,236.82931852340698,236.63551816940307,10702848.0,1.0780827850103378,1.2062887193014225
10715136.0,3.8584649165471396,3.877922428150972,10715136.0,237.4818116823832,236.96755908330277,10715136.0,1.205659406259656,1.1963898283119003
10727424.0,3.8499887312451997,3.8797714566191033,10727424.0,236.44202772776285,236.87774157524103,10727424.0,1.0782227373371522,1.1730225374301275
10739712.0,3.853059204916159,3.8732781946659083,10739712.0,237.21534236272177,236.93463409741722,10739712.0,1.0616687474151452,1.1532494439433019
10752000.0,3.815848521888256,3.86693067997694,10752000.0,237.6505710283915,237.3058389186859,10752000.0,1.0047032088041306,1.1320042056341966
10764288.0,3.825854130089283,3.8662868117292724,10764288.0,236.14290539423624,237.16857542991633,10764288.0,1.0986669311920803,1.1236162817726532
10776576.0,3.8948509097099304,3.862365545580784,10776576.0,238.00544023513794,237.2394891897837,10776576.0,0.9906519986689091,1.107506601077815
10788864.0,3.9416167413194976,3.870391512910525,10788864.0,239.19898986816406,237.5207938194275,10788864.0,0.9716781501968702,1.079312879468004
10801152.0,3.809240162372589,3.867379198720058,10801152.0,239.01011514663696,237.62186703681945,10801152.0,0.9952422796438137,1.0627958696956437
10813440.0,3.85247573753198,3.8605128067235155,10813440.0,237.7761731147766,237.57526950836183,10813440.0,0.9784348905086517,1.0463011135036746
10825728.0,3.8517608990271888,3.8553159954647227,10825728.0,239.12658007939658,237.8049956639608,10825728.0,0.9877121398846308,1.037264048991104
10838016.0,3.7181446403265,3.8412839678426587,10838016.0,238.19646660486856,237.87646115620927,10838016.0,0.9800841026008129,1.0147065186252198
10850304.0,3.675100192427635,3.8237951139609017,10850304.0,239.37020778656006,238.16927916208903,10850304.0,0.9684900622814894,1.0037332511196533
10862592.0,3.7907110576828322,3.8175602992375692,10862592.0,240.74915806452432,238.52266073226923,10862592.0,1.022903163606922,0.9998566927388308
10874880.0,3.8820759877562523,3.824183045824369,10874880.0,239.5836788813273,238.71597151756282,10874880.0,1.019131386031707,1.0012995104615887
10887168.0,3.7215600311756134,3.813753635933002,10887168.0,241.6462942759196,239.26631040573116,10887168.0,1.0234572626650333,0.993778543608884
10899456.0,3.7213481441140175,3.796403359373411,10899456.0,240.57121260960898,239.5228876431783,10899456.0,1.0442305350055296,0.9991363972425461
10911744.0,3.7402957851688066,3.7762712637583413,10911744.0,240.5119573275248,239.6541843891144,10911744.0,1.0347407975544531,1.0054426619783043
10924032.0,3.733650172750155,3.7687122647960978,10924032.0,241.61493810017905,239.9146666844686,10924032.0,1.025252057860295,1.0084436397999526
10936320.0,3.8021802231669426,3.7636827133595943,10936320.0,239.3712264696757,240.0741720199585,10936320.0,0.9955448557933172,1.0101546363284188
10948608.0,3.8316050494710603,3.761667128403981,10948608.0,238.88639148076376,240.05015316009522,10948608.0,1.039413658902049,1.0153247882301608
10960896.0,3.7778503919641175,3.7676377035677424,10960896.0,237.31585884094238,239.9620923837026,10960896.0,1.0183967811365922,1.0191560560837387
10973184.0,3.7747975612680116,3.7776074404517805,10973184.0,233.00711663564047,239.32578326861062,10973184.0,1.0242621966948111,1.0247332695250713
10985472.0,3.8359197850028672,3.782128313183784,10985472.0,226.29033613204956,237.87990107536316,10985472.0,1.03069113381207,1.0255120665455857
10997760.0,3.745247888068358,3.768445503214995,10997760.0,223.8880263964335,236.31033582687377,10997760.0,1.0112562738358974,1.0247245553260047
11010048.0,3.7712897062301636,3.7734184707204497,11010048.0,229.32651789983115,235.07835818926497,11010048.0,1.0347736657907565,1.025856195638577
11022336.0,3.7908681631088257,3.7803704726199308,11022336.0,227.86932039260864,233.8081689675649,11022336.0,1.0134150547285874,1.022774647610883
11034624.0,3.76937323063612,3.783278217166662,11034624.0,215.17017539342245,231.2739907741547,11034624.0,1.0191357483466466,1.0212141426901025
11046912.0,3.7323329051335654,3.783146490405003,11046912.0,210.72455660502115,228.1849526246389,11046912.0,1.0503287228445213,1.0237218091885247
11059200.0,3.6890937363108,3.771837841719389,11059200.0,220.9674768447876,226.3445776621501,11059200.0,1.0995555315166712,1.0341228767608601
11071488.0,3.7986881186564765,3.768546148637931,11071488.0,230.46708218256632,225.50264673233033,11071488.0,1.054581097016732,1.0356396205723284
11083776.0,3.6846389149626098,3.75922500093778,11083776.0,235.42195415496826,225.3132562637329,11083776.0,1.0270873078455527,1.0365086732432247
11096064.0,3.6276634658376374,3.7445115913947418,11096064.0,237.92087427775064,225.8046320279439,11096064.0,1.0629894901067019,1.0403814025844136
11108352.0,3.8497118055820465,3.74589079345266,11108352.0,243.55663919448853,227.5312623341878,11108352.0,1.0460059822847445,1.0419128874316814
11120640.0,3.867644382019838,3.7581304428478086,11120640.0,250.64813375473022,230.2072730700175,11120640.0,1.0222226716578007,1.0430095272138715
11132928.0,3.709817558526993,3.751983228077491,11132928.0,250.85629081726074,232.36025036176042,11132928.0,1.062784758086006,1.0458106364433966
11145216.0,3.7111823062102,3.7440146423876284,11145216.0,256.8455282847087,235.2578711509704,11145216.0,1.0108252509186666,1.045551656062404
11157504.0,3.71796336521705,3.7388736558457216,11157504.0,263.3972735404968,240.08058096567788,11157504.0,1.0344451076040666,1.0470825919881463
11169792.0,3.644592342277368,3.730099599560102,11169792.0,265.2150796254476,245.52963326772056,11169792.0,1.0319442600011826,1.0452441457038124
11182080.0,3.6726977775494256,3.7284600036839644,11182080.0,263.83221705754596,249.81610728899642,11182080.0,1.0299155159542959,1.0382801441475746
11194368.0,3.778027020394802,3.7263938938577965,11194368.0,266.4103449185689,253.41043356259667,11194368.0,1.1073083660254877,1.0435528710484503
11206656.0,3.743090070784092,3.732239009439945,11206656.0,269.0632821718852,256.7745663642883,11206656.0,1.0298339842508237,1.0438275386889775
11218944.0,3.751028299331665,3.7445754927893473,11218944.0,271.35321712493896,260.11780064900717,11218944.0,1.0341408668706815,1.0409426763653753
11231232.0,3.6889187345902124,3.7284961856901644,11231232.0,276.0479060808818,263.3669273376464,11231232.0,1.0472238169362147,1.0410644598305225
11243520.0,3.6905995110670724,3.7107916985948877,11243520.0,276.13255564371747,265.9153695265452,11243520.0,1.0495643864075344,1.043798631305496
11255808.0,3.700912860532602,3.7099012287954487,11255808.0,277.5204792022705,268.5817883650462,11255808.0,1.0665872376412153,1.044178879261017
11268096.0,3.658803919951121,3.7046633901695407,11268096.0,281.5918920834859,271.0564247449239,11268096.0,1.0412180883189042,1.0472181630010406
11280384.0,3.726827641328176,3.7055498177806534,11280384.0,283.45493666330975,273.0621910572052,11280384.0,1.040615115314722,1.0478351637721064
11292672.0,3.7907809019088745,3.7201686737438044,11292672.0,283.70716698964435,274.91139979362487,11292672.0,1.064401191348831,1.051080856906871
11304960.0,3.7540128802259765,3.7283001840114594,11304960.0,287.9796350797017,277.3261415958405,11304960.0,1.0451667122542858,1.05260597653687
11317248.0,3.7114907751480737,3.7216465594867865,11317248.0,293.9797347386678,280.08308057785035,11317248.0,1.0342309915771086,1.0452982390920322
11329536.0,3.7012874434391656,3.7174662967522933,11329536.0,298.38803211847943,283.01555557250975,11329536.0,1.0264829353739817,1.0449631342043482
11341824.0,3.744681306183338,3.716831597437461,11341824.0,303.8803613980611,286.26826999982194,11341824.0,1.032080492625634,1.044757096779843
11354112.0,3.7293231586615243,3.7208720398445925,11354112.0,310.05228503545123,289.66870789527894,11354112.0,1.061950479944547,1.0462297630806765
11366400.0,3.832972009976705,3.7351092897355556,11366400.0,316.05397176742554,293.66084950764974,11366400.0,1.031281303614378,1.0444014548013607
11378688.0,3.7378273655970893,3.738800740242005,11378688.0,320.16071796417236,297.9248733838399,11378688.0,1.0425899550318718,1.0420017265404264
11390976.0,3.717136467496554,3.7446339949965477,11390976.0,324.489861647288,302.2146703402201,11390976.0,1.0309760899593432,1.0409775267044703
11403264.0,3.768893529971441,3.7488405838608743,11403264.0,331.6398895581563,307.03316562970474,11403264.0,1.053420936067899,1.0422581087797882
11415552.0,3.891108028590679,3.7588732965290546,11415552.0,329.4277272224426,311.6052216529846,11415552.0,1.0367007826765378,1.0394880679125589
11427840.0,3.6648169631759324,3.7499537048240503,11427840.0,337.957084496816,316.60296659469606,11427840.0,1.0520880824575822,1.0401802049328883
11440128.0,3.744119400779406,3.753216567387183,11440128.0,350.23223463694256,322.22821658452347,11440128.0,1.0675164771576722,1.0435087534909446
11452416.0,3.721317581832409,3.7552195812265077,11452416.0,357.9762171109517,328.18703508377075,11452416.0,1.1115337715794642,1.052013837111493
11464704.0,3.67697237432003,3.7484486880401775,11464704.0,360.85235436757404,333.88423438072203,11464704.0,1.0686776153743267,1.0556735493863623
11476992.0,3.7748151818911233,3.7529978903631367,11476992.0,367.66990423202515,339.6459963003794,11476992.0,1.0726237073540688,1.0567408721273144
11489280.0,3.7785652950406075,3.7475572188695265,11489280.0,375.56042289733887,345.5966414133708,11489280.0,1.0646893264104922,1.0600816744069257
11501568.0,3.8076715071996055,3.754541633029779,11501568.0,382.17921924591064,351.7984915415446,11501568.0,1.1012973816444476,1.0659524170681833
11513856.0,3.8027036786079407,3.7630983541409178,11513856.0,383.50190258026123,357.69969563484193,11513856.0,1.0763584536810715,1.0704906534403562
11526144.0,3.7892821356654167,3.7651372147103146,11526144.0,391.28663031260174,363.66436971028645,11526144.0,1.0769579509894054,1.0728443549325068
11538432.0,3.8278710121909776,3.7588135130703444,11538432.0,389.96193408966064,369.71779039700823,11538432.0,1.0581589030722778,1.0749901669720807
11550720.0,3.8120346143841743,3.7735352781911686,11550720.0,402.0845931371053,376.1305412610372,11550720.0,1.0528415124863386,1.0750655099749564
11563008.0,3.8729867339134216,3.7864220115045706,11563008.0,405.39804522196454,381.64712231953933,11563008.0,1.0693349267045658,1.0752473549296457
11575296.0,3.8438608894745507,3.7986763422687844,11575296.0,409.20832443237305,386.77033305168146,11575296.0,1.0306281310816605,1.0671567908798654
11587584.0,3.841181347767512,3.8150972396135323,11587584.0,414.40761216481525,392.1258588314057,11587584.0,1.152191312983632,1.0755081606407961
11599872.0,3.825760416686535,3.8201917630930735,11599872.0,420.06207688649494,397.3650760968527,11599872.0,1.0838840783884127,1.0766341977442304
11612160.0,3.8060594275593758,3.8229411763449503,11612160.0,425.6386022567749,402.37289403279624,11612160.0,1.0861018591870863,1.0787754510218899
11624448.0,3.873040849963824,3.8294781106213724,11624448.0,428.45062891642254,407.0000349998474,11624448.0,1.1106624820580084,1.079711961063246
11636736.0,3.816315084695816,3.8308392512301603,11636736.0,431.7950569788615,411.82935043970735,11636736.0,1.1048373319208622,1.082559848887225
11649024.0,3.8112071628371873,3.833031753947337,11649024.0,439.50189717610675,416.65087712605794,11649024.0,1.084653961782654,1.08332944996655
11661312.0,3.8426662907004356,3.834511281798283,11661312.0,440.6544020970662,421.7201239267985,11661312.0,1.129169291506211,1.0904304888099432
11673600.0,3.8791008541981378,3.841217905779679,11673600.0,440.9427550633748,425.6059401194255,11673600.0,1.0938830034186442,1.0945346379031737
11685888.0,3.860465178887049,3.8399657502770417,11685888.0,446.11502202351886,429.67763779958085,11685888.0,1.1054385211318731,1.0981449973459045
11698176.0,3.8178641721606255,3.8373660785456494,11698176.0,449.9247926076253,433.7492846171061,11698176.0,1.0966132606069248,1.1047435102984307
11710464.0,3.790484845638275,3.832296428332726,11710464.0,454.7981929779053,437.7883426984152,11710464.0,1.1100897410263617,1.1005333531027037
11722752.0,3.8259198566277823,3.832312372326851,11722752.0,462.1450780232747,441.99664281209306,11722752.0,1.1350729558616877,1.1056522408500316
11735040.0,3.8151397481560707,3.8332204043865206,11735040.0,463.7495361963908,445.8077362060547,11735040.0,1.1179539940009515,1.1088374543314177
11747328.0,3.904485248029232,3.836364844193061,11747328.0,471.3691921234131,450.0995925267537,11747328.0,1.0882530696690083,1.1065965130925177
11759616.0,3.8680960113803544,3.841542936861515,11759616.0,474.98054186503094,454.4181410153707,11759616.0,1.1101255882531404,1.1071253387257456
11771904.0,3.8637687464555106,3.8467990952233473,11771904.0,479.7128206888835,458.4392333666484,11771904.0,1.1151358243077993,1.1101735249782603
11784192.0,3.8205805445710816,3.8445905206104114,11784192.0,485.63142108917236,462.936935265859,11784192.0,1.1090486496686935,1.1081614607945085
11796480.0,3.8183703571558,3.838517470906178,11796480.0,484.6996126174927,467.31262102127073,11796480.0,1.138595853621761,1.1126327458148202
11808768.0,3.8113143891096115,3.8336023919284345,11808768.0,494.2522967656453,472.1263484954834,11808768.0,1.13857323055466,1.115946216757099
11821056.0,3.8248707031210265,3.8343030450244746,11821056.0,507.36766242980957,477.87063547770185,11821056.0,1.1269552012284596,1.1189804108192525
11833344.0,3.9887476737300553,3.8541293278336526,11833344.0,507.54245535532635,483.145061715444,11833344.0,1.1587808337062597,1.1238495200872423
11845632.0,3.897032842040062,3.8612406263748804,11845632.0,517.5313495000204,488.68368886311845,11845632.0,1.1490760035812855,1.125249824859202
11857920.0,3.9150479088226953,3.8712314424415424,11857920.0,527.299570719401,495.03869231541955,11857920.0,1.154422016814351,1.1288966271405418
11870208.0,3.8621606479088464,3.8669989824295037,11870208.0,544.2134094238281,502.32311404546107,11870208.0,1.1506675568719704,1.135138075860838
11882496.0,3.903791387875875,3.8705685200790563,11882496.0,548.6697463989258,509.69203449885055,11882496.0,1.1439077152560155,1.1385162885611255
11894784.0,3.945608360071977,3.8787524814407037,11894784.0,560.0400721232096,517.7247596422832,11894784.0,1.1659243311733007,1.1435951392476758
11907072.0,3.976246697207292,3.8943190967043244,11907072.0,572.965849240621,526.458202457428,11907072.0,1.1904589502761762,1.1517361693084238
11919360.0,3.8840619375308356,3.900888254741828,11919360.0,591.1274830500284,537.1009895006815,11919360.0,1.1784258019179106,1.1557191641380389
11931648.0,3.9469556162754693,3.9144523774584137,11931648.0,608.459968884786,548.5217567125957,11931648.0,1.1903143860399723,1.16089327968657
11943936.0,3.955356645087401,3.927500971655051,11943936.0,619.9874245325724,559.7837329228719,11943936.0,1.1764884889125824,1.1658466084549826
11956224.0,3.963465760151545,3.9249727802971996,11956224.0,642.0070193608602,573.2301893234253,11956224.0,1.2215981545547645,1.172128340539833
11968512.0,3.9346605613827705,3.9287355522314704,11968512.0,655.0915619532267,586.986210568746,11968512.0,1.2198787312954664,1.1792086133112512
11980800.0,3.957747412224611,3.9330055025716626,11980800.0,662.8159793217977,600.5378514289856,11980800.0,1.2051814254373312,1.1842845541735492
11993088.0,4.000824136038621,3.9468718513846404,11993088.0,669.1774663925171,613.0342571258544,11993088.0,1.1875941703716915,1.187977215523521
12005376.0,3.9211064701279006,3.948603359609843,12005376.0,684.3480936686198,626.602091852824,12005376.0,1.1757536369065444,1.191161807688574
12017664.0,3.9526586333910623,3.9493083869417505,12017664.0,698.622527440389,640.4603373845418,12017664.0,1.1859232131391764,1.1931616958851614
12029952.0,4.07117918630441,3.958801635851463,12029952.0,718.2881736755371,654.9925698280333,12029952.0,1.1962477465470631,1.1937405755122503
12042240.0,4.0455628881851835,3.974951730916897,12042240.0,719.7343896230062,667.8532604853312,12042240.0,1.2174497718612354,1.1976429725065827
12054528.0,3.9486306632558503,3.9751192356149354,12054528.0,720.2825994491577,679.0355235417684,12054528.0,1.2105168557415407,1.1996632194767394
12066816.0,3.9856219043334327,3.978145761539539,12066816.0,732.158997853597,690.2526808738709,12066816.0,1.1921424760172765,1.201228618187209
12079104.0,4.0248397290706635,3.984283158431451,12079104.0,739.0747591654459,699.9594548543295,12079104.0,1.2253628602872293,1.2016050887604552
12091392.0,4.009373446305593,3.991754446923733,12091392.0,746.6713905334473,709.1174377123515,12091392.0,1.2181819292406242,1.2014354085549712
12103680.0,4.013595608373483,3.9973392665386207,12103680.0,751.4955088297526,717.9853906631471,12103680.0,1.2389935062577326,1.2048166166370113
12115968.0,4.102136659125487,4.007470518847306,12115968.0,762.2268568674723,727.2903297106426,12115968.0,1.2237596499423187,1.2084331645940742
12128256.0,4.060079008340836,4.0213677726686,12128256.0,789.8852818806967,737.8440485318503,12128256.0,1.1913328096270561,1.2099910818661253
12140544.0,4.037154366572698,4.029817345986763,12140544.0,795.1869214375814,747.5004879315694,12140544.0,1.2134429092208545,1.2127430514742932
12152832.0,4.077978305518627,4.030497257908186,12152832.0,782.3061803181967,753.9022885958353,12152832.0,1.1991496526946623,1.213033242089053
12165120.0,4.099168047308922,4.035857773820559,12165120.0,783.4760080973307,760.2764504432678,12165120.0,1.1965445646395285,1.2109427213668824
12177408.0,4.032652576764424,4.044259965171417,12177408.0,793.1791025797526,767.5661007563274,12177408.0,1.2234249170869589,1.2122335275014242
12189696.0,4.125871700545152,4.058284944792589,12189696.0,802.3266016642252,774.5828611373902,12189696.0,1.2089392493168514,1.2139132048313817
12201984.0,4.098511032760143,4.065652075161537,12201984.0,803.6658121744791,781.0419664382935,12201984.0,1.2205249027659495,1.2134294090792537
12214272.0,4.10044181595246,4.074758912126223,12214272.0,823.1677474975586,788.6916021347046,12214272.0,1.2284754905849695,1.2144587652136882
12226560.0,4.088489192227523,4.082248270511626,12226560.0,836.3137798309326,797.1734292348226,12226560.0,1.229667470480005,1.2135261616359154
12238848.0,4.159858142336209,4.0880204188327,12238848.0,849.0523490905762,805.855978457133,12238848.0,1.2173258308321238,1.212882779724896
12251136.0,4.146751031279564,4.096687621126572,12251136.0,842.3581797281901,811.1032682418823,12251136.0,1.228339457263549,1.2165834444885453
12263424.0,4.124823398888111,4.105454524358113,12263424.0,838.6216716766357,815.4467432657877,12263424.0,1.219201933592558,1.2171593469257158
12275712.0,4.1286754583319025,4.110524239639441,12275712.0,853.1128520965576,822.5274104436237,12275712.0,1.2192401352028053,1.2191683951765298
12288000.0,4.157226401070754,4.116330075015624,12288000.0,841.0172379811605,828.2815334320069,12288000.0,1.2246281219025452,1.2219767509028316
12288.0,2.12811898936828,3.9258767162760093,12288.0,2.12811898936828,749.1764350729684,12288.0,2.12811898936828,1.3124461581309639
24576.0,0.1992942150682211,3.5332189677283177,24576.0,0.1992942150682211,668.9637043280526,24576.0,0.19958655179167786,1.2115108883784462
36864.0,0.10380274492005508,3.133748138944308,36864.0,0.10380274492005508,588.6075033850968,36864.0,0.1037294821968923,1.0998313463215406
49152.0,0.06151932388699303,2.729855889737762,49152.0,0.06151932388699303,506.29688056772966,49152.0,0.06240661966148764,0.9832244592291923
61440.0,0.04331606075478097,2.325338576590487,61440.0,0.04331606075478097,422.66983419071187,61440.0,0.04399868506394947,0.8646575806875868
73728.0,0.032520550749419876,1.9126048174318082,73728.0,0.032520550749419876,337.76785133672917,73728.0,0.03248312333986784,0.7461733099383613
86016.0,0.023670889961067587,1.5002968032999582,86016.0,0.023670889961067587,253.53440045290625,86016.0,0.02436470886459574,0.625775835098466
98304.0,0.017880433374860633,1.0896025067486337,98304.0,0.017880433374860633,169.67402132858018,98304.0,0.01804561060271226,0.5056602027994813
110592.0,0.01403885988596206,0.6781388469040394,110592.0,0.01403885988596206,84.36414000491303,110592.0,0.013886153125592196,0.3851248045917601
122880.0,0.011573214074208712,0.26357352820438495,122880.0,0.011573214074208712,0.26357352820438495,122880.0,0.011251128225315673,0.2637871052240371
135168.0,0.009645102642631779,0.05172613953182008,135168.0,0.009645102642631779,0.05172613953182008,135168.0,0.009562989716262868,0.051931505258835386
147456.0,0.008744640343744928,0.03267118205937247,147456.0,0.008744640343744928,0.03267118205937247,147456.0,0.008256678585894406,0.03279851793825704
159744.0,0.007757550847600214,0.023066662652126976,159744.0,0.007757550847600214,0.023066662652126976,159744.0,0.007528453769433933,0.023178415095511197
172032.0,0.007625694828069148,0.01767729974623459,172032.0,0.007625694828069148,0.01767729974623459,172032.0,0.007616897622938268,0.017699442891656265
184320.0,0.008264015501481481,0.014172095220904643,184320.0,0.008264015501481481,0.014172095220904643,184320.0,0.0075821656646439806,0.014057790951725716
196608.0,0.008541894790444834,0.011774229625007137,196608.0,0.008530453681790581,0.011773085514141711,196608.0,0.008344227098859847,0.011643901327624917
208896.0,0.00889966348283148,0.010297106977183525,208896.0,0.009001042815119339,0.010306100799546886,208896.0,0.009175112112037217,0.010124941652369063
221184.0,0.009247671870980412,0.009433830826795506,221184.0,0.009153759150649421,0.009433433377125766,221184.0,0.009241829451639205,0.009244563537261758
233472.0,0.009710895358390795,0.009001034374038378,233472.0,0.009548456844640896,0.00898439307299365,233472.0,0.009045020395812267,0.008760450264283768
245760.0,0.009787568104608605,0.008822469777078368,245760.0,0.009561988840384098,0.00878327054961119,245760.0,0.00829928498812175,0.008465265940564376
258048.0,0.009465782616947157,0.008804537774509905,258048.0,0.009229882644528212,0.008741748549800834,258048.0,0.007432458907715045,0.008252212859709594
270336.0,0.009153984957568658,0.008845472235892278,270336.0,0.00883824669290334,0.008751109184716674,270336.0,0.006982365826843306,0.008124781583804483
282624.0,0.008704841791768558,0.008940201330309112,282624.0,0.00834330340148881,0.008809684440105532,282624.0,0.006886062061918589,0.008060542413052946
294912.0,0.00817757490343259,0.008995389337845456,294912.0,0.008040592176257633,0.00885117417492438,294912.0,0.0067401475049943356,0.007972867401258554
307200.0,0.007961569926313436,0.008965144780328652,307200.0,0.00784194650380717,0.00880896727515695,307200.0,0.005761539211865359,0.007790804755980691
319488.0,0.007155926335447778,0.008826547934828946,319488.0,0.0069075534120202065,0.00864667724817991,319488.0,0.005607232281666559,0.007517105274261362
331776.0,0.006723142204767403,0.008608895807022537,331776.0,0.006819051205335806,0.008428478087201558,331776.0,0.005501414256286807,0.007149735488686322
344064.0,0.0070631051930831745,0.008390439139232816,344064.0,0.007004239829257131,0.00821352615506233,344064.0,0.00512237504881341,0.006737790048403742
356352.0,0.007210384632344358,0.008140388066628172,356352.0,0.0075656920186399175,0.008015249672462232,356352.0,0.005167858034837991,0.006350073812306315
368640.0,0.007019802869763225,0.007863611543143634,368640.0,0.007260622999941309,0.007785113088417952,368640.0,0.005146099814737681,0.006034755294967909
380928.0,0.006578685701242648,0.007574901851573182,380928.0,0.006781323686785375,0.007540257192643669,380928.0,0.004906432351466113,0.005782152639343016
393216.0,0.0065372658233779175,0.007313229938154109,393216.0,0.006853908906729582,0.007341823414026294,393216.0,0.004541664891197191,0.005538082545778404
405504.0,0.0065333007466203226,0.0070960758336392855,405504.0,0.006776554291718639,0.007185148503049278,405504.0,0.004497309479726634,0.005299207287559208
417792.0,0.00653523881919682,0.0069318422252157095,417792.0,0.006811342042055912,0.007062223489629105,417792.0,0.0040540084907358205,0.005030593386133356
430080.0,0.00664002832005887,0.006799688064590252,430080.0,0.006922656204551458,0.006970294459703534,430080.0,0.003775039794466769,0.004831943444393498
442368.0,0.006614028354912686,0.006745498266536742,442368.0,0.006935657763582033,0.006973104894859717,442368.0,0.0035112407422275282,0.0046223442904495945
454656.0,0.006582789583868968,0.006731463004446899,454656.0,0.0068721911472190795,0.006978418889048044,454656.0,0.003322608201415278,0.004404463684962441
466944.0,0.006566814188166366,0.006681833903955219,466944.0,0.006788256563595496,0.00695682056248188,466944.0,0.003067809831312237,0.004199007163212324
479232.0,0.006590433404198848,0.006619838781140667,479232.0,0.006842009039246477,0.006884452264542537,479232.0,0.002873737995590394,0.003969595159287564
491520.0,0.006650631415444271,0.0065829216357087715,491520.0,0.006804701843066141,0.006838860148855019,491520.0,0.0027485799570664917,0.003729843173520446
503808.0,0.006627675048851718,0.006587820570469678,503808.0,0.006781888039161761,0.006838916584092658,503808.0,0.0028277999748146008,0.003521979935855295
516096.0,0.006566722726953837,0.00659076626082727,516096.0,0.006842195703939069,0.006837745263813607,516096.0,0.003040413069053708,0.003371854753640946
528384.0,0.006573370851886769,0.006594773271353915,528384.0,0.006889015533185254,0.0068489913879602685,528384.0,0.0031038732607460893,0.003232511131742892
540672.0,0.006534021772192015,0.006594651566653435,540672.0,0.006836326133149366,0.006851489797069612,540672.0,0.0031681038138534254,0.003143920664054652
552960.0,0.006480526877567172,0.006578701422404265,552960.0,0.006992133033539479,0.006858437479968416,552960.0,0.003334994032532753,0.0030999160878612503
565248.0,0.006508545826363843,0.00656815316954938,565248.0,0.006724034809546235,0.006837275184564835,565248.0,0.003182162432494806,0.0030670082568879783
577536.0,0.006583036903369551,0.006568177901499439,577536.0,0.00691415530066782,0.00684147159990971,577536.0,0.003463977157177093,0.00308114515246416
589824.0,0.006523032403492834,0.006563799723032085,589824.0,0.006884293562810247,0.006851075299831186,589824.0,0.0036331564260763116,0.0031376798119405677
602112.0,0.006575787658221088,0.006562335148434309,602112.0,0.006795403930785445,0.0068464147889850824,602112.0,0.0037531862981268205,0.0032256246421942096
614400.0,0.006540067467237047,0.006551278753613587,614400.0,0.006824825987375031,0.0068484272034159705,614400.0,0.00368280951079214,0.003319047597566775
626688.0,0.006471064189099707,0.006535617667638385,626688.0,0.006764971224280695,0.006846735521927863,626688.0,0.0037493614217964932,0.003411203742264964
638976.0,0.006613049343286548,0.006540250329271658,638976.0,0.006918846590754886,0.006854400610609446,638976.0,0.0037324882335572815,0.0034804112587153214
651264.0,0.006475100946166397,0.00653042333869962,651264.0,0.006793443991530997,0.00684484345644402,651264.0,0.0040606290713185444,0.0035760868397725666
663552.0,0.006467296416910055,0.006523750803171424,663552.0,0.006928151652876598,0.006854026008416743,663552.0,0.004087876026460435,0.0036680640610332682
675840.0,0.006453470952692442,0.006521045210683951,675840.0,0.006843320986566444,0.006839144803719439,675840.0,0.00420547337125754,0.0037551119949057465
688128.0,0.00654902830622935,0.006525093458670502,688128.0,0.0068816605004637195,0.006854907372811188,688128.0,0.0046002498784218915,0.003896920739498455
700416.0,0.006484763357245053,0.0065152661040580526,700416.0,0.006710404874562907,0.006834532330200696,700416.0,0.004236459576835235,0.003974168981464269
712704.0,0.006388020587716407,0.006501764922480409,712704.0,0.006809167095828646,0.006827019683502536,712704.0,0.004406264143957135,0.004051479753252352
724992.0,0.006418708180717658,0.006486056974730067,724992.0,0.006883950307383202,0.006835874321162313,724992.0,0.004616319614190918,0.004137793084858761
737280.0,0.006383230684150476,0.006470373296421408,737280.0,0.0069224128892528825,0.0068456330113500965,737280.0,0.00483740621226995,0.004253252755006542
749568.0,0.006452057825905892,0.006468472660102029,749568.0,0.006803852052447231,0.006849521094166751,749568.0,0.004764742736976284,0.004354790886524521
761856.0,0.006437896927915669,0.00645095741856494,761856.0,0.006811530343838967,0.00683878946947516,761856.0,0.004959493945837797,0.004477491457752573
774144.0,0.006507346030654541,0.006454181927013754,774144.0,0.0068243135926119676,0.006841876429583256,774144.0,0.004836851633929958,0.004555113714013714
786432.0,0.006376325674258017,0.006445084852748551,786432.0,0.00680488613822187,0.006829549878117782,786432.0,0.0046405464405931225,0.004610380755426983
798720.0,0.006373431337124202,0.006437080891191727,798720.0,0.0067702404339797795,0.0068222418228591165,798720.0,0.004536027163946225,0.004643436134695851
811008.0,0.0063930593969416805,0.00642148400026296,811008.0,0.006682454586552922,0.006802321231468037,811008.0,0.0045252996909160475,0.004635941115945267
823296.0,0.006249721559773509,0.006397979820515804,823296.0,0.006732982357789297,0.006804578979790676,823296.0,0.0044445579769671895,0.004656750955958463
835584.0,0.006423327499457325,0.006401510511689898,835584.0,0.006781534577991503,0.006801815728006963,835584.0,0.004549462343372094,0.004671070775899958
847872.0,0.006466727342437177,0.006406312427861849,847872.0,0.006789431135985069,0.0067923638108671495,847872.0,0.004456697727922195,0.004655108587273086
860160.0,0.006467165512731299,0.0064147059107199315,860160.0,0.006863511836854741,0.006786473705627334,860160.0,0.004477150342912258,0.004619083000337318
872448.0,0.0063889614345195396,0.006408396271581296,872448.0,0.006758271253299124,0.006781915625712525,872448.0,0.004955291590401127,0.004638137885679801
884736.0,0.006295260083182559,0.006394132587107986,884736.0,0.006768455420872972,0.006777608133415924,884736.0,0.005314994295379923,0.0046736879206340145
897024.0,0.00639761066850042,0.0063831590508925725,897024.0,0.006724554781006494,0.006767632252255377,897024.0,0.00523639294745711,0.00471364205198673
909312.0,0.006373271860259895,0.006382853669492761,909312.0,0.006748650732333772,0.006762008711666568,909312.0,0.00469593943610865,0.004719181351538282
921600.0,0.00643667443364393,0.006389177979144733,921600.0,0.006797286206468319,0.0067647132889154206,921600.0,0.004946312285028398,0.004760209863646499
933888.0,0.006350419612620802,0.0063849140007126454,933888.0,0.006717339660099242,0.006768201796270054,933888.0,0.004823471615964081,0.004790027056151303
946176.0,0.0063192398301907815,0.006391865827754373,946176.0,0.006750475518250217,0.006769951112316146,946176.0,0.004601044366912295,0.004805675695145813
958464.0,0.006336842896416783,0.0063832173674503185,958464.0,0.006754558252093072,0.006767253479726303,958464.0,0.004403167297520365,0.0047910461905606395
970752.0,0.0064289202928193845,0.0063794366624885385,970752.0,0.0067728084565411946,0.0067655912117819145,970752.0,0.00420740976066251,0.004766117393834671
983040.0,0.006293027380403752,0.006362022849255784,983040.0,0.006723035454342607,0.006751543573530701,983040.0,0.004118935459700879,0.004730295905513533
995328.0,0.00629433633487982,0.006352560339291813,995328.0,0.006816722311972019,0.006757388679397991,995328.0,0.004462138286423094,0.00468098057511573
1007616.0,0.00623776599240955,0.006346810930214511,1007616.0,0.006711951311444864,0.006751738268455179,1007616.0,0.004869350579004579,0.004636416203478195
1019904.0,0.006260901590091332,0.006333140022373602,1019904.0,0.006778148720817019,0.006757097662436232,1019904.0,0.004977726566721685,0.004610549565404654
1032192.0,0.0062738288421921124,0.006323195720566823,1032192.0,0.006709610529166336,0.006753193642119489,1032192.0,0.004491924674463614,0.0045901480892401505
1044480.0,0.006205914498423226,0.006300119727044753,1044480.0,0.0067451384287172305,0.00674797886434438,1044480.0,0.004663460548423852,0.004561862915579694
1056768.0,0.006306949920447853,0.006295772757827459,1056768.0,0.006710775424532282,0.006747322440787684,1056768.0,0.004857072097365744,0.004565222963719862
1069056.0,0.006075880667291737,0.006271436841537556,1069056.0,0.006665009301893103,0.006738775819151973,1069056.0,0.006304187748658781,0.00473553730189451
1081344.0,0.006106583251190993,0.006248410877014976,1081344.0,0.006717034707738397,0.006735023464716505,1081344.0,0.00504272536636563,0.004799493108779037
1093632.0,0.006209537326261246,0.006226472580359162,1093632.0,0.0067587106362528475,0.006733613682687671,1093632.0,0.0067160305673799785,0.0050503551894507835
1105920.0,0.0062627594646376865,0.006223445788782556,1105920.0,0.006753662407087783,0.006736676377962188,1105920.0,0.007150696170962571,0.005353531260576953
1118208.0,0.006253293412252485,0.006219341496519822,1118208.0,0.006607729284345017,0.006715777075199487,1118208.0,0.009902664857994145,0.005897583917734058
1130496.0,0.006257913218481311,0.006221356219126998,1130496.0,0.006725958116779414,0.006717177755732944,1130496.0,0.011759393407070698,0.00658658820054067
1142784.0,0.006314431285621443,0.00622670918868001,1142784.0,0.0066346972598694265,0.006702832609638184,1142784.0,0.011342781290295534,0.007223093672898054
1155072.0,0.0062829029047861695,0.006227616594939415,1155072.0,0.0067273370999222,0.00670460526671377,1155072.0,0.016172014676461306,0.008391102673097823
1167360.0,0.006344886086784148,0.006241513753775507,1167360.0,0.006688368691053863,0.006698928292947433,1167360.0,0.020958617130721297,0.010020618331327568
1179648.0,0.006393812346990065,0.006250199996429728,1179648.0,0.006820710613586319,0.006709921811852837,1179648.0,0.02159475311054848,0.01169438643264584
1191936.0,0.0062929636260378174,0.0062719082923043375,1191936.0,0.006745517700134466,0.006717972651676974,1191936.0,0.0348738127698501,0.014551348934764974
1204224.0,0.0064084274442090345,0.00630209271160614,1204224.0,0.006736684947100002,0.006719937675613133,1204224.0,0.04027511249296367,0.018074587647424777
1216512.0,0.006373365887460143,0.00631847556772603,1216512.0,0.006609752711180287,0.006705041883105878,1216512.0,0.05384079423189784,0.022787064013876562
1228800.0,0.006304740527411923,0.006322673674003454,1228800.0,0.006653518197708763,0.006695027462167977,1228800.0,0.06131583465806519,0.028203577862586825
1241088.0,0.006355319562620328,0.006332876289040237,1241088.0,0.0066828944788236795,0.0067025439816158425,1241088.0,0.07165940476503845,0.03437925185329126
1253376.0,0.006324332049795582,0.0063395181721716655,1253376.0,0.006717430985493896,0.006701691268487291,1253376.0,0.08124926100329806,0.041328238612913994
1265664.0,0.006315060786922307,0.006339581122301752,1265664.0,0.00664262993329127,0.006702484535829475,1265664.0,0.11270573129877448,0.05146453361376189
1277952.0,0.006389917323152379,0.006350282564138374,1277952.0,0.006789602851010083,0.006708711110938263,1277952.0,0.12656602108230194,0.06250393425434594
1290240.0,0.006401978593203239,0.0063559918147802815,1290240.0,0.006831818856881,0.006723056127520976,1290240.0,0.13721731957048178,0.07412980449832199
1302528.0,0.006431983846899432,0.006359808964771218,1302528.0,0.006714164112054277,0.006712401477367773,1302528.0,0.15824825510693094,0.08779515469796026
1314816.0,0.006327236243426644,0.006363236226510101,1314816.0,0.006828015170564565,0.006720651224410783,1314816.0,0.17069390897328654,0.1013771643183039
1327104.0,0.006316467173746787,0.006354040199463876,1327104.0,0.006730808551462057,0.006720063584846987,1327104.0,0.18656780694921812,0.11600643376392934
1339392.0,0.006356323702978746,0.006352335981015736,1339392.0,0.006721742851368617,0.00673126259886582,1339392.0,0.19805022422224283,0.13042737676296384
1351680.0,0.006287393701010539,0.006350601298375598,1351680.0,0.0067610389620919404,0.006742014675304139,1351680.0,0.21145869923445085,0.14544166322060242
1363968.0,0.006362633056899843,0.00635133264780355,1363968.0,0.006703401881774577,0.006744065415599227,1363968.0,0.23373720546563467,0.16164944329066203
1376256.0,0.006301010893366765,0.006349000532160668,1376256.0,0.00679322931440159,0.006751645248489997,1376256.0,0.2443290976807475,0.17795742695840697
1388544.0,0.006303560451973074,0.0063478504986657445,1388544.0,0.006797555004595779,0.006767137755620449,1388544.0,0.24152862063298622,0.19083971589182816
1400832.0,0.0064221395465816995,0.006351072721008677,1400832.0,0.00686174296909788,0.0067743517674292274,1400832.0,0.26099806496252614,0.20428292027985057
1413120.0,0.006297709890835297,0.006340645850771882,1413120.0,0.006807970959926024,0.006771966977733732,1413120.0,0.2503498294390738,0.21559617126670974
1425408.0,0.0063133295479929075,0.00632878042088123,1425408.0,0.0068455732689471915,0.006785107893423022,1425408.0,0.26066122654204565,0.22583746841022126
1437696.0,0.0064279432845069095,0.006338851124989256,1437696.0,0.006799453588124986,0.006782251735179064,1437696.0,0.2614360117974381,0.23491167869263635
1449984.0,0.006242931548816462,0.006331497562496224,1449984.0,0.006841314966247107,0.006793302376657569,1449984.0,0.2504485263489187,0.24129975063260645
1462272.0,0.006245152636741598,0.0063203804558725095,1462272.0,0.006837334110362765,0.006804861502556983,1462272.0,0.2734269273156921,0.24883742094195135
1474560.0,0.006451317970155894,0.006336772882787045,1474560.0,0.006821350119328902,0.006810892618280681,1474560.0,0.27666437920803827,0.2553579889393101
1486848.0,0.006335859584699695,0.0063340955355670305,1486848.0,0.006746103220696871,0.0068151627521729095,1486848.0,0.2795485352786879,0.2599391219206154
1499136.0,0.006380418160309394,0.006342036262261293,1499136.0,0.00689040805445984,0.006824880626178734,1499136.0,0.2728841019173463,0.2627946223442753
1511424.0,0.006351824238663539,0.00634686264093034,1511424.0,0.006867276664706878,0.0068318527921898435,1511424.0,0.28019781441738206,0.2666615417227149
1523712.0,0.006372477473632898,0.006341896433635459,1523712.0,0.00684815485146828,0.0068304939804268855,1523712.0,0.29058003642906743,0.2696197388693691
1536000.0,0.00625118314443777,0.006337243758995708,1536000.0,0.006903416654192067,0.006840038549853489,1536000.0,0.2991039332312842,0.27449514924859014
1548288.0,0.00639361453067977,0.006345272257264392,1548288.0,0.006950099894311279,0.0068504912123898976,1548288.0,0.3050222185750802,0.27893124845189354
1560576.0,0.006364707740431186,0.00633894870285682,1560576.0,0.006911124039712983,0.006861658257548697,1560576.0,0.3152133690503736,0.2843089841771871
1572864.0,0.006444916155790755,0.006359147163554249,1572864.0,0.006940601801034063,0.006871586941027394,1572864.0,0.31548478702704114,0.2908126102449994
1585152.0,0.006375920449499972,0.006372223944830088,1585152.0,0.006924690981880606,0.0068803226281791766,1585152.0,0.30564728658646345,0.2940346461720764
1597440.0,0.006431009038351476,0.006370193051649644,1597440.0,0.006950490618085799,0.006893236678054868,1597440.0,0.31709980436911184,0.2980781886881838
1609728.0,0.00637225072568981,0.006373832165748656,1609728.0,0.006815786347336446,0.006900204990718825,1609728.0,0.32189761350552243,0.3023130965108673
1622016.0,0.006410455753211863,0.006376835925038904,1622016.0,0.006792126233146216,0.006890376808587462,1622016.0,0.3108413357598086,0.3061088198951135
1634304.0,0.006439761957153678,0.0063856296968879175,1634304.0,0.0068876060492281494,0.006892409747039589,1634304.0,0.3203849241447945,0.3101275308678548
1646592.0,0.006398151553488181,0.006388197104873446,1646592.0,0.006817375688115135,0.006889331830704273,1646592.0,0.32300289735818905,0.31336981696076693
1658880.0,0.006464065615242968,0.0064094853519539655,1658880.0,0.006850477388070431,0.006884037904092111,1658880.0,0.31322372145950794,0.3147817957835893
1671168.0,0.006638357231471066,0.006433959622033095,1671168.0,0.006976648389051358,0.006886692753566119,1671168.0,0.31104749177272123,0.31538432310335335
1683456.0,0.00656110647105379,0.006453599495095355,1683456.0,0.007003971244557761,0.006895977474050597,1683456.0,0.2980087528315683,0.31366386148147285
1695744.0,0.006555353410173363,0.0064646432205336165,1695744.0,0.006934446971475457,0.006895361991094735,1695744.0,0.2946874817522864,0.3115841309539974
1708032.0,0.0066452094858201844,0.006491572124165637,1708032.0,0.006999851175351068,0.006902878010441782,1708032.0,0.30853994206214946,0.3118733965015659
1720320.0,0.006543131472426467,0.006502784367573136,1720320.0,0.006977020408764171,0.00690553098950962,1720320.0,0.31208551364640397,0.3113719674292952
1732608.0,0.006586870636965614,0.006524246358700717,1732608.0,0.007048456478514709,0.006928798002627445,1732608.0,0.29710771795362234,0.3088929778741052
1744896.0,0.006597704142526102,0.006542971197632141,1744896.0,0.007036252155861196,0.006953210594898944,1744896.0,0.29540302433694404,0.3073491467318187
1757184.0,0.0065143883136139875,0.006550433833278173,1757184.0,0.007039854657098961,0.006968435455686024,1757184.0,0.2765068517376979,0.3029613394911091
1769472.0,0.006528447709570173,0.006563463448886373,1769472.0,0.006936625824891962,0.006980360469363707,1769472.0,0.27021700236946344,0.29768274999223654
1781760.0,0.006548249895179954,0.00657188187688007,1781760.0,0.007061561521065111,0.007001468882663177,1781760.0,0.2708149147219956,0.29344186931848526
1794048.0,0.006488016442744993,0.006556847798007463,1794048.0,0.007022867115059246,0.007006090755263964,1794048.0,0.2627188847400248,0.28860900861521566
1806336.0,0.006526464870451794,0.006553383637947263,1806336.0,0.006954506005664977,0.007001144231374687,1806336.0,0.26441866702710587,0.2852500000347694
1818624.0,0.00648723982158117,0.006546572279088045,1818624.0,0.007083263451931998,0.00701602587942034,1818624.0,0.25344222287336987,0.2811254741468777
1830912.0,0.006607977709791157,0.0065428491014851405,1830912.0,0.007035416771638363,0.00701958243904907,1830912.0,0.2543538495277365,0.27570686489343643
1843200.0,0.006507910555228591,0.006539327009765353,1843200.0,0.006946142491263648,0.007016494647299016,1843200.0,0.2426925723751386,0.2687675707663099
1855488.0,0.006605161814756381,0.00654115612754443,1855488.0,0.0070194323391964035,0.007013592233367186,1855488.0,0.2387734375273188,0.26293414272367954
1867776.0,0.006580190563302797,0.006539404769622099,1867776.0,0.006974564142486391,0.007007423432029705,1867776.0,0.23819325941925248,0.25721316623191043
1880064.0,0.006568993958353531,0.006544865334096053,1880064.0,0.00689730467517317,0.006993168433837127,1880064.0,0.2409012091035644,0.25365260196849704
1892352.0,0.006517667510100485,0.006543787314149086,1892352.0,0.007053289470301631,0.007004834798378094,1892352.0,0.24754978778461614,0.25138588051001226
1904640.0,0.006707670164663189,0.006559729341097409,1904640.0,0.006989640127964473,0.00699764265906803,1904640.0,0.2536597486274938,0.2496703639005621
1916928.0,0.006527357271503813,0.006563663423973291,1916928.0,0.006956874519043292,0.006991043399466436,1916928.0,0.25774538377299905,0.24917301380385953
1929216.0,0.00657434412278235,0.006568451349206347,1929216.0,0.006908769127524768,0.0069864697116524144,1929216.0,0.2726443011003236,0.24999557721118132
1941504.0,0.006480873079757051,0.006567814675023933,1941504.0,0.007072907385008875,0.0069854341049601,1941504.0,0.2679689220773677,0.2514482471315811
1953792.0,0.0065582789611653425,0.006562844800161354,1953792.0,0.006841794674983248,0.00696607189529459,1953792.0,0.27569462778046727,0.2535823249568542
1966080.0,0.006594645737398726,0.006571518318378366,1966080.0,0.0070582704987221705,0.006977284696040441,1966080.0,0.2817205990043779,0.25748512761977815
1978368.0,0.006620451332613205,0.006573047270164049,1978368.0,0.006883594619769913,0.006963700924097793,1978368.0,0.2882026011745135,0.2624280439844976
1990656.0,0.006583096811179227,0.006573337894951692,1990656.0,0.00702044664164229,0.006968289174013383,1990656.0,0.3060716631201406,0.2692158843545864
2002944.0,0.006523354837554507,0.006568773982871789,2002944.0,0.007070472616760526,0.0069856059681721195,2002944.0,0.310291294939816,0.2761548929382116
2015232.0,0.006591027985753802,0.006576110030437121,2015232.0,0.007134764297613098,0.006993753450903266,2015232.0,0.3283628680122395,0.2842362009609739
2027520.0,0.006621806879896515,0.006567523701960454,2027520.0,0.007129866042911696,0.007007776042397988,2027520.0,0.33975228931133944,0.29284545502935855
2039808.0,0.006654091370971098,0.006580197111907183,2039808.0,0.0070413339223402245,0.007016221982727682,2039808.0,0.3344389935955405,0.3005148160116126
2052096.0,0.006665693925848852,0.006589332092213833,2052096.0,0.007175793861582254,0.007042924456133429,2052096.0,0.31634327707191306,0.3048847136087716
2064384.0,0.006636451105199133,0.0066048898947580394,2064384.0,0.0069655443949159235,0.007032188157124133,2064384.0,0.33263973084588844,0.31135179448562367
2076672.0,0.00677357899985509,0.006626419898627016,2076672.0,0.007126026837795507,0.007060611373405361,2076672.0,0.3444231574734052,0.3182246474549174
2088960.0,0.006598716133642786,0.006626826938251421,2088960.0,0.006965168300666846,0.007051301153599828,2088960.0,0.3248062147758901,0.3225332090320686
2101248.0,0.006496015451072405,0.0066143833500973415,2101248.0,0.006848247062104444,0.0070477663978332815,2101248.0,0.3154450285558899,0.3252574517702063
2113536.0,0.006588693329831585,0.006614943001962577,2113536.0,0.006977660833702733,0.007043487817039324,2113536.0,0.3389039776908855,0.32854068322728075
2125824.0,0.006667039893121303,0.006629311507519256,2125824.0,0.00693760599582068,0.007030201154945339,2125824.0,0.3455976572198172,0.3320713194552809
2138112.0,0.006629286852936882,0.006633137394237565,2138112.0,0.006910458146497452,0.007007770539833776,2138112.0,0.3414261018236478,0.33337764283642174
2150400.0,0.006600201733817812,0.006630976879629694,2150400.0,0.0069251636280872235,0.006987300298351329,2150400.0,0.343447368281583,0.3337471507334461
2162688.0,0.006569315390758372,0.006622499281608423,2162688.0,0.006954403121198993,0.006978607218237206,2162688.0,0.3305555443900327,0.33335880581289523
2174976.0,0.0067476268304744735,0.006630692572070984,2174976.0,0.006964597230156262,0.006957487555094606,2174976.0,0.33235117932781577,0.3349595960384856
2187264.0,0.006822375925063777,0.006649285054057449,2187264.0,0.0069674423527127756,0.006957677350874292,2187264.0,0.3333647583300869,0.3350320987869054
2199552.0,0.006624176433736769,0.006634344797445617,2199552.0,0.007087796451135849,0.006953854312208326,2199552.0,0.3115683452536662,0.3317466175649315
2211840.0,0.006617662884915869,0.006636239472572925,2211840.0,0.007008118695618275,0.006958149351703469,2211840.0,0.2940962399976949,0.328675620087112
2224128.0,0.006699682708131149,0.0066566061982788,2224128.0,0.006846406220574863,0.00695796526755051,2224128.0,0.28398736845701933,0.32552985407722496
2236416.0,0.006691966094270659,0.006666933474722707,2236416.0,0.006943654390245986,0.006954564623204836,2236416.0,0.28240462780619663,0.31987991908875607
2248704.0,0.006712508135630439,0.00667148029897362,2248704.0,0.00697820871816172,0.00695862489543894,2248704.0,0.29012750058124465,0.3143329034248988
2260992.0,0.0065925323773020255,0.0066678048514101345,2260992.0,0.006971365359883445,0.006964715616777539,2260992.0,0.30569677986204624,0.31075997122873866
2273280.0,0.006717001398404439,0.006679484817868797,2273280.0,0.006897949453559704,0.006961994199324788,2273280.0,0.3013480016961694,0.3065500345701973
2285568.0,0.006729455298530714,0.0066954988086460315,2285568.0,0.007064815746465077,0.006973035461851395,2285568.0,0.29362224725385505,0.3028567048565795
2297856.0,0.006748185851999248,0.006695554710798508,2297856.0,0.006946431283722632,0.006971218867208033,2297856.0,0.30533367954194546,0.3001549548779925
2310144.0,0.006737832416547462,0.006687100359946877,2310144.0,0.007120878930436447,0.006986562524980399,2310144.0,0.3177354596555233,0.29859202501053617
2322432.0,0.006641221380656741,0.006688804854638875,2322432.0,0.006913906133074003,0.006969173493174216,2322432.0,0.3164946044174333,0.29908465092691283
2334720.0,0.006743436397907014,0.006701382205937989,2334720.0,0.006875088033363379,0.006955870426948727,2334720.0,0.3125482768130799,0.3009298546084514
2347008.0,0.006793069066285777,0.006710720841753451,2347008.0,0.006966284995238918,0.006967858304415132,2347008.0,0.3144887681119144,0.30397999457394087
2359296.0,0.006751013398267484,0.006716625572153134,2359296.0,0.006968510332323301,0.006970343898622863,2359296.0,0.3313244575013717,0.30887197754345835
2371584.0,0.006584668527163255,0.0067038416113064155,2371584.0,0.007095231924419447,0.006982046219248636,2371584.0,0.3306235956648986,0.3129215870518237
2383872.0,0.0065782032276426134,0.006702408696340474,2383872.0,0.006983525013007845,0.006983262184561076,2383872.0,0.3441793068001668,0.3167698397456357
2396160.0,0.0067699754824085785,0.006707706104740889,2396160.0,0.006917880775290541,0.00698525531673416,2396160.0,0.35073348103712004,0.3217083876797308
2408448.0,0.006614397178054787,0.006696200292693297,2408448.0,0.006986127552712181,0.006977386497358869,2408448.0,0.34622063348069787,0.32696822630241507
2420736.0,0.006673377693611353,0.006688719476854507,2420736.0,0.006990248259777824,0.0069817681949643886,2420736.0,0.34843866201117635,0.3312787245493382
2433024.0,0.0066390521872866275,0.006678841453928423,2433024.0,0.007061110688179421,0.0069757913707386866,2433024.0,0.325389014557004,0.33204408003948627
2445312.0,0.006729849160668285,0.006687704231929578,2445312.0,0.006890943889933017,0.0069734951464245866,2445312.0,0.3012567039889594,0.33052028999663896
2457600.0,0.006725408575827411,0.006685901449721618,2457600.0,0.006910782765771728,0.006977064619665421,2457600.0,0.30838463672747213,0.33010392598807814
2469888.0,0.006728470155697626,0.006679441558662802,2469888.0,0.0068445452440452454,0.006964890644546055,2469888.0,0.32950019914035994,0.33160506909092274
2482176.0,0.0067495964613044634,0.006679299864966501,2482176.0,0.007021248748060316,0.0069701644861197565,2482176.0,0.3263489141439398,0.3311075147551795
2494464.0,0.0067718031399029615,0.0066980133262404705,2494464.0,0.006917774793691933,0.006952418773047006,2494464.0,0.3263238145348926,0.3306775366421789
2506752.0,0.006849849596619606,0.0067251779631381705,2506752.0,0.007040108403695437,0.006958077112115764,2506752.0,0.3086614217609167,0.3271257481382539
2519040.0,0.006640824266166116,0.006712262841513925,2519040.0,0.006956801895285025,0.0069619692241152135,2519040.0,0.30432581963638466,0.3224849819981803
2531328.0,0.006794846328072405,0.006730307756515686,2531328.0,0.006988311283445607,0.0069621875971885554,2531328.0,0.30689053889364004,0.31855197253947454
2543616.0,0.006741878712394585,0.0067371578583940075,2543616.0,0.006927937472937629,0.006955956518504535,2543616.0,0.3198469265674551,0.3156927989951025
2555904.0,0.006709648422353591,0.006744217481900705,2555904.0,0.0069219109185117604,0.00694203654153777,2555904.0,0.3211953992334505,0.3152734374627471
2568192.0,0.006830602370124931,0.0067542928028463695,2568192.0,0.006926839642498332,0.0069456261167943015,2568192.0,0.325986966645966,0.3177464637284477
2580480.0,0.006759272599689818,0.0067576792052326095,2580480.0,0.006938107389335831,0.006948358579150711,2580480.0,0.33391375141218305,0.32029937519691887
2592768.0,0.006823718693340197,0.006767204058996867,2592768.0,0.00695608362245063,0.006959512416991251,2592768.0,0.3318195917333166,0.3205313144562145
2605056.0,0.0068591280723921955,0.00677815722010564,2605056.0,0.006882782205745268,0.006945665762759746,2605056.0,0.32058659972002107,0.31995508301382264
2617344.0,0.006899023113267806,0.006790879217442125,2617344.0,0.006873535821796395,0.006941241865570191,2617344.0,0.32422733477627236,0.31974543503796066
2629632.0,0.006836495774526459,0.006789543835232811,2629632.0,0.00692351812904235,0.006929582838104883,2629632.0,0.33566751548399526,0.3224460444102685
2641920.0,0.006761284700284402,0.00680158987864464,2641920.0,0.006981222225779978,0.006932024871154378,2641920.0,0.3037461934921642,0.3223880817958465
2654208.0,0.006877675623400137,0.006809872808177411,2654208.0,0.00699347604434782,0.0069325413472446,2654208.0,0.30219543368245166,0.32191857127472756
2666496.0,0.006801083230432899,0.006815793259981243,2666496.0,0.007026200997643173,0.006942367699715154,2666496.0,0.2957550085460146,0.3195093794725835
2678784.0,0.0067772925103781745,0.006822557668783702,2678784.0,0.006917688369867392,0.006941945444850717,2678784.0,0.2870901821491619,0.3160988577641547
2691072.0,0.0067365831006706385,0.006813155741838273,2691072.0,0.006963557219326806,0.006945617202533563,2691072.0,0.28988276701420546,0.3124884378009786
2703360.0,0.006714292966838305,0.0068086577785531205,2703360.0,0.006963857825515636,0.006948192246151544,2703360.0,0.2928758100606501,0.3083846436658253
2715648.0,0.006765445803466719,0.006802830489565773,2715648.0,0.007018869519621755,0.006954470835868658,2715648.0,0.300713624805212,0.30527404697301486
2727936.0,0.006776628002019909,0.006794580482528545,2727936.0,0.007004411638869594,0.00696663377918109,2727936.0,0.3033280943830808,0.30354819643932085
2740224.0,0.0069048188694675145,0.006795160058148515,2740224.0,0.007105543935419216,0.006989834590543373,2740224.0,0.313657746805499,0.3024912376422435
2752512.0,0.006844213111132073,0.0067959317918090765,2752512.0,0.006891419320406082,0.006986624709679745,2752512.0,0.32458084138731164,0.3013825702325751
2764800.0,0.006816508221769861,0.006801454143957622,2764800.0,0.006939701052033342,0.006982472592305082,2764800.0,0.3469839946677287,0.30570635035013155
2777088.0,0.006814513884213132,0.006795137970038922,2777088.0,0.006867758582908816,0.006969900846161181,2777088.0,0.36149406417583424,0.31163621339946984
2789376.0,0.006693082444447403,0.006784337891440373,2789376.0,0.006870655682481204,0.006954346314644984,2789376.0,0.3766635567881167,0.31972706822368
2801664.0,0.006611379615302819,0.006767746601932838,2801664.0,0.006960141605911001,0.006958591638249345,2801664.0,0.3623886209291716,0.327256912101681
2813952.0,0.00661075275032393,0.006755163566898166,2813952.0,0.006905013273353688,0.006952737243652034,2813952.0,0.36209984263405204,0.33447861966366566
2826240.0,0.0066314693734360235,0.0067468812075579376,2826240.0,0.006902452233286264,0.006946596684429098,2826240.0,0.3654656729971369,0.3417376059573144
2838528.0,0.006614115137684469,0.006731748140979714,2838528.0,0.006949916030862369,0.0069397013355531586,2838528.0,0.35910655682285625,0.3475768991590788
2850816.0,0.0066294298036761274,0.006717028321145335,2850816.0,0.00692404111517438,0.006931664283183636,2850816.0,0.3602524707093835,0.3532693367917091
2863104.0,0.006579073422471993,0.006684453776445783,2863104.0,0.006945927011353585,0.006915702590777073,2863104.0,0.3543330222989122,0.35733686434105033
2875392.0,0.006683508043352049,0.006668383269667779,2875392.0,0.00697240140774132,0.006923800799510597,2875392.0,0.35412233183160424,0.36029101338547964
2887680.0,0.006749020307324827,0.006661634478223277,2887680.0,0.006991236339672469,0.00692895432827451,2887680.0,0.34924631162236136,0.3605172450809429
2899968.0,0.00683772232150659,0.006663955321952622,2899968.0,0.006978383564273827,0.006940016826411011,2899968.0,0.3352370240415136,0.3578915410675108
2912256.0,0.006731752281969723,0.006667822305704854,2912256.0,0.006949371481217288,0.006947888406284619,2912256.0,0.33343004947528243,0.35356819033622744
2924544.0,0.00682764028897509,0.0066894483730720825,2924544.0,0.006946928449906409,0.00694656709068416,2924544.0,0.3235367696421842,0.34968300520752865
2936832.0,0.006810987370651371,0.006709471835104827,2936832.0,0.006957655263249762,0.006951831289673767,2936832.0,0.3172274280029039,0.34519576374441385
2949120.0,0.006710690286126919,0.006717393926373915,2949120.0,0.006979742591890196,0.0069595603255341604,2949120.0,0.3178389406142135,0.3404330905061215
2961408.0,0.006727469454441841,0.006728729358049653,2961408.0,0.007028454630926717,0.006967414185540595,2961408.0,0.33062894828617573,0.33758532965245347
2973696.0,0.006736506979602079,0.006739437075642248,2973696.0,0.007011921382703197,0.006976202212293477,2973696.0,0.32772330194711685,0.33433241277622683
2985984.0,0.006872610392747447,0.006768790772669795,2985984.0,0.006884282338432968,0.006970037745001415,2985984.0,0.31864156015217304,0.33076326656155286
2998272.0,0.006717086796318957,0.006772148647966483,2998272.0,0.006996815398451872,0.00697247914407247,2998272.0,0.3167564496397972,0.3270266783423722
3010560.0,0.006790165643906221,0.0067762631816246244,3010560.0,0.006925953653990291,0.006965950875504253,3010560.0,0.3175225588493049,0.3238543030650665
3022848.0,0.006801268971078874,0.006772617846581852,3022848.0,0.006980805958543594,0.006966193114931229,3022848.0,0.31799663867180544,0.3221302645280958
3035136.0,0.006772558832987367,0.006776698501683618,3035136.0,0.007034706347136914,0.006974726601523193,3035136.0,0.32237793986375135,0.3210250535669426
3047424.0,0.006669918880409871,0.0067609263608270935,3047424.0,0.007003789105510805,0.006980412667083632,3047424.0,0.3328334147421022,0.3219547180769344
3059712.0,0.006911781184802142,0.006771005742242172,3059712.0,0.0069229403452482074,0.006976941175283477,3059712.0,0.3344354573637247,0.3236755210130165
3072000.0,0.006726969998756734,0.0067726337135051535,3072000.0,0.0068990193588736775,0.006968868851981824,3072000.0,0.3136118132000168,0.3232528082715968
3084288.0,0.0067427910810996155,0.0067741658761709305,3084288.0,0.006858395170032357,0.006951862905892388,3084288.0,0.32959231548011303,0.32314914499099057
3096576.0,0.006763982130602623,0.006776913391270985,3096576.0,0.00689833085925784,0.006940503853547853,3096576.0,0.33919981634244323,0.32429679643052317
3108864.0,0.006788969510428918,0.0067685493030391316,3108864.0,0.0068680772358978475,0.00693888334329434,3108864.0,0.33822202620406944,0.32625484303571284
3121152.0,0.006849066446496484,0.006781747268056885,3121152.0,0.006801664402397971,0.0069193682436889505,3121152.0,0.3210836732760072,0.32668756539933386
3133440.0,0.006783193040367526,0.006781050007703016,3133440.0,0.006841109546561104,0.006910883832946031,3133440.0,0.34245995013043284,0.32918130452744665
3145728.0,0.0068225209300483885,0.006783175203599967,3145728.0,0.006927969758786882,0.00690560021297036,3145728.0,0.3403960502085586,0.33142124568112197
3158016.0,0.0067894727156575145,0.006784866591866982,3158016.0,0.0068542108371426975,0.006887550661970938,3158016.0,0.34736812161281705,0.3339202638560285
3170304.0,0.006759025044933272,0.006793777208319323,3170304.0,0.0068357703275978565,0.006870748784179643,3170304.0,0.33632628014311194,0.3342695503961295
3182592.0,0.006782201894869407,0.006780819279326049,3182592.0,0.006833156100280273,0.006861770359682851,3182592.0,0.34562978117416304,0.33538898277717333
3194880.0,0.006861328967109633,0.006794255176161339,3194880.0,0.006970103277126327,0.0068688787515081146,3194880.0,0.3469792031683028,0.3387257217740019
3207168.0,0.006849928560162273,0.006804968924067604,3207168.0,0.006942379174385375,0.006877277151943417,3207168.0,0.3528480129316449,0.3410512915191551
3219456.0,0.006838828562952888,0.00681245356730263,3219456.0,0.007061343824413295,0.006893578448458964,3219456.0,0.36164023882399005,0.34329533376730975
3231744.0,0.00677400296505463,0.006810956912765202,3231744.0,0.00694697355114234,0.006901468079983412,3231744.0,0.3559789763142665,0.3450710287783295
3244032.0,0.006767170515862138,0.006802767319701766,3244032.0,0.006902660412985521,0.0069115676810421675,3244032.0,0.36224864749237895,0.34918752619996674
3256320.0,0.00673001105315052,0.006797449120980068,3256320.0,0.007004776072183934,0.006927934333604451,3256320.0,0.36220093024894595,0.35116162421181796
3268608.0,0.006864977006140786,0.0068016947285893066,3268608.0,0.0069749635440530255,0.006932633712131065,3268608.0,0.3565397461255391,0.3527759938035161
3280896.0,0.00677922714627736,0.00680067017165129,3280896.0,0.006910612530191429,0.006938273881435938,3280896.0,0.34653188241645694,0.3526923698838801
3293184.0,0.006859528960679502,0.006810720563225914,3293184.0,0.006958686373157737,0.006950565485991924,3293184.0,0.35664574848487973,0.3547243167180568
3305472.0,0.00690902721544262,0.006823403095283234,3305472.0,0.006901535428672408,0.006957403418831139,3305472.0,0.36302936372036737,0.3564642749726772
3317760.0,0.006908977064692105,0.006828167905041482,3317760.0,0.007008404301207823,0.006961233521239288,3317760.0,0.354719511543711,0.35723830581021804
3330048.0,0.006796397736858732,0.0068228148227111275,3330048.0,0.0068133302314284565,0.006948328626943596,3330048.0,0.3379882002870242,0.355752324545756
3342336.0,0.006781098054489121,0.006817041771864751,3342336.0,0.006979495461564511,0.0069401437906587175,3342336.0,0.32194620044901967,0.3517829207082589
3354624.0,0.0069459210547696175,0.006834233580836249,3354624.0,0.0070030024071456864,0.006945746676259053,3354624.0,0.3134411160523693,0.3475291346820692
3366912.0,0.00678896456277774,0.0068364129855278104,3366912.0,0.007081758749942916,0.006963656509954792,3366912.0,0.29794742291172344,0.3410990122240037
3379200.0,0.006779305321591285,0.006841342412371887,3379200.0,0.0070197725702504,0.006965156159761439,3379200.0,0.30915033103277284,0.3357939523023864
3391488.0,0.006836923004205649,0.006838537012178373,3391488.0,0.006958080572076142,0.0069634678625637506,3391488.0,0.3402230964663128,0.33416228733646375
3403776.0,0.006891578462576338,0.0068497721438082705,3403776.0,0.006967973230833498,0.006969203932627957,3403776.0,0.3145267980483671,0.3309617788996547
3416064.0,0.006786792102502659,0.006842498457990587,3416064.0,0.0069318358024853905,0.006966518875560723,3416064.0,0.30323956813663244,0.32562116086483006
3428352.0,0.006703782254286732,0.006821973961874998,3428352.0,0.007023741532369361,0.006978739485930419,3428352.0,0.2746238710048298,0.3167806115932762
3440640.0,0.006858349862644293,0.006816911241670216,3440640.0,0.007022590204239047,0.0069801580762335405,3440640.0,0.2766922389467557,0.30897788433358075
3452928.0,0.006801999060068435,0.006817471373991188,3452928.0,0.007032562454696745,0.007002081298560369,3452928.0,0.29718879889696836,0.30489794419457517
3465216.0,0.006871080006627987,0.006826469569205074,3465216.0,0.007055363329224444,0.007009668085326363,3465216.0,0.3135307432773213,0.3040563984774053
3477504.0,0.006835132665097869,0.006815390730237898,3477504.0,0.006918006988901955,0.00700116854350199,3477504.0,0.30625913975139457,0.30333820084730784
3489792.0,0.006809732105466537,0.006817467484506778,3489792.0,0.007059832059894688,0.006998975874497167,3489792.0,0.3070784389662246,0.30425130245275794
3502080.0,0.006835165666416287,0.0068230535189892794,3502080.0,0.007058704082737677,0.007002869025745895,3502080.0,0.30711385592197377,0.30404765494167807
3514368.0,0.006803795253896776,0.006819740743958391,3514368.0,0.007043753837933764,0.007011436352331657,3514368.0,0.31832705391570926,0.3018580506866177
3526656.0,0.006751923690899275,0.006805775266790684,3526656.0,0.007016679034374344,0.007016306932685743,3526656.0,0.3215649000679453,0.3025618608885755
3538944.0,0.006702516528700168,0.006797347709410437,3538944.0,0.007062091865615609,0.007029332538998764,3538944.0,0.3316701372774939,0.30540491780266166
3551232.0,0.0067936582102750736,0.00680633530500927,3551232.0,0.006870618701213971,0.0070140202558832245,3551232.0,0.32809064133713645,0.31075159483589226
3563520.0,0.006886771943148536,0.006809177513059694,3563520.0,0.007006133925945808,0.007012374628053901,3563520.0,0.31382310080031556,0.31446468102124825
3575808.0,0.006734178758051712,0.006802395482858023,3575808.0,0.0070949651368816076,0.007018614896272387,3575808.0,0.3229658608324826,0.3170423872147997
3588096.0,0.006834483077303351,0.006798735789925558,3588096.0,0.00705537868149501,0.007018616431499444,3588096.0,0.3328125989064574,0.31897057277771335
3600384.0,0.006724196767512088,0.006787642200166981,3600384.0,0.007079122505577591,0.007034727983167006,3600384.0,0.3467604413939019,0.32302070294196406
3612672.0,0.006739214732078835,0.006780590462828211,3612672.0,0.007072849790953721,0.00703602975627291,3612672.0,0.3449620883911848,0.3268090678844601
3624960.0,0.006870218955252009,0.006784095791711783,3624960.0,0.007087745977817879,0.00703893394578093,3624960.0,0.3565602353774011,0.3317537058300028
3637248.0,0.006904398134793155,0.00679415607980142,3637248.0,0.007013089571652624,0.0070358675191528166,3637248.0,0.3564975404491027,0.3355707544833422
3649536.0,0.006863350286342514,0.006805298739345744,3649536.0,0.007015267758106347,0.007035726391526017,3649536.0,0.3586906429069738,0.339283328767245
3661824.0,0.0068937768616403146,0.0068244247726397585,3661824.0,0.007041523642935014,0.007033669569257957,3661824.0,0.34839563599477213,0.3409558786389728
3674112.0,0.006856696818431374,0.006830728633455388,3674112.0,0.007110456351559454,0.007057653334292506,3674112.0,0.347671324852854,0.34291394699054456
3686400.0,0.006852456528577022,0.006827297091998237,3686400.0,0.00713657152906914,0.007070697094604839,3686400.0,0.34884202014654875,0.3464158389251679
3698688.0,0.006843792034487706,0.006838258419641838,3698688.0,0.0070672711881343275,0.007067927699730111,3698688.0,0.34226177089537185,0.34834542993145684
3710976.0,0.006776756245623498,0.006832485736473852,3710976.0,0.007144388665134708,0.007076828698094081,3710976.0,0.3411122563605507,0.3491753956768662
3723264.0,0.006709725726977922,0.006831038632420436,3723264.0,0.007139401811097438,0.007082856628646066,3723264.0,0.34752349772801,0.34925170131027705
3735552.0,0.0067209744156571105,0.006829214600778263,3735552.0,0.0071835736113522826,0.0070939290106859215,3735552.0,0.33263226381192607,0.3480187188523511
3747840.0,0.006915168841563475,0.006833709589409409,3747840.0,0.007069166659978994,0.0070920710789020335,3747840.0,0.32041863119229674,0.34440455843384066
3760128.0,0.006834302058753868,0.006826699981805481,3760128.0,0.007062230884912424,0.007096985210228013,3760128.0,0.31611245730891824,0.34036605011982224
3772416.0,0.00687958620255813,0.006828323573427042,3772416.0,0.0070550229963070405,0.007100960734048083,3772416.0,0.31028416147455573,0.33552540197658043
3784704.0,0.006973852995239819,0.006836331186786992,3784704.0,0.007178803056982967,0.007114688675452878,3784704.0,0.30549341222892207,0.3312351795999954
3796992.0,0.006832849156732361,0.00683394642061709,3796992.0,0.00718930651297948,0.007122573691594881,3796992.0,0.3199902263780435,0.3284670697525144
3809280.0,0.006918794817465823,0.00684058024950597,3809280.0,0.007145180774386972,0.007123434616126663,3809280.0,0.32833949383348227,0.32641681712120774
3821568.0,0.0068612165535644936,0.00684232270141365,3821568.0,0.00705376503901789,0.00712208400121502,3821568.0,0.3277712316873173,0.32496776320040227
3833856.0,0.006703244117185629,0.006834971488569863,3833856.0,0.007203592850904291,0.007128004419791977,3833856.0,0.32380286883562803,0.32323682444790997
3846144.0,0.006873385170668674,0.006851337432938938,3846144.0,0.007058197632431984,0.007119884001925432,3846144.0,0.3238479626985888,0.32086927094496787
3858432.0,0.006825343138189055,0.006861774305192134,3858432.0,0.007173360989933523,0.007118862739783556,3858432.0,0.3278162848825256,0.3203876730520278
3870720.0,0.006757721307318813,0.006846029551767667,3870720.0,0.007104978998540901,0.007122443973639747,3870720.0,0.3276004483923316,0.3211058547720313
3883008.0,0.006824859345215373,0.006845085280413818,3883008.0,0.007089364128963401,0.007125157298044844,3883008.0,0.32207212317734957,0.32170182135887443
3895296.0,0.006903208932878139,0.006847447553445818,3895296.0,0.007160717451673311,0.007135726743581472,3895296.0,0.33415182679891586,0.32408858789131045
3907584.0,0.00684718045037395,0.006834780298959231,3907584.0,0.007140436432867621,0.007131890081169936,3907584.0,0.3339176884231468,0.32693101551073295
3919872.0,0.006824173406736615,0.006833912723959656,3919872.0,0.007289090577008513,0.007141868487572841,3919872.0,0.33040240748474997,0.3279722336214036
3932160.0,0.006757342014073704,0.006817767443620444,3932160.0,0.007200971029912277,0.0071474475131253715,3932160.0,0.34633592578272027,0.3297718768163273
3944448.0,0.006779369522215954,0.006809582740485591,3944448.0,0.00723675757762976,0.007165746766986558,3944448.0,0.3333896487019956,0.3303337185177952
3956736.0,0.006850692281053246,0.006824327556872352,3956736.0,0.007117471264791675,0.007157134608375295,3956736.0,0.3225243636406958,0.330205867998302
3969024.0,0.006898452765502346,0.006826834316355721,3969024.0,0.007146736068534665,0.007165988451985565,3969024.0,0.3234314589450757,0.3301642176229507
3981312.0,0.006852073822907793,0.006829507384827594,3981312.0,0.00708660228701774,0.007157312581693986,3981312.0,0.32699116148675483,0.3300817052833736
3993600.0,0.006791268611171593,0.006832862115212871,3993600.0,0.007175420959053251,0.007164356777745222,3993600.0,0.3328295544100304,0.3306046158851435
4005888.0,0.006780319565829511,0.006828408137274286,4005888.0,0.00718689166145244,0.007174109530994124,4005888.0,0.341022200571994,0.33249962362460794
4018176.0,0.006777389314568912,0.006815826175443363,4018176.0,0.007308855764373827,0.007188923362264177,4018176.0,0.3296951735392213,0.3320539582986385
4030464.0,0.006760842428775504,0.006807192373283519,4030464.0,0.007164185912794589,0.0071912983102568745,4030464.0,0.32585301576182246,0.33124749103250606
4042752.0,0.006663337970773379,0.006791108829687194,4042752.0,0.007285071114893071,0.007190896364045329,4042752.0,0.3364601532618205,0.33185326561021306
4055040.0,0.006818018104240764,0.0067971764387039,4055040.0,0.007192083464663786,0.007190007607520481,4055040.0,0.34002926759421825,0.33122259979136287
4067328.0,0.006681915079146468,0.006787430994396951,4067328.0,0.007256043674715329,0.007191936217229038,4067328.0,0.3502880106680095,0.3329124359879643
4079616.0,0.006710393019602634,0.006773401068251891,4079616.0,0.007383872750021207,0.00721857636575199,4079616.0,0.3564831769714753,0.3363083173210422
4091904.0,0.006820619887245509,0.006765617780426207,4091904.0,0.007265477848704904,0.007230450543769015,4091904.0,0.34794254321604967,0.3387594257481396
4104192.0,0.00690266828557166,0.006770677226692593,4104192.0,0.007240287149519038,0.007245819030019145,4104192.0,0.3497101973431806,0.3410313293337822
4116480.0,0.0068858763891815515,0.006780138004493589,4116480.0,0.007248161127790809,0.0072530930468929,4116480.0,0.34094447797785205,0.34184282169056435
4128768.0,0.006856210505551037,0.006787727098465741,4128768.0,0.007212429695452253,0.0072556468502928805,4128768.0,0.3277743854559958,0.34051804017896453
4141056.0,0.006834919346147217,0.006793480101623573,4141056.0,0.007258987544143262,0.007250660028269826,4141056.0,0.3266718030596773,0.3402157031310101
4153344.0,0.006941360329316619,0.006811531891677684,4153344.0,0.007182835252024233,0.00725252496219279,4153344.0,0.3219022488531967,0.3398206264401476
4165632.0,0.006955814661826783,0.006840779560783024,4165632.0,0.007274703573784791,0.00725148820808196,4165632.0,0.32792081668352085,0.33896669278231767
4177920.0,0.006865267122824055,0.006845504462641354,4177920.0,0.007256912989153837,0.007257971160530967,4177920.0,0.33614897665878135,0.33857866368877393
4190208.0,0.006965814151044469,0.006873894369831155,4190208.0,0.007250794083423291,0.007257446201401762,4190208.0,0.34650933540736634,0.33820079616270965
4202496.0,0.006792309713394691,0.00688208603921036,4202496.0,0.007210966995141159,0.007240155625913758,4202496.0,0.3483622996136546,0.33738870842692753
4214784.0,0.006874521105297997,0.006887476161015609,4214784.0,0.007402594531110178,0.007253867294154286,4214784.0,0.35717196064069867,0.3383116501693924
4227072.0,0.006883340497248962,0.006885543382183339,4227072.0,0.007268001262370187,0.0072566387054394015,4227072.0,0.3359695159209271,0.3369375820271671
4239360.0,0.006824291456723586,0.006879384888937541,4239360.0,0.007143990510182145,0.007246221643678534,4239360.0,0.3155203096879025,0.33439516519817214
4251648.0,0.0069507372051399825,0.006888837558896436,4251648.0,0.007273879988739888,0.007252366673007297,4251648.0,0.31067918535942834,0.33268564518851534
4263936.0,0.006926166269598373,0.0068979622512415515,4263936.0,0.007141618290916085,0.007240629747684579,4263936.0,0.3201314688970645,0.3320316117722541
4276224.0,0.00696192859080232,0.006900019077390122,4276224.0,0.0072824231077296036,0.007250588533255116,4276224.0,0.31539061867321533,0.33138044875425593
4288512.0,0.006952403477043845,0.006899677958911829,4288512.0,0.007329323227168061,0.007256050498593443,4288512.0,0.31683764265229303,0.33027213135113315
4300800.0,0.006866589433532984,0.006899810189982721,4300800.0,0.007231817985787832,0.007253540998256843,4300800.0,0.35000418731942773,0.3316576524171978
4313088.0,0.006872190953193543,0.006890447870197628,4313088.0,0.007270590562256984,0.007255520646140212,4313088.0,0.3221467376376192,0.3292213926402231
4325376.0,0.0067914671065712655,0.006890363609515286,4325376.0,0.007179606730157199,0.007252384619641816,4325376.0,0.3354253377765417,0.32792769645651176
4337664.0,0.0068605946920191245,0.0068889709681873995,4337664.0,0.007394232355485049,0.007251548402079302,4337664.0,0.34334354335442185,0.3265448547278841
4349952.0,0.006969986895758969,0.006897635608038399,4349952.0,0.00724111915527222,0.007248860191369506,4349952.0,0.3483411848234634,0.32778202161813774
4362240.0,0.006974497683889543,0.006912656230754995,4362240.0,0.007346014249681805,0.0072690625653194715,4362240.0,0.34701144819458324,0.33093113546880587
4374528.0,0.006954109189488615,0.006912993429189858,4374528.0,0.007290231141572197,0.007270697680602703,4374528.0,0.3268421154158811,0.3325474284744511
4386816.0,0.006895771036700656,0.006909953905900086,4386816.0,0.007309254908856626,0.007287461342396757,4386816.0,0.3280223539719979,0.33333651698194444
4399104.0,0.006890687337242222,0.006902829780544077,4399104.0,0.007371909887297079,0.007296410020353505,4399104.0,0.33780041787152487,0.3355774969017754
4411392.0,0.006872218626085669,0.0068948112954482586,4411392.0,0.007239394341013394,0.007287417131738039,4411392.0,0.3179890538255374,0.3356926380190998
4423680.0,0.006918669935354653,0.006900019345630426,4423680.0,0.007232081659215813,0.007287443499080837,4423680.0,0.3299697275894384,0.33368919204610087
4435968.0,0.006833992866935053,0.006896199537004577,4435968.0,0.007361578895749214,0.0072965423324300605,4435968.0,0.3233260647393763,0.3338071247562766
4448256.0,0.0068401119982202845,0.006901064026169479,4448256.0,0.007212400431550729,0.007299821702569413,4448256.0,0.3158393000873427,0.3318485209873567
4460544.0,0.006788786435208749,0.00689388320048844,4460544.0,0.007293076390245308,0.007289706106045438,4460544.0,0.3262596515317758,0.3301401318050921
4472832.0,0.006845978394267149,0.006881482350339261,4472832.0,0.007314639750499434,0.00729705816556816,4472832.0,0.34719257165367406,0.33002527048811314
4485120.0,0.0069078938201225055,0.006874821963962556,4485120.0,0.007339873074670322,0.007296444048067012,4485120.0,0.35100348914663,0.3304244745833178
4497408.0,0.006941524877523382,0.006873563532766032,4497408.0,0.007315251326266055,0.007298946066536398,4497408.0,0.3438224879403909,0.3321225118357688
4509696.0,0.006852575400747203,0.006869243969170688,4509696.0,0.007320192928697604,0.0073000398685204955,4509696.0,0.3494069906882942,0.3342609755073985
4521984.0,0.006852346341474913,0.006865409869593957,4521984.0,0.007285275840937781,0.007291376463884567,4521984.0,0.34212099062278867,0.3346930327825248
4534272.0,0.006850705457812485,0.006863258552766638,4534272.0,0.007275407702157584,0.007294977799998985,4534272.0,0.34698250936344266,0.33759237833631534
4546560.0,0.006937759045589094,0.006865167463790083,4546560.0,0.007331190451319951,0.007304888679209398,4546560.0,0.3342527106093864,0.33802067663831015
4558848.0,0.006982296811960016,0.006879997858292579,4558848.0,0.0071610690307958675,0.007284837692714065,4558848.0,0.3291904271269838,0.3386071128770709
4571136.0,0.006949250659090467,0.0068909117243795975,4571136.0,0.007394857326289639,0.007303083382187955,4571136.0,0.3292866968549788,0.33995185255383453
4583424.0,0.006933640208444558,0.006905397101703179,4583424.0,0.007209066568369356,0.007294682400000359,4583424.0,0.330943485101064,0.34042023591076337
4595712.0,0.006876049939213165,0.006908404256197778,4595712.0,0.007356716853488858,0.0072988901102993015,4595712.0,0.3248278882044057,0.3381837675658365
4608000.0,0.006965695269173011,0.00691418440110283,4608000.0,0.007379847670866487,0.007302887569918917,4608000.0,0.3236273525593181,0.3354461539071053
4620288.0,0.007021929127707456,0.006922224826121237,4620288.0,0.0073141584628804894,0.007302778283580361,4620288.0,0.3312979576488336,0.33419370087794964
4632576.0,0.007015934897935949,0.006938560775840111,4632576.0,0.007305225774568195,0.007301281568167421,4632576.0,0.32915226913367707,0.33216822872248797
4644864.0,0.007054762274492532,0.0069588023691418725,4644864.0,0.007372287499795978,0.00730998273405324,4644864.0,0.3263818027141194,0.330594309931621
4657152.0,0.007084067338534321,0.006982138557214057,4657152.0,0.00730682893966635,0.007313124857804117,4657152.0,0.32645361544564366,0.32854142053984103
4669440.0,0.006965822224932102,0.006984944875148358,4669440.0,0.0074365803035713425,0.007323663843029256,4669440.0,0.31582655711099505,0.3266988051900019
4681728.0,0.007018070313885498,0.006988522225340905,4681728.0,0.007257299444366557,0.007333286884386325,4681728.0,0.33296425454318523,0.3270761879316221
4694016.0,0.006989343576909353,0.006992531517122794,4694016.0,0.007405555986527664,0.0073343567504101275,4694016.0,0.34347705682739615,0.32849522392886377
4706304.0,0.007057079875570101,0.0070048754838353475,4706304.0,0.007341777328595829,0.0073476278264327744,4706304.0,0.3349417243152857,0.32889504785028595
4718592.0,0.007050879534896619,0.007022358443403693,4718592.0,0.007299858378246427,0.007341941978908531,4718592.0,0.33704436275487143,0.33011669530533255
4730880.0,0.007035029853189674,0.0070292919018053596,4730880.0,0.007404955307720229,0.007344452742593906,4730880.0,0.3411231239636739,0.33186627244576816
4743168.0,0.006942861092587312,0.0070213850982933455,4743168.0,0.007251641766439813,0.007338201072949839,4743168.0,0.3422778688060741,0.3329642635614921
4755456.0,0.007021734340620848,0.007021965042561836,4755456.0,0.00734226936280417,0.007341905431773437,4755456.0,0.3364282006708284,0.3336918567152073
4767744.0,0.007072423747255622,0.007023731189838145,4767744.0,0.007335330708883703,0.007338209752682208,4767744.0,0.3444537116835515,0.3354990476121505
4780032.0,0.006965966725450319,0.007011921128529744,4780032.0,0.007357715633891833,0.007343298422104756,4780032.0,0.33698957692831755,0.3365526437604179
4792320.0,0.0071411770331906155,0.007029456609355595,4792320.0,0.00730232951658157,0.007329873343405779,4792320.0,0.3453298488942285,0.3395029729387412
4804608.0,0.006899359138818302,0.007017585491848876,4804608.0,0.007418848768187066,0.007346028275787829,4804608.0,0.3472880564319591,0.3409353531276186
4816896.0,0.006917023201822303,0.007010353454340171,4816896.0,0.0073519693105481565,0.00734066960818988,4816896.0,0.34188473705823225,0.3407761211507022
4829184.0,0.007018227717101884,0.007006468238493349,4829184.0,0.007411845370370429,0.007347676412367341,4829184.0,0.34431390184909105,0.34171333890408273
4841472.0,0.006982402463715213,0.00699962053137521,4841472.0,0.007416314954753034,0.0073593220700180016,4841472.0,0.3241678715373079,0.3404256897823264
4853760.0,0.00707899918294667,0.007004017464350909,4853760.0,0.0073333532782271504,0.007352161867068692,4853760.0,0.329071505771329,0.33922052796309193
4866048.0,0.006998578814091161,0.007009589236501294,4866048.0,0.0072297611040994525,0.0073499738008346565,4866048.0,0.33403936959803104,0.3383966780422876
4878336.0,0.007044416895951144,0.007011857492034324,4878336.0,0.00745184071517239,0.007360930936071479,4878336.0,0.3284235952111582,0.3375962174963206
4890624.0,0.007081157231975037,0.007012730840506265,4890624.0,0.007299473252108631,0.007357345190393971,4890624.0,0.33028774972384173,0.3361796213003496
4902912.0,0.006961038680553126,0.007012238036016546,4902912.0,0.007448907437113424,0.007366464370716129,4902912.0,0.3333744676783681,0.3358181103753547
4915200.0,0.007019590004347265,0.007000079333132211,4915200.0,0.0074886596169866,0.007385097380756632,4915200.0,0.33823865264033276,0.3351089907499651
4927488.0,0.007016849757443803,0.007011828394994761,4927488.0,0.0073605021510350825,0.007379262719041435,4927488.0,0.32763999747112393,0.33314418485388164
4939776.0,0.006919762633818512,0.0070121023381943814,4939776.0,0.007428536472919707,0.00738691943527859,4939776.0,0.33810080649952096,0.3327657917980104
4952064.0,0.007041550753153085,0.007014434641799502,4952064.0,0.007382434171934922,0.007383978315435039,4952064.0,0.35852636660759646,0.334187038273861
4964352.0,0.007013404819493492,0.007017534877377329,4964352.0,0.007315499785666664,0.007373896798526401,4964352.0,0.3499077401744823,0.33676102513757844
4976640.0,0.007083410411723889,0.007017976000255051,4976640.0,0.007402290071089131,0.0073807904778126,4976640.0,0.33941904626165825,0.33779577918661136
4988928.0,0.006963937640345345,0.007014511882880471,4988928.0,0.007341867458308116,0.0073920011132334665,4988928.0,0.3228489747270942,0.3366767396995177
5001216.0,0.007087433521519415,0.0070188135454372965,5001216.0,0.0075156130333198234,0.007398378345048209,5001216.0,0.3269281252287328,0.3365271927012751
5013504.0,0.00705008701091477,0.007015706523331271,5013504.0,0.007479862043207201,0.007416417224158067,5013504.0,0.3187916452685992,0.3353775822557509
5025792.0,0.007083968298199276,0.007027999485095885,5025792.0,0.007387443625096542,0.007410270842956379,5025792.0,0.32388343506803113,0.33442847899471717
5038080.0,0.0070594808348687366,0.007031988568148033,5038080.0,0.00739889945058773,0.007401294826316492,5038080.0,0.32676065620034933,0.3332806793507189
5050368.0,0.006955077100428753,0.007025811302446528,5050368.0,0.007518263131108445,0.007417070924323828,5050368.0,0.3126885859916608,0.3317855382027725
5062656.0,0.007072770856514883,0.007041112124716165,5062656.0,0.007399118791605967,0.007414129156192455,5062656.0,0.32597155931095284,0.33057261348391564
5074944.0,0.006948135380904811,0.007031770587491337,5074944.0,0.007483404287389324,0.007424226167737894,5074944.0,0.3324570239832004,0.3279656792214761
5087232.0,0.006957126626123984,0.007026142768154386,5087232.0,0.007452089625682372,0.007437885151739465,5087232.0,0.3198951872376104,0.32496442392778896
5099520.0,0.006966927190660499,0.007014494446048047,5099520.0,0.0073904416494769976,0.007436700309578252,5099520.0,0.3167927997807662,0.3227017992796998
5111808.0,0.007020388327267331,0.007020139514740245,5111808.0,0.007409559189303157,0.007443469482677756,5111808.0,0.3268197923898697,0.3230988810459773
5124096.0,0.007066891567471127,0.007018085319335417,5124096.0,0.007479330733379659,0.007439841252683739,5124096.0,0.3230721630776922,0.32271328483087325
5136384.0,0.006975883118381414,0.007010664930082082,5136384.0,0.007417961242026649,0.007433651172565683,5136384.0,0.3141479133628309,0.32224891164029634
5148672.0,0.006965996986158037,0.0069988677988779575,5148672.0,0.007450563110372362,0.0074399631210932664,5148672.0,0.2954306765459478,0.31940363578808806
5160960.0,0.006965812191386552,0.006989500934529738,5160960.0,0.00742638705802771,0.007442711881837265,5160960.0,0.29946512868627906,0.31667408303668104
5173248.0,0.007101212924074692,0.007004114516894332,5173248.0,0.007464906166812095,0.007437376185407631,5173248.0,0.3148187738843262,0.3168871018259476
5185536.0,0.0071627512710013734,0.0070131125583429805,5185536.0,0.007475821742749152,0.007445046480521947,5185536.0,0.31541599954168004,0.3158315458490203
5197824.0,0.007118225170415826,0.007030121537294083,5197824.0,0.007425776469366004,0.007439283698719615,5197824.0,0.3036030557317038,0.31294614902387063
5210112.0,0.0070080539129169965,0.0070352142659733845,5210112.0,0.007499963132431731,0.007444071049394552,5210112.0,0.3210038305260241,0.313057013352712
5222400.0,0.006960456579690799,0.007034567204876415,5222400.0,0.007479975972576843,0.007453024481704536,5222400.0,0.3199412648876508,0.3133718598634005
5234688.0,0.006968771160851854,0.007029405488234867,5234688.0,0.007447240587983591,0.007456792621572579,5234688.0,0.33219740943362314,0.31390962156777585
5246976.0,0.00695763837332682,0.007018480168820436,5246976.0,0.007486297841145036,0.007457489332349116,5246976.0,0.3115327943426867,0.3127556846942753
5259264.0,0.007040370100488265,0.00702492886703112,5259264.0,0.007473221664743808,0.0074630153746208325,5259264.0,0.320579392525057,0.3133988326104979
5271552.0,0.007085037817887496,0.007036832950204066,5271552.0,0.007491792964477402,0.007467138360031336,5271552.0,0.33378866221755743,0.3172346311776588
5283840.0,0.007058877968423379,0.00704613952790775,5283840.0,0.0074887298833345994,0.007473372642562026,5283840.0,0.34441471720735234,0.32172959002976614
5296128.0,0.0071303297275638515,0.007049051208256665,5296128.0,0.007536890499371414,0.007480571075817957,5296128.0,0.35375521254415315,0.3256232338957489
5308416.0,0.007025882989789049,0.007035364380135434,5308416.0,0.007544935787639891,0.007487482480307031,5308416.0,0.3420703719990949,0.32828867114149035
5320704.0,0.006999526172876358,0.007023494480381487,5320704.0,0.007378273502884743,0.007482732183658905,5320704.0,0.32072755120073754,0.3300011206883937
5332992.0,0.00688736960485888,0.0070114260495756755,5332992.0,0.0073999719849477215,0.0074727330689105045,5332992.0,0.3347585468242566,0.3313765923182169
5345280.0,0.006995996368156436,0.007014980028422239,5345280.0,0.007424416949409836,0.007467177166593804,5345280.0,0.3502198431330423,0.3344044501427561
5357568.0,0.006936569732109395,0.007011759885547993,5357568.0,0.007486213677717994,0.007471074475567245,5357568.0,0.3612114211233954,0.3373058513117333
5369856.0,0.0070263418116761995,0.007018630229382932,5369856.0,0.007463632461925347,0.007468807937645275,5369856.0,0.3706793092812101,0.34322050280558564
5382144.0,0.006930978309052686,0.007007691050239373,5382144.0,0.007530893330113031,0.007474575104182197,5382144.0,0.3538408864599963,0.3465466521990796
5394432.0,0.006976822298990252,0.006996869498349649,5394432.0,0.007450491277268156,0.007470444935461273,5394432.0,0.3546275162758927,0.34863053760491314
5406720.0,0.006939931923019079,0.006984974893809219,5406720.0,0.007540739674974854,0.0074756459146252995,5406720.0,0.3341390456383427,0.3476029704480122
5419008.0,0.006875866871268954,0.006959528608179728,5419008.0,0.0075368691177573055,0.007475643776463888,5419008.0,0.32810957776382565,0.34503840696997945
5431296.0,0.006888164803967811,0.006945756789597605,5431296.0,0.007370105786928131,0.007458160776392712,5431296.0,0.3354295991982023,0.3443743296898901
5443584.0,0.006938843182676162,0.006939688490577585,5443584.0,0.007342168712057173,0.007454550297309956,5443584.0,0.3286861199885607,0.34517018656867243
5455872.0,0.006827786249535468,0.006933730155045244,5455872.0,0.007329880104710658,0.007447541109286249,5455872.0,0.30294330744072795,0.3419886626303196
5468160.0,0.006924597434893561,0.006926590261718957,5468160.0,0.00743192553636618,0.007448291967981883,5468160.0,0.32569165357078117,0.3395358436740935
5480448.0,0.006995957262309578,0.0069325290147389754,5480448.0,0.0074021840846398845,0.007439889008674072,5480448.0,0.3343257123293976,0.33684727279469373
5492736.0,0.007016177919770901,0.006931512625548445,5492736.0,0.007522759726271033,0.007445801735108641,5492736.0,0.34580923430621624,0.3343602652971943
5505024.0,0.007022952966508456,0.006940710091294022,5505024.0,0.007446858018132237,0.007437398203910562,5505024.0,0.35390981876601774,0.33436715852779647
5517312.0,0.006976228745770641,0.006940650735972061,5517312.0,0.007495308585930616,0.007441879934776807,5517312.0,0.348950582711647,0.33379946517137193
5529600.0,0.0069319300722175585,0.0069398505508919085,5529600.0,0.007584835198940709,0.007446289487173392,5529600.0,0.3466948033310473,0.3350550409406423
5541888.0,0.0070293227399815805,0.006955196137763171,5541888.0,0.007543568707963762,0.007446959446194038,5541888.0,0.344688063642631,0.33671288952852285
5554176.0,0.007128116424913363,0.006979191299857726,5554176.0,0.007420918021428709,0.0074520406696440954,5554176.0,0.3393718840864797,0.33710711801735066
5566464.0,0.0070305651509746285,0.006988363496687573,5566464.0,0.007372614330961369,0.007455085231534516,5566464.0,0.3414496153903504,0.3383834675575296
5578752.0,0.007068781458656304,0.007012463017599657,5578752.0,0.0072632513620192185,0.0074484223572653715,5578752.0,0.3506935836436848,0.34315849517782526
5591040.0,0.007097470249088171,0.007029750299019118,5591040.0,0.007428128437216704,0.0074480426473504235,5591040.0,0.34188293882956106,0.3447776237037033
5603328.0,0.007117667841763857,0.007041921356964546,5603328.0,0.007452971306823504,0.007453121369568785,5603328.0,0.33060694687689346,0.34440574715845285
5615616.0,0.007092161084680508,0.007049519673455508,5615616.0,0.007433473253816676,0.007444192722323349,5615616.0,0.32199801877141,0.3420246256049722
5627904.0,0.0070169486619609716,0.007048919243000757,5627904.0,0.007431781229873498,0.007442685043497476,5627904.0,0.33458712029581267,0.34009235575795177
5640192.0,0.006910181989951525,0.007042314567418846,5640192.0,0.007382488824077882,0.007431403067312203,5640192.0,0.3312263349071145,0.3383199309774985
5652480.0,0.0069821725628571585,0.007047338816482807,5652480.0,0.007463705934545335,0.007419290140872665,5652480.0,0.3241213811561465,0.3360625887600084
5664768.0,0.006977786009277527,0.007042185143412401,5664768.0,0.007356679314398207,0.007400601201516111,5664768.0,0.3270816368361314,0.3343019460793585
5677056.0,0.006909093281137757,0.007020282829034841,5677056.0,0.007422245102740514,0.00740073390964729,5677056.0,0.3440658235922456,0.334771340029935
5689344.0,0.006990527183612964,0.0070162790322986736,5689344.0,0.007468151006226738,0.007410287577173827,5689344.0,0.3523168498650193,0.3358580634774019
5701632.0,0.006908179328699286,0.0070002188193029734,5701632.0,0.007370537088718265,0.007421016149843732,5701632.0,0.3446999218625327,0.3352586972992867
5713920.0,0.006992912734858692,0.006989763067880024,5713920.0,0.007402686819356556,0.0074184719880577175,5713920.0,0.32770191847036284,0.33384059526336685
5726208.0,0.0069889729978361475,0.006976893583487252,5726208.0,0.007390737145518263,0.007412248571927194,5726208.0,0.3297309253054361,0.33375299310622114
5738496.0,0.006978882331168279,0.006965565708136031,5738496.0,0.00733474777371157,0.007402376023916682,5738496.0,0.3300930738138656,0.33456249861046666
5750784.0,0.006979143416780668,0.006961785183618001,5750784.0,0.007462389505235478,0.00740543685145288,5750784.0,0.3408917461832364,0.3351929611992091
5763072.0,0.007044706629433979,0.006975237647566246,5763072.0,0.007467233769906064,0.007413911346035698,5763072.0,0.3338958945435782,0.3354599171628555
5775360.0,0.006972360720586342,0.006974256463339164,5775360.0,0.007454121965565719,0.007412952949137737,5775360.0,0.34488837436462444,0.33753661648370326
5787648.0,0.007064502700814046,0.006982928132492816,5787648.0,0.0073787717944166316,0.00741516219713958,5787648.0,0.3463021713929872,0.3394586699393888
5799936.0,0.006923143819828208,0.006984333186361861,5799936.0,0.007454645950929262,0.007418402281958454,5799936.0,0.33885453548282385,0.33893754112844665
5812224.0,0.007118335808627307,0.006997114048863296,5812224.0,0.007514308439567685,0.007423018025292549,5812224.0,0.3247663433042665,0.3361824904723714
5824512.0,0.007065960140607785,0.007012892130054146,5824512.0,0.007425448949409959,0.007428509211361718,5824512.0,0.32426998345181346,0.3341394966312995
5836800.0,0.0070775678104837425,0.00702135763761665,5836800.0,0.007495546907496949,0.007437795220175757,5836800.0,0.32719507068395615,0.33408881185265876
5849088.0,0.00705371935328003,0.007027832273161038,5849088.0,0.007386586711315128,0.007437380176755444,5849088.0,0.31627413537353277,0.33274313285946844
5861376.0,0.00699617201462388,0.007029561241506599,5861376.0,0.00735915033146739,0.007439820432531026,5861376.0,0.3143641899029414,0.331170244468376
5873664.0,0.006972918883548118,0.007028938788183345,5873664.0,0.00738277247971079,0.007431858729978558,5873664.0,0.3232917852389316,0.3294102483739455
5885952.0,0.00690923252113862,0.007015391377353808,5885952.0,0.007400432844103004,0.007425178637398252,5885952.0,0.334423213886718,0.3294629803082595
5898240.0,0.007062247837893665,0.00702438008908454,5898240.0,0.007546100649051368,0.007434376505746817,5898240.0,0.33493944179887575,0.3284680870516846
5910528.0,0.006961030875875925,0.007014032906590728,5910528.0,0.007452302947058342,0.007441729621010987,5910528.0,0.33290771829585236,0.3271286417419711
5922816.0,0.007059249862019594,0.007027643510809867,5922816.0,0.007363450242943752,0.007432610050212438,5922816.0,0.336411473651727,0.3268843355588615
5935104.0,0.006949401409656275,0.007010750070912763,5935104.0,0.007438256245222874,0.007425004830777957,5935104.0,0.33154158185546595,0.32756185941398147
5947392.0,0.006962129174401828,0.007000366974292167,5947392.0,0.007462833076715469,0.0074287432435085066,5947392.0,0.3248516437597573,0.32762002544477586
5959680.0,0.006914662410660337,0.006984076434309827,5959680.0,0.007199094955770609,0.007399098048335872,5959680.0,0.3235743334516883,0.32725795172154903
5971968.0,0.007018747550318949,0.006980579254013719,5971968.0,0.007313096381646271,0.007391749015368987,5971968.0,0.31279734522104263,0.3269102727063
5984256.0,0.007060571583375956,0.006987019210888927,5984256.0,0.007267410415806808,0.007382575023802929,5984256.0,0.32348186631376546,0.3278220403473824
5996544.0,0.007098695627064444,0.00699959688524056,5996544.0,0.007394030966679566,0.007383700872499807,5996544.0,0.32358091650530696,0.32785095347402
6008832.0,0.007108485762728378,0.007019522209399535,6008832.0,0.007299450051505119,0.007373602593240018,6008832.0,0.33497851543749374,0.3279064836290976
6021120.0,0.007086768532947947,0.007021974278904964,6021120.0,0.007403595440943415,0.007359352072429224,6021120.0,0.33091959326217574,0.32750449877542753
6033408.0,0.007141410368300664,0.0070400122281474384,6033408.0,0.007304311361319075,0.007344552913855297,6033408.0,0.32755619132270414,0.32696934607811273
6045696.0,0.007016572591965087,0.007035744501141987,6045696.0,0.007256506656024915,0.007333858555163412,6045696.0,0.32960779530306655,0.32628897824324665
6057984.0,0.007022191280460295,0.0070430234882223886,6057984.0,0.007113641651812941,0.007301397095822419,6057984.0,0.3363443965402742,0.32676925971172754
6070272.0,0.007120167647372,0.007058827335519406,6070272.0,0.0073974345868919045,0.007294857246840062,6070272.0,0.3449131959738831,0.3287754149331401
6082560.0,0.007014563205302693,0.007068817414983641,6082560.0,0.007289325163583271,0.007303880267621328,6082560.0,0.35285006805012625,0.33170298839298384
6094848.0,0.006923013332804355,0.007059243993232182,6094848.0,0.007383596598325918,0.007310930289289294,6094848.0,0.34998627100139856,0.33542188097101944
6107136.0,0.006972077763445365,0.007050394611239123,6107136.0,0.007282269129063934,0.007312416160615007,6107136.0,0.3309623504367967,0.33616992938332263
6119424.0,0.007030660650343634,0.007043591113567042,6119424.0,0.007189543689795149,0.007291967432926564,6119424.0,0.32483013113960624,0.3362948508467526
6131712.0,0.0070744805901388945,0.007040190596308093,6131712.0,0.007292186846219313,0.007291241112397982,6131712.0,0.33424413405979675,0.33622141270898276
6144000.0,0.0069528713744754595,0.0070268008804608454,6144000.0,0.007286425485896568,0.007279524116893299,6144000.0,0.34138437438135344,0.3372678908209006
6156288.0,0.007105014694388956,0.007023161313069674,6156288.0,0.007298382241666938,0.007278931204928086,6156288.0,0.3433327409438789,0.33884554578301807
6168576.0,0.007126528750328968,0.007034156928906063,6168576.0,0.007358210762807478,0.007289101615606341,6168576.0,0.3531047124415636,0.34119523749686775
6180864.0,0.007164923939853907,0.007048430194845423,6180864.0,0.007336317905962157,0.0073113692410212636,6180864.0,0.35336204478517175,0.3428970023213575
6193152.0,0.007051202919683419,0.007041533722076565,6193152.0,0.007348405071146165,0.007306466289446689,6193152.0,0.34307396148021024,0.3427130788719902
6205440.0,0.007119860990011754,0.0070520635005474714,6205440.0,0.007393304932823715,0.007316864266370733,6205440.0,0.34627927963932353,0.34205600003090997
6217728.0,0.007105823227902874,0.007070344490057323,6217728.0,0.007346930598335651,0.007313197666371706,6217728.0,0.3300756538907687,0.34006493831984697
6230016.0,0.007079075706618217,0.007081044284374609,6230016.0,0.007418538594113973,0.00732682461287671,6230016.0,0.3184120728013416,0.3388099105563015
6242304.0,0.00710928202655244,0.007088906421995489,6242304.0,0.007314017294750859,0.007339271973372282,6242304.0,0.33306926519920427,0.3396338239622613
6254592.0,0.007062684569973499,0.00708772681997895,6254592.0,0.007277482722808297,0.00733780156103118,6254592.0,0.34382177889347076,0.34059158844562865
6266880.0,0.007008693360451919,0.007093309018576595,6266880.0,0.0073461285792291164,0.007343771870364435,6266880.0,0.33947862141455215,0.3404010131489485
6279168.0,0.0071406689191159485,0.007096874441049295,6279168.0,0.007141057823901065,0.007328039428587847,6279168.0,0.3470762342525025,0.3407753624798109
6291456.0,0.007099716317801115,0.00709419319779651,6291456.0,0.007329976816739266,0.007325216033981026,6291456.0,0.3427951871417463,0.3397444099498292
6303744.0,0.007067058308166452,0.007084406634627763,6303744.0,0.007521759350008021,0.007343760178385612,6303744.0,0.3350811170724531,0.3379163171785573
6316032.0,0.00704651069342314,0.007083937412001737,6316032.0,0.007460829331345546,0.007355002604405551,6316032.0,0.3390980375309785,0.33751872478363415
6328320.0,0.007029135175495564,0.0070748648305501175,6328320.0,0.00730723439482972,0.007346395550606151,6328320.0,0.34594068536534905,0.3374848653562367
6340608.0,0.007033578173529047,0.007067640325112735,6340608.0,0.007322757485477875,0.007343978239320374,6340608.0,0.3516793525777757,0.3396452352249374
6352896.0,0.0072366601549826255,0.007083398769949176,6352896.0,0.007422864742693491,0.007344410854178326,6352896.0,0.3380127598841985,0.3416053039332231
6365184.0,0.007118264504242688,0.0070842970177182,6365184.0,0.007382438489003107,0.00735125297360355,6365184.0,0.35193547715122503,0.34349192512842514
6377472.0,0.007070541857198502,0.0070850827464407,6377472.0,0.0073149927144792555,0.007355003972770648,6377472.0,0.34247382264584303,0.3433571295036624
6389760.0,0.006959444532791774,0.007080157863674687,6389760.0,0.007154126345994882,0.007335803749447223,6389760.0,0.3368604223554333,0.34309530959775053
6402048.0,0.007107813224138226,0.0070768722941769125,6402048.0,0.007244962306382756,0.0073461941976953925,6402048.0,0.35167197370901704,0.34355488354340197
6414336.0,0.0069995051065537455,0.007066851173052176,6414336.0,0.00711723377268451,0.007324919893289918,6414336.0,0.3529784868781765,0.344573213517045
6426624.0,0.007011454794943954,0.007061290821729927,6426624.0,0.007186271119280718,0.007291371070217187,6426624.0,0.34675595940401155,0.34574069775020083
6438912.0,0.007144469156628475,0.0070710866680504594,6438912.0,0.007304287190587881,0.0072757168561414206,6438912.0,0.3423218761260311,0.34606308160970606
6451200.0,0.007024496291705873,0.007070622779671491,6451200.0,0.007407032341385881,0.007285696650797037,6451200.0,0.3490287059297164,0.3463718836661428
6463488.0,0.007026544529556607,0.0070699194152742464,6463488.0,0.007535227545304224,0.007306943656779671,6463488.0,0.346269136449943,0.34583086205335956
6475776.0,0.007099001086317003,0.007056153508407685,6475776.0,0.007476583307531352,0.0073123155132634576,6475776.0,0.34448653319850564,0.3464782393847902
6488064.0,0.00706853908195626,0.007051180966179041,6488064.0,0.007400272384984419,0.007314098902861587,6488064.0,0.3358542619583507,0.3448701178655028
6500352.0,0.006990950363009081,0.007043221816760099,6500352.0,0.007472646391155043,0.007329864270529167,6500352.0,0.3233255846425891,0.3429552940651775
6512640.0,0.007031802151080531,0.007050457578588974,6512640.0,0.0074267088251266005,0.007357122518442338,6512640.0,0.3317924737930298,0.34244849920893705
6524928.0,0.007021928089670837,0.007041869065142236,6524928.0,0.007425278192386031,0.007375154107042666,6524928.0,0.3209897212994595,0.3393802739679813
6537216.0,0.006926646383362822,0.007034583192823143,6537216.0,0.0074221424050241085,0.007405644970276626,6537216.0,0.33265197261547047,0.33734762254171075
6549504.0,0.007103528383595403,0.007043790551688289,6549504.0,0.007446123088205543,0.007431630167169108,6549504.0,0.3388652450715502,0.3365585511084646
6561792.0,0.007120891648810357,0.007041432800906478,6561792.0,0.007493755634641275,0.007450577011574448,6561792.0,0.34104204302032787,0.3364305677978943
6574080.0,0.007129080438365539,0.007051891215572444,6574080.0,0.007496542370063253,0.007459528014442185,6574080.0,0.3516292156030734,0.33669061876523
6586368.0,0.007198989037230301,0.007069135666339814,6586368.0,0.007472120414604433,0.007453217301372206,6586368.0,0.3500276679793994,0.3370664719181756
6598656.0,0.007038512725557666,0.00706308683026388,6598656.0,0.007314351363068757,0.007436994106925945,6598656.0,0.3601894931246837,0.33863676791079345
6610944.0,0.007147430866704478,0.007070976008738701,6610944.0,0.007419755303999409,0.007438942398827445,6610944.0,0.35193476065372425,0.3402448177803308
6623232.0,0.0071191433574616285,0.007083795308183956,6623232.0,0.007428602868458256,0.007434538046557766,6623232.0,0.3418192998506129,0.34209418930113317
6635520.0,0.007170843620163699,0.007097699455092273,6635520.0,0.0075478378469900536,0.007446650948744112,6635520.0,0.3551969587182005,0.34443463779365024
6647808.0,0.007044274864407877,0.007099934132565977,6647808.0,0.007479335292979765,0.007452056658803485,6647808.0,0.34998680961628753,0.347334346625333
6660096.0,0.0070207058161031455,0.007109340075840009,6660096.0,0.007351141905625506,0.007444956608863626,6660096.0,0.34621885682766634,0.34869103504655263
6672384.0,0.007021026484532437,0.007101089885933713,6672384.0,0.007412214632495306,0.007441565763292602,6672384.0,0.33525057121490437,0.3483295676608881
6684672.0,0.00703906144190114,0.007092906865242792,6684672.0,0.007274635800664934,0.007419653779894968,6684672.0,0.3452059330108265,0.3487459566599379
6696960.0,0.007084671698976308,0.007088465991303869,6696960.0,0.007385626265507502,0.007408562169439392,6696960.0,0.3428294747136533,0.3478659825709959
6709248.0,0.007042211795730206,0.00707278826715386,6709248.0,0.007461481698555872,0.007407498297834536,6709248.0,0.3381026174562673,0.34667347751868266
6721536.0,0.007160353028060247,0.007084972297404117,6721536.0,0.0073847214128666865,0.007414535302814329,6721536.0,0.33806811288620037,0.3444613394948343
6733824.0,0.006916043552337214,0.00706183356596739,6733824.0,0.0072054034972097725,0.007393100122135366,6733824.0,0.32394032180309296,0.3416618956097712
6746112.0,0.007068705973021376,0.007056789827523366,6746112.0,0.007252091823223357,0.007375449017611875,6746112.0,0.34041573852300644,0.3415215394770105
6758400.0,0.00709405098799228,0.007049110564306222,6758400.0,0.007339474720841584,0.007354612704997028,6758400.0,0.3512291979665558,0.34112476340184605
6770688.0,0.007067165618839984,0.007051399639749434,6770688.0,0.007260929133432607,0.007332772089042312,6770688.0,0.3549661251405875,0.3416226949542761
6782976.0,0.0070623372836659355,0.0070555627865057135,6782976.0,0.007421204820275307,0.007339778380507293,6782976.0,0.3463094234466553,0.341631751616175
6795264.0,0.007051490526161312,0.007058609190668601,6795264.0,0.007257506653938132,0.007324307582651575,6795264.0,0.34381453941265744,0.34248814843595027
6807552.0,0.007074138304839532,0.00706211687696244,6807552.0,0.007370885451867555,0.007333932547771838,6807552.0,0.3446008699635665,0.3424276421312243
6819840.0,0.007039485213075143,0.007057598228372324,6819840.0,0.007380012379144318,0.007333371159135518,6819840.0,0.3399280686862767,0.3421375015284866
6832128.0,0.00715970090823248,0.007069347139622551,6832128.0,0.007493258550918351,0.007336548844371768,6832128.0,0.3440551039141913,0.34273275017427907
6844416.0,0.007056189492383662,0.007058930786054893,6844416.0,0.007523701516523336,0.007350446854737432,6844416.0,0.3351083694336315,0.3424367758290222
6856704.0,0.007028463672516712,0.007070172798072841,6856704.0,0.0075283843276944635,0.007382744937785901,6856704.0,0.3405164290840427,0.3440943865571171
6868992.0,0.007035300155015041,0.007066832216272208,6868992.0,0.007476964659872465,0.007405232221450812,6868992.0,0.3464247554851075,0.34469528825332724
6881280.0,0.006956580187155244,0.007053085136188504,6881280.0,0.007440086197069225,0.007415293369073576,6881280.0,0.3425505212508142,0.34382742058175303
6893568.0,0.007104383597228055,0.007056806934027311,6893568.0,0.007514735504325169,0.007440674006162833,6893568.0,0.3397222828740875,0.34230303635510306
6905856.0,0.007013992241506155,0.007051972429811333,6905856.0,0.007461739708863509,0.007444727495021652,6905856.0,0.33781511926402646,0.34145360593684015
6918144.0,0.0071009350843572365,0.007056916885630926,6918144.0,0.0074869468274603905,0.007467671512373877,6918144.0,0.3354662217510243,0.3406187741706769
6930432.0,0.0071624346455791965,0.007065746519704892,6930432.0,0.007550960430914226,0.007485679010278546,6930432.0,0.323851917249461,0.33854387889926635
6942720.0,0.007131911319447681,0.007074989130342146,6942720.0,0.007528342347844348,0.007500512007148548,6942720.0,0.34825775772333145,0.33937684780297184
6955008.0,0.007073995749427316,0.00706641861446163,6955008.0,0.00757752074180947,0.0075089382262376585,6955008.0,0.3462582449428737,0.33959716190584005
6967296.0,0.007089417852209105,0.007069741450444174,6967296.0,0.007391880028687107,0.007495756077454037,6967296.0,0.33101669885218143,0.3391879948476951
6979584.0,0.007070631060438852,0.007073958189236389,6979584.0,0.007528749478903289,0.007495792592574921,6979584.0,0.32836166908964515,0.3379725188482553
6991872.0,0.007040896841014425,0.007074517857836327,6991872.0,0.007455933712966119,0.007493689497884285,6991872.0,0.3469915053186317,0.33802919383160773
7004160.0,0.0070659515768056735,0.00708545499680137,7004160.0,0.007549893998657353,0.007504670278043098,7004160.0,0.35009128383050364,0.33878327008957665
7016448.0,0.006980056913259129,0.007073022328404478,7016448.0,0.007591336461094518,0.007512330373720032,7016448.0,0.35053746805836755,0.3398647886080046
7028736.0,0.007031474104830219,0.0070747705147368835,7028736.0,0.007546260846235479,0.007520782487457229,7028736.0,0.3517040729833146,0.3412536839799335
7041024.0,0.0071157873996223015,0.0070762557462633905,7041024.0,0.007419412950791108,0.007514029099790302,7041024.0,0.36049653341372806,0.3437567151462039
7053312.0,0.0071331189343861,0.00707332417514408,7053312.0,0.007599950535222888,0.007518928110221168,7053312.0,0.3452561969558398,0.3458971431168417
7065600.0,0.007008154017967172,0.007060948444996029,7065600.0,0.00733023776653378,0.007499117652090111,7065600.0,0.3604119683926304,0.3471125641837716
7077888.0,0.007189092223901146,0.0070724580924434125,7077888.0,0.0075079136731801555,0.007492156945227179,7077888.0,0.3566612385523816,0.3481528635447224
7090176.0,0.0069935452096009,0.007062870828182591,7090176.0,0.007439054475980811,0.007496874389956549,7090176.0,0.3617802324394385,0.3512292169034481
7102464.0,0.007012461210251786,0.007057053843163885,7102464.0,0.007559298299990284,0.00749992927206525,7102464.0,0.3545057779798905,0.3538436277924726
7114752.0,0.0071363324047221495,0.007066597399534659,7114752.0,0.007463033708821361,0.007500639271650773,7114752.0,0.33025993158419925,0.3521704704190294
7127040.0,0.006959133349785891,0.007055915576832679,7127040.0,0.007626045698998496,0.007508254441684887,7127040.0,0.3440387587373455,0.3515652179097136
7139328.0,0.007120316688087769,0.007069941554315544,7139328.0,0.00749451468194214,0.00749857226376965,7139328.0,0.3330350099131465,0.34981497209519147
7151616.0,0.007107202783420992,0.00707751442217462,7151616.0,0.007482722474378534,0.007492218426583956,7151616.0,0.3439509157712261,0.3490396563739826
7163904.0,0.006982645398238674,0.007064200222036259,7163904.0,0.007400849266559817,0.007490362058160826,7163904.0,0.3425204308393101,0.34724204611654075
7176192.0,0.007165365236384484,0.007067424852236097,7176192.0,0.007357629879455392,0.007466129992584077,7176192.0,0.349135372787714,0.34762996369972826
7188480.0,0.007045853645346749,0.007071194814974055,7188480.0,0.007230341085232794,0.0074561403244539776,7188480.0,0.34568492183461785,0.34615725904392697
7200768.0,0.007101098735195895,0.007062395466103528,7200768.0,0.0074186772253597155,0.007447216679671934,7200768.0,0.3452126805981,0.34501240324849886
7213056.0,0.007108908493440443,0.007073931794487483,7213056.0,0.007485055539291352,0.0074518167860029875,7213056.0,0.3490235451608896,0.343736734520644
7225344.0,0.006920683998032473,0.007064754073265551,7225344.0,0.00741263428790262,0.0074371503847942225,7225344.0,0.35105256518969935,0.3433914132416248
7237632.0,0.0069607178593287244,0.007047192618726208,7237632.0,0.007476927445774588,0.007438539758489545,7237632.0,0.34835635948305327,0.34520105603151024
7249920.0,0.006994280454819091,0.007050707329229529,7249920.0,0.007586488403224696,0.007434584028912164,7249920.0,0.34007402261098224,0.34480458241887396
7262208.0,0.007155490915465634,0.007054224751967315,7262208.0,0.007444217495503835,0.007429554310268334,7262208.0,0.3285283846780658,0.3443539198953659
7274496.0,0.0071765010022015,0.007061154573845367,7274496.0,0.007359849594649859,0.007417267022295467,7274496.0,0.3414536210087438,0.34410419041911766
7286784.0,0.007185937308046657,0.0070814837648261655,7286784.0,0.00744635447820959,0.007421817543460443,7286784.0,0.33965642253557843,0.3438177895887444
7299072.0,0.007139608899403053,0.007078908131128023,7299072.0,0.007518596762868886,0.0074379142318017925,7299072.0,0.33600078290328383,0.3425043306003014
7311360.0,0.0072216648113681,0.007096489247730158,7311360.0,0.007536354581437384,0.007468515581422251,7311360.0,0.33977568211654824,0.34191340662849445
7323648.0,0.007088375059538521,0.007095216880164419,7323648.0,0.007390572131650212,0.007465705072051303,7323648.0,0.3229394781713684,0.3396860863858213
7335936.0,0.007255205253992851,0.007109846556219661,7335936.0,0.007385301427954498,0.007455729660917618,7335936.0,0.3313765876616041,0.33792139063589277
7348224.0,0.00709568844952931,0.007127347001369344,7348224.0,0.007464766958340381,0.007460942927961392,7348224.0,0.3358006770722568,0.33639620182414853
7360512.0,0.00721178045932902,0.007152453261369374,7360512.0,0.0073376689639796195,0.007447017079781897,7360512.0,0.3374225640048583,0.335302822276329
7372800.0,0.007100345028447919,0.007163059718732256,7372800.0,0.007430014632215413,0.007431369702680967,7372800.0,0.3249479456183811,0.3337902145770689
7385088.0,0.007201816464657895,0.007167692273651482,7385088.0,0.007510056166211143,0.007437953569751699,7385088.0,0.3275369818632801,0.33369107429559036
7397376.0,0.007012602167378645,0.007151302390169198,7397376.0,0.007366605495917611,0.007438629159878474,7397376.0,0.3370512193068862,0.33325083412540457
7409664.0,0.007231016815543019,0.007155810340918833,7409664.0,0.007308308258264636,0.007424824537883979,7409664.0,0.35730887701114017,0.33501607957296076
7421952.0,0.00713350123987766,0.0071551995749662934,7421952.0,0.007366534841518539,0.007409618345748945,7421952.0,0.3522840783310433,0.33664440911573673
7434240.0,0.007050054434027213,0.007138038537232205,7434240.0,0.007335209617546449,0.00738950384935985,7434240.0,0.3528285517046849,0.33794969607455033
7446528.0,0.00715016974087727,0.007144218005366081,7446528.0,0.007450311323433804,0.00739547776853821,7446528.0,0.3496467693087955,0.34062042518829305
7458816.0,0.0070635047450196,0.007125047954468755,7458816.0,0.007496052484687728,0.0074065528742115316,7458816.0,0.3412446506942312,0.34160723149155575
7471104.0,0.007147576686596342,0.007130236778175457,7471104.0,0.007553927585831843,0.007415468936960679,7471104.0,0.33708762051537633,0.3417359258358677
7483392.0,0.007162036849573876,0.007125262417199944,7483392.0,0.007449626893503591,0.0074266647299130765,7483392.0,0.3476728121750057,0.3427609506528825
7495680.0,0.007161856822979947,0.007131413596653147,7495680.0,0.007456770147352169,0.007429340281426751,7495680.0,0.3461844199337065,0.344884598084415
7507968.0,0.007132503485384707,0.007124482298725828,7507968.0,0.007454101248489072,0.0074237447896545435,7507968.0,0.33354832402740914,0.3454857323008279
7520256.0,0.007170789208127341,0.007140301002800697,7520256.0,0.00745744366334596,0.007432828606397379,7520256.0,0.3425349631967644,0.3460341066898157
7532544.0,0.007171780714998022,0.007134377392746198,7532544.0,0.007518872482857357,0.007453885028856652,7532544.0,0.3342418111860752,0.3437274001073092
7544832.0,0.0070778746012365445,0.007128814728882086,7544832.0,0.007397088954652038,0.007456940440170002,7544832.0,0.3477878471215566,0.3432777769863606
7557120.0,0.00712656594987493,0.007136465880466858,7557120.0,0.007499366576666944,0.007473356136082051,7557120.0,0.34740348579362035,0.3427352703952541
7569408.0,0.0071403028414351866,0.007135479190522649,7569408.0,0.007468433924562608,0.00747516839619493,7569408.0,0.35536317092676956,0.34330691055705154
7581696.0,0.007117801341034162,0.007140908850124106,7581696.0,0.007472841806399326,0.007472847328366091,7581696.0,0.34031055293356377,0.3432135007809848
7593984.0,0.007098239434223312,0.007135975124886803,7593984.0,0.00750843997229822,0.007468298567012729,7593984.0,0.3402182369803389,0.34352656242748103
7606272.0,0.007146292145383389,0.007134400654467754,7606272.0,0.00756250083213672,0.007479585960876041,7606272.0,0.33869369017581147,0.3426286502275616
7618560.0,0.007095475649596968,0.0071277625371294565,7618560.0,0.007533213244945121,0.007487230270635335,7618560.0,0.3407599562779069,0.3420862038619816
7630848.0,0.007064747274853289,0.007120986916076315,7630848.0,0.007555687666657225,0.007497388912452151,7630848.0,0.3437171201221645,0.3431030834714571
7643136.0,0.007140242800232954,0.007117932275286875,7643136.0,0.007588830165332183,0.0075105275626507735,7643136.0,0.3461282228430112,0.34346240943608186
7655424.0,0.007137214308992649,0.0071144756346863385,7655424.0,0.007473279278201517,0.00750596824218519,7655424.0,0.3270776066929102,0.34274598898676534
7667712.0,0.0071596283475325135,0.007122651009315936,7667712.0,0.007639342205948196,0.0075301935673148055,7667712.0,0.32226485572755337,0.34019368984736503
7680000.0,0.0071362079567431165,0.0071236152100027554,7680000.0,0.007606615365754503,0.007540918446223561,7680000.0,0.3233064222149551,0.3377839834894985
7692288.0,0.007177179999416694,0.007127302925800905,7692288.0,0.007507622717336441,0.007544837325500946,7692288.0,0.33251978643238544,0.33549964504006013
7704576.0,0.007128139783162624,0.0071283367700137506,7704576.0,0.00762868572686178,0.00756042171754719,7704576.0,0.33852998663981754,0.33532158841068543
7716864.0,0.0070607678111021714,0.007124589607701635,7716864.0,0.007479063710585858,0.007557484091375954,7716864.0,0.3290778980590403,0.3342075545185556
7729152.0,0.007122777610978422,0.00712223815426114,7729152.0,0.007652303111778262,0.007566464319340109,7729152.0,0.3312131178875764,0.3334594972897321
7741440.0,0.007157956696270655,0.0071284862589285096,7741440.0,0.007519773454987444,0.007565120340344342,7741440.0,0.33065016924714047,0.3324485185866555
7753728.0,0.007091280252401096,0.007131139556683289,7753728.0,0.007555010995323149,0.007565052673210932,7753728.0,0.3337414402825137,0.3314509506026904
7766016.0,0.0071657842442315696,0.007133693701083151,7766016.0,0.007587830293535565,0.007564952686031271,7766016.0,0.3243059325031936,0.3292687215687086
7778304.0,0.007137139703748592,0.007133686240558745,7778304.0,0.007497455973255758,0.007567370355536694,7778304.0,0.32700290453309816,0.3292612513527274
7790592.0,0.0071169457272238406,0.0071294179785278775,7790592.0,0.007574986380253297,0.007560934772967205,7790592.0,0.33801292659093934,0.330836058439066
7802880.0,0.007156640591953571,0.007131461242048924,7802880.0,0.007516975189597967,0.007551970755351553,7802880.0,0.35459011389563483,0.33396442760713396
7815168.0,0.007141595609330882,0.007127902803040343,7815168.0,0.007436676848252925,0.007544876168443201,7815168.0,0.3394069499336183,0.3346531439572572
7827456.0,0.007076188562981163,0.007122707681022196,7827456.0,0.0075145560161521035,0.007533463197372232,7827456.0,0.3556979450707634,0.3363699398003519
7839744.0,0.007070141783818447,0.007123645078293823,7839744.0,0.00741450937736469,0.007527007764050117,7839744.0,0.35331918904557824,0.3387940688990057
7852032.0,0.007170485269549924,0.007128415844150975,7852032.0,0.0072808284749044105,0.007489860300362731,7852032.0,0.34565365081653,0.340238122191901
7864320.0,0.007066223338673201,0.007119242508391228,7864320.0,0.007475582358893007,0.007485441190753288,7864320.0,0.33873173377166194,0.3410462786443531
7876608.0,0.006999780482146889,0.007110092531365808,7876608.0,0.007368326303549111,0.007466772721575883,7876608.0,0.35641528526321054,0.34331366314242284
7888896.0,0.007118226116290316,0.0071053367185716825,7888896.0,0.007327041370444931,0.00744069382926682,7888896.0,0.33633071727429825,0.34451614161953337
7901184.0,0.00714254912842686,0.00710587766103951,7901184.0,0.0074630882979060216,0.007437257061731847,7901184.0,0.3492082254961133,0.34673667371583483
7913472.0,0.007134890959908565,0.007107672184307981,7913472.0,0.00745655831269687,0.007425414254976203,7913472.0,0.34150285537665087,0.347085666594406
7925760.0,0.007155238970881328,0.0071075320222007575,7925760.0,0.007475443373550661,0.007421261073371474,7925760.0,0.3363708611577749,0.34526374132062
7938048.0,0.007190368327428587,0.007112409294010527,7938048.0,0.007433586234886509,0.007420952012034831,7938048.0,0.33640615362674,0.34496366168993214
7950336.0,0.007085862149930715,0.007113376652705483,7950336.0,0.007502728927647695,0.007419769303184391,7950336.0,0.33710801290969056,0.3431046684738248
7962624.0,0.007121005847390431,0.007118463059062682,7962624.0,0.007541144514107145,0.007432432816858636,7962624.0,0.336463602570196,0.3414191098262866
7974912.0,0.007159861590480432,0.007117400691155733,7974912.0,0.007478153396126193,0.007452165308980814,7974912.0,0.3369367077636222,0.3405474155209959
7987200.0,0.007171305822945821,0.007127908939582995,7987200.0,0.0073501495135133155,0.007439622024442845,7987200.0,0.3319946924845378,0.3398737113922834
7999488.0,0.0071646697469986975,0.007144397866068175,7999488.0,0.007510064232822818,0.007453795817370215,7999488.0,0.3215924557298422,0.33639142843894654
8011776.0,0.007106149079239306,0.007143190162363073,8011776.0,0.007512962057565649,0.007472387886082286,8011776.0,0.3347317483276129,0.3362315315442781
8024064.0,0.007164819432849375,0.007145417192805326,8024064.0,0.0074795572193882736,0.007474034778230512,8024064.0,0.3332581616317232,0.3346365251578391
8036352.0,0.00707044351050475,0.007138972447864944,8036352.0,0.007489871388922135,0.007477366085853039,8036352.0,0.32979420898482203,0.3334656605186562
8048640.0,0.007207450515124947,0.007144193602289306,8048640.0,0.007575705259417494,0.007487392274439722,8048640.0,0.32966179586946964,0.33279475398982566
8060928.0,0.007085465229465626,0.00713370329249301,8060928.0,0.0074745673725071056,0.007491490388201782,8060928.0,0.33615687815472484,0.33276982644262415
8073216.0,0.007222451221120234,0.007147362199611963,8073216.0,0.007441717845116121,0.0074853892799486245,8073216.0,0.3272516514795522,0.33178419029961026
8085504.0,0.007163120196006882,0.007151573634473607,8085504.0,0.007548071012327758,0.007486081929770685,8085504.0,0.3218574495986104,0.33032357500245174
8097792.0,0.00714479274271677,0.007150066749697241,8097792.0,0.007613011757105899,0.007499567765868656,8097792.0,0.3320809832463662,0.32983800255072615
8110080.0,0.007126572386672099,0.007145593406069868,8110080.0,0.007507860311307013,0.0075153388456480254,8110080.0,0.3266877708956599,0.32930731039183836
8122368.0,0.007183648359690172,0.007147491267339015,8122368.0,0.007584644282663551,0.0075227968506320995,8122368.0,0.3465504013001919,0.33180310494887333
8134656.0,0.007059695839416236,0.007142845943356709,8134656.0,0.00742075162997935,0.007513575807873469,8134656.0,0.35984116746112704,0.33431404686222477
8146944.0,0.0071248078044542735,0.0071388447805172,8146944.0,0.0075911019860844435,0.0075247302845430864,8146944.0,0.3478310250987609,0.33577133320892855
8159232.0,0.0071578531205886975,0.007147585741525594,8159232.0,0.00746256991988048,0.00752200013763892,8159232.0,0.3401294955983758,0.3368048618702839
8171520.0,0.007201503302591543,0.0071469910202722545,8171520.0,0.007665099576115608,0.0075309395693087325,8171520.0,0.34459386051942903,0.33829806833527987
8183808.0,0.007188907698340093,0.0071573352671597,8183808.0,0.007455788868052575,0.00752906171886328,8183808.0,0.3551784601683418,0.34020022653664156
8196096.0,0.007112025195965543,0.007146292664644231,8196096.0,0.007710383016577301,0.007555928236009398,8196096.0,0.34905750832209986,0.3423808122208962
8208384.0,0.007128505050786771,0.00714283115012222,8208384.0,0.0075222830346319824,0.00755334943823982,8208384.0,0.3542857002466917,0.3456236372857044
8220672.0,0.007154626306146383,0.007143814506465182,8220672.0,0.007561176738818176,0.007548165936411047,8220672.0,0.3444126051229735,0.3468567994733652
8232960.0,0.007179479328139375,0.007149105200611909,8232960.0,0.007453239590783293,0.007542703864358675,8232960.0,0.3481349004432559,0.34900151242812477
8245248.0,0.007159399528366824,0.007146680317479575,8245248.0,0.007599620589947638,0.0075442014950870846,8245248.0,0.3531328245686988,0.3496597547549754
8257536.0,0.00722462281070572,0.007163173014608523,8257536.0,0.007399731502421976,0.007542099482331347,8257536.0,0.3381805623260637,0.3474936942414691
8269824.0,0.007091738383072273,0.007159866072470322,8269824.0,0.007601159154243457,0.007543105199147249,8269824.0,0.33942793604607385,0.3466533853362004
8282112.0,0.007082865243622412,0.007152367284773693,8282112.0,0.007569872070841181,0.007553835414243319,8282112.0,0.33797984508176643,0.34643842028453947
8294400.0,0.007084625045536086,0.007140679459068147,8294400.0,0.0074332177464384586,0.007530647231275604,8294400.0,0.34559821896255016,0.34653885612885155
8306688.0,0.0071213751410444575,0.0071339262033385835,8306688.0,0.007509084951986249,0.007535976839668971,8306688.0,0.3507808392557005,0.34609909403758743
8318976.0,0.0071857967947532115,0.007141303363217351,8318976.0,0.007501583648263477,0.00751509690283759,8318976.0,0.3537099068053067,0.34656433388590807
8331264.0,0.007120083804087092,0.007140461238547384,8331264.0,0.00761719065970586,0.007524587665344977,8331264.0,0.35340061131864786,0.34647582499310375
8343552.0,0.007158413636110102,0.007140839971543754,8343552.0,0.007542166975326836,0.007522686688995843,8343552.0,0.34908496603990596,0.346943061084797
8355840.0,0.007161665669021507,0.0071390586056319675,8355840.0,0.007549408090805325,0.0075323035389980465,8355840.0,0.35306725014622015,0.3474362960550934
8368128.0,0.0070572052645729855,0.007128839179252585,8368128.0,0.007500834050006233,0.007522424885003906,8368128.0,0.3493135486108561,0.34705436845930915
8380416.0,0.007137524560675956,0.007120129354249607,8380416.0,0.007494197556904207,0.0075318714904521284,8380416.0,0.33607638922209543,0.3468439511489123
8392704.0,0.007047209044685587,0.007115676420410939,8392704.0,0.0074747541366377845,0.007519230988691561,8392704.0,0.32618772021184367,0.34551992956548927
8404992.0,0.007182530636782758,0.007125642959726975,8404992.0,0.007534869393566623,0.007515730720964106,8404992.0,0.3289567219714324,0.34461761725445583
8417280.0,0.007064070952765178,0.007123587550449883,8417280.0,0.007475903956219554,0.007519999341942215,8417280.0,0.3201762655129035,0.34207542190949125
8429568.0,0.007146343239583075,0.007126084360303745,8429568.0,0.007450431619266358,0.0075141340086702256,8429568.0,0.3236710050453742,0.33936443848845865
8441856.0,0.007145812781042575,0.007122085958932682,8441856.0,0.007496152795890036,0.007513590923432882,8441856.0,0.3436184952345987,0.3383552973313878
8454144.0,0.007123697129524468,0.007122447291476419,8454144.0,0.007627650906215422,0.007514636948083839,8454144.0,0.3475298900157213,0.3377682252010952
8466432.0,0.007211783425494407,0.00712778427041485,8466432.0,0.007530722092875901,0.007513492459838745,8466432.0,0.34785159102951485,0.3376448877000561
8478720.0,0.007122223168456306,0.00712384002035833,8478720.0,0.007512416297686286,0.007509793280526841,8478720.0,0.346696635397772,0.33700782622521125
8491008.0,0.007080411266845961,0.007126160620585627,8491008.0,0.0075179788933989284,0.007511507764866111,8491008.0,0.3386385506018996,0.3359403264243156
8503296.0,0.0071297856387294205,0.007125386728390973,8503296.0,0.007663437776500359,0.0075284317868257265,8503296.0,0.3250061877382298,0.334833306275929
8515584.0,0.007184019797326376,0.007139067803655051,8515584.0,0.007545203271244342,0.007535476700286382,8515584.0,0.3327391929924488,0.33548845355398954
8527872.0,0.0071420019085053355,0.0071350149308273105,8527872.0,0.007537848495606643,0.0075357746104903825,8527872.0,0.3434214362253745,0.3369349249793837
8540160.0,0.007118915780059372,0.0071404994135567295,8540160.0,0.007520397800059679,0.007540223994874395,8540160.0,0.3447249070741236,0.33938978913550577
8552448.0,0.007050480210940198,0.007130913110692441,8552448.0,0.007465401555236895,0.00754172098847145,8552448.0,0.3459673694645365,0.341619425577422
8564736.0,0.007232142910652328,0.0071395461236534175,8564736.0,0.0075828374150053906,0.007550389450382984,8564736.0,0.34359079226851463,0.3416166552808136
8577024.0,0.007197035219481525,0.007146879932649122,8577024.0,0.007599545434156123,0.007547578903177055,8577024.0,0.345555638273557,0.34141923010659714
8589312.0,0.007161112715645383,0.007141812861664221,8589312.0,0.007533005087073737,0.007547807202596839,8589312.0,0.3395239431411028,0.34058646531775594
8601600.0,0.007211319879085447,0.007150722532727136,8601600.0,0.007507882114926663,0.007547353784320876,8601600.0,0.34388030460104346,0.34030483223808305
8613888.0,0.007129773318107861,0.007155658737853325,8613888.0,0.007603000679713053,0.0075558559629522876,8613888.0,0.3394250062604745,0.34038347780394057
8626176.0,0.007250602682082293,0.007167740442188611,8626176.0,0.007574570438009687,0.0075469692291032205,8626176.0,0.33597838490580517,0.34148069752069815
8638464.0,0.00717989873373881,0.007167328335829855,8638464.0,0.007531566802451077,0.007545605582223895,8638464.0,0.342619308270514,0.3424687090485046
8650752.0,0.0071924611838767305,0.007172374263366995,8650752.0,0.007631233927289334,0.007554944125392165,8650752.0,0.33931603670741123,0.3420581690967083
8663040.0,0.007200899296246159,0.007180572614985674,8663040.0,0.007419483731306779,0.007544852718516874,8663040.0,0.3393713007681072,0.3415228084661066
8675328.0,0.007230470713693649,0.007198571665261018,8675328.0,0.007627908441160495,0.007561103407109235,8675328.0,0.326838661916554,0.33960993771130843
8687616.0,0.007071677939772296,0.007182525168173017,8687616.0,0.007528293436431947,0.00755564900925189,8687616.0,0.33881519160543877,0.3391323776450008
8699904.0,0.007167637876894635,0.007179585433914326,8699904.0,0.00745939767997091,0.007541634233833368,8699904.0,0.3272876438374321,0.3373055782013883
8712192.0,0.007244374239235185,0.007187911586273306,8712192.0,0.007490566766743238,0.007537390401800318,8712192.0,0.3329059798270464,0.3366437818699827
8724480.0,0.0071166403698346885,0.00717844363534823,8724480.0,0.007592664042022079,0.0075458685945098605,8724480.0,0.3328519499239822,0.3355409464022766
8736768.0,0.0071862423307417584,0.00718409053661162,8736768.0,0.0075971898913849145,0.007545287515677046,8736768.0,0.3362160362303257,0.3352200493992617
8749056.0,0.0072498784769171225,0.0071840181160951035,8749056.0,0.007542494485581604,0.007542079920434238,8749056.0,0.3379603318559627,0.3354182440942774
8761344.0,0.007168892067663061,0.007182917449487529,8761344.0,0.007570465177802059,0.007545969757969337,8761344.0,0.3346388071464996,0.3346201939818759
8773632.0,0.00702246622434662,0.007165917953534518,8773632.0,0.007551251682646883,0.00753797153350509,8773632.0,0.3394863335415721,0.334637223665292
8785920.0,0.007109655474778265,0.007156793571387728,8785920.0,0.007539854399510659,0.007550008600325479,8785920.0,0.33206226288651425,0.33390631987713276
8798208.0,0.007095936331703949,0.007143340133188758,8798208.0,0.007526097440859303,0.00753982750029536,8798208.0,0.3346089225572844,0.33468334594120586
8810496.0,0.007089600437514794,0.007145132382963007,8810496.0,0.007455864120856859,0.00753258456873785,8810496.0,0.33001545164734125,0.33380337194539605
8822784.0,0.0071270525562188896,0.007141073850895433,8822784.0,0.00746705836597054,0.007533350637337814,8822784.0,0.32423877995461226,0.3334984855571141
8835072.0,0.007201963526313193,0.007136832779603234,8835072.0,0.0075435992669857415,0.007538653887362063,8835072.0,0.3314363230019808,0.3333515198746075
8847360.0,0.007095276426601534,0.007134696385279919,8847360.0,0.007510018190563035,0.0075303893022161585,8847360.0,0.34693152954181034,0.3347594778363904
8859648.0,0.007083950302330777,0.007124467182438821,8859648.0,0.007473356764724788,0.007518005989550146,8859648.0,0.3478707702209552,0.3359249512354533
8871936.0,0.007063195361600568,0.007105798870907165,8871936.0,0.007524127252205896,0.007516169266212578,8871936.0,0.34317817150925595,0.33644673520078267
8884224.0,0.007083850548951887,0.007097294719036047,8884224.0,0.0077219219189525274,0.007531314940327624,8884224.0,0.33812727546319366,0.336795582032452
8896512.0,0.007189777083112858,0.007114025804912672,8896512.0,0.007654473947089476,0.007541637166771882,8896512.0,0.33056549075990915,0.33590349775428574
8908800.0,0.007070592512415412,0.007110119508676386,8908800.0,0.0075220320383474855,0.007539854930655565,8908800.0,0.3237003735266626,0.33506730881830055
8921088.0,0.007191781997486639,0.007119704075254656,8921088.0,0.007740969294294094,0.007561342115999044,8921088.0,0.3381491393471758,0.33542133049728967
8933376.0,0.007108987818355672,0.007121642813338743,8933376.0,0.007764909692923538,0.007592246673205712,8933376.0,0.3370653139427304,0.3361263167268286
8945664.0,0.007126925765381505,0.007121630134255004,8945664.0,0.007529479208945607,0.007598488757503218,8945664.0,0.33869060905029374,0.3375714996363968
8957952.0,0.0071352250524796546,0.00711495628687165,8957952.0,0.007624782975957108,0.007606607128400354,8957952.0,0.3402117063912253,0.3384490379753212
8970240.0,0.0070797086955280975,0.0071133995137643066,8970240.0,0.007451051365933381,0.0076007104459373896,8970240.0,0.3442289933251838,0.3381787843536585
8982528.0,0.007099106442183256,0.007114915127749555,8982528.0,0.007551243601483293,0.0076084991296132415,8982528.0,0.33424970926716924,0.33681667825827993
8994816.0,0.007248005170064668,0.007133396108595966,8994816.0,0.007469903546734713,0.007603076759066121,8994816.0,0.3523034048266709,0.3377292015900214
9007104.0,0.007085817720508203,0.0071335928257515975,9007104.0,0.007345813408998462,0.007565465908070716,9007104.0,0.3550022686831653,0.33941670091201864
9019392.0,0.007103456780896522,0.007124960795529963,9019392.0,0.007454119477188215,0.007545430461080589,9019392.0,0.3491854830645025,0.34127870014247796
9031680.0,0.007260190856565411,0.007143920629944964,9031680.0,0.007506385464997341,0.007543865803745576,9031680.0,0.3305309585606058,0.3419617586458723
9043968.0,0.007220096134309036,0.007146752043627203,9043968.0,0.007417718855625329,0.007511540759878697,9043968.0,0.3234269429619114,0.3404895390073458
9056256.0,0.007149146278000747,0.00715076788959171,9056256.0,0.007474555590306409,0.007482505349616986,9056256.0,0.33442942301432294,0.34022594991450505
9068544.0,0.007139530362716566,0.007152028349325217,9068544.0,0.007491660934950535,0.007478723522217479,9068544.0,0.3346882156717281,0.3398257105766485
9080832.0,0.0073051173239946365,0.007169017576476715,9080832.0,0.007474236195169699,0.007463668844138736,9080832.0,0.35301272648697096,0.3411058125862231
9093120.0,0.007202592707471922,0.0071813059776710975,9093120.0,0.007446252396524263,0.007463188947197825,9093120.0,0.34916858840733767,0.3415997720944385
9105408.0,0.00717818493770513,0.0071892138272232845,9105408.0,0.007490511008654721,0.007457115687914968,9105408.0,0.3375883858340482,0.3419336397511264
9117696.0,0.007153786549073023,0.007179791965124119,9117696.0,0.007470668599125929,0.007457192193154091,9117696.0,0.33361401595175266,0.3400647008636345
9129984.0,0.007110249804100022,0.007182235173483302,9129984.0,0.007357935270799014,0.007458404379334145,9129984.0,0.3351620666993161,0.3380806806652496
9142272.0,0.007229805540797922,0.007194870049473441,9142272.0,0.007543847042446335,0.007467377135859957,9142272.0,0.3464971745076279,0.3378118498095622
9154560.0,0.007136455077367525,0.007182496471553654,9154560.0,0.007382812977690871,0.00745501988712931,9154560.0,0.3399453239204983,0.3387532863455514
9166848.0,0.007183798875000018,0.007178866745622752,9166848.0,0.007420780241470008,0.007455326025713779,9166848.0,0.33376990413914126,0.33978758246327434
9179136.0,0.007172884691196184,0.0071812405869422944,9179136.0,0.007519521347906751,0.007459822601473813,9179136.0,0.3410147305888434,0.34044611322072643
9191424.0,0.00714500139777859,0.007181787690448496,9191424.0,0.0073469832180611165,0.00744535482978487,9191424.0,0.3473795463020603,0.3417152462837597
9203712.0,0.007154465643300985,0.007166722522379131,9203712.0,0.007455571680717791,0.00744348837833968,9203712.0,0.35002200367550057,0.3414161740026126
9216000.0,0.007242486654528572,0.007170711917084798,9216000.0,0.007389020528838349,0.007437765191571089,9216000.0,0.34672668436542153,0.341171983598421
9228288.0,0.007173424164648168,0.0071702358397791,9228288.0,0.007347153967809088,0.007423429487486526,9228288.0,0.33489793182040256,0.3409029381970564
9240576.0,0.007243649204610847,0.007179222105332883,9240576.0,0.0073827609497432905,0.007414638722548261,9240576.0,0.33531080977991223,0.3410726175798724
9252864.0,0.007048309033658977,0.007173028028288779,9252864.0,0.007405479584122077,0.007419393153880567,9252864.0,0.34339296305552125,0.34189570721549295
9265152.0,0.007330844188497092,0.007183131893058696,9265152.0,0.007423191035438019,0.007407327553179736,9265152.0,0.3625618717633188,0.34350217694106205
9277440.0,0.007175014713235821,0.007186987856645526,9277440.0,0.007518808900689085,0.007420927145479557,9277440.0,0.3565738269438346,0.34516502724339565
9289728.0,0.00703190584317781,0.007171798553463305,9289728.0,0.007403027256562685,0.007419151846988823,9289728.0,0.36008336845164496,0.34779637367464605
9302016.0,0.007176942861406133,0.0071722043704843,9302016.0,0.007378755079116672,0.007405075220109816,9302016.0,0.34620738743493956,0.3483156393592556
9314304.0,0.007207346502885533,0.007178438880994993,9314304.0,0.0073740867131467285,0.007407785569618379,9314304.0,0.3506329810867707,0.34864098283772665
9326592.0,0.007154051595231674,0.0071783974761880625,9326592.0,0.00731208547707259,0.007393436949253858,9326592.0,0.3518479419872165,0.34882357666889824
9338880.0,0.007179289357736707,0.007172077746508876,9338880.0,0.00759009896137286,0.007413544792507309,9338880.0,0.342070874137183,0.34835799564607445
9351168.0,0.007217783507561156,0.007176513680800174,9351168.0,0.007407476490091843,0.007419577044735584,9351168.0,0.3553048864317437,0.35039869110720856
9363456.0,0.007188967249627846,0.007171045485301874,9363456.0,0.007439742733064729,0.007425275223067729,9363456.0,0.3435583078923325,0.35122344091845054
9375744.0,0.007165437806785728,0.007182758362614551,9375744.0,0.007505886766011827,0.007435315941256704,9375744.0,0.3410580850516756,0.350989953118066
9388032.0,0.007161366753280163,0.007165810619092858,9388032.0,0.007381207159293505,0.007431117553642253,9388032.0,0.342637332311521,0.3489974991728862
9400320.0,0.0070994434305854765,0.007158253490827822,9400320.0,0.007512416157017772,0.007430478279275121,9400320.0,0.3506534993648529,0.348405466414988
9412608.0,0.007121177399919058,0.007167180646501949,9412608.0,0.007210519887545767,0.0074112275423734286,9412608.0,0.345543439189593,0.3469514734887828
9424896.0,0.007184179999361125,0.007167904360297446,9424896.0,0.007321076385172394,0.007405459672979002,9424896.0,0.33913047797977924,0.3462437825432668
9437184.0,0.007253168010114071,0.0071724865110202995,9437184.0,0.007461236658855341,0.0074141746675498625,9437184.0,0.3345707538537681,0.3446375598199666
9449472.0,0.0071434346997799976,0.007171424821475132,9449472.0,0.007432666670259398,0.007426232786868543,9449472.0,0.33011990366503596,0.3424647559877485
9461760.0,0.007144691970703813,0.007167965082771845,9461760.0,0.007396783956210129,0.0074069012863522705,9461760.0,0.32896896901850897,0.34115456547588113
9474048.0,0.0071625228980944184,0.007162439021825171,9474048.0,0.007500151094670097,0.007416168746810096,9474048.0,0.3356022221657137,0.3391842990492781
9486336.0,0.0071673081086676875,0.007160273107729154,9486336.0,0.007313774394181867,0.00740357191292181,9486336.0,0.3334387978538871,0.33817234804543356
9498624.0,0.007179538990991811,0.007161683226149762,9498624.0,0.007321708884167795,0.007385154124737406,9498624.0,0.34386482384676736,0.33845302192494275
9510912.0,0.007239369025531535,0.007169483453374899,9510912.0,0.007375550204111884,0.007384588429219245,9510912.0,0.3323598167238136,0.33742527036617204
9523200.0,0.0071292002927899984,0.007172459139595353,9523200.0,0.0073965961394909146,0.007373006427466559,9523200.0,0.32824751144895953,0.33518467157458265
9535488.0,0.007128654697832341,0.00717320686938668,9535488.0,0.007470395779819228,0.007398994016693905,9535488.0,0.33952278457581997,0.33458260611320534
9547776.0,0.0071516293634582935,0.007169951805796397,9547776.0,0.007382178242551163,0.0074051042024317806,9547776.0,0.35477638291195035,0.3361471966064225
9560064.0,0.007035061959565307,0.007148141200741522,9560064.0,0.007320465088317481,0.007391027045377994,9560064.0,0.3506996527624627,0.33776008649729194
9572352.0,0.007161492617645611,0.007149946992528082,9572352.0,0.007485219941978964,0.007396282372549953,9572352.0,0.34510842664167285,0.33925893879495567
9584640.0,0.007199921684029202,0.007155469963860621,9584640.0,0.007351154379042176,0.007391719414833156,9584640.0,0.3443205466804405,0.3407940965611488
9596928.0,0.007132469807402231,0.0071524646547914015,9596928.0,0.007457531746088837,0.00738745747997503,9596928.0,0.3438329024550815,0.34161716459008556
9609216.0,0.007188138454997291,0.007154547689424362,9609216.0,0.0072818775952328,0.0073842678000801245,9609216.0,0.3509885591144363,0.3433721407161404
9621504.0,0.007158404230722226,0.007152434213397403,9621504.0,0.007431513925742668,0.00739524830423761,9621504.0,0.3416382052625219,0.3431494788577159
9633792.0,0.007213458971818909,0.007149843208026141,9633792.0,0.007382886052558509,0.007395981889082273,9633792.0,0.3373330299121638,0.3436468001765509
9646080.0,0.0072577128691288335,0.007162694465660026,9646080.0,0.007362585640900458,0.007392580839223228,9646080.0,0.3343058810569346,0.34425263713734844
9658368.0,0.00725839170627296,0.007175668166504087,9658368.0,0.007427289436842936,0.0073882702049256,9658368.0,0.33794486134623486,0.34409484481438996
9670656.0,0.0072387295416168245,0.0071843781843199395,9670656.0,0.0074447631486691535,0.0073945286955373985,9670656.0,0.3494952785161634,0.3435667343748113
9682944.0,0.00727165933252157,0.007208037921615565,9682944.0,0.0073817553008363275,0.007400657716789283,9682944.0,0.35513052220145863,0.34400982131871083
9695232.0,0.007065306698981051,0.007198419329749109,9695232.0,0.007304787538790454,0.007382614476470433,9695232.0,0.35136785559977096,0.34463576421452063
9707520.0,0.007231512189415905,0.007201578380287781,9707520.0,0.007354826195902812,0.007382981658156496,9707520.0,0.3568034054090579,0.3458840500873824
9719808.0,0.007224124240262124,0.00721074382357377,9719808.0,0.007361386087723076,0.0073733670923199195,9719808.0,0.3581023458391428,0.3473109944257885
9732096.0,0.007177163550901848,0.0072096463331642255,9732096.0,0.007238310376123991,0.007369010370409039,9732096.0,0.35166464901218814,0.34737860341556365
9744384.0,0.0072019495273707435,0.007214000862829077,9744384.0,0.007327359184273519,0.007358594896262125,9744384.0,0.355625182390213,0.3487773011283328
9756672.0,0.007184362422170428,0.007211091207864229,9756672.0,0.0072448214899244094,0.007344788439998713,9756672.0,0.3672504227918883,0.3517690404163053
9768960.0,0.007224159630519959,0.007207735884003341,9768960.0,0.007364182378902721,0.007344948113798941,9768960.0,0.35602869853998226,0.35394132216461005
9781248.0,0.007176754540220524,0.007199572167398098,9781248.0,0.007212895531362544,0.007323508723250901,9781248.0,0.33516315029313165,0.3536631510592997
9793536.0,0.0071213258294543875,0.007187831796181855,9793536.0,0.0073030282704470055,0.007309335235428686,9793536.0,0.3426565785581867,0.352979281063502
9805824.0,0.007231272524222732,0.00718379311535197,9805824.0,0.007346584039623849,0.0073058181093074385,9805824.0,0.35390405884633463,0.3528566347279896
9818112.0,0.007168824997885774,0.007194144945242444,9818112.0,0.007245299059529013,0.007299869261381295,9818112.0,0.3468469101935625,0.3524045401873688
9830400.0,0.007089111173020986,0.00717990484360295,9830400.0,0.007313748251666159,0.007295761466957628,9830400.0,0.35319727985188365,0.3520439276316514
9842688.0,0.007209163998292449,0.007178408819405983,9842688.0,0.007266240771665859,0.007286246935351908,9842688.0,0.3422075545725723,0.35045444850499435
9854976.0,0.007239817712009729,0.00718467423551677,9854976.0,0.007317772969448318,0.00729419319468434,9854976.0,0.3327925936318934,0.3485672429669649
9867264.0,0.007137971687673901,0.007178276451547086,9867264.0,0.007357421282601233,0.0072971994045171115,9867264.0,0.34735311691959697,0.34774003641990325
9879552.0,0.007244306800809379,0.007184270889410982,9879552.0,0.007269676774740219,0.007299684932998691,9879552.0,0.3417872978995244,0.3451937239306669
9891840.0,0.007185888093469354,0.007180443735705921,9891840.0,0.007320362579775974,0.007295302953086018,9891840.0,0.34346425998955965,0.3439372800756245
9904128.0,0.007256221613109422,0.007188390442994812,9904128.0,0.0073447164152942905,0.007308485041479192,9904128.0,0.34700802496323985,0.3451217675426354
9916416.0,0.007157192686766696,0.0071919771287260416,9916416.0,0.0073367010239356505,0.007311852316828056,9916416.0,0.34813389865060645,0.34566949955187737
9928704.0,0.007190005422065345,0.007187850418510303,9928704.0,0.007331477313224847,0.0073103416441881565,9928704.0,0.33843411893273395,0.3441225055605173
9940992.0,0.007239484601692918,0.007194916378891018,9940992.0,0.0072239661919108284,0.007308208357426338,9940992.0,0.3494380408277114,0.3443816186239322
9953280.0,0.007274015724154499,0.0072134068340043685,9953280.0,0.007396885678948213,0.007316522100154543,9953280.0,0.3337739494939645,0.3424392855881403
9965568.0,0.0071035499665110064,0.007202845430826226,9965568.0,0.007348640928588186,0.007324762115846775,9965568.0,0.32809103233739734,0.34102763336462283
9977856.0,0.0072750168037600815,0.00720636534000126,9977856.0,0.007436760385947612,0.007336660857496705,9977856.0,0.33290281348551315,0.34103865534998473
9990144.0,0.007175554914283566,0.007210123662662227,9990144.0,0.00736600934760645,0.007337519663997228,9990144.0,0.33946401967356604,0.3402497456253816
10002432.0,0.00726114229473751,0.007211807212055039,10002432.0,0.007322126490180381,0.007342764635541244,10002432.0,0.3492514753403763,0.3409961633694668
10014720.0,0.007259536568502274,0.007219172059558331,10014720.0,0.007403167988134858,0.007351045176377131,10014720.0,0.33477672484392923,0.34012740985490375
10027008.0,0.007219653450495874,0.007215515243296976,10027008.0,0.007480870049524431,0.007364660539800146,10027008.0,0.3370487069090207,0.3391314780494819
10039296.0,0.007191396871348843,0.007218935661755191,10039296.0,0.0072183363906030236,0.007352824076466884,10039296.0,0.34038207478200394,0.3383562956626217
10051584.0,0.007093550147449908,0.0072092901342936475,10051584.0,0.0074712752539198846,0.007366803870536387,10051584.0,0.3458544407039881,0.33909832783974714
10063872.0,0.007206651906017214,0.007206006864726078,10063872.0,0.007429871829420638,0.007387394434287367,10063872.0,0.3421193294537564,0.33836645670235155
10076160.0,0.007127760167350061,0.007191381309045635,10076160.0,0.00731940670326973,0.00737964653671952,10076160.0,0.36216473827759427,0.34120553558071454
10088448.0,0.007257851325751592,0.007206811444969692,10088448.0,0.007314591707351307,0.007376241614595833,10088448.0,0.35121173427129787,0.3435176057741046
10100736.0,0.007195125940294626,0.007198822358623147,10100736.0,0.007375104648720783,0.007370076040873148,10100736.0,0.3471695105545223,0.34494427548100554
10113024.0,0.0072262296186333215,0.007203889829058123,10113024.0,0.007366165368390891,0.007370091642951593,10113024.0,0.3457730100490153,0.3455751745185504
10125312.0,0.007161523661731432,0.007193927965757516,10125312.0,0.0074567644430014,0.007383555438233695,10125312.0,0.352265478267024,0.3458765748112152
10137600.0,0.007173249245776485,0.007185299233484936,10137600.0,0.0073669122308880714,0.007379929862509018,10137600.0,0.34519797191023827,0.3469186995178461
10149888.0,0.007256288095959462,0.007188962698031295,10149888.0,0.007331618680230652,0.007365004725579638,10149888.0,0.35738917626440525,0.3489527464533846
10162176.0,0.007184878665915069,0.007188310877487916,10162176.0,0.007595011139831816,0.007402672200502516,10162176.0,0.3645869684405625,0.3513732358192404
10174464.0,0.0070802572784790145,0.0071869815905908265,10174464.0,0.007460652879672125,0.007401609963077742,10174464.0,0.3650280741664271,0.35329059916548433
10186752.0,0.0072407822299283,0.007190394622981935,10186752.0,0.007498146733269095,0.007408437453462588,10186752.0,0.36547788806880516,0.35562645502698914
10199040.0,0.0072449004122366505,0.007202108647470595,10199040.0,0.0075544861853510765,0.007431945401670722,10199040.0,0.3623365455617507,0.3556436357554048
10211328.0,0.007139124291522118,0.007190235944047647,10211328.0,0.0073421309449865175,0.007434699325434243,10211328.0,0.3655807656856875,0.35708053889684377
10223616.0,0.007199638198168638,0.00719068716983505,10223616.0,0.007412305339433563,0.00743841939450552,10223616.0,0.36677637804920477,0.359041225646312
10235904.0,0.007272593065863475,0.0071953235145580646,10235904.0,0.007357774554596593,0.007437580313126091,10235904.0,0.371310336360087,0.3615949582774192
10248192.0,0.007227720372611657,0.007201943185646087,10248192.0,0.0072065452065241216,0.007412558389478363,10248192.0,0.3716467746223013,0.3635330879129469
10260480.0,0.007154669918236323,0.00720008525289207,10260480.0,0.007368390443540799,0.007412706210743636,10260480.0,0.3731282480681936,0.36632611552874245
10272768.0,0.007177238830384643,0.007192180326334589,10272768.0,0.007517795636279819,0.007431323906348553,10272768.0,0.37290767176697653,0.36787796507899956
10285056.0,0.007296619073410208,0.007203354367084103,10285056.0,0.007417097852642958,0.007413532577629667,10285056.0,0.3734476844159265,0.368764036676536
10297344.0,0.0071892952400958166,0.0072142581632457835,10297344.0,0.007259222019153337,0.007393389491577788,10297344.0,0.36875512295713025,0.3691367415556064
10309632.0,0.007140516080350305,0.007204231548287985,10309632.0,0.007206723224953748,0.007364247140746254,10309632.0,0.35515802757193643,0.3681047555059195
10321920.0,0.00712942068639677,0.007192683575703995,10321920.0,0.007231548874794195,0.007331953409690566,10321920.0,0.3545646979473531,0.36732757074447975
10334208.0,0.0071935922096599825,0.007198130367517782,10334208.0,0.007099306986977656,0.007307671013889678,10334208.0,0.3577309378112356,0.3665425879570345
10346496.0,0.007206248075817712,0.00719879135528269,10346496.0,0.007116180713637732,0.007278058551310096,10346496.0,0.3522825784360369,0.36509320799571776
10358784.0,0.007165929896776409,0.007188125038373983,10358784.0,0.007216356762607272,0.0072639167721111645,10358784.0,0.3458063877187669,0.36254281313158576
10371072.0,0.007204899952436487,0.007185842996356466,10371072.0,0.007153933179021503,0.007258655569360903,10371072.0,0.3416368843366702,0.3595418241030226
10383360.0,0.007110532428972268,0.00718142924743006,10383360.0,0.007156667226809077,0.00723748324768773,10383360.0,0.35096825240179896,0.3573258245363832
10395648.0,0.007261589538150777,0.0071898643182066735,10395648.0,0.007177255853700141,0.007203429269429762,10395648.0,0.3590309397938351,0.355938151339069
10407936.0,0.007276651973370463,0.007187867608202699,10407936.0,0.007274495151553613,0.007189168999320828,10407936.0,0.3388697678844134,0.3524803596859177
10420224.0,0.007225211598173094,0.0071914592440104255,10420224.0,0.007487784362941359,0.007212025233699629,10420224.0,0.34133225042993826,0.34973807243319843
10432512.0,0.00722249127284158,0.007199656763259554,10432512.0,0.007353320567441794,0.0072266849679484355,10432512.0,0.34222809318453074,0.34844507899445787
10444800.0,0.007107838137017097,0.007197498508321587,10444800.0,0.007577321055578068,0.007261262186026822,10444800.0,0.3531318842433393,0.3483017976240565
10457088.0,0.007236431146642038,0.007201782402019792,10457088.0,0.007303611103755732,0.00728169259770463,10457088.0,0.3406079799557726,0.3465895018385102
10469376.0,0.007180452206133244,0.007199202815051345,10469376.0,0.00740175122822014,0.00731024964916287,10469376.0,0.3418712086665134,0.3455483648615579
10481664.0,0.007248516742644521,0.007207461499638157,10481664.0,0.007350545536610298,0.007323668526563172,10481664.0,0.3479108908213675,0.34575881517181795
10493952.0,0.007185039338461745,0.007205475438240683,10493952.0,0.00744130199503464,0.007352405408164486,10493952.0,0.3393961093388498,0.3455347376720359
10506240.0,0.0072101226905942895,0.007215434464402886,10506240.0,0.007493238522632358,0.007386062537746814,10506240.0,0.337001686450094,0.3441380810768654
10518528.0,0.007201802436611615,0.007209455754248968,10518528.0,0.007358543739731734,0.007404191326349974,10518528.0,0.33975238958373666,0.3422102260558556
10530816.0,0.007246190854251229,0.007206409642337044,10530816.0,0.00755757048803692,0.007432498859998303,10530816.0,0.3359593568990628,0.3419191849573205
10543104.0,0.0072899133956525475,0.0072128798220849905,10543104.0,0.007514399146505942,0.007435160338354762,10543104.0,0.3401668289055427,0.34180264280488093
10555392.0,0.0072315988994281115,0.007213790584743643,10555392.0,0.007531314937902304,0.007452959775400813,10555392.0,0.34792054491117597,0.3423718879775455
10567680.0,0.007241233193781227,0.007227130090420056,10567680.0,0.007547972505562939,0.007450024920399301,10567680.0,0.3552257629732291,0.34258127585053444
10579968.0,0.007219904179995258,0.007225477393755378,10579968.0,0.007406492887336451,0.007460313098757372,10579968.0,0.3521722122095525,0.34373769907591245
10592256.0,0.0072360767517238855,0.007231039848314443,10592256.0,0.0074997229627721635,0.007470110272212576,10592256.0,0.3482192462931077,0.3443725028385719
10604544.0,0.0071598188757585985,0.00722217006162585,10604544.0,0.007455199971445836,0.007480575715696129,10604544.0,0.355474297888577,0.34512884354529283
10616832.0,0.00715403919457458,0.0072190700472371345,10616832.0,0.007424515109354009,0.0074788970271280645,10616832.0,0.34827022689084214,0.34601625530049207
10629120.0,0.007114872363066145,0.007209545014484319,10629120.0,0.00749279043035737,0.007478852217900567,10629120.0,0.3577879052609205,0.3480948771815747
10641408.0,0.007121009034259866,0.007201465674249145,10641408.0,0.007471242866207224,0.007490122130548116,10641408.0,0.3558890388036768,0.3497085421035687
10653696.0,0.00720211248214279,0.007197057837038301,10653696.0,0.007479402474321735,0.007482305329176597,10653696.0,0.35826845234259963,0.3519394516479224
10665984.0,0.007216859089870316,0.007189752406460077,10665984.0,0.007453539272925506,0.007476219341818554,10665984.0,0.3524666548085709,0.3531694342382253
10678272.0,0.0072507722992061945,0.007191669746437886,10678272.0,0.00743736910711353,0.0074668247587396765,10678272.0,0.3657630293940504,0.35495368268651273
10690560.0,0.007227758741161476,0.007190322301175911,10690560.0,0.007420965557685122,0.0074541240639518945,10690560.0,0.36228536053871113,0.3556596424430609
10702848.0,0.007104581561482822,0.007178790039324668,10702848.0,0.007299265244607038,0.007443401299678953,10702848.0,0.35822358913719654,0.3562647801358253
10715136.0,0.007139451413725813,0.00716912750552486,10715136.0,0.007559000005130656,0.007449329003914802,10715136.0,0.35887462583680946,0.3573303180901955
10727424.0,0.007224427878099959,0.007175588405758995,10727424.0,0.007448561460478231,0.007448665152818041,10727424.0,0.35381114793320495,0.3571640030946583
10739712.0,0.007221452591087048,0.007182329745410242,10739712.0,0.007511089347341719,0.007457322576616814,10739712.0,0.3518036821236213,0.3575173486179362
10752000.0,0.007137375772193384,0.007184580086322966,10752000.0,0.0074672009504865855,0.007454763628629735,10752000.0,0.3572924576389293,0.35746780385573707
10764288.0,0.0072612631192896515,0.007198605494825945,10764288.0,0.007472537909052335,0.007454893132914246,10764288.0,0.34658697014674544,0.3565375969900439
10776576.0,0.007209682291431818,0.007199362475754848,10776576.0,0.0074379476136527956,0.007450747646847352,10776576.0,0.343570729251951,0.355067824680979
10788864.0,0.007194173478637822,0.007197093914631599,10788864.0,0.007519369503521982,0.007457330669907,10788864.0,0.3432920629469057,0.35415036549481255
10801152.0,0.007247039538924582,0.007196720638603438,10801152.0,0.007523020089138299,0.007465895768109476,10801152.0,0.35224060046796996,0.3527981226022045
10813440.0,0.007209847753983922,0.007194929539885682,10813440.0,0.007403360961082702,0.007464135308449233,10813440.0,0.35899582008520764,0.3524691685568541
10825728.0,0.007255121485892839,0.007209983532326684,10825728.0,0.007478513041860424,0.007482060088174573,10825728.0,0.35481456217045587,0.35212826586018
10838016.0,0.007276824496026772,0.00722372084055678,10838016.0,0.007479322278716912,0.007474092315533198,10838016.0,0.35511283700664836,0.351752086977164
10850304.0,0.007136040541809052,0.0072148821069276895,10850304.0,0.007622746721608564,0.007491510841646232,10850304.0,0.35674824146553874,0.35204579633039734
10862592.0,0.007155528481234796,0.007208289695942465,10862592.0,0.007558314406196587,0.007496233347531718,10862592.0,0.3482106365263462,0.3516864917706698
10874880.0,0.007137201794345553,0.0072082722981576825,10874880.0,0.007647525824722834,0.007514265834955343,10874880.0,0.3457070382622381,0.3505279498330007
10887168.0,0.007197994040325284,0.007201945390261244,10887168.0,0.007546521781478077,0.007521664222197917,10887168.0,0.3534382591024041,0.35121307872856655
10899456.0,0.0072579395831174525,0.007206771119429807,10899456.0,0.007599163014674559,0.007537785762300094,10899456.0,0.3393897094453375,0.35079497674790516
10911744.0,0.007166050743156423,0.007203958845881667,10911744.0,0.007516750934883021,0.007537523905436197,10911744.0,0.344640929872791,0.3509298634404937
10924032.0,0.007287581514295501,0.007208013043418759,10924032.0,0.007463920148438774,0.007531613911366244,10924032.0,0.3527022985120614,0.3509760332449029
10936320.0,0.007216422333537291,0.007208670501374097,10936320.0,0.007424055438605137,0.007533683359118489,10936320.0,0.3375235376879573,0.3488288050051779
10948608.0,0.007255028382739208,0.007208661191058734,10948608.0,0.007583481487624037,0.00754418020369485,10948608.0,0.3356045661494136,0.3469078054030736
10960896.0,0.007258478622437299,0.007206826603699786,10960896.0,0.0077072084580625715,0.007566968821629416,10960896.0,0.3601632537320256,0.3474128470756114
10973184.0,0.007179349903405334,0.007211157539859414,10973184.0,0.007559230711194687,0.007560617220588028,10973184.0,0.35778665853043395,0.3475166887821009
10985472.0,0.007148113480070606,0.007210416039742995,10985472.0,0.007475822814740241,0.007552368061442394,10985472.0,0.35498390688250464,0.3481940158177167
10997760.0,0.007321759224093209,0.007228871782717762,10997760.0,0.007600637860984231,0.007547679265068534,10997760.0,0.3566061422849695,0.3492839262199898
11010048.0,0.007182242048050587,0.00722729658349029,11010048.0,0.00761226931354031,0.007554254018274757,11010048.0,0.3622627891600132,0.3501663792257507
11022336.0,0.00726539109988759,0.007228041735167305,11022336.0,0.007633707393930915,0.007557708456200393,11022336.0,0.35216128500178456,0.35144353678139545
11034624.0,0.00712952516914811,0.007224389177766475,11034624.0,0.007628558290889487,0.00756888919180104,11034624.0,0.3526691996182005,0.35224636375593643
11046912.0,0.0071802022866904736,0.007213651255005971,11046912.0,0.007540881895693019,0.007576585366526464,11046912.0,0.35617407069851953,0.3525935409745823
11059200.0,0.007227736889035441,0.007214782710555786,11059200.0,0.007708157325396314,0.007604995555205582,11059200.0,0.34944576614846784,0.3537857638206333
11071488.0,0.007199551822850481,0.007209235054566913,11071488.0,0.007409869955154136,0.007587634401958592,11071488.0,0.36047667839253944,0.35627297504494587
11083776.0,0.00723278858155633,0.007206666050478818,11083776.0,0.0074904501137401285,0.007565958567526347,11083776.0,0.35726667242124677,0.355983316913868
11096064.0,0.007236754075468828,0.007212406467685166,11096064.0,0.00758969911839813,0.007569005408246692,11096064.0,0.35782870821033913,0.35598752188185856
11108352.0,0.007170384926818467,0.0072146336123599525,11108352.0,0.007548250175508049,0.007576248144323472,11108352.0,0.3653537482023239,0.3570245060138405
11120640.0,0.00723326192140424,0.007205783882091055,11120640.0,0.007570621877675876,0.007573246545992636,11120640.0,0.35078118337939185,0.35644201012328264
11132928.0,0.00721346988575533,0.007208906665861529,11132928.0,0.0075566200879014405,0.0075676816234287484,11132928.0,0.3523484927912553,0.3554505804864069
11145216.0,0.007127831500838511,0.007195150705956621,11145216.0,0.007481602670547242,0.007552471151090383,11145216.0,0.35912333040808636,0.3561467850270371
11157504.0,0.007314321701414883,0.007213630359183298,11157504.0,0.007516139145688309,0.007541229236570265,11157504.0,0.35258989594876766,0.3561388546600938
11169792.0,0.007252053090875658,0.007220815439601817,11169792.0,0.00768612800554062,0.0075557538475550245,11169792.0,0.34261407718683284,0.3547828553089251
11182080.0,0.007245671387257365,0.007222608889424009,11182080.0,0.007587958297032553,0.007543733944718649,11182080.0,0.33686230999107164,0.35352450969318544
11194368.0,0.007240553735755384,0.0072267090807145,11194368.0,0.007515045557132301,0.007554251504916465,11194368.0,0.34064618886138004,0.35154146074006953
11206656.0,0.007229219423606992,0.007226352164919565,11206656.0,0.007641395883789907,0.007569346081921442,11206656.0,0.34225227357819676,0.3500400208557645
11218944.0,0.007336545396052922,0.0072363312969779756,11218944.0,0.007665244197899786,0.007576900589871609,11218944.0,0.35131774594386417,0.3493889246291171
11231232.0,0.007218192743797165,0.0072411120786758446,11231232.0,0.0074708959776520105,0.0075691651700860035,11231232.0,0.3516747378744185,0.3480210235963265
11243520.0,0.007225881500441271,0.007240374036579548,11243520.0,0.007645916945572632,0.007576694676875681,11243520.0,0.35455775369579595,0.3483986806279669
11255808.0,0.007196080672050205,0.007238635115209035,11255808.0,0.007637138759794955,0.007584746544065031,11255808.0,0.35242735299592215,0.3484065666484336
11268096.0,0.007259907613236767,0.007251842726448861,11268096.0,0.007551226095529273,0.007591708886563235,11268096.0,0.3645732489724954,0.3489515585048745
11280384.0,0.0072734668986716615,0.007247757246174538,11280384.0,0.007640520290199977,0.007604147001014401,11280384.0,0.36153239601602155,0.3498458085115999
11292672.0,0.007234621002377632,0.007246014037324737,11292672.0,0.00776880317425821,0.00761241451788616,11292672.0,0.3566418375509481,0.35124858454801144
11304960.0,0.007340026645882365,0.007255449563187235,11304960.0,0.007580550722195767,0.007611673760402482,11304960.0,0.3528106724843383,0.35284342079733805
11317248.0,0.007215554879318613,0.007252949677543559,11317248.0,0.007594595769963537,0.007619628781685604,11317248.0,0.3610586072318256,0.3548846626343826
11329536.0,0.0072249389049829915,0.007252521625681159,11329536.0,0.007528925406707761,0.00760838173397739,11329536.0,0.3668361709763606,0.35734305237419905
11341824.0,0.0072918902975895135,0.007248056115834818,11341824.0,0.0075807922063783435,0.0075999365348252464,11341824.0,0.3486312666597466,0.3570744044457873
11354112.0,0.007280480000190437,0.007254284841474145,11354112.0,0.007680704739565651,0.007620917411016612,11354112.0,0.33946376480162144,0.35585330713850755
11366400.0,0.007181254031214242,0.007249822094551442,11366400.0,0.007562678656540811,0.0076125935821134295,11366400.0,0.35555687981347245,0.35595321975027516
11378688.0,0.007200336782261729,0.007250247705572595,11378688.0,0.007496384127686421,0.007598518118902576,11378688.0,0.36529345825935405,0.3572398302766184
11390976.0,0.007275471143657342,0.007251804058614653,11390976.0,0.007629468697511281,0.007606342379100776,11390976.0,0.3655139297867815,0.357333898358047
11403264.0,0.007284533373118999,0.007252910706059388,11403264.0,0.007704378159057039,0.007612728165986482,11403264.0,0.3657258879393339,0.35775324755037824
11415552.0,0.007230240056136002,0.007252472611435223,11415552.0,0.007634256784513127,0.007599273527011974,11415552.0,0.3525596824474633,0.35734503204002976
11427840.0,0.0071903845625153435,0.007237508403098522,11427840.0,0.007507290448605393,0.007591947499652936,11427840.0,0.35458346642553806,0.35752231143414975
11440128.0,0.007242596334738967,0.007240212548640557,11440128.0,0.007564147609324816,0.0075889026835890645,11440128.0,0.3729993503851195,0.35871638574947917
11452416.0,0.007220212607838524,0.007239739918926109,11452416.0,0.007642319115499656,0.007600242054468254,11452416.0,0.3733172556385398,0.3593644942156971
11464704.0,0.007294725811031337,0.007240023470270291,11464704.0,0.00768656578535835,0.007610819412366255,11464704.0,0.3710477220204969,0.3616061397517721
11476992.0,0.007237524211329098,0.007235727891384158,11476992.0,0.007605001897900365,0.007603249128199725,11476992.0,0.3571884500173231,0.36337860827334223
11489280.0,0.007274162443839789,0.007245018732646713,11489280.0,0.007535967932199128,0.007600578055765558,11489280.0,0.3511191997677088,0.3629348402687659
11501568.0,0.007193794275129524,0.007244364481933492,11501568.0,0.0075854648457607254,0.007609486127572987,11501568.0,0.35797389907141525,0.36220288434997205
11513856.0,0.007265223811070125,0.007243339748674771,11513856.0,0.007528641983905497,0.00759940345621241,11513856.0,0.3631111369468272,0.3619626050659766
11526144.0,0.007195656464318745,0.007234452057794745,11526144.0,0.007629611543961801,0.007591926794702886,11526144.0,0.3610449153929949,0.3614945078113426
11538432.0,0.007295946566349206,0.0072410227088160655,11538432.0,0.007568822494552781,0.0075853833657068504,11538432.0,0.36011229595169425,0.36224976916176577
11550720.0,0.007240668239925678,0.0072460510765571,11550720.0,0.007579114443312089,0.007592565765177521,11550720.0,0.35441146480540436,0.36223256899975237
11563008.0,0.007361184349671627,0.007257909878050366,11563008.0,0.007720183474399771,0.007608169351685017,11563008.0,0.34587139046440524,0.35951977300768095
11575296.0,0.007220002240501344,0.007257888841316648,11575296.0,0.007641786879200178,0.007608116128055069,11575296.0,0.35086336452513933,0.3572743838963409
11587584.0,0.007226511770568322,0.007251067437270345,11587584.0,0.007680213394147965,0.00760748088893403,11587584.0,0.34042135206982493,0.3542117469012737
11599872.0,0.007273493907026325,0.007254664406840068,11599872.0,0.00760593236676262,0.007607573935820256,11599872.0,0.3298319027138253,0.351476092170924
11612160.0,0.007180095912190154,0.007245257753675105,11612160.0,0.007700584610574879,0.007624035603657831,11612160.0,0.3333937713565926,0.34970354932981235
11624448.0,0.007251334056491032,0.0072510117318112565,11624448.0,0.007715046085650101,0.007636993727646768,11624448.0,0.3340153979758422,0.347307699220255
11636736.0,0.007158582651754841,0.007240347615879728,11636736.0,0.007695408620444748,0.007653670391300693,11636736.0,0.34245180105790496,0.3452417656313628
11649024.0,0.0070601411134703085,0.0072267960807948835,11649024.0,0.007627573296000871,0.0076534665665046004,11649024.0,0.3415213623084128,0.3432894103229046
11661312.0,0.007244204634237879,0.007221621887583751,11661312.0,0.007696492718726707,0.007666233588921993,11661312.0,0.3592400224879384,0.343202182976529
11673600.0,0.00721401425350147,0.0072189564889413305,11673600.0,0.007656437320595917,0.007673965876650375,11673600.0,0.36224868598704535,0.3439859050946931
11685888.0,0.00723394852442046,0.007206232906416213,11685888.0,0.007521353579553154,0.007654082887165713,11685888.0,0.36409829060236615,0.3458085951084892
11698176.0,0.007267807299892108,0.007211013412355289,11698176.0,0.0075805350885881735,0.007647957708104514,11698176.0,0.3635799695427219,0.3470802556102474
11710464.0,0.007343291804621306,0.007222691415760587,11710464.0,0.007642786547269982,0.007644215023416714,11710464.0,0.35634500517820317,0.3486726209210853
11722752.0,0.007228079960138227,0.0072181500210717784,11722752.0,0.00760507239222837,0.007644129025963289,11722752.0,0.36566883403186995,0.35225631405288976
11735040.0,0.007328236514391999,0.007232964081291963,11735040.0,0.007668457173470718,0.007640916282252873,11735040.0,0.36012476139391464,0.35492941305662196
11747328.0,0.007250607435707934,0.007232891419213653,11747328.0,0.00774527574928167,0.007643939248616031,11747328.0,0.3498695568802456,0.3565148289470622
11759616.0,0.007229552041584005,0.00723998835819657,11759616.0,0.007783223135144605,0.007652720700086017,11759616.0,0.3517783627224465,0.3574474851135164
11771904.0,0.007323608719161712,0.00726633511876571,11771904.0,0.007572958362288773,0.007647259206714807,11771904.0,0.3598021312306325,0.3592755620057384
11784192.0,0.007263454933611986,0.00726826014870312,11784192.0,0.007721513703775902,0.007649761305219725,11784192.0,0.35944032125795883,0.3592955918827404
11796480.0,0.0073408963944530115,0.007280948362798275,11796480.0,0.007724903446311752,0.007656607917791309,11796480.0,0.3634647905516128,0.35941720233919716
11808768.0,0.0074032717796702245,0.0072978806883232505,11808768.0,0.007701396937288034,0.007674612253564798,11808768.0,0.3668569619767368,0.35969306947663426
11821056.0,0.007318614875354494,0.007302961445869489,11821056.0,0.007763804246981938,0.007692939169404174,11821056.0,0.353473995346576,0.3586824720570197
11833344.0,0.007246513225254603,0.00729328358793282,11833344.0,0.007781403682505091,0.007706800882927685,11833344.0,0.36502899260570604,0.35955087079977
11845632.0,0.007232345456335072,0.007293710137552503,11845632.0,0.00787278201217608,0.007733571844922456,11845632.0,0.3701054306390385,0.35999453046048685
11857920.0,0.0072891958261607215,0.007289806068729377,11857920.0,0.0076867246874220045,0.007735398596317585,11857920.0,0.3667777303295831,0.36065982735405366
11870208.0,0.007338647677291495,0.007298610092887732,11870208.0,0.007636690172754849,0.007724540038664904,11870208.0,0.3639175019537409,0.3620646218614032
11882496.0,0.007284562462397541,0.0073041111349690865,11882496.0,0.007800974213751033,0.007726315146525546,11882496.0,0.362822354460756,0.36316902103523413
11894784.0,0.007311767745704856,0.007302927037623401,11894784.0,0.007744420736950512,0.0077434613839917205,11894784.0,0.35282939362029236,0.3624717472742001
11907072.0,0.007301831676159054,0.007306764711878107,11907072.0,0.007739717388176359,0.007745281752431765,11907072.0,0.3586437585763633,0.3623920910060406
11919360.0,0.0073455560389750945,0.007307230676330314,11919360.0,0.007709187809571934,0.007743710188757784,11919360.0,0.37020161251227063,0.36306577320210637
11931648.0,0.007352846470894292,0.007302188145452722,11931648.0,0.007733702509237143,0.0077469407459526945,11931648.0,0.3640961743270357,0.3627896944371362
11943936.0,0.007354384448262863,0.007305765102743558,11943936.0,0.007762893592977586,0.0077468496805522605,11943936.0,0.364461125805974,0.36388840748307605
11956224.0,0.007280117570189759,0.007309125537237074,11956224.0,0.007683546755288262,0.007737063987830577,11956224.0,0.36192915060867864,0.3635784232833733
11968512.0,0.007226448263584946,0.0073085358179620615,11968512.0,0.007822028322455784,0.0077319886188585455,11968512.0,0.355391055966417,0.36210698581611117
11980800.0,0.007252435369688707,0.00730485977231486,11980800.0,0.007730605279599938,0.0077363766780763395,11980800.0,0.3550349548459053,0.3609327082677434
11993088.0,0.007347423908261892,0.0073057373954119,11993088.0,0.007700188696617261,0.007742726530462582,11993088.0,0.347216240906467,0.359262582163016
12005376.0,0.007235055233953365,0.007300786672567482,12005376.0,0.007805396652353617,0.007743168774322841,12005376.0,0.3302667170452575,0.3560070184214662
12017664.0,0.0073327107190076886,0.007302880969897767,12017664.0,0.007681486725535554,0.007736875373181342,12017664.0,0.33837879604349536,0.35456195866378637
12029952.0,0.007330171104210119,0.007305714912702874,12029952.0,0.007757344695467812,0.007738638103910489,12029952.0,0.3404221980211635,0.3527398026082665
12042240.0,0.00728514974131637,0.007299674282937001,12042240.0,0.00773291676887311,0.0077410109998406074,12042240.0,0.34378205922742683,0.3500978472797821
12054528.0,0.0073475374350285465,0.007299143379350425,12054528.0,0.007806537003489211,0.007748294449265813,12054528.0,0.36090037630250055,0.3497782674773286
12066816.0,0.007341058323315035,0.007297810766855643,12066816.0,0.007790056231897324,0.007751010713157787,12066816.0,0.364734403633823,0.34980559526011346
12079104.0,0.007379436360982557,0.007307742645934923,12079104.0,0.007814966263443543,0.0077641526639733146,12079104.0,0.3606224910666545,0.34967492930591104
12091392.0,0.007311741608039786,0.007316271980380406,12091392.0,0.007717439982419212,0.007753693829969657,12091392.0,0.3537698541767895,0.3495128091269483
12103680.0,0.007336219195470524,0.007324650362958587,12103680.0,0.007681046690170963,0.00774873797102676,12103680.0,0.35477755529185134,0.34948706917154293
12115968.0,0.007412856813364972,0.007331193653468895,12115968.0,0.0077149851228265716,0.007750217613647692,12115968.0,0.34952272397155565,0.3497177174780518
12128256.0,0.0073348042254413786,0.007341168552617697,12128256.0,0.007681852429717158,0.007737863191384045,12128256.0,0.35386363898093504,0.3520774096716195
12140544.0,0.007451780640015689,0.0073530755447184975,12140544.0,0.007666518567323995,0.0077363663755628895,12140544.0,0.3702669267853101,0.355266222745801
12152832.0,0.007452170820518707,0.007365275516349355,12152832.0,0.007696441462030634,0.007730276052219172,12152832.0,0.35447368134434026,0.3566713710781187
12165120.0,0.007345012956648134,0.007371261837882533,12165120.0,0.007882509496994317,0.007745235325031292,12165120.0,0.35850440508996445,0.3581436056643724
12177408.0,0.007375997442674513,0.0073741078386471304,12177408.0,0.007826285669580102,0.0077472101916403815,12177408.0,0.35836253051335615,0.357889821085458
12189696.0,0.007410038117086515,0.007381005818024278,12189696.0,0.007815803318711309,0.00774978490032178,12189696.0,0.3648075863408546,0.3578971393561611
12201984.0,0.00735982376014969,0.0073790445579409916,12201984.0,0.007771496748318896,0.007745437948809315,12201984.0,0.3587946694654723,0.35771435719604294
12214272.0,0.007467735815832081,0.0073946439787202205,12214272.0,0.007680082887721558,0.0077417022393395495,12214272.0,0.35334404883906245,0.35767177666227024
12226560.0,0.007357048147241585,0.007396726873897327,12226560.0,0.007581384571191545,0.007731736027441609,12226560.0,0.35544847619409364,0.35773886875249444
12238848.0,0.0073173298296751454,0.007387174175528343,12238848.0,0.007648855695151724,0.007725123084674124,12238848.0,0.3681409239458541,0.35960068874992424
12251136.0,0.007403476891340688,0.007394041442118275,12251136.0,0.007639994839943635,0.007720937325696772,12251136.0,0.36883073672652245,0.3610973985244831
12263424.0,0.007277135877908829,0.00737657696590759,12263424.0,0.0074780494323931634,0.007702090412203688,12263424.0,0.3652093300285439,0.3605916388488064
12275712.0,0.00739740453233632,0.007371100337089351,12275712.0,0.007504027967418854,0.007682849062742509,12275712.0,0.3613553289324045,0.36127980360761286
12288000.0,0.0074472247215453535,0.007381321513579073,12288000.0,0.0076951342246805625,0.007664111535511134,12288000.0,0.3612889116629958,0.36155825426491595
