v2_latent_discrepancy_timesteps,v2_latent_discrepancy_score,v2_latent_discrepancy_score_mean,v3_latent_plus_clamped_eme_timesteps,v3_latent_plus_clamped_eme_score,v3_latent_plus_clamped_eme_score_mean,v4_latent_plus_normalised_eme_timesteps,v4_latent_plus_normalised_eme_score,v4_latent_plus_normalised_eme_score_mean
12288.0,0.13272649166174233,0.13272649166174233,12288.0,0.13272649166174233,0.13272649166174233,12288.0,0.13217450922820717,0.13217450922820717
24576.0,0.13367723285531005,0.1332018622585262,24576.0,0.13367723285531005,0.1332018622585262,24576.0,0.3556959731504321,0.24393524118931964
36864.0,0.13994030087875822,0.1354480084652702,36864.0,0.13994030087875822,0.1354480084652702,36864.0,0.358338307744513,0.2820695967077174
49152.0,0.15264367032796144,0.139746923930943,49152.0,0.15264367032796144,0.139746923930943,49152.0,0.23747224438314637,0.27092025862657465
61440.0,0.18096928453693786,0.14799139605214198,61440.0,0.18096928453693786,0.14799139605214198,61440.0,0.21214316319674253,0.2591648395406082
73728.0,0.2233397769741714,0.16054945953914687,73728.0,0.2819227164921661,0.170313282792146,73728.0,0.3998006354086101,0.28260413885194186
86016.0,0.28561599909638363,0.17841610804732358,86016.0,0.5849203336983919,0.2295428614930383,86016.0,0.43323534649486345,0.30412288280093064
98304.0,0.3790415630986293,0.20349428992873678,98304.0,0.591845796443522,0.27483072836184874,98304.0,0.15243198458726206,0.2851615205242221
110592.0,0.5107687820369998,0.23763590016298825,110592.0,2.5700181337694326,0.5298515511849136,110592.0,1.2348647642259796,0.39068410315775076
122880.0,0.6836399637783567,0.2822363065245251,122880.0,3.499933037906885,0.8268596998571107,122880.0,0.9112098819265763,0.4427366810346333
135168.0,0.9213893990963697,0.3611025972679878,135168.0,4.6728979249795275,1.2808768431888893,135168.0,1.1651453338563442,0.546033763497447
147456.0,1.2279008757323027,0.47052496155568707,147456.0,6.324876643717289,1.899996784275087,147456.0,2.1656231669088206,0.727026482873286
159744.0,1.3527484244356553,0.5918057739113768,159744.0,7.174269199371338,2.603429674124345,159744.0,2.2607846868534884,0.9172711207841834
172032.0,1.393383463844657,0.7158797532630463,172032.0,7.163554606338342,3.3045207677253834,172032.0,1.5319584781924884,1.0467197441651177
184320.0,1.4760671369731426,0.845389538506667,184320.0,7.718216006954511,4.05824543996714,184320.0,0.9049175375451645,1.1159971815999596
196608.0,1.6921873906006415,0.992274299869314,196608.0,9.210902487238249,4.951143417041749,196608.0,0.9290324449539185,1.1689203625544908
208896.0,2.186036524673303,1.182316352427006,208896.0,10.29923178255558,5.922574561927467,208896.0,1.3913530334830284,1.264732131253307
221184.0,2.3369980504115424,1.378112001158297,221184.0,10.38569888472557,6.901959870755673,221184.0,1.313919968282183,1.3808809296227993
233472.0,2.1433751272658506,1.541372635681182,233472.0,11.00155837337176,7.745113894715905,233472.0,0.7680574314047893,1.3342001963406802
245760.0,2.1153090161581836,1.684539540919165,245760.0,10.107533633708954,8.405873954296112,245760.0,1.0427502524107695,1.3473542333890995
258048.0,1.9197877099116643,1.7843793720006946,258048.0,8.58974045018355,8.797558206816515,258048.0,0.9901257281502088,1.3298522728184858
270336.0,1.8405697873483102,1.8456462631622952,270336.0,3.6805189649264016,8.533122438937426,270336.0,1.6497085330386956,1.2782608094314736
282624.0,1.5835040993988514,1.868721830658615,282624.0,7.9643127371867495,8.612126792718966,282624.0,3.356147495408853,1.38779709028701
294912.0,1.398394089192152,1.869222893193364,294912.0,9.52594242990017,8.84836557507515,294912.0,0.7228799701357881,1.3068892394813398
307200.0,1.3645893956224124,1.8580751190582911,307200.0,12.552803580959639,9.33182433247566,307200.0,2.420545140902201,1.4584519998170433
319488.0,1.4490628745406866,1.8337626674522958,319488.0,14.97359412908554,9.90809349666039,319488.0,1.574486932406823,1.5229974485623337
331776.0,1.5062615269174178,1.765785167676707,331776.0,17.428958932558697,10.621066211660702,331776.0,2.0835090974966683,1.592213054963698
344064.0,1.6254773555944364,1.6946330981949966,344064.0,17.224092205365498,11.304905543724697,344064.0,1.7805794849991798,1.6388790066353978
356352.0,1.5985707690318425,1.6401526623715956,356352.0,14.54709666967392,11.659459373354911,356352.0,7.222085503240426,2.2842818138189616
368640.0,1.4681862611323595,1.5754403868690134,368640.0,13.158465147018433,11.96455252468586,368640.0,5.467148507634799,2.7267216393413642
380928.0,1.3553399487088125,1.5189956107487281,380928.0,14.45217631260554,12.55079611092806,380928.0,3.125649359077215,2.940274002434065
393216.0,1.602451575299104,1.4951837895438076,393216.0,14.442670305569967,13.627011244992417,393216.0,2.9691803815464177,3.0722211872848373
405504.0,2.2296282624204955,1.5597962058459722,405504.0,14.56543055176735,14.287123026450477,405504.0,4.058166429400444,3.1424230806839963
417792.0,2.5535786288479962,1.6753146598115563,417792.0,15.333605349063873,14.867889318366846,417792.0,4.082583084702492,3.4783933921406662
430080.0,2.5278136394917965,1.791637084198495,430080.0,19.396486620108288,15.55225762228171,430080.0,0.7299744474391142,3.3093363227943575
442368.0,2.529571724434694,1.8996879691878952,442368.0,26.341938823461533,16.68909209171931,442368.0,1.03856208982567,3.255743838536243
454656.0,2.520993985235691,2.0011612150197227,454656.0,29.805495242277782,17.926745722691216,454656.0,2.299277648329735,3.2773206936195494
466944.0,2.7060990519821644,2.109223384658496,466944.0,31.121082444985706,19.31644474665324,466944.0,3.7346396930515766,3.472726714424789
479232.0,3.4671515660981336,2.296081464365125,479232.0,30.932283361752827,20.954963415861133,479232.0,4.583988895018895,3.2089170536026357
491520.0,3.4232168992360434,2.491584528175493,491520.0,29.27715176343918,22.566832077503207,491520.0,1.8992220846315224,2.852124411302308
503808.0,2.870665792375803,2.6431171125421917,503808.0,33.196524421374,24.44126688838005,503808.0,4.045791697998841,2.9441386451944704
516096.0,2.458185033251842,2.728690458337466,516096.0,40.854608277479805,27.082460685571032,516096.0,7.080862966676553,3.355306903707484
528384.0,2.2160224293669066,2.727329875032107,528384.0,48.69311628739039,30.495229259133346,528384.0,11.523666396737099,4.10185690044115
540672.0,2.073439265290896,2.679315938676397,540672.0,45.12862241268158,33.47473096549511,540672.0,10.84829700489839,4.77842829246074
552960.0,2.209269223113855,2.647461497038603,552960.0,40.506571888923645,35.585739492376646,552960.0,2.54172450179855,4.959603297896683
565248.0,2.348623796055714,2.629366704200705,565248.0,39.964349110921226,36.94798052112261,565248.0,5.04259351392587,5.360006440306703
577536.0,2.746705502271652,2.6519378559043014,577536.0,40.510374327500664,38.0184684296449,577536.0,15.480909898877144,6.678169665361443
589824.0,3.558707488079866,2.7371986995140714,589824.0,39.709193209807076,38.87727950612704,589824.0,24.186893343925476,8.723395030448835
602112.0,3.854732704659303,2.7759568133701875,602112.0,45.345424115657806,40.31859358151754,602112.0,22.857515921195347,10.550747733066478
614400.0,3.3622775288919606,2.7698628763357798,614400.0,52.0698766708374,42.59786607225736,614400.0,35.78345910708109,13.939171435311437
626688.0,3.0145141892135143,2.784247716019551,626688.0,59.818440635999046,45.26005769371986,626688.0,12.13835767408212,14.748428032919765
638976.0,2.579718175033728,2.79640103019774,638976.0,69.1061483224233,48.08521169821421,638976.0,15.569896747668585,15.59733141101897
651264.0,2.331507921218872,2.807949579382936,651264.0,95.9784243106842,52.8137425005436,651264.0,7.6800478001435595,15.212969551359615
663552.0,2.078760133435329,2.8084816661973795,663552.0,126.82634782791138,60.98351504206657,663552.0,2.5779904574155807,14.385938896611336
675840.0,1.9506121712426345,2.782615961010257,675840.0,173.97687896092734,74.33054574926695,675840.0,1.9162538951883714,14.323391835950313
688128.0,1.9036622035006683,2.7381198017547534,688128.0,176.4380523363749,87.9779160718123,688128.0,1.3482784237712622,13.953960326934853
700416.0,1.8941492525239785,2.6528641767799854,700416.0,143.44244861602783,98.27112350066503,700416.0,1.2846999540925026,12.534339332456389
712704.0,1.919052963455518,2.4888987243175507,712704.0,109.33167199293773,105.23337137897809,712704.0,3.851390744249026,10.500789072488747
724992.0,2.025553625077009,2.305980816359321,724992.0,81.13822118441264,108.81265108585357,724992.0,2.6465688422322273,8.479694364592435
737280.0,2.068536017090082,2.1766066651791336,737280.0,64.6223844687144,110.06790186564129,737280.0,2.306765823314587,5.132025036215781
749568.0,2.1605982022980847,2.0912150664875906,749568.0,52.01899286111196,109.28795708815258,749568.0,2.4650791101157665,4.1646971798191466
761856.0,2.239395243426164,2.057182773326834,761856.0,42.28779625892639,106.60612188180289,761856.0,2.531470026820898,2.860854507734378
774144.0,2.4931959845125675,2.0733515796562036,774144.0,35.19328280289968,100.52760773102443,774144.0,1.9410818306108315,2.2869579107811053
786432.0,2.7869902762273946,2.14417459393541,786432.0,30.253442645072937,90.8703172127406,786432.0,1.9096970781683922,2.220128572856386
798720.0,3.1421872625748315,2.26333210306863,798720.0,26.530608276526134,76.12569014430046,798720.0,2.061782999585072,2.2346814832960566
811008.0,3.6968708435694375,2.442652967075507,811008.0,23.38659518957138,60.820544429620114,811008.0,2.0264839654167495,2.302502037460605
823296.0,4.207116759071748,2.673949717730284,823296.0,20.94650363922119,48.570949931939445,823296.0,1.7886287185053031,2.3528949139018853
835584.0,4.818680313726266,2.9639124527573584,835584.0,21.612260460853577,39.79900877873103,835584.0,1.8025437680383523,2.148010216280818
847872.0,6.052859149873257,3.366643005236983,847872.0,18.271559844414394,33.512342644731206,847872.0,2.1671591761211553,2.1000692496697106
860160.0,7.248496199647586,3.8846390234927335,860160.0,15.46992552280426,28.597096750140196,860160.0,1.9725504542390506,2.0666477127621574
872448.0,9.981146405140558,4.666693843776981,872448.0,14.361863831679026,24.831383847196896,872448.0,2.6426534292598567,2.084405144676566
884736.0,9.113612979650497,5.354115617399414,884736.0,14.37093616525332,22.03969783782959,884736.0,2.3651923798024654,2.0677773799747228
897024.0,7.2605521728595095,5.830851236234109,897024.0,5.325780314703782,19.05294758901,897024.0,2.5477741497258344,2.128446611886223
909312.0,5.343972387413184,6.086549447352686,909312.0,8.508537357052168,16.87845706020793,909312.0,4.170443065464497,2.3545212106158337
921600.0,3.958807185292244,6.168211439624428,921600.0,14.525662124156952,15.677962444971007,921600.0,6.675293619434039,2.81587227260073
933888.0,3.067877364655336,6.105312091733018,933888.0,16.094337979952495,14.948736724009118,933888.0,2.3210358874251447,2.84532746480157
946176.0,2.4345254910488925,5.928052964930734,946176.0,18.045995275179546,14.658685887604952,946176.0,10.803237169981003,3.74678830994914
958464.0,2.0755036088327565,5.653735294441382,958464.0,20.35864653189977,14.533324494709571,958464.0,8.97860173881054,4.464394107026359
970752.0,1.7548224218189716,5.223931621635954,970752.0,25.028570741415024,15.209025584409636,970752.0,6.250583353141944,4.872736524728436
983040.0,1.4785907591382663,4.646941077585021,983040.0,28.575512160857517,16.51958424821496,983040.0,8.665950248638788,5.542076504168411
995328.0,1.352196938668688,3.784046130937835,995328.0,34.950171768665314,18.57841504191359,995328.0,26.40777947505315,7.9185891087477405
1007616.0,1.271206117545565,2.9998054447273415,1007616.0,43.780962109565735,21.51941763634483,1007616.0,18.381113986174267,9.52018126938492
1019904.0,1.2353887713203828,2.397289104573429,1019904.0,52.29286805788676,26.21612641066313,1019904.0,15.643190532922745,10.829722907704612
1032192.0,1.2303124560664098,1.9859231114387517,1032192.0,64.38141504923503,31.80341417988141,1032192.0,11.066973745822906,11.519375975740452
1044480.0,1.1998534103234608,1.7100277339418728,1044480.0,79.3004801273346,38.280895980199176,1044480.0,13.418728818496069,12.193719495646656
1056768.0,1.2127443129817645,1.5245144287745158,1056768.0,95.30682535966237,46.20214471817017,1056768.0,7.390412474672,12.70065715437134
1069056.0,1.2290956551829975,1.4039714451879262,1069056.0,118.89595945676167,56.28714113632837,1069056.0,3.04330670957764,11.924664108331006
1081344.0,1.2649954371154308,1.3229206280161938,1081344.0,147.58122833569846,69.00939931670824,1081344.0,2.114546589553356,11.238258593405286
1093632.0,1.3061241979400318,1.2780508056282998,1093632.0,184.33877650896707,84.94041989346346,1093632.0,6.44108293702205,11.257308551793297
1105920.0,1.3809654135257006,1.2682882710670431,1105920.0,230.21470864613852,105.10433954199155,1105920.0,5.475798634191354,10.938293390348553
1118208.0,1.4618702077617247,1.279255597976347,1118208.0,286.98700491587323,130.30802285671234,1118208.0,4.89215899258852,8.78673134210209
1130496.0,1.5935934701313574,1.3114943332349263,1130496.0,340.9333217938741,160.02325882514316,1130496.0,2.5708650139470897,7.205706444879373
1142784.0,1.691614316155513,1.3571168877184392,1142784.0,423.57226308186847,197.15119832754135,1142784.0,6.696865188578765,6.311073910444975
1155072.0,1.7571540685991447,1.4098010489717125,1155072.0,357.8512930870056,226.4981861313184,1155072.0,9.009963865081469,6.105372922370831
1167360.0,1.9004104807972908,1.4798567560190956,1167360.0,265.55338557561237,245.12347667614617,1167360.0,6.053752062221368,5.368875246743361
1179648.0,2.019635461270809,1.560545870848,1179648.0,177.32945243517557,253.3257393836975,1179648.0,3.60137302801013,4.9899713020771745
1191936.0,2.185508110870918,1.6561871164167923,1191936.0,119.08529917399089,253.3446733554204,1191936.0,1.606289179995656,4.846269549118976
1204224.0,2.3109228685498238,1.7607798595602315,1204224.0,87.40188487370808,247.32673900922137,1204224.0,8.906497602661451,5.525464650429785
1216512.0,2.4374422381321588,1.8739116635794442,1216512.0,66.24317542711894,235.51717890103654,1216512.0,9.48186648885409,5.829543005612988
1228800.0,2.588312237213055,1.9946463459481798,1228800.0,53.657782435417175,217.8614862799644,1228800.0,6.769857699672381,5.958948912161091
1241088.0,2.7944881108899913,2.127908136261006,1241088.0,44.420903861522675,193.60487617452938,1241088.0,5.415767148137093,6.011309727715949
1253376.0,3.054552022367716,2.274003991484642,1253376.0,38.15123198429743,163.32666719357172,1253376.0,8.447890331347784,6.599012259456018
1265664.0,3.2710856944322586,2.4319511293123166,1265664.0,33.805206656455994,124.34996155103047,1265664.0,10.449617529908815,6.974287493589024
1277952.0,3.547039652864138,2.6109396877388162,1277952.0,31.0869886080424,91.67353110313414,1277952.0,10.202111209432283,7.0935022280241045
1290240.0,4.0212664778033895,2.823025287439426,1290240.0,28.47365250190099,67.96555779576302,1290240.0,8.579213574528694,7.346048379254839
1302528.0,4.372777941326301,3.058339535444975,1302528.0,26.42706886927287,52.87531943917274,1302528.0,3.53952252989014,7.339863329442838
1314816.0,4.858827163775762,3.3256714407354595,1314816.0,25.50208403666814,43.516997925440464,1314816.0,24.74030740062396,9.653265151505668
1327104.0,5.731406124929587,3.6677197663734353,1327104.0,24.240604718526203,37.200869909922275,1327104.0,15.028222719828287,10.265437663222354
1339392.0,7.262750551104546,4.1502505976706745,1339392.0,24.430669208367664,33.019619288047146,1339392.0,4.454055460790793,9.762656560416023
1351680.0,9.482661455869675,4.839685519536337,1351680.0,24.040630598862965,30.05790410439173,1351680.0,25.735689014196396,11.659239691868425
1363968.0,11.412224074204763,5.701459115867814,1363968.0,23.50170150399208,27.96598386863867,1363968.0,26.08043618996938,13.725706596051655
1376256.0,14.544526050488154,6.850456518679858,1376256.0,23.356400420268375,26.486500712235767,1376256.0,32.98444591959318,16.179362154876195
1388544.0,18.982015053431194,8.42154945457975,1388544.0,23.0131871898969,25.40729876557986,1388544.0,10.996328701575598,16.234033272042872
1400832.0,13.974726408720016,9.464318130165339,1400832.0,23.17369954784711,24.61596985956033,1400832.0,25.135685712099075,17.72739072230955
1413120.0,8.019483531514803,9.86413983553648,1413120.0,23.051584124565125,24.073763021826743,1413120.0,15.89150619506836,18.458619984363516
1425408.0,4.788048518200715,9.905666893223922,1425408.0,22.984555612007778,23.729511696100232,1425408.0,3.725909613072872,18.47725869268179
1437696.0,3.004158228635788,9.720199999709923,1437696.0,22.93696529666583,23.4729998221,1437696.0,1.7237537012745936,16.175603322746852
1449984.0,2.1647663625578084,9.363536023472747,1449984.0,23.015153497457504,23.350454699993133,1449984.0,1.5577856979022424,14.82855962055425
1462272.0,1.6536556494732697,8.802626533309619,1462272.0,23.046766231457394,23.212064402302104,1462272.0,1.3513719327747822,14.518291267752648
1474560.0,1.474628871306777,8.00182327485333,1474560.0,23.369709591070812,23.14497230152289,1474560.0,1.2776934852202733,12.072491714855035
1486848.0,1.3252013654758532,6.993121003980437,1486848.0,23.573664784431458,23.152168629566827,1486848.0,0.6290514764065543,9.527353243498753
1499136.0,1.2051958317557971,5.659187982107203,1499136.0,23.329680621623993,23.149496649702392,1499136.0,0.04153508028442351,6.2330621595678775
1511424.0,1.1484908120085795,3.8758355579649404,1511424.0,23.810080617666245,23.229185992479323,1511424.0,0.4957666251187523,5.183005951922193
1523712.0,1.0925638532886903,2.5876193024218077,1523712.0,23.935192972421646,23.30533533493678,1523712.0,0.5106338950184485,2.7205007702141297
1536000.0,1.0384474055220683,1.8895156898225345,1536000.0,24.331573605537415,23.433334283034007,1536000.0,0.4096971955150366,1.1723198702587978
1548288.0,0.9954477225740751,1.5102556102598708,1548288.0,24.2819864153862,23.56307736337185,1548288.0,2.452662415802479,1.0449951505317585
1560576.0,0.9226241043458382,1.3021021978308756,1560576.0,24.346146762371063,23.703995509942374,1560576.0,1.3383187508831422,1.0064516554926135
1572864.0,0.8963137256602446,1.1752569341411192,1572864.0,25.001979172229767,23.9026780774196,1572864.0,0.6820567079509298,0.9188787564974821
1585152.0,0.8988607668628296,1.099777445880075,1585152.0,25.43666362762451,24.141667817036314,1585152.0,0.07910448846329625,0.7916520120663335
1597440.0,0.856761651734511,1.0379907239228487,1597440.0,25.9450421333313,24.39920107126236,1597440.0,0.19659395748749375,0.6835420592930557
1609728.0,0.8492843490093946,0.9903990222762028,1609728.0,26.167511224746704,24.658585715293885,1609728.0,0.47822346600393456,0.6684592582527936
1622016.0,0.8323782756924629,0.9531172666698694,1622016.0,27.263298094272614,25.051947462558747,1622016.0,1.7096911184489727,0.8352748620692486
1634304.0,0.8376496704295278,0.9220331525119642,1634304.0,27.56859517097473,25.427798917889596,1634304.0,1.043640961870551,0.8900622957444284
1646592.0,0.8783258628100157,0.9006093534640968,1646592.0,28.087557832400005,25.843035403887434,1646592.0,0.6341449363778034,0.902413399880364
1658880.0,0.8996137548238039,0.8867259883942703,1658880.0,28.409926851590473,26.250870728492735,1658880.0,0.846266166617473,0.9460702969906076
1671168.0,0.9331816639751196,0.8804993825343747,1671168.0,28.844315350055695,26.707103621959686,1671168.0,1.1164892744272947,0.8124529828530891
1683456.0,0.9963150707383951,0.8878684791736304,1683456.0,30.118333220481873,27.28432226777077,1683456.0,0.7572963917627931,0.7543507469410542
1695744.0,1.0510760496060054,0.9033447115682065,1695744.0,30.664300938447315,27.85055444439252,1695744.0,0.5035895913218459,0.7365040352781458
1708032.0,1.1090676796933014,0.9243654028512538,1708032.0,30.989894032478333,28.40587748487791,1708032.0,0.7940468570838372,0.8079982721401999
1720320.0,1.2258830939730008,0.9612775470751028,1720320.0,31.235153019428253,28.934888573487598,1720320.0,0.6889150288576881,0.8572303792772195
1732608.0,1.3403058915088575,1.010379701325049,1732608.0,31.34594104687373,29.452731555700304,1732608.0,0.496287458576262,0.859036778534452
1744896.0,1.5214738895495732,1.07928926271076,1744896.0,32.86074819167455,30.012476565440494,1744896.0,0.4345171577297151,0.7315193824625263
1757184.0,1.6797181790073712,1.1634961135685447,1757184.0,37.48540655771891,31.004157704114913,1757184.0,0.3921922283867995,0.6663745091141512
1769472.0,1.7933029532432556,1.2549938226118684,1769472.0,35.89231703678767,31.78463362455368,1769472.0,0.6006942217548689,0.6630294376518577
1781760.0,2.071250090996424,1.3721574562291303,1781760.0,38.60345800717672,32.80398674011231,1781760.0,0.35276980279013515,0.6136798012691239
1794048.0,2.3421926088631153,1.51305855071793,1794048.0,40.65317950646082,33.984873155752815,1794048.0,0.5957830327873429,0.5616091771051288
1806336.0,2.678113680332899,1.6812384116773802,1806336.0,42.894498348236084,35.26248966852824,1806336.0,0.4214846893834571,0.5280280068671951
1818624.0,2.9800277849038443,1.8741335852071639,1818624.0,43.77543475230535,36.57360304991404,1818624.0,0.11409591363432507,0.48907863909844307
1830912.0,3.487772449851036,2.1120040622229377,1830912.0,46.23666308323542,38.098279954989756,1830912.0,1.3398130709926288,0.5436552604893222
1843200.0,3.8587673107783,2.3752924839034675,1843200.0,46.164876321951546,39.59125228524208,1843200.0,0.8607189099614819,0.5608356485997017
1855488.0,4.232976543406646,2.664559549093247,1855488.0,48.63192343711853,41.319850524266556,1855488.0,0.4832642699281375,0.5595333297348892
1867776.0,4.587378623584907,2.97115002249678,1867776.0,49.95749525229136,43.02952523032825,1867776.0,0.43930044180403155,0.5600116581423209
1880064.0,5.535428397357464,3.356721044331789,1880064.0,51.54860305786133,44.435844880342486,1880064.0,0.5495534135649601,0.575747776660137
1892352.0,6.362065901358922,3.8135973391433557,1892352.0,53.36489625771841,46.183102802435556,1892352.0,0.29726807804157335,0.5454051622888073
1904640.0,7.305825968583425,4.337054926902057,1904640.0,56.08485623200735,47.93124262491862,1904640.0,0.46374965365976095,0.5565031473757698
1916928.0,9.07422943909963,5.010258609925708,1916928.0,59.1779690583547,49.78372158010801,1916928.0,0.6793583050991098,0.5648606746069467
1929216.0,10.23285759985447,5.765733001877864,1929216.0,60.57248377799988,51.55152012308438,1929216.0,0.49492662989844877,0.5722048686584458
1941504.0,12.100240970651308,6.677754320452611,1941504.0,61.9462468624115,53.368601334095004,1941504.0,0.4240836054086685,0.60320363783588
1953792.0,15.856198489665985,7.914596924434105,1953792.0,61.89266494909922,54.934201520681384,1953792.0,0.6499436007191738,0.5342166908085345
1966080.0,20.37129952510198,9.565850145866474,1966080.0,65.51257860660553,56.86897174914678,1966080.0,0.6651576443885764,0.5146605642512441
1978368.0,16.00189858675003,10.742742350200812,1978368.0,67.13442353407542,58.71922175884246,1978368.0,0.46168330156554777,0.5125024674149851
1990656.0,11.673428694407145,11.451347357283037,1990656.0,70.1104911963145,60.73452135324477,1990656.0,0.48085407136629027,0.5166578303712109
2002944.0,7.5641472935676575,11.654219246904056,2002944.0,70.9258572657903,62.67224677403768,2002944.0,0.7906915194665393,0.5407716409613689
2015232.0,4.960229799151421,11.514035636683303,2015232.0,74.22713200251262,64.7584703485171,2015232.0,0.6306454616909226,0.5741093793263038
2027520.0,3.6926657259464264,11.152719612419606,2027520.0,77.56271394093831,66.9062561194102,2027520.0,0.5864626107116541,0.586380675031493
2039808.0,2.757472058137258,10.521043874323366,2039808.0,79.47032197316487,68.93549141089122,2039808.0,0.5702313088501493,0.5754679754065971
2052096.0,2.0942527564863362,9.707183389986554,2052096.0,83.40107993284862,71.2183510263761,2052096.0,0.46225612579534453,0.5722009249962867
2064384.0,1.7605241822699706,8.673211711148422,2064384.0,85.31563345591228,73.55528968572615,2064384.0,0.24043709288040796,0.5538362737434607
2076672.0,1.5580839235335588,7.243400254535179,2076672.0,88.45293001333873,76.21131619215012,2076672.0,0.8993691966558496,0.5787788333371282
2088960.0,1.443267537901799,5.350597055815159,2088960.0,93.16048709551494,78.97610704104105,2088960.0,0.8640722980101904,0.5986702986992896
2101248.0,1.3431634362787008,3.8847235407680265,2101248.0,96.03423527876537,81.86608821551005,2101248.0,0.23696301357510188,0.576198269900245
2113536.0,1.2233401456226904,2.839714685889582,2113536.0,101.60718162854512,85.0157572587331,2113536.0,0.8335741876314083,0.6114702815267569
2125824.0,1.1812307313084602,2.2014230296636623,2125824.0,107.76084629694621,88.69925616184871,2125824.0,0.6811338569968939,0.6005145152797923
2138112.0,1.1327254542460043,1.8186725951731204,2138112.0,115.40378761291504,92.81692172288895,2138112.0,0.6717988553767403,0.6046298546483739
2150400.0,1.0905424021184444,1.5584602627903226,2150400.0,126.01275547345479,97.6619258761406,2150400.0,0.5000632579127947,0.5959899193684881
2162688.0,1.0595645463714998,1.3886695116137464,2162688.0,132.30408867200217,102.94530254602432,2162688.0,0.6258593875293931,0.6015527272364125
2174976.0,1.0361182124664385,1.2828560572117567,2174976.0,140.82372315724692,108.68756686846416,2174976.0,0.6314551951363683,0.6184726341705148
2187264.0,1.0258088956276576,1.2093845285475253,2187264.0,153.50085735321045,115.50608925819397,2187264.0,1.3353265443195899,0.727961579314433
2199552.0,1.024531725794077,1.1560293087735771,2199552.0,162.5350081125895,122.91429706811907,2199552.0,0.8501740448797742,0.7230420641368255
2211840.0,1.0235928166657686,1.1140618366499742,2211840.0,178.60358023643494,131.45860638221106,2211840.0,0.7223259517922997,0.7088674295150365
2224128.0,1.0323087504754465,1.0829763680696485,2224128.0,192.4508480230967,141.10026765664418,2224128.0,1.034951360275348,0.788666264185061
2236416.0,1.0608594845980406,1.0667283019671836,2236416.0,202.64797687530518,151.2043471813202,2236416.0,0.5828515561297536,0.7635940010348956
2248704.0,1.0644937592248123,1.055054604758819,2248704.0,223.4537671407064,162.7736392656962,2248704.0,1.8253667578101158,0.8780172911162177
2260992.0,1.0915205807735522,1.0509341174115738,2260992.0,240.20944452285767,175.25420495669044,2260992.0,1.0419099734475215,0.9150284029232958
2273280.0,1.1089207138866186,1.0527719485883913,2273280.0,272.44471247990924,189.8974006573359,2273280.0,0.7197821208586296,0.9370002892178795
2285568.0,1.1354580062131088,1.060361294572552,2285568.0,304.31823778152466,207.09881556828813,2285568.0,0.9732903484255075,0.9717433853074908
2297856.0,1.133895783374707,1.0701390516633789,2297856.0,301.0657293001811,223.12301618258158,2297856.0,1.2546950032313664,1.0340673661169908
2310144.0,1.1997064563135307,1.087528807731966,2310144.0,249.98060941696167,232.7709913889567,2310144.0,0.7546711517497897,0.9760018268600106
2322432.0,1.2991916568328936,1.114994800835848,2322432.0,206.36843474706015,237.15433405240378,2322432.0,0.7753898423785964,0.9685234066098927
2334720.0,1.2834681135912736,1.1409823305283986,2334720.0,162.96530683835348,235.59050671259564,2334720.0,1.162070673579971,1.0124978787886598
2347008.0,1.3909856776396434,1.176850023244818,2347008.0,127.03030276298523,229.04845218658448,2347008.0,1.1723290880521138,1.0262356515663364
2359296.0,1.4139735400676727,1.2121614287917812,2359296.0,97.50481887658437,218.53413638671242,2359296.0,1.1769648796568315,1.0856469839190441
2371584.0,1.5195767742892106,1.2576697302982212,2371584.0,71.9935717980067,203.38811685244244,2371584.0,1.2172026714930932,1.024830575287342
2383872.0,1.587708367034793,1.3072885089243453,2383872.0,52.481865564982094,184.6153589566549,2383872.0,0.77188072912395,0.9978276508549848
2396160.0,1.600687022631367,1.35646513979882,2396160.0,39.211169481277466,161.2920046567917,2396160.0,0.06158021556135888,0.9320074603252578
2408448.0,1.7766437542935212,1.4205837146068614,2408448.0,29.451281030972797,133.8053089817365,2408448.0,1.8689257154862087,1.0215709970313278
2420736.0,1.8402517611781757,1.4912193123872082,2420736.0,22.85214176774025,105.98395022849243,2420736.0,1.416468359529972,1.0377483326611885
2433024.0,2.0034525928397975,1.5715939260398348,2433024.0,17.27795734008153,82.71368502080442,2433024.0,0.7459107382843891,1.0368722913146484
2445312.0,2.2016777582466602,1.6618425361812115,2445312.0,3.140723157674074,62.390913861865805,2445312.0,2.2379390858113766,1.1831272156579264
2457600.0,2.3339432875315347,1.7668900535752374,2457600.0,6.199184415241082,46.71430161955455,2457600.0,1.6159612933794658,1.228516277637876
2469888.0,2.476766910403967,1.87546817685167,2469888.0,9.538666168848673,34.96513796014089,2469888.0,1.7416021736959617,1.2854435862022606
2482176.0,2.7048910769323506,2.0045599305381376,2482176.0,7.99781275788943,26.01443734827141,2482176.0,2.143688122431437,1.3821159104797212
2494464.0,2.8209353325267634,2.1346957863618927,2494464.0,3.63131828357776,19.178211996828516,2494464.0,1.70828365534544,1.431224008864956
2506752.0,2.997177499035994,2.275642699562013,2506752.0,1.1792422843476136,14.047949668765067,2506752.0,1.4690091696878274,1.5009368529213438
2519040.0,3.1415272193650403,2.4297267192353806,2519040.0,0.9646201363454262,10.223294734271864,2519040.0,0.8201939268037677,1.5767982240455847
2531328.0,3.3439474751551947,2.586457091321548,2531328.0,0.8229065711299578,7.36045728828758,2531328.0,1.3538434319198132,1.525289995688945
2543616.0,3.596617616713047,2.762093676875035,2543616.0,0.7066850218301018,5.145911613696565,2543616.0,2.86223895351092,1.66986705508704
2555904.0,3.870823030670484,2.9488307206581035,2555904.0,0.6240240555877486,3.4805182852471868,2555904.0,2.0871107081572213,1.8039870520743229
2568192.0,4.156550484399001,3.144317993273338,2568192.0,0.5180746857076883,3.2182534380505485,2568192.0,1.3029218415419261,1.710485327647378
2580480.0,4.214527097841104,3.3323763743042947,2580480.0,0.5653081318984429,2.6548658097162843,2580480.0,0.4868432101793587,1.5975735193273672
2592768.0,4.680134465297063,3.5527131297936037,2592768.0,0.5354861707116166,1.7545478099025789,2592768.0,1.0050194791207712,1.5239152498698483
2605056.0,4.825768604874611,3.7648008825878305,2605056.0,0.5146215514590343,1.006228689259539,2605056.0,2.046941357354323,1.5142405733621367
2617344.0,5.159768141806126,3.998684163515766,2617344.0,0.561704579119881,0.699267318813751,2617344.0,2.5856006431082883,1.6019722721384215
2629632.0,5.533122353255749,4.252278648937741,2629632.0,0.4500361472989122,0.626346705108881,2629632.0,1.9163070159653823,1.646702056766177
2641920.0,6.029032456378142,4.5410291726390515,2641920.0,0.44094420845309895,0.5739791123196483,2641920.0,1.362883888805906,1.7009710529663908
2654208.0,6.447026128570239,4.851337037980556,2654208.0,0.5512648386259874,0.5468149390692512,2654208.0,0.9984947343667349,1.6654361832110829
2666496.0,7.348382482926051,5.226513524601856,2666496.0,0.4259647059564789,0.5187429074818889,2666496.0,1.0958444382995367,1.4887967316899449
2678784.0,8.426902080575625,5.682121429592371,2678784.0,0.4377079652622342,0.5001112984493374,2678784.0,1.4363128046194713,1.4237169413361697
2691072.0,10.159206613898277,6.2823870425422985,2691072.0,0.4215614050626755,0.4904599703848362,2691072.0,2.352709475904703,1.5286957047724476
2703360.0,12.496386915445328,7.110573024302721,2703360.0,0.4429352826749285,0.4782226854624847,2703360.0,1.6379137088855107,1.6438027546430625
2715648.0,15.311432580153147,8.17370283578833,2715648.0,0.4330606233949463,0.46798013073081773,2715648.0,0.4084529229439795,1.5841460990253835
2727936.0,20.188964774211247,9.710022452721992,2727936.0,0.42898647487163544,0.4594166230720778,2727936.0,2.9035245701670647,1.6698044203066575
2740224.0,27.795107165972393,11.97355635513862,2740224.0,0.43296791178484756,0.44654295633857444,2740224.0,2.5834677182137966,1.6695911278172086
2752512.0,20.406759321689606,13.460920051982004,2752512.0,0.43634683328370255,0.4451740249370535,2752512.0,1.4364516424636047,1.621605590467031
2764800.0,12.031394133965174,14.061156219740706,2764800.0,0.4962754917020599,0.45070715326194966,2764800.0,0.9090390671044588,1.576221108296886
2777088.0,7.2691441377003985,14.143368020653725,2777088.0,0.44911348323027295,0.4404920177223781,2777088.0,2.2682974052925906,1.7032013753894717
2789376.0,4.7707014208038645,13.885599914441505,2789376.0,0.4664070997387171,0.44453625710060196,2789376.0,2.4511770494282246,1.8387346365023405
2801664.0,3.4226854915420213,13.385178255538145,2801664.0,0.48302530280003947,0.4490679908543826,2801664.0,2.2943921064337096,1.924542566683764
2813952.0,2.815730031579733,12.65083059730629,2813952.0,0.46394546050578356,0.4533063963986933,2813952.0,1.1649768892675638,1.8057693080200505
2826240.0,2.32967189202706,11.634159094964465,2826240.0,0.4670444466173649,0.455717312792937,2826240.0,1.070721226433913,1.7490500597748908
2838528.0,1.9782009286185105,10.300835929810999,2838528.0,0.47938732523471117,0.46034998297691343,2838528.0,3.2790002189576626,2.0361047893762594
2850816.0,1.7407816760241985,8.456017619992297,2850816.0,0.5052849883213639,0.4679798343218863,2850816.0,1.8799733395377796,1.9337496663133305
2863104.0,1.5565609813978274,5.832163001534839,2863104.0,0.4685197730238239,0.471535020445784,2863104.0,1.495264479269584,1.824929342418909
2875392.0,1.436131816978256,3.9351002510637043,2875392.0,0.535723488467435,0.48147268596415727,2875392.0,1.613873419041435,1.8426715200766925
2887680.0,1.352597389370203,2.867220576604207,2887680.0,0.48762772884219885,0.48060790967817113,2887680.0,1.8462337187180917,1.9363909852380559
2899968.0,1.2152665723115206,2.2618328200653197,2899968.0,0.4995662070189913,0.4856531820570429,2899968.0,3.5636842623353004,2.0659296709423267
2912256.0,1.0952626100430887,1.8942889389892419,2912256.0,0.47458496255179244,0.4864709683383504,2912256.0,2.7141086074213185,2.092222826741636
2924544.0,1.0286866358170907,1.6548890534167486,2924544.0,0.5348237277939916,0.49165081083774564,2924544.0,1.1611154011140268,1.9788951562096677
2936832.0,0.9567919547359148,1.468995245732367,2936832.0,0.7784766349941492,0.5231039282865823,2936832.0,0.28365188580937684,1.890762655863849
2949120.0,0.8877360261976719,1.3248016591494283,2949120.0,1.219653542463978,0.5983648378712435,2949120.0,3.735420008500417,2.1572325340704994
2961408.0,0.8552475919326147,1.2125063254808386,2961408.0,0.6824844845881065,0.618674553806583,2961408.0,2.8652609810233116,2.1158586102770642
2973696.0,0.8187316556771597,1.1203013234461348,2973696.0,2.0771257846305766,0.7758586334375043,2973696.0,1.9415299035608768,2.122014266679374
2985984.0,0.7652767896652222,1.0411729042728743,2985984.0,5.15410599609216,1.244417255744338,2985984.0,1.5397218745201826,2.1264600062044337
2998272.0,0.7595020355656743,0.9735099261316161,2998272.0,6.79228313267231,1.8700732201648254,2998272.0,0.6423829862227043,2.029310962922561
3010560.0,0.7479133773595095,0.9130415249305468,3010560.0,5.779203996062279,2.3992308468868333,3010560.0,2.3676637994746366,2.0814539709982154
3022848.0,0.728993960035344,0.8644142637029291,3022848.0,1.3782681648929913,2.4871010426742335,3022848.0,3.9791187259058156,2.122997417355267
3035136.0,0.7611211246500412,0.8310001151636243,3035136.0,6.015835436681907,3.041226090087245,3035136.0,2.331391613930464,2.0847257180061813
3047424.0,0.7380518149584532,0.8019366330777604,3047424.0,4.858785996834437,3.473622316991289,3047424.0,1.324246467401584,2.1010388246349367
3059712.0,0.7487779259681702,0.7811352302009861,3059712.0,5.40024051318566,3.93579870481044,3059712.0,0.5539040942676365,2.128064045480763
3072000.0,0.744853583474954,0.7668469859287143,3072000.0,10.133760179082552,4.827209368472298,3072000.0,3.6838549375534058,2.1229075383860616
3084288.0,0.7643274220948418,0.757754968944937,3084288.0,5.581486937900384,5.317109613803526,3084288.0,3.220931267986695,2.1584745670824
3096576.0,0.7780704163014889,0.75368884500737,3096576.0,15.106204946835836,6.620017530024052,3096576.0,2.3419789783656597,2.1985194745628784
3108864.0,0.7841878378142914,0.7555799498222768,3108864.0,9.935725152492523,7.098179445664089,3108864.0,1.5334837548434734,2.197895662595207
3121152.0,0.7883739291379849,0.7584671391795079,3121152.0,37.70076401531696,10.189027533928554,3121152.0,1.22070208688577,2.255727572661514
3133440.0,0.819533875832955,0.7656291890268525,3133440.0,57.39439647893111,15.350546782215437,3133440.0,2.519575876494249,2.2709187803634747
3145728.0,0.8653135461111864,0.7792611476344368,3145728.0,34.410619681080185,18.653781933834157,3145728.0,1.6617759354412556,2.039184501317019
3158016.0,0.8769054617732763,0.7908395813467602,3158016.0,64.95400387545426,24.547598777711393,3158016.0,1.7765695005655289,1.983702289980526
3170304.0,0.906167301038901,0.807651129954805,3170304.0,95.80225517352422,33.641945695380365,3170304.0,3.6081695643564067,2.212094599676008
3182592.0,0.9566610076775154,0.8284394381257396,3182592.0,215.35822666684786,54.637744310746584,3182592.0,2.810188602656126,2.437723050514857
3194880.0,0.9876945974926153,0.8527235395275057,3194880.0,492.45885308583576,102.87025360142191,3194880.0,2.7949347918232283,2.3488310359418394
3207168.0,1.0332888904958963,0.8796196863676112,3207168.0,587.4029000600179,161.0523949136337,3207168.0,2.081063507745663,2.234844259917736
3219456.0,1.0441276176522176,0.9062254065026838,3219456.0,706.1261965433756,230.15439407328762,3219456.0,1.895630947003762,2.1902094567815467
3231744.0,1.1165026742964983,0.9394568901509046,3231744.0,821.3347209294637,311.29429365098474,3231744.0,3.3073693054417768,2.367598011841377
3244032.0,1.174734890460968,0.9780929862832031,3244032.0,862.9123538335165,393.81545263280475,3244032.0,2.5273937781651816,2.498267180969318
3256320.0,1.26946771889925,1.0230863705898325,3256320.0,954.45339012146,483.52135199705765,3256320.0,1.7570917358001072,2.422018766899903
3268608.0,1.392964646841089,1.0758514806628228,3268608.0,869.6564248402914,567.0459325129788,3268608.0,2.0805001569290957,2.463891189048687
3280896.0,1.469025446722905,1.1350634791577856,3280896.0,482.20102103551227,608.7706342289845,3280896.0,1.498074406137069,2.4360416796058417
3293184.0,1.5181285242239635,1.1962596014762918,3293184.0,516.3071584701538,650.8211245586474,3293184.0,1.7061165769894917,2.24583638086915
3305472.0,1.6464392778774102,1.2652374284962815,3305472.0,437.9193290074666,673.0772347927093,3305472.0,4.0842229053378105,2.373239811137318
3317760.0,1.7645705975592136,1.3429250285029413,3317760.0,464.44343121846515,670.2756926059723,3317760.0,2.380722489207983,2.331818580875794
3330048.0,1.872988998889923,1.4268950393423439,3330048.0,489.9367341995239,660.529076019923,3330048.0,0.7704669839392105,2.2007589284951488
3342336.0,2.0106907971203327,1.5235513572891553,3342336.0,565.932681719462,646.5097245375316,3342336.0,3.842379443347454,2.3954337781295183
3354624.0,2.0652345083653927,1.618424540696045,3354624.0,517.2049277623495,616.09674522082,3354624.0,2.948088342944781,2.359505681879819
3366912.0,2.1960762230058513,1.7205586739505327,3366912.0,497.98413976033527,579.603923813502,3366912.0,1.842694219822685,2.291035726045569
3379200.0,2.2737541434665522,1.8209873164072632,3379200.0,532.6990102132162,537.4284858226775,3379200.0,2.8570696165164313,2.4010335141172012
3391488.0,2.427644277612368,1.9244552794843912,3391488.0,568.2808491388956,507.29092825253804,3391488.0,3.113185459127029,2.504302044336994
3403776.0,2.4309009152154126,2.0206428263336425,3403776.0,610.743211110433,520.1451472600301,3403776.0,1.2732532005757093,2.4818199237808583
3416064.0,2.6318293077250323,2.132012904683749,3416064.0,519.7804018656412,520.4924715995788,3416064.0,3.454729442795118,2.656681210361421
3428352.0,2.784307759255171,2.245799752821525,3428352.0,245.55963627497354,501.2565023263296,3428352.0,2.3007026376823583,2.478329183595876
3440640.0,2.827561809370915,2.3520988740026954,3440640.0,532.3532358805338,508.04748279253647,3440640.0,2.5972587565581002,2.499982810330888
3452928.0,2.925396309544643,2.4573396050681673,3452928.0,467.57429281870526,505.8112386544546,3452928.0,4.34217095375061,2.857153207312028
3465216.0,2.989789099742969,2.5552494353304303,3465216.0,718.5182962417603,521.0698001066844,3465216.0,2.161007280151049,2.689015990992387
3477504.0,3.0560483733812966,2.6543308218320214,3477504.0,639.0290012359619,533.2522074540457,3477504.0,2.6777781123916307,2.661984967937072
3489792.0,3.0027725671728454,2.7350004562487205,3489792.0,1316.322495142619,615.086042992274,3489792.0,4.1436490540703135,2.892080451361835
3502080.0,3.2024709433317184,2.827872136235237,3502080.0,1536.1039543151855,715.4265374024709,3502080.0,2.9215197848776975,2.898525468197962
3514368.0,3.2811771805087724,2.913225426524878,3514368.0,1627.16228612264,821.3146811008453,3514368.0,1.7703315808127325,2.7642400803665326
3526656.0,3.4139069293936095,3.0115260279426974,3526656.0,1870.6505482991536,947.3054148197174,3526656.0,1.616750029226144,2.7985897632315755
3538944.0,3.3853079800804458,3.0868738951782384,3538944.0,2229.6611671447754,1118.2934913476308,3538944.0,4.0008295352260275,2.8531997724746665
3551232.0,3.553663969039917,3.1638095161567135,3551232.0,2467.0101305643716,1340.4385407765708,3551232.0,4.238360941410065,3.046965602847437
3563520.0,3.5552102774381638,3.236574362963438,3563520.0,2444.065631866455,1531.6097803751627,3563520.0,2.9849093556404114,3.085730662755668
3575808.0,3.6031210273504257,3.304346834744017,3575808.0,2680.924892425537,1752.944840335846,3575808.0,2.3500306457281113,2.8865166319534183
3588096.0,3.750176993509134,3.3803856241206334,3588096.0,3535.9297892252603,2034.6859896341962,3588096.0,1.768136630455653,2.8472295669838785
3600384.0,3.858198367059231,3.460600623488426,3600384.0,4655.142697652181,2436.297359275818,3600384.0,1.6372193054606516,2.7431736862907807
3612672.0,3.964787175258001,3.5568020842969417,3612672.0,3954.214714050293,2700.0865811665853,3612672.0,2.018947433680296,2.530703524251779
3624960.0,3.873295836150646,3.6238845735788345,3624960.0,3329.4655939737954,2879.4227451324464,3624960.0,2.2744524963200092,2.46599679539601
3637248.0,3.976427733898163,3.693409628917774,3637248.0,4197.583452860515,3136.464861806234,3637248.0,1.69213998131454,2.458177635446191
3649536.0,4.194743757446607,3.7714933117230736,3649536.0,6440.319101969401,3593.431717173258,3649536.0,3.3150712586939335,2.62800975839297
3661824.0,4.193925082683563,3.852355021983385,3661824.0,6085.872934977214,3979.052893956502,3661824.0,3.36093794927001,2.564020599797368
3674112.0,4.329886220395565,3.92997724711895,3674112.0,5034.564580281575,4235.808338928223,3674112.0,3.4239319935441017,2.4825777050107716
3686400.0,4.333049344519774,4.0077611538271105,3686400.0,4909.638356526692,4482.365611394247,3686400.0,2.7010668255388737,2.454193452000618
3698688.0,4.467041589319706,4.0941532100240385,3698688.0,6389.3368581136065,4853.2068079630535,3698688.0,1.6172862133632104,2.380919008764128
3710976.0,4.415244388083617,4.160659949481487,3710976.0,7164.3298899332685,5216.046818033854,3710976.0,4.585153768459956,2.6626207225645584
3723264.0,4.6103581835826235,4.235875931133826,3723264.0,6557.386713663737,5406.271219635009,3723264.0,3.6984557335575423,2.8687443653742473
3735552.0,4.825329348444939,4.321930148452521,3735552.0,5487.347785949707,5559.58452682495,3735552.0,1.0928934781501691,2.776138969821235
3747840.0,4.854814067482948,4.42008197158575,3747840.0,5449.5372975667315,5771.591697184245,3747840.0,3.6768779332439103,2.916381513513625
3760128.0,4.876971676945686,4.510136365890503,3760128.0,4950.760236104329,5846.909375508627,3760128.0,4.062716079254945,3.1534391233076655
3772416.0,4.917309497793515,4.582392939925194,3772416.0,4461.915423075358,5649.069007619221,3772416.0,2.740879369278749,3.0960199343661463
3784704.0,4.9065659667054815,4.653657028327386,3784704.0,4086.022290547689,5449.08394317627,3784704.0,1.8590260210136573,2.9458287415405118
3796992.0,4.987476175030072,4.719416023790837,3796992.0,4110.574602762858,5356.6849454243975,3796992.0,3.821368046104908,2.9855723467965922
3809280.0,5.030679720143477,4.789179061353207,3809280.0,4165.521334330241,5282.273243204751,3809280.0,3.9568240493535995,3.111148069178065
3821568.0,5.130600653588772,4.8555349677801125,3821568.0,4737.815368652344,5117.121094258626,3821568.0,3.805310102800528,3.329950458121796
3833856.0,5.113860132793586,4.925396542251109,3833856.0,4970.050244649251,4897.693129730225,3833856.0,2.4641828375558057,3.1178533650313818
3846144.0,5.238019374509652,4.988162661343813,3846144.0,5251.187154134114,4767.073173777263,3846144.0,3.186175369968017,3.066625328672429
3858432.0,5.2252742151419325,5.028157148013513,3858432.0,5127.7806396484375,4731.116459147135,3858432.0,3.497853917380174,3.3071213725954296
3870720.0,5.368250072002411,5.079500748465458,3870720.0,4727.546585083008,4658.917387898763,3870720.0,1.4983501049379508,3.0892685897648335
3883008.0,5.474316547314326,5.139235235502323,3883008.0,4853.574897766113,4649.198854064942,3883008.0,3.672813137372335,3.0502782955765726
3895296.0,5.2986137469609575,5.177365660419067,3895296.0,5512.7459055582685,4754.2819023132315,3895296.0,3.754407281676928,3.15163108681639
3907584.0,5.399114109575748,5.226620474706094,3907584.0,5399.634859720866,4885.64315923055,3907584.0,2.4975880111257234,3.215487285827597
3919872.0,5.569142458339532,5.28478710303704,3919872.0,4875.090476989746,4962.094746653239,3919872.0,2.9572558167080083,3.129076062887907
3932160.0,5.816905185580254,5.363409649580718,3932160.0,4940.322151184082,5039.574828338623,3932160.0,4.384664287169774,3.1718600866695246
3944448.0,6.141393353541692,5.464488919576009,3944448.0,5063.861490885417,5072.17944056193,3944448.0,3.471623048186302,3.1384913812081017
3956736.0,6.258563498655955,5.578959256162245,3956736.0,5241.840156555176,5099.358431752523,3956736.0,1.5724944348136585,3.049322540933887
3969024.0,6.336049236357212,5.688762242347002,3969024.0,5569.890538533528,5131.228770192464,3969024.0,5.933560341596603,3.3240610380967452
3981312.0,6.616546149055163,5.827889435738324,3981312.0,5982.039642333984,5216.654670461019,3981312.0,4.7037124906977015,3.444646895428499
3993600.0,6.952578201889992,5.986322248727083,3993600.0,5026.911554972331,5246.591167449951,3993600.0,2.7584303890665374,3.5706549238413574
4005888.0,7.133142796655496,6.1522048736612,4005888.0,3578.324836730957,5119.066161346435,4005888.0,3.562614366412163,3.5596350467453397
4018176.0,7.359723324577014,6.358315831422805,4018176.0,2753.5110791524253,4843.142678705852,4018176.0,5.34468316535155,3.718662635112802
4030464.0,7.210390955209732,6.539443515986204,4030464.0,2105.436319986979,4513.722824732463,4030464.0,3.918060009678205,3.8607098349680506
4042752.0,7.326703677574794,6.715199637909731,4042752.0,1601.0638593037922,4186.320162963867,4042752.0,2.0227423515170813,3.767258488448958
4055040.0,7.679306914409001,6.901439810792605,4055040.0,1059.1927630106609,3798.2072241465257,4055040.0,1.1063848873600364,3.439430548467984
4067328.0,7.666932289799054,7.053993704418342,4067328.0,336.0463137626648,3325.42570643425,4067328.0,2.871330558011929,3.3794012994505467
4079616.0,7.861356074611346,7.214272962013881,4079616.0,230.9381243387858,2824.335503212611,4079616.0,6.237017457683881,3.8458536017375686
4091904.0,8.07942264775435,7.3886103031535955,4091904.0,172.68539571762085,2284.6149889310204,4091904.0,5.008861867090066,3.753383754286916
4104192.0,8.558077911535898,7.5827634794016685,4104192.0,128.62492632865906,1699.2735173304877,4104192.0,3.407139786829551,3.623726483900101
4116480.0,9.016184091567993,7.789124068369469,4116480.0,95.86160635948181,1206.1685224692028,4116480.0,3.8591752871870995,3.7338009737121567
4128768.0,9.426018451650938,8.018411633869011,4128768.0,73.7918637196223,855.7152251680691,4128768.0,4.415777203937371,3.819117257464677
4141056.0,9.571228752533594,8.239562176664672,4141056.0,54.15209893385569,585.7793271462124,4141056.0,5.512236046294372,3.835872545558959
4153344.0,10.409706130623817,8.559493694206079,4153344.0,40.32461245854696,379.268156393369,4153344.0,4.926952573160331,3.9367618019071715
4165632.0,11.27088318268458,8.953911644717056,4165632.0,33.53985480467478,222.51575594345732,4165632.0,2.9733285208543143,4.031820418840896
4177920.0,11.92541940510273,9.37852289378643,4177920.0,27.839175939559937,119.38039723634719,4177920.0,1.8748289346694946,4.108664823571841
4190208.0,12.932777434587479,9.905107408265271,4190208.0,27.717916468779247,88.54755750695864,4190208.0,5.650023028254509,4.386534070596099
4202496.0,14.962597022453943,10.615231503049532,4202496.0,28.453600188096363,68.2991050918897,4202496.0,4.174080707132816,4.180240395540993
4214784.0,17.835708647966385,11.590860103070735,4214784.0,25.78399384021759,53.608964904149374,4214784.0,3.80943134923776,4.060297343755762
4227072.0,20.305337568124134,12.765586068729558,4227072.0,26.905652344226837,43.43703750570616,4227072.0,7.08583569029967,4.428166934102774
4239360.0,26.226280132929485,14.486595672865707,4239360.0,23.89475228389104,36.24035209814708,4239360.0,4.021796070039272,4.444429012387991
4251648.0,32.80380356311798,16.824374184012413,4251648.0,28.25491676727931,31.686657402912772,4251648.0,3.964768446981907,4.399328136692445
4263936.0,21.94594744841258,18.06184605360031,4263936.0,25.05370459953944,28.77681796948115,4263936.0,6.566921879847844,4.504796720047792
4276224.0,13.233190511663755,18.344194491704304,4276224.0,26.60001726945241,27.404358450571692,4276224.0,4.458066845933597,4.457908147325119
4288512.0,7.790290738145511,17.9961352472504,4288512.0,28.09381526708603,26.85975449681282,4288512.0,0.6682404389915367,4.227399339138841
4300800.0,5.042907846470674,17.307884091387194,4300800.0,26.215914130210876,26.697428315877914,4300800.0,8.501552313566208,4.890071677028512
4313088.0,3.7694818899035454,16.391554536918797,4313088.0,30.451240102450054,26.970760679244997,4313088.0,8.235823601484299,5.148651734351491
4325376.0,3.047765420128902,15.200071376686296,4325376.0,29.89072984457016,27.11447364489237,4325376.0,3.9394982332984605,5.1251934869680555
4337664.0,2.6075969201823077,13.677260203907888,4337664.0,33.320417960484825,27.8681160569191,4337664.0,0.7115358126660188,4.815403933310881
4349952.0,2.2896254658699036,11.875688993682463,4349952.0,34.08151159683863,28.58570198218028,4349952.0,5.5009463503956795,4.656914999320483
4362240.0,2.041538288195928,9.457214809209109,4362240.0,36.95691595474879,29.891918349266053,4362240.0,10.23356174925963,5.278091567242518
4374528.0,1.8770872838795185,6.364543181285263,4374528.0,37.502882639567055,30.816714936494833,4374528.0,4.217051031688849,5.303319825713212
4386816.0,1.7391603738069534,4.343864473824699,4386816.0,40.35652645428976,32.346997121969856,4386816.0,8.210230231285095,5.467650660856937
4399104.0,1.659227196748058,3.1864681423331307,4399104.0,43.2292003830274,34.00991543332735,4399104.0,6.429299131035805,5.664773889367158
4411392.0,1.5900764403243859,2.5664467125510178,4411392.0,43.80531909068426,35.581065815687175,4411392.0,5.5290080805619555,6.1508506535242
4423680.0,1.4956256467849016,2.2117184925824405,4423680.0,49.9882478316625,37.95829918583234,4423680.0,6.601942161719005,5.960889638339479
4435968.0,1.4508808199316263,1.9798583855852485,4435968.0,50.38363734881083,39.95153891046842,4435968.0,8.072664414842924,5.944573719675342
4448256.0,1.3958519864827394,1.8146670422206324,4448256.0,55.205799301465355,42.483045856157936,4448256.0,19.96809251109759,7.547433147455256
4460544.0,1.3755996860563755,1.6914673188080394,4460544.0,56.398447593053184,44.79084881941477,4460544.0,13.18576991558075,8.79485655774673
4472832.0,1.3205459925035636,1.5945593714714048,4472832.0,61.179794232050575,47.50067708293597,4472832.0,12.209957778453827,9.465757700552542
4485120.0,1.3066715703656275,1.521072699688375,4485120.0,63.987436413764954,50.203729128837594,4485120.0,24.7140049636364,10.91380202199022
4497408.0,1.2954203051825364,1.462906001818677,4497408.0,69.84631458918254,53.43807232379913,4497408.0,9.761471937100092,11.468244112531345
4509696.0,1.2603106138606865,1.4150210258240503,4509696.0,74.76537962754567,56.87895764112473,4509696.0,4.495930798351765,11.096814169238012
4521984.0,1.2549869536111753,1.374597001510362,4521984.0,80.56093951066335,60.61213155388833,4521984.0,10.016888931393623,11.455573149273793
4534272.0,1.276631663242976,1.3432525238022206,4534272.0,85.72212139765422,64.8038117845853,4534272.0,2.5839436116317906,11.161066702380777
4546560.0,1.3046580056349437,1.3241557596872249,4546560.0,92.05961672465007,69.01094867388407,4546560.0,12.127831821640333,11.713655668372908
4558848.0,1.3343882660071056,1.3125065042947728,4558848.0,96.76255003611247,73.64883994261422,4558848.0,5.978841366867225,11.50427336357534
4571136.0,1.330726799244682,1.3059939855709672,4571136.0,101.63975302378337,78.29223531484604,4571136.0,9.013141269485155,10.408778239414096
4583424.0,1.3558728353430827,1.3040213004996377,4583424.0,107.28199911117554,83.38059046665828,4583424.0,6.8869224687417345,9.778893494730195
4595712.0,1.4045587331056595,1.3124225745598475,4595712.0,120.73370059331258,89.33598110278447,4595712.0,2.9259320932130017,8.850490926206112
4608000.0,1.4635754693299532,1.3281129644562801,4608000.0,136.7164042790731,96.6088778893153,4608000.0,4.268925828238328,6.805983012666305
4620288.0,1.5133795378108819,1.3499088877191148,4620288.0,142.17461387316385,103.84170781771343,4620288.0,7.723199521501859,6.6021557711064816
4632576.0,1.5665256573508184,1.380530392068128,4632576.0,149.10569262504578,111.27573911746344,4632576.0,6.065926969051361,6.759155388176441
4644864.0,1.6998054993649323,1.4250122466435033,4644864.0,157.39960638682047,118.95960580507915,4644864.0,7.207593719164531,6.478225866953532
4657152.0,1.81865718588233,1.4792147989074391,4657152.0,164.26978850364685,126.8143725156784,4657152.0,7.434617206454277,6.9632932264357805
4669440.0,1.9162126009662945,1.540370258440574,4669440.0,171.6681091785431,134.7752217610677,4669440.0,4.823649754126866,6.2328750196844345
4681728.0,2.0780402794480324,1.6147354597846664,4681728.0,177.63812470436096,142.86277922789253,4681728.0,9.318426350752512,6.566833518072963
4694016.0,2.168311320245266,1.698493911884725,4694016.0,183.2528908252716,151.02409300804138,4694016.0,5.860019577046235,6.251521348829071
4706304.0,2.365992449223995,1.7995058732728162,4706304.0,184.2729026476542,158.72318336168925,4706304.0,3.1828884283701577,5.881117944791913
4718592.0,2.579784625520309,1.9170284625142808,4718592.0,239.60628128051758,170.61044143040974,4718592.0,7.575050483147304,6.346029783785343
4730880.0,2.7531162165105343,2.045982537232339,4730880.0,249.46629365285239,181.88543036778768,4730880.0,4.975615868965785,6.416698787858088
4743168.0,2.88637542227904,2.1832821256791552,4743168.0,263.67027441660565,194.03499642213185,4743168.0,7.008668015400569,6.3452456372479595
4755456.0,3.0133922174572945,2.327968781689803,4755456.0,286.32407569885254,207.7568347295125,4755456.0,8.104506189624468,6.54910355930527
4767744.0,3.11459968239069,2.4694481999923785,4767744.0,209.82155243555704,212.99902933438617,4767744.0,6.4488368183374405,6.47322786922256
4780032.0,3.2739620183904967,2.614978683243195,4780032.0,200.00256172815958,216.57230665683747,4780032.0,9.604802832007408,6.690246431777874
4792320.0,3.314754714568456,2.7548328946034113,4792320.0,202.2045318285624,219.62594892183938,4792320.0,4.873298409084479,6.6952112972736355
4804608.0,3.540142707526684,2.9010431374112766,4804608.0,239.18509578704834,225.78064603010816,4804608.0,7.785380601882935,6.541906722386679
4816896.0,3.6175559535622597,3.045967600742976,4816896.0,351.76632595062256,242.63198954264323,4816896.0,9.568318128585815,6.912736577540636
4829184.0,3.744789029161135,3.18384725873669,4829184.0,209.3954995473226,245.1442492326101,4829184.0,6.256373393038909,7.220085074007511
4841472.0,3.9469815269112587,3.320566948875785,4841472.0,224.38355668385825,243.62197677294415,4841472.0,2.9717815133432546,6.759758177027107
4853760.0,4.032574472328027,3.4485127744575346,4853760.0,358.161581993103,254.4915056069692,4853760.0,11.22474297384421,7.3846708875149485
4866048.0,3.972277492284775,3.557102981458108,4866048.0,395.09488169352215,267.63396633466084,4866048.0,7.597752029697101,7.443579288944603
4878336.0,4.2011685619751615,3.6758806159098945,4878336.0,215.87779076894125,260.58933784166976,4878336.0,0.542896429852893,6.687418312967445
4890624.0,4.194711407025655,3.7838917883733907,4890624.0,261.3849727312724,265.7456798712413,4890624.0,8.83271815876166,6.925806447009866
4902912.0,4.289360644916694,3.8854316510260105,4902912.0,520.8311866124471,297.82854235967,4902912.0,10.46265926460425,7.01159209026955
4915200.0,4.306792847812176,3.984635464350382,4915200.0,367.87072944641113,314.3951621214549,4915200.0,4.425203666090965,6.9667826159702
4927488.0,4.4251167848706245,4.073132872084777,4927488.0,249.99617290496826,315.4762698332469,4927488.0,8.520379473765692,7.040282503158474
4939776.0,4.491451491912206,4.160522425919771,4939776.0,361.92214902242023,316.49185214042666,4939776.0,5.744480421145757,6.657898732414469
4952064.0,4.711890871326129,4.2572326101362705,4952064.0,389.3165481885274,334.48395700454716,4952064.0,9.376931274930635,6.9699545206036415
4964352.0,4.682825207710266,4.330816978216171,4964352.0,291.21627457936603,341.1672287940979,4964352.0,12.269669607281685,7.899743329997486
4976640.0,4.8242698435982065,4.40998651534319,4976640.0,410.3017584482829,346.3812464396159,4976640.0,6.112476177513599,7.388516650364425
4988928.0,4.886603027582169,4.501419068872929,4988928.0,560.4301455815634,362.91477282842004,4988928.0,6.485440216958523,7.277285469090566
5001216.0,4.91323551038901,4.572625763714313,5001216.0,667.6658697128296,408.09358072280884,5001216.0,11.457713892062506,8.368767215311525
5013504.0,4.953394241631031,4.648494047174851,5013504.0,686.2190891901652,450.57699236869814,5013504.0,9.04105115433534,8.389600514868894
5025792.0,5.061343374351661,4.725692320118347,5025792.0,271.24519268671673,425.61839297612505,5025792.0,8.756827344497045,8.219017322858175
5038080.0,5.105420793096225,4.805555114646753,5038080.0,255.40607213974,414.3719272454579,5038080.0,3.088688801974058,8.085365836446483
5050368.0,5.173803935448329,4.880423829704523,5050368.0,640.0167770385742,453.37398765881863,5050368.0,13.240747968355814,8.557402685905497
5062656.0,5.256385477880637,4.956917228301366,5062656.0,700.2816994984945,487.209942706426,5062656.0,12.630636314551035,9.246018275246024
5074944.0,5.317513977487882,5.0174795389175415,5074944.0,575.4846560160319,505.82675348917644,5074944.0,7.771971702575684,9.08552231801053
5087232.0,5.4011036058266955,5.089307378729186,5087232.0,347.92178138097125,511.497304169337,5087232.0,3.0916524194180965,8.167720599224172
5099520.0,5.480460410316785,5.154926435401043,5099520.0,345.1002588272095,504.9771542072296,5099520.0,6.186068666477998,8.175079848120609
5111808.0,5.321397500733535,5.1984058827161785,5111808.0,462.706023534139,495.2047420024872,5111808.0,10.43796294927597,8.570332121352354
5124096.0,5.583058940867583,5.265388225764036,5124096.0,292.78663269678754,457.716818300883,5124096.0,12.7529905239741,8.699859784543515
5136384.0,5.618899092078209,5.331938710808753,5136384.0,236.60502465566,412.7554118474324,5136384.0,16.001942604780197,9.395948929588
5148672.0,5.788787558674812,5.40468312924107,5148672.0,301.35295486450195,415.76618806521094,5148672.0,8.099254667758942,9.330191661914188
5160960.0,5.893268890678883,5.483467938999335,5160960.0,452.4359327952067,435.4691741307577,5160960.0,2.0272976085543633,9.22405254257222
5173248.0,5.908861453334491,5.556973690787951,5173248.0,551.5106118520101,426.61855761210126,5173248.0,13.038111145297686,9.203788860266407
5185536.0,6.039432575305303,5.635278400530417,5185536.0,374.64493227005005,394.0548808892568,5185536.0,11.365610425670942,9.077286271378398
5197824.0,6.0076406598091125,5.704291068762542,5197824.0,245.66597493489584,361.07301278114323,5197824.0,4.214344279219707,8.721523529042798
5210112.0,5.84000975638628,5.748181683818499,5210112.0,243.68833875656128,350.6496685187022,5210112.0,6.468176846702893,9.059175971771278
5222400.0,6.230679601430893,5.82320360292991,5222400.0,295.81069533030194,345.72071216901145,5222400.0,5.606676705181599,9.00123677564164
5234688.0,6.36598285784324,5.927662138640882,5234688.0,316.3014561335246,331.08025542894995,5234688.0,21.514024655024212,10.108842946216464
5246976.0,6.437694648901622,6.013125709444284,5246976.0,369.5337398846944,338.7549661477407,5246976.0,7.062357567250729,9.539779650544126
5259264.0,6.722113107641538,6.123447111000617,5259264.0,307.9712421099345,345.89158789316815,5259264.0,21.891446501016617,10.12873004016777
5271552.0,6.722591881950696,6.216827543328206,5271552.0,257.1247703234355,341.4687694390615,5271552.0,10.50503701965014,10.36930827535689
5283840.0,7.156034916639328,6.34310414592425,5283840.0,254.12561480204263,321.63773763974507,5283840.0,13.578125163912773,11.524391030892732
5296128.0,7.1422997415065765,6.466447974741459,5296128.0,256.0695350964864,292.0936299641927,5296128.0,11.578408405184746,11.378420756881436
5308416.0,7.474854558706284,6.609990173081556,5308416.0,261.03772672017413,280.73290940920515,5308416.0,31.64995990196864,13.406855704511205
5320704.0,7.7262000640233355,6.781846113502979,5320704.0,259.4508325258891,282.11139516830445,5320704.0,18.501740614573162,14.835595338046549
5332992.0,8.278717110554377,7.02571684891979,5332992.0,266.99089845021564,284.4416511376699,5332992.0,6.602761196593444,14.849053773035607
5345280.0,8.341540281971296,7.236802916973829,5345280.0,322.1446264584859,287.0750442504883,5345280.0,29.53586283326149,17.241972385843596
5357568.0,8.548086032271385,7.455013234416643,5357568.0,358.4422459602356,291.2891232331594,5357568.0,19.30987740556399,17.02155766089757
5369856.0,8.768864929676056,7.688130262494087,5369856.0,299.79686641693115,284.31543588638306,5369856.0,16.570968290170033,17.972418733189503
5382144.0,8.852051715056101,7.901124123235545,5382144.0,262.67238664627075,279.78555034001664,5382144.0,62.62616835037867,22.04589091812571
5394432.0,9.39030330379804,8.167895265420277,5394432.0,298.514253616333,283.92449866930644,5394432.0,42.32473488648733,25.227860704809427
5406720.0,9.57349000374476,8.409640774130821,5406720.0,384.2596362431844,296.93790081342064,5406720.0,25.710537433624268,26.441101931780576
5419008.0,9.921384662389755,8.68754926621914,5419008.0,383.35472361246747,309.6664196650187,5419008.0,117.38044695059459,37.02130578632156
5431296.0,9.927880187829336,8.932851829131444,5431296.0,268.50897693634033,310.4135446866353,5431296.0,23.69526371359825,36.22583616748452
5443584.0,9.802826727430025,9.140514495472113,5443584.0,282.9072502454122,312.75918645858764,5443584.0,3.7784395664930344,34.753506062676514
5455872.0,10.030182013909021,9.315660985807579,5455872.0,366.47500069936115,322.7075966835022,5455872.0,3.882829785346985,34.48151292155187
5468160.0,9.923933630188307,9.473900320629278,5468160.0,282.369188785553,318.7300529162089,5468160.0,4.301634966085355,31.958090134834254
5480448.0,10.299583305915197,9.64905004799366,5480448.0,303.62739594777423,313.2485679149628,5480448.0,3.287815065433582,30.35588390082121
5492736.0,10.786207472284636,9.850784302254516,5492736.0,543.0803788503011,337.5769191582998,5492736.0,8.929692526658377,29.591756324470044
5505024.0,11.05595675110817,10.071174805859725,5505024.0,491.1772638956706,360.42740688323977,5505024.0,9.21748086810112,24.25088757624229
5517312.0,11.366248071193695,10.26876928259929,5517312.0,296.51500368118286,360.2274818897247,5517312.0,7.551955685019493,20.77360965609551
5529600.0,11.788523664077124,10.490272648632526,5529600.0,286.75566879908246,350.47708514531456,5529600.0,4.202445489664872,18.62280046169957
5541888.0,12.733962332208952,10.771530415614446,5541888.0,291.5676124890645,341.29837403297427,5541888.0,7.790859227379163,7.663841689378023
5554176.0,13.550537218650183,11.13379611869653,5554176.0,295.90006081263226,344.03748242060345,5554176.0,6.241266988217831,5.918442016839982
5566464.0,13.832476258277893,11.536761071781317,5566464.0,302.43344322840375,345.99010171890257,5566464.0,3.59501883884271,5.900099944074949
5578752.0,15.080453664064407,12.041788236796856,5578752.0,307.0014163653056,340.042743285497,5578752.0,2.041008081908027,5.715917773731053
5591040.0,15.738228648900986,12.623217738668124,5591040.0,311.2194013595581,342.92776454289753,5591040.0,4.386963379879792,5.724450615110497
5603328.0,16.473972727855045,13.240656680862111,5603328.0,317.7858772277832,344.34361267089844,5603328.0,8.107683370510737,6.206437445618212
5615616.0,17.010325610637665,13.86306849469741,5615616.0,328.6423010826111,322.8998048941295,5615616.0,0.5496902655189236,5.368437219504267
5627904.0,18.03742543856303,14.561215363442898,5627904.0,453.8895845413208,319.17103695869446,5627904.0,12.472270061572393,5.693916138851394
5640192.0,18.56952557961146,15.281543114284673,5640192.0,333.64735651016235,322.8842722415924,5640192.0,16.526297355691593,6.5913503059186045
5652480.0,19.649398406346638,16.067630588511626,5652480.0,334.2504005432129,327.63374541600547,5652480.0,13.07332675655683,7.4784384326078
5664768.0,21.08658343553543,16.902892698844276,5664768.0,373.86707464853924,335.8636916319529,5664768.0,13.321974928180376,8.031550002687922
5677056.0,22.765084366003673,17.824347413579623,5677056.0,349.41912682851154,341.21559823354085,5677056.0,16.709906667470932,9.078413970613232
5689344.0,24.91641891996066,18.9327416797479,5689344.0,341.8728273709615,345.1595366477967,5689344.0,52.31491565704346,13.950403652433305
5701632.0,26.627550661563873,20.087451379497846,5701632.0,759.4972642262777,390.40912143389386,5701632.0,14.035543660322825,15.149857210274783
5713920.0,30.298733313878376,21.543501845995586,5713920.0,879.5822067260742,447.24540197054546,5713920.0,2.557495922471086,14.966910464533914
5726208.0,34.35893303155899,23.331997876365982,5726208.0,403.2680565516154,455.79361990292875,5726208.0,5.234555430710316,14.679597670553871
5738496.0,37.99261438846588,25.430226754148798,5738496.0,330.8493282000224,456.0143226146699,5738496.0,6.655273929238319,15.290156036925811
5750784.0,45.02140643199285,28.128624853491782,5750784.0,322.2663947741191,442.8520036379497,5750784.0,5.097080113987128,14.552637042167285
5763072.0,27.315893709659576,29.00326166649659,5763072.0,306.11455424626666,440.09872341156006,5763072.0,2.4433140754699707,13.144338714145125
5775360.0,14.06622072060903,28.444943897922833,5775360.0,293.75722487767536,436.0494058450064,5775360.0,2.2965314338604608,12.06665918187549
5787648.0,7.5384641289711,27.090131967266398,5787648.0,292.2552482287089,427.88822320302336,5787648.0,3.6841913561026254,11.102880824667713
5799936.0,4.637399924298127,25.27736352309585,5799936.0,303.06709146499634,423.2530196666718,5799936.0,3.7981533259153366,9.811705490512155
5812224.0,3.2730127349495888,23.11302290459474,5812224.0,280.3854422569275,417.1042811552684,5812224.0,6.473867850999038,5.22760070990771
5824512.0,2.5260177242259183,20.702869610860947,5824512.0,278.18606090545654,368.9731608231863,5824512.0,10.012136926253637,4.825260036500792
5836800.0,2.042071142544349,17.87720339372754,5836800.0,282.04873275756836,309.2198134263357,5836800.0,7.979715873797734,5.3674820316334575
5849088.0,1.710214930276076,14.612331583599252,5849088.0,281.6724328994751,297.0602510611217,5849088.0,5.802777101596196,5.424304198722045
5861376.0,1.512184056142966,10.96428855036696,5861376.0,279.03995005289715,291.8793132464091,5861376.0,2.0380827579647303,4.962585081594686
5873664.0,1.3856594810883205,6.6007138552765054,5873664.0,353.48790248235065,295.00146401723225,5873664.0,4.732388719916344,4.926115942187607
5885952.0,1.3267212907473247,4.001796613385279,5885952.0,376.63781547546387,302.05379014015205,5885952.0,8.950860232114792,5.576870557852089
5898240.0,1.2985535350938637,2.7250298948337637,5898240.0,335.090185324351,306.1870861848196,5898240.0,3.304997651527325,5.677717179618775
5910528.0,1.272324592495958,2.098415941186249,5910528.0,343.45081345240277,311.30664270718887,5910528.0,8.046869466702143,6.113984990678728
5922816.0,1.2205309042086203,1.7567290391772985,5922816.0,342.26198561986286,315.2261321226756,5922816.0,7.073666016260783,6.4415362597132715
5935104.0,1.204256818940242,1.5498534475763641,5935104.0,357.44876114527386,322.9324640115102,5935104.0,7.594476620356242,6.553597136648992
5947392.0,1.249235574156046,1.4221752325693768,5947392.0,371.8772185643514,332.30157977739975,5947392.0,3.632687700291475,5.915652214052776
5959680.0,1.3029838340977828,1.3482665017247197,5959680.0,415.07604694366455,345.60431119600935,5959680.0,8.900556599100431,6.007736286583047
5971968.0,1.3358452481528122,1.3108295335123938,5971968.0,384.4842408498128,355.8854919910431,5971968.0,8.845163891712824,6.311974965594709
5984256.0,1.413495445003112,1.3009606723984084,5984256.0,391.91387780507404,367.17288476626084,5984256.0,5.582646821935971,6.666431371991832
5996544.0,1.4970019198954105,1.3120949162791171,5996544.0,384.7508188883464,370.29917640686034,5996544.0,5.462551921606064,6.739447692160806
6008832.0,1.5346591112514336,1.3328886983295283,6008832.0,421.84483973185223,374.81987883249917,6008832.0,6.0915118878086405,6.453512857730189
6021120.0,1.6616980185111363,1.3692031466712555,6021120.0,391.5204963684082,380.46290993690485,6021120.0,9.78133562207222,7.10114665478468
6033408.0,1.8162683124343555,1.4235975186650953,6033408.0,392.262895266215,385.3441181182861,6033408.0,8.904271647334099,7.186886872847874
6045696.0,1.9785403336087863,1.4993984616051115,6045696.0,395.2249565124512,390.64041520754495,6045696.0,7.807871843377749,7.2603074555595715
6057984.0,2.2509637499849,1.6040691547095776,6057984.0,421.1453688939412,397.0100759824117,6057984.0,6.17450030396382,7.11830982392033
6070272.0,2.521888845910629,1.7313344818850358,6070272.0,394.36334133148193,399.2586882591248,6070272.0,4.804233801861604,7.2354644340773415
6082560.0,2.8059872488180795,1.8816348233570654,6082560.0,401.91753641764325,397.9428372065226,6082560.0,4.140381824225187,6.759446956589818
6094848.0,3.1681593619287014,2.0648662347346542,6094848.0,405.61654631296796,400.05606775283815,6094848.0,3.351329875489076,6.210063554967443
6107136.0,3.5157515232761702,2.27509184256196,6107136.0,408.1185309092204,401.67653306325275,6107136.0,8.310631344715754,6.482862007245421
6119424.0,4.010155936082204,2.526407244180639,6119424.0,405.6237538655599,403.7638265609741,6119424.0,7.0912261257569,6.6457294276605055
6131712.0,4.59818293650945,2.832759626706441,6131712.0,409.1655149459839,402.4958940823873,6131712.0,9.972912147641182,7.03386945364376
6144000.0,4.8753669907649355,3.154126523931821,6144000.0,406.5553019841512,403.99937464396163,6144000.0,7.844698225458463,6.840205713982383
6156288.0,5.284524855514367,3.5009521782398223,6156288.0,415.91902287801105,406.3649874051412,6156288.0,9.665405496954918,6.916319098944465
6168576.0,5.783716258903344,3.8814697707692787,6168576.0,412.1961793899536,408.06210969289145,6168576.0,8.568785021702448,6.992410416776936
6180864.0,6.231634030739467,4.279536798844735,6180864.0,410.9711497624715,407.0446877797445,6180864.0,7.56635678311189,7.131596064691742
6193152.0,6.796576050420602,4.707005519295732,6193152.0,409.1086966196696,408.51922330856326,6193152.0,9.104329978426298,7.561605682348211
6205440.0,7.120901862780253,5.138496980691949,6205440.0,482.7011874516805,416.5975884119669,6205440.0,9.792064249515533,8.126773924877245
6217728.0,8.109944154818853,5.632675459980964,6217728.0,405.86826197306317,416.6227599779765,6217728.0,8.179346496860186,8.609575587014358
6230016.0,8.42919148504734,6.124019456158082,6230016.0,395.78809452056885,415.3897163391113,6230016.0,7.221330419182777,8.500645494461061
6242304.0,9.032322575648626,6.626236120114723,6242304.0,399.7411518096924,414.80145613352454,6242304.0,6.05251719802618,8.396774601687987
6254592.0,9.550012042125067,7.121419030676286,6254592.0,399.248249689738,413.80972960790007,6254592.0,9.119569400946299,8.311440327018499
6266880.0,10.165202428897222,7.650402574489513,6266880.0,399.2867310841878,413.08287251790364,6266880.0,12.725801840424538,8.799550688515108
6279168.0,10.920699054996172,8.214019994437695,6279168.0,394.5374396642049,410.9447141965231,6279168.0,12.717213417092958,9.104731480528912
6291456.0,12.10480991502603,8.846129360049963,6291456.0,398.91300201416016,409.61639645894377,6291456.0,7.607134322325389,9.008566410591206
6303744.0,13.169475267330805,9.539913483709096,6303744.0,399.54959869384766,408.4742413520813,6303744.0,14.920792266726494,9.744009958952665
6316032.0,15.338908185561499,10.394146697223187,6316032.0,399.57470575968426,407.5208422660827,6316032.0,13.803552264968554,10.21393218760689
6328320.0,16.499089419841766,11.331965452929337,6328320.0,407.4307231903076,399.99379583994545,6328320.0,5.411131240427494,9.775838886698086
6340608.0,20.49094905455907,12.570065942903359,6340608.0,405.1928933461507,399.92625897725424,6340608.0,23.42959592739741,11.300863829751808
6352896.0,24.07788536945979,14.134935331344604,6352896.0,404.34569613138837,400.7820191383362,6352896.0,12.021141991019249,11.780844986935456
6365184.0,29.38929186264674,16.170632260044414,6365184.0,402.2566776275635,401.03357172012323,6365184.0,5.011795150736968,11.676772782206536
6377472.0,20.001036604245503,17.21573471625646,6377472.0,406.4728778203328,401.75603453318274,6377472.0,18.00080920259158,12.564896762371063
6389760.0,12.194666142265001,17.418681087593235,6389760.0,397.06147384643555,401.5335088094076,6389760.0,19.573433995246887,13.249659977853298
6402048.0,7.968464593092601,17.12345764140288,6402048.0,384.9282229741414,400.5725871404012,6402048.0,15.999739040931066,13.577912540237111
6414336.0,5.786283825834592,16.49160503248374,6414336.0,383.7708733876546,399.05837427775066,6414336.0,11.496393278241158,13.966838435828686
6426624.0,4.366086430847645,15.611266148835423,6426624.0,377.9866221745809,396.90207662582395,6426624.0,6.232681058347225,13.098027314990759
6438912.0,3.7838750829299292,14.455762838572264,6438912.0,373.6658938725789,394.3111954371135,6438912.0,10.101157024502754,12.72778779094418
6451200.0,3.521556332707405,13.158009529858827,6451200.0,366.0528670946757,390.17340982755024,6451200.0,7.239617891609669,12.910636456062397
6463488.0,3.288826117912928,11.437797236194216,6463488.0,361.5954604148865,385.81366653442376,6463488.0,18.77849425872167,12.445526289194824
6475776.0,3.125237079958121,9.342532407244047,6475776.0,353.29968611399335,380.7090655326843,6475776.0,28.94865147272746,14.138277237365642
6488064.0,3.033590572575728,6.706962278236946,6488064.0,348.2141612370809,375.3048138936361,6488064.0,15.489830950895945,15.18608081738154
6500352.0,2.956327944993973,5.002491412311792,6500352.0,336.61209503809613,368.31873561541244,6500352.0,13.829263091087341,14.768926206231118
6512640.0,2.911168072372675,4.07414160532256,6512640.0,331.2887994448344,361.74146817525224,6512640.0,15.734772801399231,14.385060086846352
6524928.0,2.8282713517546654,3.560122281188766,6524928.0,326.9618384043376,355.9448297182718,6524928.0,8.889264181256294,13.674012600878873
6537216.0,2.769132254024347,3.2584071240077415,6537216.0,318.0630168914795,349.37404406865437,6537216.0,30.479172577460606,15.572290530800819
6549504.0,2.7729287520051003,3.099091356123487,6549504.0,315.946489016215,343.17003075281775,6549504.0,4.732694510370493,15.422291876003147
6561792.0,2.6898517260948815,2.989689020439983,6561792.0,304.3225534756978,336.2356967131297,6561792.0,44.55548942089081,18.867725115641953
6574080.0,2.660026863217354,2.9035360734909776,6574080.0,302.31709003448486,329.86211900711066,6574080.0,31.6251007715861,21.306273403639594
6586368.0,2.6213234464327493,2.8367858063429594,6586368.0,303.72855520248413,324.07542848587036,6586368.0,33.36657295624415,22.765081273391843
6598656.0,2.6632775080700717,2.7905898491541543,6598656.0,300.57879145940143,318.8033390204112,6598656.0,42.27665972709656,24.09788209882875
6610944.0,2.6424129692216716,2.7514720888187485,6610944.0,292.67362944285077,313.24928584098814,6610944.0,32.80541390180588,25.829440393919743
6623232.0,2.555355324099461,2.7113748267292976,6623232.0,294.88420391082764,309.0764967282613,6623232.0,41.22609142462412,28.569123227273423
6635520.0,2.49667264521122,2.669925284013152,6635520.0,286.22272205352783,304.5698889891307,6635520.0,42.996969719727836,31.295342919106282
6647808.0,2.58663093795379,2.6457612426330646,6647808.0,284.9702722231547,300.37073237101237,6647808.0,52.65708174308141,35.67212467528879
6660096.0,2.5705151048799357,2.625899527718623,6660096.0,283.6708628336589,296.9315169652303,6660096.0,56.57090576489767,38.2812979940325
6672384.0,2.528587563584248,2.601465408876538,6672384.0,273.86260414123535,292.7231284777323,6672384.0,11.716031804680824,38.97963172346353
6684672.0,2.476351929207643,2.5801154291878143,6684672.0,271.5572452545166,289.44659765561426,6684672.0,169.9173173904419,51.515814520418644
6696960.0,2.490771650026242,2.5631899078687033,6696960.0,262.7349459330241,285.4883832454681,6696960.0,4.1894963184992475,48.772254075109956
6709248.0,2.5288914926350117,2.5539467124889295,6709248.0,256.88879442214966,280.8044071674347,6709248.0,5.616789234181245,45.99727570290367
6721536.0,2.5818795152008533,2.545806913202008,6721536.0,257.5655487378438,276.50308289527896,6721536.0,1.3545205366487305,41.90506178385888
6733824.0,2.606044222911199,2.5421700385709602,6733824.0,253.13784901301065,272.54950485229494,6733824.0,3.1976429683466754,38.944284690512966
6746112.0,2.590399401883284,2.545674446349343,6746112.0,252.4266759554545,268.3037520567576,6746112.0,3.1719745956361294,35.13887300761416
6758400.0,2.5549024095137916,2.5514974227796,6758400.0,247.79202953974405,264.4606828053792,6758400.0,1.8105425828446944,31.020230293925852
6770688.0,2.57829499989748,2.5506638289739687,6770688.0,249.27400636672974,260.8910562197367,6770688.0,1.7077569557974737,25.92529781519746
6782976.0,2.577567366262277,2.551369055112203,6782976.0,251.12814855575562,257.6367847919464,6782976.0,3.3132772482931614,20.599534963537007
6795264.0,2.6416774367292724,2.5626780424267053,6795264.0,247.27415641148886,254.97794001897176,6795264.0,2.966899068405231,19.724621689909448
6807552.0,2.622748490422964,2.577317698548238,6807552.0,240.96314827601114,251.9185303211212,6807552.0,2.7866731422642865,3.0115572650916875
6819840.0,2.6353470012545586,2.5917752336710693,6819840.0,241.25850296020508,249.7708860238393,6819840.0,3.183740292986234,2.910981662540386
6832128.0,2.603352171679338,2.5992213015755015,6832128.0,242.55378850301108,248.33738543192544,6832128.0,3.369615284105142,2.6862642675327755
6844416.0,2.6087868312994638,2.601912033185363,6844416.0,241.1352947552999,246.6943600336711,6844416.0,2.854863284776608,2.8362985423455638
6856704.0,2.694788906723261,2.610786501566569,6856704.0,241.35669120152792,245.5162442525228,6856704.0,2.848290262122949,2.801363271723191
6868992.0,2.623959247022867,2.614142486080527,6868992.0,241.90967973073325,244.46454463005065,6868992.0,3.229894013454517,2.8071552135050295
6881280.0,2.6976764984428883,2.628419894973437,6881280.0,242.15574296315512,243.9009159723918,6881280.0,3.1920836195349693,2.945309317174057
6893568.0,2.653550365318855,2.6359454315155744,6893568.0,240.8709667523702,243.06061201095585,6893568.0,2.9982417362431684,3.074357795218627
6905856.0,2.7059028136233487,2.648778976251682,6905856.0,237.89013242721558,241.7368103981018,6905856.0,1.2924117650836706,2.872271246897678
6918144.0,2.7435363940894604,2.658964871987701,6918144.0,238.4796061515808,240.857355372111,6918144.0,5.625299322108428,3.1381112722679974
6930432.0,2.772496776034435,2.673939700548847,6930432.0,237.50588051478067,240.51162859598793,6930432.0,5.170334878067176,3.3764774458482862
6942720.0,2.7168381698429585,2.6820888174076876,6942720.0,239.11200189590454,240.2969784895579,6942720.0,5.682478244105975,3.6263512409602603
6955008.0,2.8321255668997765,2.704966156929731,6955008.0,242.70063495635986,240.3116631348928,6955008.0,0.8574103017648061,3.3751307427262267
6967296.0,2.9043099458018937,2.734518468379975,6967296.0,238.93633286158243,240.09176694552102,6967296.0,6.90199788659811,3.7798442029083765
6979584.0,2.929707088818153,2.758010286589464,6979584.0,242.5011469523112,240.2062125205993,6979584.0,2.490459526578585,3.7440611293539403
6991872.0,2.865077448387941,2.7821221067259705,6991872.0,244.21285708745322,240.43653025627137,6991872.0,12.390431428949038,4.660114870903392
7004160.0,2.9637761066357293,2.808732067545255,7004160.0,244.2222522099813,240.64318118095397,7004160.0,13.419209023316702,5.682827411281566
7016448.0,2.9763937406241894,2.8410164050757887,7016448.0,242.3431708017985,240.79040158589677,7016448.0,12.1193574766318,6.59493898532043
7028736.0,2.9509531259536743,2.8655214363088213,7028736.0,241.78811407089233,241.18019975026445,7028736.0,8.856422717372576,7.3513400805493205
7041024.0,2.9460756070911884,2.8857753576089937,7041024.0,241.30835072199503,241.46307420730585,7041024.0,11.81379538277785,7.970189686616263
7053312.0,2.9964205163220563,2.9081677316377563,7053312.0,241.63629372914633,241.87611552874245,7053312.0,9.16184894243876,8.36934109305342
7065600.0,2.9828681784371534,2.9347707324971757,7065600.0,237.09986050923666,241.6749013900757,7065600.0,15.14551350971063,9.315644619613886
7077888.0,3.031377005080382,2.954695876315236,7077888.0,238.39658991495767,241.24449688593546,7077888.0,15.985454539457956,10.8284490433832
7090176.0,3.11054477840662,2.9753193595757086,7090176.0,238.47291119893393,241.19815471967064,7090176.0,9.852470566829046,11.123496311406294
7102464.0,3.061661501725515,2.9885148008664446,7102464.0,236.47750520706177,240.59579054514566,7102464.0,20.079858670632046,12.88243622581164
7114752.0,3.1247181706130505,3.0144788730889553,7114752.0,236.89950275421143,239.8644551118215,7114752.0,20.33443647623062,13.676836730539799
7127040.0,3.117674825092157,3.029868744934599,7127040.0,237.3966940244039,239.18189929326377,7127040.0,9.988884364565214,13.33380426466465
7139328.0,3.021668203175068,3.0343961911896864,7139328.0,232.00685612360635,238.14826782544452,7139328.0,24.249688545862835,14.546837371587753
7151616.0,3.120511503269275,3.0513520289212464,7151616.0,231.71800088882446,237.14125650723776,7151616.0,28.02048761645953,16.463243861496444
7163904.0,3.1862027049064636,3.075364738702774,7163904.0,230.68762985865274,236.07918442090354,7163904.0,18.458858281373978,17.12775015135606
7176192.0,3.139046815534433,3.089627368624012,7176192.0,228.2158581415812,234.737140862147,7176192.0,23.515426486730576,18.563107905785245
7188480.0,3.152733707179626,3.106613921498259,7188480.0,225.00725730260214,233.52788054148354,7188480.0,33.93770303328832,20.442326858143012
7200768.0,3.2001316025853157,3.1234893812487523,7200768.0,227.6720461845398,232.45542616844176,7200768.0,40.89267029364904,22.933048433562124
7213056.0,3.2917628561457,3.1416111890226603,7213056.0,226.27381404240927,231.2355164527893,7213056.0,63.192723055680595,28.26707368244728
7225344.0,3.2900776801009974,3.1644528068602087,7225344.0,225.6722470919291,230.15499064127602,7225344.0,11.62012186149756,27.42110000153383
7237632.0,3.282211121171713,3.1802021019160747,7237632.0,225.60170888900757,229.02521125475565,7237632.0,9.372145468990007,26.324870900809763
7249920.0,3.2907595386107764,3.1975105732679365,7249920.0,223.05937910079956,227.59147976239524,7249920.0,4.971752608815829,25.82315772523483
7262208.0,3.2943729956944785,3.224781052519878,7262208.0,225.86184358596802,226.97697850863136,7262208.0,4.469452569882075,23.845134127636747
7274496.0,3.287881371875604,3.241518039380511,7274496.0,228.32130432128906,226.6373088518779,7274496.0,10.719247395793596,22.115010105570157
7286784.0,3.324849305053552,3.255382699395219,7286784.0,228.95986541112265,226.46453240712486,7286784.0,6.129817456007004,20.882106023033458
7299072.0,3.2799964944521585,3.269477667286992,7299072.0,230.32266902923584,226.67521349589032,7299072.0,3.0880999056001506,18.83937336492042
7311360.0,3.3165184979637465,3.285856146365404,7311360.0,229.1233083407084,227.08681859970093,7311360.0,4.623277127742767,15.907930774365862
7323648.0,3.348490527520577,3.30069203885893,7323648.0,227.5008103052775,227.06969501177474,7323648.0,3.9380043521523476,12.212464180216193
7335936.0,3.325024093190829,3.3040181625634433,7335936.0,225.0465497970581,226.94696858723955,7335936.0,2.8796366478006044,6.181155539428194
7348224.0,3.4018588612476983,3.3151962806781134,7348224.0,222.42930777867636,226.6226746559143,7348224.0,9.587046414613724,5.97784799473981
7360512.0,3.3946270619829497,3.326437874759237,7360512.0,227.0099309285482,226.76349685986833,7360512.0,7.312421560287476,5.771875603869558
7372800.0,3.3867499008774757,3.3360369109859063,7372800.0,227.2428824106852,227.18184719085693,7372800.0,5.487945218880971,5.823494864876071
7385088.0,3.329620180030664,3.3395616294195256,7385088.0,222.3472286860148,226.8303857008616,7385088.0,4.813798777759075,5.857929485663772
7397376.0,3.3819156885147095,3.348965061083436,7397376.0,223.8209047317505,226.38034574190777,7397376.0,3.3851805180311203,5.124522797887524
7409664.0,3.405975562830766,3.3570776868611576,7409664.0,224.41628058751425,225.9259872595469,7409664.0,2.783423869560162,4.789883439242839
7421952.0,3.401996207733949,3.369277658189336,7421952.0,222.27486610412598,225.12120696703596,7421952.0,5.505321857829888,5.031605634465814
7434240.0,3.4293654387195907,3.3805623522649206,7434240.0,223.2442413965861,224.53330027262368,7434240.0,5.3920027166605,5.108478193357587
7446528.0,3.4221696679790816,3.3879302663107715,7446528.0,222.2095890045166,224.0041781425476,7446528.0,2.4869440669814744,4.963372164840499
7458816.0,3.3849523092309632,3.393923087914785,7458816.0,223.28168710072836,223.82769187291464,7458816.0,8.11097147067388,5.486505647127826
7471104.0,3.4758637795845666,3.401323579748472,7471104.0,225.6574034690857,224.15050144195556,7471104.0,4.542475904027621,4.982048596069217
7483392.0,3.3830901285012565,3.4001698864003025,7483392.0,226.40467882156372,224.08997623125714,7483392.0,1.4549141606936853,4.396297856109837
7495680.0,3.4260006323456764,3.404094959547122,7495680.0,226.68793280919394,224.034481271108,7495680.0,7.0345335106054945,4.550956685282289
7507968.0,3.43084529787302,3.414217471331358,7507968.0,223.31585137049356,224.13134353955587,7507968.0,4.985976773003737,4.568174484806756
7520256.0,3.4687477201223373,3.4229006744921207,7520256.0,225.44062439600626,224.29331550598144,7520256.0,2.288484141230583,4.458504847126703
7532544.0,3.465847176810106,3.4288878358900545,7532544.0,222.6824836730957,224.11993581453962,7532544.0,9.769323021173477,5.157094762288034
7544832.0,3.4704778666297593,3.435736001779636,7544832.0,223.92614475886026,224.28506368001302,7544832.0,6.950822229186694,5.301644799423714
7557120.0,3.4853589410583177,3.441335352013509,7557120.0,222.97512118021646,224.25815165837608,7557120.0,4.320947356522083,5.194539263409873
7569408.0,3.5581588049729667,3.4549342657128976,7569408.0,220.74426396687826,224.11161915461224,7569408.0,2.1512491243580976,5.160969769147536
7581696.0,3.6012334575255713,3.476562380542358,7581696.0,220.737189133962,223.85716935793556,7581696.0,1.8868033966670434,4.538552961746851
7593984.0,3.6057992229859033,3.4895559248824917,7593984.0,216.61155525843301,222.95258453687035,7593984.0,6.571846713622411,4.741490042706331
7606272.0,3.5941292544205985,3.510659837474426,7606272.0,217.19842910766602,222.03195956548052,7606272.0,5.741902383665244,5.170188865003487
7618560.0,3.5510270769397416,3.523162481933832,7618560.0,220.22744369506836,221.385910654068,7618560.0,3.3243657648563385,4.799172090428571
7630848.0,3.6847205782930055,3.5485500099758314,7630848.0,218.26733334859213,220.88105885187784,7630848.0,1.54666771988074,4.455241185116271
7643136.0,3.572808399796486,3.5589560779432454,7643136.0,220.48514874776205,220.3855112870534,7643136.0,3.61429779479901,4.587822550473113
7655424.0,3.657378422717253,3.57810920253396,7655424.0,218.43735933303833,219.96099885304767,7655424.0,4.042141363024712,4.015104384658238
7667712.0,3.57363281895717,3.588424697766701,7667712.0,216.8030104637146,219.24868542353315,7667712.0,2.826427402595679,3.6026649019991352
7680000.0,3.636774686475595,3.6035662723084294,7680000.0,217.9208345413208,218.74325675964354,7680000.0,2.876639830569426,3.45823414940387
7692288.0,3.6254539911945662,3.6102957909305893,7692288.0,219.4961322148641,218.61844358444213,7692288.0,6.169467394550641,3.860055976423125
7704576.0,3.637847900390625,3.6139572352170943,7704576.0,216.65572198232016,218.21029686927795,7704576.0,4.3789976090192795,4.109275397658348
7716864.0,3.6942473699649176,3.622802049914996,7716864.0,218.3895460764567,218.38809595108032,7716864.0,5.039653713504474,3.9560560976465537
7729152.0,3.7036156107982,3.6337506855527564,7729152.0,217.58057037989298,218.42631007830306,7729152.0,2.499990458289782,3.6318649051090075
7741440.0,3.6753679240743318,3.6461847702662147,7741440.0,216.47410170237222,218.05097587903342,7741440.0,4.428710286815961,3.742299357304971
7753728.0,3.769419714808464,3.654654683917761,7753728.0,220.10032478968301,218.23427502314252,7753728.0,7.09927075356245,4.297559660673142
7766016.0,3.7690983215967813,3.67428367609779,7766016.0,216.594988822937,217.84525903065997,7766016.0,3.957373740772406,4.331867255270481
7778304.0,3.7612815077106156,3.6846739845971266,7778304.0,218.63120730717978,217.86464382807418,7778304.0,2.363329300036033,4.163986048971613
7790592.0,3.7698847154776254,3.7042991742491713,7790592.0,219.0065280596415,218.08499558766684,7790592.0,4.889830999076366,4.370326408619682
7802880.0,3.792357357839743,3.7198574413855865,7802880.0,220.26896047592163,218.31980818112692,7802880.0,4.204262865086396,4.50308871207138
7815168.0,3.820221076409022,3.7393341499070325,7815168.0,219.30459880828857,218.30065484046935,7815168.0,4.239068592588107,4.310048831875126
7827456.0,3.802255945901076,3.755774954458077,7827456.0,218.5681349436442,218.49189613660172,7827456.0,5.5518983528018,4.427338906253377
7839744.0,3.97175852706035,3.783526070167621,7839744.0,218.87512477238974,218.54045400619506,7839744.0,4.0487391501665115,4.328247449919582
7852032.0,3.840534195303917,3.797217928618193,7852032.0,218.37682056427002,218.62007902463273,7852032.0,0.9553191410377622,4.173780318194379
7864320.0,3.837837316095829,3.813464867820342,7864320.0,220.55271816253662,219.0279406706492,7864320.0,4.618286584814389,4.192737947994223
7876608.0,3.8512857407331467,3.821651470412811,7876608.0,217.8473637898763,218.80264457066855,7876608.0,3.151512898504734,3.7979621624884508
7888896.0,3.862288815279802,3.8309705197811126,7888896.0,217.14670594533285,218.85781628290812,7888896.0,5.252665733297666,3.9274913617409766
7901184.0,3.823041968047619,3.8371465658148134,7901184.0,215.29637463887533,218.52433301607766,7901184.0,9.978624495367209,4.689020881274094
7913472.0,3.8482998808224997,3.8449880823493006,7913472.0,215.42903916041055,218.16658412615456,7913472.0,4.40803940097491,4.640841721463948
7925760.0,3.7478682001431785,3.8405391665796444,7925760.0,216.72491121292114,217.81217919985457,7925760.0,1.502796162540714,4.370695051209379
7938048.0,3.7871998101472855,3.8372370399534703,7938048.0,216.01823155085245,217.48354247411095,7938048.0,5.417628914117813,4.488551083362351
7950336.0,3.7932531808813414,3.8363367634514973,7950336.0,216.8487984339396,217.3116088231405,7950336.0,7.140501181284587,4.64741136621063
7962624.0,3.7775808374087014,3.8169189944863318,7962624.0,216.67630338668823,217.09172668457032,7962624.0,3.798490804930528,4.622386531687031
7974912.0,3.77651447057724,3.810517022013664,7974912.0,217.82965517044067,217.03701014518737,7974912.0,2.8083491971095405,4.807689537294209
7987200.0,3.7861653765042624,3.8053498280545077,7987200.0,219.2835170427958,216.9100900332133,7987200.0,3.8771478260556855,4.733575661418338
7999488.0,3.7117630740006766,3.791397561381261,7999488.0,218.15230321884155,216.9405839761098,7999488.0,4.961980553964774,4.914622426964343
8011776.0,3.767885280152162,3.781957207868497,8011776.0,218.34575176239014,217.06048855781555,8011776.0,5.5173728466033936,4.9410931382949155
8024064.0,3.7457487558325133,3.774227886646986,8024064.0,218.07328955332437,217.33818004926042,8024064.0,4.720403795440991,4.415271068302294
8036352.0,3.828967183828354,3.7722946169475717,8036352.0,217.57219902674356,217.55249603589377,8036352.0,3.242975492030382,4.298764677407841
8048640.0,3.823736714820067,3.7798814684152604,8048640.0,218.90145556131998,217.77015047073365,8048640.0,6.116151427229245,4.760100203876695
8060928.0,3.770605688293775,3.7782220562299096,8060928.0,218.18749284744263,217.98707660039264,8060928.0,5.175668105483055,4.735904123013219
8073216.0,3.7546959817409515,3.7743663363158704,8073216.0,218.6848553021749,218.17068228721618,8073216.0,5.922426948944728,4.614096699779232
8085504.0,3.792974275847276,3.7759056801597284,8085504.0,219.10311222076416,218.41336317062377,8085504.0,6.961092323064804,4.930356851592659
8097792.0,3.8828421582778296,3.7865384489297873,8097792.0,220.1992948849996,218.65032714207968,8097792.0,4.873797396818797,5.136901671563585
8110080.0,3.7350364675124488,3.781425558030606,8110080.0,218.79398028055826,218.6013734658559,8110080.0,2.272559822847446,4.976442871242762
8122368.0,3.8046972577770553,3.790718976408243,8122368.0,220.24887100855508,218.81103024482726,8122368.0,6.349186552067597,5.1151634710530445
8134656.0,3.7972689047455788,3.793657338867585,8134656.0,219.94190756479898,218.97064582506817,8134656.0,4.883920306960742,5.051818217088778
8146944.0,3.760749955972036,3.7951574588815378,8146944.0,221.19698762893677,219.2830156326294,8146944.0,3.0927977015574775,4.889057607700428
8159232.0,3.7171890859802565,3.783979649096728,8159232.0,221.13054498036703,219.63885022799172,8159232.0,3.8580267479022345,4.950562733287613
8171520.0,3.8480693846940994,3.7864129160841307,8171520.0,221.61844635009766,219.9105493068695,8171520.0,4.977624769012134,4.836710067465901
8183808.0,3.793277397751808,3.7886800870299338,8183808.0,221.90707397460938,220.28250741958618,8183808.0,4.995722882449627,4.818715545162559
8196096.0,3.8220938170949617,3.795419870565335,8196096.0,223.15130122502646,220.72915201187135,8196096.0,8.402572294076284,5.066730079675715
8208384.0,3.8192894284923873,3.7980513858298464,8208384.0,222.97299416859946,221.11614020665485,8208384.0,7.590589016675949,5.129679749036829
8220672.0,3.7356450284520784,3.783331672847271,8220672.0,222.8947491645813,221.38568563461303,8220672.0,5.2041667352120085,5.16271668287615
8232960.0,3.7247266198198,3.7823006880780055,8232960.0,223.99248250325522,221.90553585688275,8232960.0,3.561860437194506,5.291646744310856
8245248.0,3.8138191352287927,3.7832128758231796,8245248.0,225.80553150177002,222.46120190620422,8245248.0,1.5994729579736788,4.816675384901464
8257536.0,3.760231321056684,3.7795091174542903,8257536.0,226.4366626739502,223.11067741711935,8257536.0,9.642510776718458,5.292534431877236
8269824.0,3.83302882562081,3.7867370044191673,8269824.0,225.7942050298055,223.57039915720625,8269824.0,7.586326291163762,5.741887290837864
8282112.0,3.903952901562055,3.805413385977348,8282112.0,225.03001070022583,223.96034572919206,8282112.0,4.689664649466674,5.825051080994308
8294400.0,3.9323312689860663,3.8138395744065448,8294400.0,226.30019172032675,224.42852026621503,8294400.0,1.73041093784074,5.500329697877168
8306688.0,3.9421687399347625,3.8287287086248396,8306688.0,225.72393671671549,224.81020654042564,8306688.0,6.20040840903918,5.620798250536124
8318976.0,4.063258141279221,3.852845141043266,8318976.0,226.92752361297607,225.18782877922058,8318976.0,6.966639779508114,5.477204999079307
8331264.0,3.870911377171675,3.858007335911194,8331264.0,225.51366678873697,225.44189604123434,8331264.0,3.7831251000364623,5.096458607415359
8343552.0,3.950158183773359,3.879458651443323,8343552.0,221.1055464744568,225.2629757722219,8343552.0,2.4456586241722107,4.820607796311379
8355840.0,3.9251768440008163,3.8995036738614237,8355840.0,215.36255566279092,224.39998308817545,8355840.0,6.505953624844551,5.115017115076383
8368128.0,3.9532267078757286,3.9134444311261176,8368128.0,215.21811294555664,223.34124123255415,8368128.0,7.759541178743045,5.731023937153319
8380416.0,4.00418225924174,3.9378395249446236,8380416.0,207.47801526387533,221.44537649154663,8380416.0,5.5505276049176855,5.321825619973242
8392704.0,3.957073616484801,3.950244004031022,8392704.0,202.2318779627482,219.08914378484087,8392704.0,2.765773175905148,4.83977030844738
8404992.0,3.956545236210028,3.9555032374958197,8404992.0,197.71282132466635,216.35742484728493,8404992.0,2.7365022748708725,4.6444540709878
8417280.0,3.953699146707853,3.957640025267999,8417280.0,207.31296730041504,214.45870240529376,8417280.0,3.1547788766523204,4.786890864868959
8429568.0,3.935059428215027,3.956929094096025,8429568.0,205.43859640757242,212.43016837437943,8429568.0,4.108170000215371,4.577667023986579
8441856.0,3.9555247724056244,3.9461557572086656,8441856.0,201.46155500411987,209.88357151349382,8441856.0,7.464192102352778,4.6274222562710445
8454144.0,3.935292008022467,3.9525938202937447,8454144.0,192.48057572046915,206.58026240666703,8454144.0,6.296099118888378,4.878719658156236
8466432.0,3.9366051529844603,3.951238517214855,8466432.0,197.69460026423135,204.23916778564453,8466432.0,4.82688894122839,5.116842689861854
8478720.0,3.9589086597164473,3.954611698786418,8478720.0,217.81575870513916,204.48448808987933,8478720.0,5.812676342825095,5.047514961659909
8491008.0,3.952903240919113,3.9545793520907564,8491008.0,219.8888405164083,204.95156084696455,8491008.0,7.050751422842343,4.976635986069839
8503296.0,3.974330877264341,3.9515942138930162,8503296.0,216.8272450764974,205.88648382822672,8503296.0,6.978389372428258,5.1194221628208965
8515584.0,3.97535357127587,3.9534222093721234,8515584.0,218.50173568725586,207.5134696006775,8515584.0,4.471505023539066,5.289995347584288
8527872.0,3.899622236688932,3.9477299094200133,8527872.0,225.51582686106363,210.2937701543172,8527872.0,6.217705205082893,5.6381156406054895
8540160.0,3.986863411962986,3.9510463359455272,8540160.0,228.24633900324503,212.3871073246002,8540160.0,7.826965885857741,6.105334341526031
8552448.0,3.9782721822460494,3.955367611348629,8552448.0,236.9895478884379,215.54220247268677,8552448.0,5.2754965623219805,6.222066997736692
8564736.0,3.885332969327768,3.9483484310408437,8564736.0,240.47425810496011,219.4434727827708,8564736.0,1.3044005893170834,5.606087846433123
8577024.0,3.905390334626039,3.945358263701201,8577024.0,240.1849225362142,224.2139074643453,8577024.0,7.835903222362201,5.760068256780505
8589312.0,4.001932034889857,3.9518909518917402,8589312.0,239.73937050501505,228.41838448842367,8589312.0,8.26772378385067,6.104151741042733
8601600.0,3.962960916260878,3.952296177546183,8601600.0,237.3802162806193,230.37483024597162,8601600.0,5.239195163051288,6.046803623065352
8613888.0,3.9533735985557237,3.952343213309844,8613888.0,238.45920451482138,232.231866645813,8613888.0,2.980058836440245,5.639734364425142
8626176.0,3.8928902645905814,3.9441991520424686,8626176.0,238.97708876927695,234.44685101509094,8626176.0,2.611633931597074,5.203058820342024
8638464.0,3.8770412281155586,3.934367917726437,8638464.0,237.45384327570596,236.34206177393594,8638464.0,6.382251578072707,5.394133475795388
8650752.0,3.9266215612490973,3.937067850182454,8650752.0,236.4299429257711,237.43347338040672,8650752.0,5.914906506737073,5.363853605960807
8663040.0,3.879595992465814,3.9263411082327373,8663040.0,233.79315106074014,237.98815458615618,8663040.0,5.173379585146904,5.098494975889723
8675328.0,4.013243610660235,3.9298382510741554,8675328.0,237.54061365127563,238.04326116243996,8675328.0,5.242322658499082,5.095177585507433
8687616.0,3.9166651417811713,3.932971468319496,8687616.0,238.1223824818929,237.80807360013327,8687616.0,7.503821492195129,5.715119675795237
8699904.0,3.953829159339269,3.9378153507908187,8699904.0,238.2411985397339,237.61370120048522,8699904.0,5.560389829178651,5.487568336476882
8712192.0,3.8813374588886895,3.925755893190702,8712192.0,236.04014809926352,237.24377895991012,8712192.0,4.948639879624049,5.15565994605422
8724480.0,3.9123207529385886,3.9206918768584726,8724480.0,239.26153453191122,237.4319107850393,8724480.0,5.899822602669398,5.221722690016031
8736768.0,3.8781018629670143,3.913164703299602,8736768.0,237.2346822420756,237.30945855776469,8736768.0,6.323435537517071,5.5560603601237135
8749056.0,3.932830293973287,3.9171587062378728,8749056.0,236.689737478892,237.08072342872615,8749056.0,4.665626756846905,5.761459642648697
8761344.0,4.003547469774882,3.929809330403805,8761344.0,239.41343625386557,237.2766827265422,8761344.0,2.0972133285055556,5.332955817691981
8773632.0,3.8775025929013887,3.9248974335690336,8773632.0,237.27486276626587,237.36117471059165,8773632.0,7.333345261712869,5.474799693189562
8785920.0,3.833796006937822,3.920317435016235,8785920.0,235.53498284022012,237.53535788853964,8785920.0,9.12931195894877,5.870392930569748
8798208.0,3.952266854544481,3.91421975940466,8798208.0,234.93009853363037,237.27430637677512,8798208.0,6.60051808009545,6.006212472729384
8810496.0,3.8563053905963898,3.9081837842861815,8810496.0,234.0048359235128,236.86255172093712,8810496.0,2.8536204559107623,5.541192369100948
8822784.0,3.822724349796772,3.8950733033319316,8822784.0,230.69072230656943,236.10750409762068,8822784.0,6.791161328554153,5.664269519038499
8835072.0,3.8690336073438325,3.893842918177446,8835072.0,232.53987884521484,235.7574771722158,8835072.0,9.289629995822906,6.098368530658385
8847360.0,3.8440138747294745,3.8870122303565346,8847360.0,234.24522829055786,235.25584654808046,8847360.0,5.443609610199928,6.052747231411437
8859648.0,3.871368204553922,3.8863388645152255,8859648.0,235.0220856666565,235.03458689053855,8859648.0,1.7823687189569075,5.598640549555421
8871936.0,3.920840322971344,3.885139867415031,8871936.0,234.22362422943115,234.7879755655925,8871936.0,0.33580246195197105,5.165658120065928
8884224.0,3.932763561606407,3.878061476598183,8884224.0,233.5273068745931,234.19936262766524,8884224.0,9.197592377662659,5.875696024981638
8896512.0,3.848183018465837,3.8751295191546284,8896512.0,238.38635683059692,234.31051203409828,8896512.0,7.947473605473836,5.937108859357735
8908800.0,3.9084842602411904,3.8825983444849648,8908800.0,236.1808393796285,234.37509768803915,8908800.0,4.851677815119426,5.5093454449748
8921088.0,3.9140442311763763,3.8787760821481547,8921088.0,235.25841983159384,234.4079298178355,8921088.0,3.846925176680088,5.233986154633263
8933376.0,3.9835158810019493,3.89149713118871,8933376.0,233.1737543741862,234.32482166290282,8933376.0,0.36092184639225405,4.984716293681412
8945664.0,3.9672595063845315,3.9059506468474865,8945664.0,230.80081351598105,234.335830783844,8945664.0,10.44113685687383,5.34971384651338
8957952.0,3.908175617456436,3.909864847858747,8957952.0,230.82726049423218,234.16456894874574,8957952.0,9.470683977007866,5.367819244631876
8970240.0,3.9569830174247422,3.9211617621282735,8970240.0,231.43075704574585,233.88312182426452,8970240.0,5.911661798755328,5.414624463487415
8982528.0,3.9786558176080384,3.9318905234336845,8982528.0,230.81276273727417,233.4621895313263,8982528.0,2.8876973278820515,5.525157324379931
8994816.0,3.8849341770013175,3.928299908836683,8994816.0,230.50250116984049,233.09007722536722,8994816.0,1.9824067316949368,5.689817751354228
9007104.0,3.913155051569144,3.9263390578329562,9007104.0,232.79706954956055,233.017053492864,9007104.0,7.070952827731769,5.477153796361138
9019392.0,3.9880184829235077,3.940322604278723,9019392.0,232.38565937678018,232.4169837474823,9019392.0,7.371408502260844,5.419547286039839
9031680.0,3.9141006444891295,3.9408842427035173,9031680.0,231.20321941375732,231.91922175089516,9031680.0,5.8052545835574465,5.514904962883643
9043968.0,4.0210906739036245,3.951588886976242,9043968.0,232.6998233795166,231.66336210568744,9043968.0,2.767260859409968,5.406938531156629
9056256.0,3.9804436092575393,3.9512816598018015,9056256.0,229.36621602376303,231.28260827064514,9056256.0,5.798075079917908,5.950653854509195
9068544.0,3.9252179712057114,3.947077506283919,9068544.0,232.03307930628458,231.40583484967547,9068544.0,8.633720780412355,5.769912246863047
9080832.0,3.97911349684,3.954171294222275,9080832.0,231.4238691329956,231.4654957135518,9080832.0,5.468096596499284,5.369653508812189
9093120.0,4.047162493069966,3.963189241786798,9093120.0,228.22933038075766,231.145353047053,9093120.0,3.8288557082414627,5.161372899760803
9105408.0,3.979472200075785,3.9632708800335728,9105408.0,225.7298034032186,230.63705711364747,9105408.0,3.063185947636763,5.178921761736273
9117696.0,3.995595246553421,3.974336986988783,9117696.0,224.53902753194174,230.04070974985763,9117696.0,2.231758420666059,5.203856930633386
9129984.0,3.9772352799773216,3.980745009829601,9129984.0,225.54206689198813,229.31520948410034,9129984.0,12.57256687184175,5.754018335044384
9142272.0,3.9678088749448457,3.9787240490317344,9142272.0,225.35652685165405,228.61229623158775,9142272.0,6.617054872214794,5.678582972039779
9154560.0,4.031057092050712,3.990419693787892,9154560.0,223.44766346613565,227.83674063682557,9154560.0,3.1658914598325887,5.414646659667293
9166848.0,3.9692150900761285,3.9852321354051425,9166848.0,226.3274391492208,227.199502213796,9166848.0,1.8410809158037107,5.322028665306667
9179136.0,3.9911314894755683,3.9863009234269464,9179136.0,229.10453828175864,227.17333443959552,9179136.0,6.808469357589881,5.423068093073864
9191424.0,3.992518196503321,3.993030945956707,9191424.0,226.99185466766357,226.66921197573348,9191424.0,3.901864687601725,4.949882483792801
9203712.0,3.9146601781249046,3.9865856140851976,9203712.0,228.2636480331421,226.35318986574808,9203712.0,6.177922524511814,5.020865076594054
9216000.0,3.8953989321986833,3.9714092579980687,9216000.0,227.80229409535727,226.31048623720807,9216000.0,8.170784103373686,5.455057916107277
9228288.0,3.8287934189041457,3.956341379880905,9228288.0,229.6031330426534,226.6978192011515,9228288.0,4.299437813460827,5.578683102689683
9240576.0,3.9128672977288566,3.948068584998449,9240576.0,230.95974397659302,227.33989084561662,9240576.0,5.745151340961456,5.930022394719224
9252864.0,3.915773202975591,3.941922377298276,9252864.0,229.3229978879293,227.7179839452108,9252864.0,8.259347647428513,5.498700472277899
9265152.0,3.9062774082024894,3.9357692306240404,9265152.0,226.97316312789917,227.8796475728353,9265152.0,5.518452122807503,5.38884019733717
9277440.0,3.855170530577501,3.9181805744767195,9277440.0,227.62072086334229,228.29695331255598,9277440.0,3.166784110168616,5.388929462370773
9289728.0,3.7740354438622794,3.8986626098553345,9289728.0,230.52047491073608,228.7162568887075,9289728.0,5.845227358241876,5.78934410661459
9302016.0,3.7512375861406326,3.8746732195218407,9302016.0,230.9214963912964,228.89795269966126,9302016.0,7.741242403785388,5.88262141123414
9314304.0,3.930010308821996,3.868422430753708,9314304.0,229.73352177937826,229.17211941083275,9314304.0,8.279387578368187,6.320373700310786
9326592.0,3.8506400734186172,3.8620204202830792,9326592.0,228.2261012395223,229.16836473147077,9326592.0,5.688230772813161,6.271404525140921
9338880.0,3.898808628320694,3.8623613898952804,9338880.0,226.69607655207315,229.05774297714234,9338880.0,1.88836002163589,5.643162116967142
9351168.0,3.860472651819388,3.865529313186804,9351168.0,228.05660756429037,228.90309042930602,9351168.0,9.194762180248896,6.1326945536459485
9363456.0,3.9630857159694037,3.8705511550108596,9363456.0,226.84388875961304,228.49150490760803,9363456.0,7.508568306763967,6.3090362502262
9375744.0,3.928265598913034,3.871800394604604,9375744.0,225.1810852686564,228.07731364568076,9375744.0,2.8444101562102637,5.767542501104375
9388032.0,3.98280081897974,3.879452735682329,9388032.0,224.77698437372842,227.85769577026366,9388032.0,5.860230381290118,5.801720326952636
9400320.0,3.852618003884951,3.8791974830130735,9400320.0,227.98496437072754,227.8941201210022,9400320.0,7.141733209292094,6.199215236864983
9412608.0,3.8800330410401025,3.889797242730856,9412608.0,225.69118356704712,227.4111909866333,9412608.0,3.8876413851976395,6.00345663956056
9424896.0,3.748176395893097,3.8894911237061023,9424896.0,226.27958313624063,226.9469996611277,9424896.0,6.459888828297456,5.875321282011767
9437184.0,3.8496607864896455,3.8814561714728675,9437184.0,222.8567484219869,226.25932232538858,9437184.0,7.932036936283112,5.84058621780326
9449472.0,3.8503136386473975,3.881423527995745,9449472.0,221.08715438842773,225.54542764027912,9449472.0,4.038064584136009,5.675569598935544
9461760.0,3.8902863214413324,3.8805712973078093,9461760.0,217.87599277496338,224.6634192625682,9461760.0,2.506675892819961,5.737401186053952
9474048.0,3.9492178236444793,3.889445814490318,9474048.0,219.0292248725891,223.760680993398,9474048.0,9.581614325443903,5.776086400573452
9486336.0,3.9470125337441764,3.887838496267796,9486336.0,211.91796255111694,222.2680883725484,9486336.0,4.443718162675698,5.469601386164625
9498624.0,3.858814703921477,3.8808934067686396,9498624.0,215.47500658035278,221.29748050371805,9498624.0,5.3307977840304375,5.718240148946643
9510912.0,3.8558682054281235,3.8682001454134785,9510912.0,211.29315328598022,219.94909739494324,9510912.0,12.477838297684988,6.380000940586131
9523200.0,3.8266187831759453,3.8656002233425775,9523200.0,216.68777227401733,218.81937818527223,9523200.0,5.70397512614727,6.236225132271647
9535488.0,3.9258690724770227,3.8701838264862696,9535488.0,217.65485429763794,218.0157452583313,9535488.0,3.2333790188034377,6.1707988956322275
9547776.0,3.848059393465519,3.8801721262435116,9547776.0,218.24557177225748,217.21234412193297,9547776.0,5.4806927889585495,6.072879291698337
9560064.0,3.8388876939813295,3.87909481699268,9560064.0,222.97967529296875,217.2246368090312,9560064.0,2.7181942549844584,5.551495023568473
9572352.0,3.9066615973909697,3.884729612867037,9572352.0,221.94947655995688,217.3108690261841,9572352.0,10.823212643464407,6.230009829501311
9584640.0,3.876531941195329,3.883354174842437,9584640.0,218.74303515752158,217.39757326443987,9584640.0,5.046825528144836,6.484024793033799
9596928.0,3.9007748439908028,3.8785098768770694,9596928.0,219.78166898091635,217.4728176752726,9596928.0,8.693073789278666,6.395170739417275
9609216.0,3.8137139131625495,3.8651800148189066,9609216.0,221.5839212735494,218.43941354751587,9609216.0,8.673420285185179,6.818140951668224
9621504.0,3.663649968802929,3.845663541307052,9621504.0,222.5783804257711,219.14975093205766,9621504.0,5.986299368242423,6.883691110089423
9633792.0,3.810397441188494,3.8411164648830884,9633792.0,220.76388947168985,220.09682455062867,9633792.0,6.133084828654925,6.249215763186415
9646080.0,3.8549813106656075,3.8439527176320554,9646080.0,219.52833286921182,220.38088061014815,9646080.0,4.388012831409772,6.117619533712665
9658368.0,3.7759342739979425,3.8289592377841464,9658368.0,225.62708775202432,221.17810395558678,9658368.0,6.982448493440946,6.492526481176417
9670656.0,3.8310151621699333,3.8272548146545886,9670656.0,220.35408767064413,221.3889555454254,9670656.0,6.270237396160762,6.571480941896638
9682944.0,3.914679653942585,3.834834010650714,9682944.0,221.4411629041036,221.23510430653886,9682944.0,4.941121148566405,6.793773631254832
9695232.0,3.8661494106054306,3.8307827919721604,9695232.0,221.07825342814127,221.14798199335732,9695232.0,5.407951648036639,6.2522475317120545
9707520.0,3.8265947004159293,3.8257890678942204,9707520.0,224.14134391148886,221.6878128687541,9707520.0,8.815580621361732,6.629123041033745
9719808.0,3.824686420460542,3.8181802255411945,9719808.0,224.28753264745077,222.1383992354075,9719808.0,6.899725909034411,6.449788253009319
9732096.0,3.7907960638403893,3.8158884406089784,9732096.0,221.50520944595337,222.1305280526479,9732096.0,1.9846370313316584,5.780909927623967
9744384.0,3.843236021697521,3.8338470458984375,9744384.0,222.0986329714457,222.08255330721536,9744384.0,8.438129479686419,6.026092938768366
9756672.0,3.8745074992378554,3.840258051703374,9756672.0,220.22829707463583,222.02899406750998,9756672.0,8.52131681640943,6.264916137543818
9768960.0,3.8390056813756623,3.838660488774379,9768960.0,220.74057483673096,222.15021826426187,9768960.0,7.605425784985225,6.586657432901363
9781248.0,3.844970482091109,3.8455641095836954,9781248.0,218.5008432070414,221.43759380976357,9781248.0,4.423706399897735,6.330783223547042
9793536.0,3.7604209134976068,3.838504684716463,9793536.0,222.5753688812256,221.65972193082175,9793536.0,3.791125195721785,6.082872003503143
9805824.0,3.842548429965973,3.831291562318802,9805824.0,227.0537945429484,222.2209850947062,9805824.0,10.141165018081665,6.602876390454671
9818112.0,3.8273292059699693,3.8274095418552556,9818112.0,229.62846215566,223.07600596745812,9818112.0,6.048692795137565,6.666950505164763
9830400.0,3.836384599407514,3.8283885317544146,9830400.0,231.79351472854614,223.84122304916383,9830400.0,5.938938374320666,6.379286280460656
9842688.0,3.774487979710102,3.8233686876793707,9842688.0,230.58784119288126,224.47125390370684,9842688.0,2.421699787179629,5.931483668275177
9854976.0,3.8389559189478555,3.828184673190117,9854976.0,233.1583259900411,225.63656555811562,9854976.0,10.402773410081863,6.773297306150198
9867264.0,3.883656387527784,3.8322267097731433,9867264.0,232.3353827794393,226.66024053891496,9867264.0,9.93088494737943,6.922572852919499
9879552.0,3.830433872838815,3.8278193471332393,9879552.0,230.7986275355021,227.7172735850016,9879552.0,6.253314793109894,6.6957726505895465
9891840.0,3.7254342486461005,3.816462203860284,9891840.0,231.56419897079468,228.79963599840798,9891840.0,5.4612937445441885,6.481359446545443
9904128.0,3.750612040360769,3.8070263596872493,9904128.0,234.00763956705728,230.35031563440958,9904128.0,6.06581428150336,6.645570234706004
9916416.0,3.7698830912510553,3.8079725774625937,9916416.0,230.67336638768515,231.16011538505555,9916416.0,4.463188444574674,6.712776559591293
9928704.0,3.7988968143860498,3.803607415904601,9928704.0,227.96700112024942,231.25143604278566,9928704.0,5.7345852081974344,6.272118578602871
9940992.0,3.8192839274803796,3.802802888055642,9940992.0,228.5490287144979,231.14349269866943,9940992.0,7.0317811121543246,6.370427410304548
9953280.0,3.8528592959046364,3.804450357705355,9953280.0,229.4088233311971,230.90502355893454,9953280.0,4.335925005376339,6.210126073410114
9965568.0,3.8824772338072457,3.815249283115069,9965568.0,233.4217154184977,231.18841098149613,9965568.0,5.251848543683688,6.493140949060519
9977856.0,3.7378894239664078,3.8051426336169243,9977856.0,235.84619760513306,231.45719814300537,9977856.0,10.120204155643782,6.464884023616712
9990144.0,3.8457207505901656,3.8013490699231633,9990144.0,233.33628861109415,231.55728872617084,9990144.0,7.111738075812657,6.182969336460035
10002432.0,3.9047426655888557,3.808779949198166,10002432.0,234.83148082097372,231.96057405471802,10002432.0,5.998803998033206,6.157518256952365
10014720.0,3.9397988294561705,3.830216407279173,10014720.0,233.55752070744833,232.1599062283834,10014720.0,5.174557439982891,6.128844626496235
10027008.0,3.9496911292274794,3.850124316165845,10027008.0,234.58817942937216,232.21796021461492,10027008.0,5.996520988643169,6.121915297210217
10039296.0,3.8302991737922034,3.8561659244199595,10039296.0,231.7436908086141,232.32499265670776,10039296.0,7.348415066798528,6.410437959432602
10051584.0,3.765441889564196,3.8528204319377735,10051584.0,235.1891679763794,233.04720934232077,10051584.0,5.3685248990853625,6.373831928521395
10063872.0,3.862658162911733,3.857157855480909,10063872.0,233.88770469029745,233.58107693990073,10063872.0,2.9566810255249343,5.966321919858457
10076160.0,3.874433142443498,3.8593152401347957,10076160.0,234.9907717704773,234.13927178382875,10076160.0,3.5125673189759254,5.883986151218414
10088448.0,3.891007704039415,3.860168287158013,10088448.0,234.5370626449585,234.2508065064748,10088448.0,9.78828893105189,6.3376301899552345
10100736.0,3.856498914460341,3.8720292362074056,10100736.0,233.39613580703735,234.00580032666525,10100736.0,6.390034879247348,5.9646132623155905
10113024.0,3.86280224720637,3.8737373858690263,10113024.0,235.8646504084269,234.25863650639855,10113024.0,5.146994176010291,5.768138872335354
10125312.0,3.8625421449542046,3.869517333805561,10125312.0,232.32189226150513,234.00767765045165,10125312.0,2.2584437150508165,5.394102844037115
10137600.0,3.8056111509601274,3.856098565955957,10137600.0,234.39596223831177,234.091521803538,10137600.0,6.721333069105943,5.548780406949421
10149888.0,3.8294872045516968,3.8440781734883784,10149888.0,232.76332807540894,233.9090366681417,10149888.0,6.61723859111468,5.610852167196572
10162176.0,3.8616324911514917,3.8472115052243074,10162176.0,233.38280455271402,234.07294804255167,10162176.0,5.495744583507379,5.425585118867457
10174464.0,3.817944643398126,3.8524617806077,10174464.0,236.16383377710977,234.1704146226247,10174464.0,11.564518188436827,6.045184447802603
10186752.0,3.842642997701963,3.850460264086723,10186752.0,233.69319836298624,234.15096398989357,10186752.0,7.633632704615593,6.512879615711668
10199040.0,3.8065258810917535,3.8436695379515484,10199040.0,237.4212210973104,234.39400892257692,10199040.0,2.9355092706779637,6.455173810881874
10211328.0,3.772510511179765,3.831819818665584,10211328.0,236.1272652943929,234.55302918752037,10211328.0,3.3712048158049583,5.813465399357179
10223616.0,3.8451632211605706,3.8306862493356064,10223616.0,237.6528148651123,234.97869709332787,10223616.0,7.851018711924553,5.9595637826249
10235904.0,3.877876785894235,3.8321937032043936,10235904.0,237.8644692103068,235.1786789735158,10235904.0,10.979747806986174,6.542839145722487
10248192.0,3.8648112739125886,3.8324206161002317,10248192.0,237.0325166384379,235.64974141120905,10248192.0,8.945944095651308,7.211589183782538
10260480.0,3.929566482702891,3.844816149274508,10260480.0,237.96402867635092,236.00654805501304,10260480.0,5.252661099036534,7.064721986775597
10272768.0,3.8829199448227882,3.850159423301617,10272768.0,235.03296868006387,236.2335121154785,10272768.0,1.4275464694947004,6.545752774613599
10285056.0,3.876925714313984,3.8516887456178663,10285056.0,234.43344004948935,236.33857566515604,10285056.0,10.729469383756319,7.069125254638493
10297344.0,3.8768437951803207,3.8575786607960856,10297344.0,237.58409865697226,236.4806021531423,10297344.0,7.982511525352796,6.71092458833009
10309632.0,3.9030651400486627,3.8636208750307555,10309632.0,236.63259824117026,236.7745421409607,10309632.0,3.348554233709971,6.282416741239528
10321920.0,3.885524411996206,3.871520728121201,10321920.0,231.98214673995972,236.23063470522567,10321920.0,2.6521639451384544,6.254082208685576
10334208.0,3.858603740731875,3.8801300510764123,10334208.0,235.03679132461548,236.1215873082479,10334208.0,1.4317407465229433,6.060135801757375
10346496.0,3.8351692457993827,3.879130653540293,10346496.0,233.0264531771342,235.65895113945004,10346496.0,9.910133078694344,6.266047238434354
10358784.0,3.9617022847135863,3.887513203422229,10358784.0,233.35670948028564,235.20817516644797,10358784.0,5.533118285238743,5.721384286259611
10371072.0,3.992008892198404,3.9002329652508103,10371072.0,234.78604873021445,234.98352837562567,10371072.0,15.256062428156534,6.352396119510134
10383360.0,3.853140120704969,3.8925903290510186,10383360.0,232.99100923538208,234.48622643152876,10383360.0,5.9219067841768265,6.419320688024163
10395648.0,3.878288912276427,3.8921272257963815,10395648.0,232.35274600982666,234.218204164505,10395648.0,2.2009628266096115,6.496662323735654
10407936.0,3.779968038201332,3.882431458185116,10407936.0,234.45433886845908,234.22029404640202,10407936.0,8.095373113950094,6.233252696755032
10420224.0,3.9165735269586244,3.886404431362947,10420224.0,232.93336979548135,233.75522116025292,10420224.0,12.238614425063133,6.658862986726066
10432512.0,4.0023719171683,3.89633510907491,10432512.0,234.42950328191122,233.534911664327,10432512.0,4.609671550492446,6.784974718404314
10444800.0,3.902584195137024,3.898041087388992,10444800.0,234.39561001459757,233.77625799179077,10444800.0,0.6011666773507992,6.579874991625547
10457088.0,3.9000025192896524,3.90218096524477,10457088.0,235.56790161132812,233.82936902046202,10457088.0,0.4874650991211335,6.485447426885367
10469376.0,3.846578593055407,3.903321899970372,10469376.0,236.10198338826498,234.13692204157513,10469376.0,2.5172002700467906,5.746154146020611
10481664.0,3.8852526048819223,3.895676931987206,10481664.0,234.2449491818746,234.22574601173406,10481664.0,1.8117232670386632,5.374014644200604
10493952.0,3.9921860843896866,3.895694651206334,10493952.0,234.19151226679483,234.16629236539205,10493952.0,2.5894946679472923,4.10735786817968
10506240.0,3.9373715619246163,3.904117795328299,10506240.0,234.09002542495728,234.27619398434953,10506240.0,3.4625707641243935,3.861424266174436
10518528.0,3.847842243810495,3.9010731284817064,10518528.0,234.3030881881714,234.47122820218405,10518528.0,1.6397241204977036,3.8053003955632456
10530816.0,3.8272365679343543,3.905799981455009,10530816.0,234.13981835047403,234.4397761503855,10530816.0,0.9808078793187937,3.093843872100115
10543104.0,3.845914396146933,3.8987340683738387,10543104.0,236.73549016316733,234.81998818715414,10543104.0,0.7027256429816285,1.9402549938919642
10555392.0,3.9005466078718505,3.8885515374441946,10555392.0,235.47166109085083,234.9242039680481,10555392.0,0.5735356242706379,1.5366414012697835
10567680.0,3.9313040847579637,3.891423526406288,10567680.0,235.833145459493,235.06795751253767,10567680.0,0.9785278451939424,1.574377518054098
10579968.0,3.8467546179890633,3.8860987362762294,10579968.0,235.0142265955607,235.01259001096088,10579968.0,1.2537067277977865,1.6510016809217636
10592256.0,3.830035018424193,3.8844443788131073,10592256.0,234.16140254338583,234.81853192647299,10592256.0,1.0774943387756746,1.5070310877946516
10604544.0,3.8314984465638795,3.879068962981303,10604544.0,237.34020280838013,235.12805728912355,10604544.0,0.9898880987117687,1.4248475709619621
10616832.0,3.9179918244481087,3.871649536987145,10616832.0,236.6464171409607,235.37354777654014,10616832.0,1.452883979305625,1.3111865020977953
10629120.0,3.8793236687779427,3.8658447476724787,10629120.0,233.93852281570435,235.35839751561485,10629120.0,0.8866697028279305,1.0535963959681491
10641408.0,3.8322928125659623,3.8642898045480245,10641408.0,237.51554028193155,235.67964272499086,10641408.0,1.27308464422822,1.0169324483412008
10653696.0,3.9340635711948075,3.87497250487407,10653696.0,237.29630263646445,235.9952911535899,10653696.0,0.7601324977974097,0.9948649101890623
10665984.0,3.8613570680220923,3.8765167720615863,10665984.0,236.38594357172647,235.9603364944458,10665984.0,1.8216263093054295,1.1067549768214424
10678272.0,3.8393633042772612,3.8703984417021275,10678272.0,237.99938297271729,236.21310868263245,10678272.0,0.8666786079605421,1.1360692751904329
10690560.0,3.921139657497406,3.869381998976072,10690560.0,238.24214839935303,236.45400897661844,10690560.0,1.022429822012782,1.1404594728723167
10702848.0,3.9037290116151175,3.875079438338677,10702848.0,236.82931852340698,236.63551816940307,10702848.0,0.8666659916440645,1.1017553992569447
10715136.0,3.8584649165471396,3.877922428150972,10715136.0,237.4818116823832,236.96755908330277,10715136.0,1.6224473230540752,1.1562506976847846
10727424.0,3.8499887312451997,3.8797714566191033,10727424.0,236.44202772776285,236.87774157524103,10727424.0,1.1673596718659003,1.173997855000198
10739712.0,3.853059204916159,3.8732781946659083,10739712.0,237.21534236272177,236.93463409741722,10739712.0,0.9156036948164304,1.1202698265512785
10752000.0,3.815848521888256,3.86693067997694,10752000.0,237.6505710283915,237.3058389186859,10752000.0,1.1977043449878693,1.1513732907672725
10764288.0,3.825854130089283,3.8662868117292724,10764288.0,236.14290539423624,237.16857542991633,10764288.0,0.7053557609518369,1.0946004024396339
10776576.0,3.8948509097099304,3.862365545580784,10776576.0,238.00544023513794,237.2394891897837,10776576.0,0.25123964661421877,1.043711117321315
10788864.0,3.9416167413194976,3.870391512910525,10788864.0,239.19898986816406,237.5207938194275,10788864.0,1.3459907323122025,0.9961475596219922
10801152.0,3.809240162372589,3.867379198720058,10801152.0,239.01011514663696,237.62186703681945,10801152.0,0.9585828998436531,1.0053379888103033
10813440.0,3.85247573753198,3.8605128067235155,10813440.0,237.7761731147766,237.57526950836183,10813440.0,0.5274300631135702,0.9558380129203821
10825728.0,3.8517608990271888,3.8553159954647227,10825728.0,239.12658007939658,237.8049956639608,10825728.0,0.9989767391234636,0.969069087668322
10838016.0,3.7181446403265,3.8412839678426587,10838016.0,238.19646660486856,237.87646115620927,10838016.0,0.8746673741067449,0.894291092773589
10850304.0,3.675100192427635,3.8237951139609017,10850304.0,239.37020778656006,238.16927916208903,10850304.0,0.6068879505619407,0.8382439206431931
10862592.0,3.7907110576828322,3.8175602992375692,10862592.0,240.74915806452432,238.52266073226923,10862592.0,1.5969417194525402,0.906377723106804
10874880.0,3.8820759877562523,3.824183045824369,10874880.0,239.5836788813273,238.71597151756282,10874880.0,1.4949625817437966,0.9361035467823967
10887168.0,3.7215600311756134,3.813753635933002,10887168.0,241.6462942759196,239.26631040573116,10887168.0,1.1686881228039663,0.9824367829676097
10899456.0,3.7213481441140175,3.796403359373411,10899456.0,240.57121260960898,239.5228876431783,10899456.0,1.3716449445734422,1.0944773127635319
10911744.0,3.7402957851688066,3.7762712637583413,10911744.0,240.5119573275248,239.6541843891144,10911744.0,0.2970257243141532,0.9895808119637272
10924032.0,3.733650172750155,3.7687122647960978,10924032.0,241.61493810017905,239.9146666844686,10924032.0,0.34684183945258457,0.9284067059246203
10936320.0,3.8021802231669426,3.7636827133595943,10936320.0,239.3712264696757,240.0741720199585,10936320.0,1.2664601219197114,1.0023097118052344
10948608.0,3.8316050494710603,3.761667128403981,10948608.0,238.88639148076376,240.05015316009522,10948608.0,0.7822855201860269,0.9806405899114907
10960896.0,3.7778503919641175,3.7676377035677424,10960896.0,237.31585884094238,239.9620923837026,10960896.0,1.4033080736796062,1.0335046598687767
10973184.0,3.7747975612680116,3.7776074404517805,10973184.0,233.00711663564047,239.32578326861062,10973184.0,1.1960264133910339,1.092418506151686
10985472.0,3.8359197850028672,3.782128313183784,10985472.0,226.29033613204956,237.87990107536316,10985472.0,0.4500916983621816,0.9777335040426502
10997760.0,3.745247888068358,3.768445503214995,10997760.0,223.8880263964335,236.31033582687377,10997760.0,0.716746394832929,0.8999118853515636
11010048.0,3.7712897062301636,3.7734184707204497,11010048.0,229.32651789983115,235.07835818926497,11010048.0,0.935536215081811,0.876596694579348
11022336.0,3.7908681631088257,3.7803704726199308,11022336.0,227.86932039260864,233.8081689675649,11022336.0,0.6548412103826801,0.8049163211602718
11034624.0,3.76937323063612,3.783278217166662,11034624.0,215.17017539342245,231.2739907741547,11034624.0,1.0379922868063052,0.879012977409487
11046912.0,3.7323329051335654,3.783146490405003,11046912.0,210.72455660502115,228.1849526246389,11046912.0,1.9494829500714939,1.0392770884713778
11059200.0,3.6890937363108,3.771837841719389,11059200.0,220.9674768447876,226.3445776621501,11059200.0,1.0868313840279977,1.0213142146822065
11071488.0,3.7986881186564765,3.768546148637931,11071488.0,230.46708218256632,225.50264673233033,11071488.0,1.1894664696107309,1.0620323096246769
11083776.0,3.6846389149626098,3.75922500093778,11083776.0,235.42195415496826,225.3132562637329,11083776.0,0.8997484631836414,1.0116763485750804
11096064.0,3.6276634658376374,3.7445115913947418,11096064.0,237.92087427775064,225.8046320279439,11096064.0,0.4866969541956981,0.9407434026555469
11108352.0,3.8497118055820465,3.74589079345266,11108352.0,243.55663919448853,227.5312623341878,11108352.0,1.1155408037205536,1.0072883131913843
11120640.0,3.867644382019838,3.7581304428478086,11120640.0,250.64813375473022,230.2072730700175,11120640.0,1.2015442705402772,1.0557681007621187
11132928.0,3.709817558526993,3.751983228077491,11132928.0,250.85629081726074,232.36025036176042,11132928.0,0.6372223884488145,1.0259367180988193
11145216.0,3.7111823062102,3.7440146423876284,11145216.0,256.8455282847087,235.2578711509704,11145216.0,1.5868709919353325,1.1191396962540847
11157504.0,3.71796336521705,3.7388736558457216,11157504.0,263.3972735404968,240.08058096567788,11157504.0,1.0406439267098904,1.119404860244443
11169792.0,3.644592342277368,3.730099599560102,11169792.0,265.2150796254476,245.52963326772056,11169792.0,0.5477047090729078,0.9792270361445846
11182080.0,3.6726977775494256,3.7284600036839644,11182080.0,263.83221705754596,249.81610728899642,11182080.0,0.9727153852581978,0.9678154362676045
11194368.0,3.778027020394802,3.7263938938577965,11194368.0,266.4103449185689,253.41043356259667,11194368.0,1.482865331073602,0.9971553224138916
11206656.0,3.743090070784092,3.732239009439945,11206656.0,269.0632821718852,256.7745663642883,11206656.0,0.7740798899903893,0.9845884650945663
11218944.0,3.751028299331665,3.7445754927893473,11218944.0,271.35321712493896,260.11780064900717,11218944.0,1.1380944798390071,1.0497282176588971
11231232.0,3.6889187345902124,3.7284961856901644,11231232.0,276.0479060808818,263.3669273376464,11231232.0,0.6222606366500258,1.0004002009518442
11243520.0,3.6905995110670724,3.7107916985948877,11243520.0,276.13255564371747,265.9153695265452,11243520.0,1.4905616659671068,1.0293019404945274
11255808.0,3.700912860532602,3.7099012287954487,11255808.0,277.5204792022705,268.5817883650462,11255808.0,1.3890333157032728,1.104483033219973
11268096.0,3.658803919951121,3.7046633901695407,11268096.0,281.5918920834859,271.0564247449239,11268096.0,0.994366267696023,1.0452325607960422
11280384.0,3.726827641328176,3.7055498177806534,11280384.0,283.45493666330975,273.0621910572052,11280384.0,0.46314675578226644,0.98748284370328
11292672.0,3.7907809019088745,3.7201686737438044,11292672.0,283.70716698964435,274.91139979362487,11292672.0,1.5838596473137538,1.0910983375273644
11304960.0,3.7540128802259765,3.7283001840114594,11304960.0,287.9796350797017,277.3261415958405,11304960.0,1.0424703309933345,1.0980738321008778
11317248.0,3.7114907751480737,3.7216465594867865,11317248.0,293.9797347386678,280.08308057785035,11317248.0,1.1706167813390493,1.066848977127423
11329536.0,3.7012874434391656,3.7174662967522933,11329536.0,298.38803211847943,283.01555557250975,11329536.0,0.7566283202419678,1.0651038201525806
11341824.0,3.744681306183338,3.716831597437461,11341824.0,303.8803613980611,286.26826999982194,11341824.0,1.0433785244822502,1.0556322246169052
11354112.0,3.7293231586615243,3.7208720398445925,11354112.0,310.05228503545123,289.66870789527894,11354112.0,1.06007026322186,1.0994131872740884
11366400.0,3.832972009976705,3.7351092897355556,11366400.0,316.05397176742554,293.66084950764974,11366400.0,1.1416981903215249,1.0645268397095304
11378688.0,3.7378273655970893,3.738800740242005,11378688.0,320.16071796417236,297.9248733838399,11378688.0,0.6739844509089986,0.9930219532301028
11390976.0,3.717136467496554,3.7446339949965477,11390976.0,324.489861647288,302.2146703402201,11390976.0,2.3862712097664676,1.1322124474371473
11403264.0,3.768893529971441,3.7488405838608743,11403264.0,331.6398895581563,307.03316562970474,11403264.0,1.1275700852274895,1.1986547803816696
11415552.0,3.891108028590679,3.7588732965290546,11415552.0,329.4277272224426,311.6052216529846,11415552.0,0.973651901508371,1.1376340058011314
11427840.0,3.6648169631759324,3.7499537048240503,11427840.0,337.957084496816,316.60296659469606,11427840.0,1.0789754719783862,1.1412845198996364
11440128.0,3.744119400779406,3.753216567387183,11440128.0,350.23223463694256,322.22821658452347,11440128.0,0.8045570564766725,1.1046785474133989
11452416.0,3.721317581832409,3.7552195812265077,11452416.0,357.9762171109517,328.18703508377075,11452416.0,1.348100411395232,1.1638257565287253
11464704.0,3.67697237432003,3.7484486880401775,11464704.0,360.85235436757404,333.88423438072203,11464704.0,1.580209469422698,1.2175088510227698
11476992.0,3.7748151818911233,3.7529978903631367,11476992.0,367.66990423202515,339.6459963003794,11476992.0,1.1042394259323676,1.2219257672938209
11489280.0,3.7785652950406075,3.7475572188695265,11489280.0,375.56042289733887,345.5966414133708,11489280.0,1.3984454932312171,1.24760049758479
11501568.0,3.8076715071996055,3.754541633029779,11501568.0,382.17921924591064,351.7984915415446,11501568.0,1.4806732386350632,1.3282693763573965
11513856.0,3.8027036786079407,3.7630983541409178,11513856.0,383.50190258026123,357.69969563484193,11513856.0,1.8010957824687164,1.2697518336276212
11526144.0,3.7892821356654167,3.7651372147103146,11526144.0,391.28663031260174,363.66436971028645,11526144.0,0.5806146462758383,1.2150562897324562
11538432.0,3.8278710121909776,3.7588135130703444,11538432.0,389.96193408966064,369.71779039700823,11538432.0,1.8917111741999786,1.3068622170016169
11550720.0,3.8120346143841743,3.7735352781911686,11550720.0,402.0845931371053,376.1305412610372,11550720.0,1.6654846581319969,1.3655131356169778
11563008.0,3.8729867339134216,3.7864220115045706,11563008.0,405.39804522196454,381.64712231953933,11563008.0,0.8471631289770206,1.369773742867013
11575296.0,3.8438608894745507,3.7986763422687844,11575296.0,409.20832443237305,386.77033305168146,11575296.0,0.15984642156399786,1.2509483438838895
11587584.0,3.841181347767512,3.8150972396135323,11587584.0,414.40761216481525,392.1258588314057,11587584.0,2.1467628218233585,1.3076036791239556
11599872.0,3.825760416686535,3.8201917630930735,11599872.0,420.06207688649494,397.3650760968527,11599872.0,1.422698803866903,1.339449616917409
11612160.0,3.8060594275593758,3.8229411763449503,11612160.0,425.6386022567749,402.37289403279624,11612160.0,0.6183438124135137,1.2614394488356386
11624448.0,3.873040849963824,3.8294781106213724,11624448.0,428.45062891642254,407.0000349998474,11624448.0,0.78714586297671,1.1920867112698033
11636736.0,3.816315084695816,3.8308392512301603,11636736.0,431.7950569788615,411.82935043970735,11636736.0,1.4805079158395529,1.160027924606887
11649024.0,3.8112071628371873,3.833031753947337,11649024.0,439.50189717610675,416.65087712605794,11649024.0,0.28213538555428386,1.1301799985347316
11661312.0,3.8426662907004356,3.834511281798283,11661312.0,440.6544020970662,421.7201239267985,11661312.0,1.9284061715006828,1.133849498264802
11673600.0,3.8791008541981378,3.841217905779679,11673600.0,440.9427550633748,425.6059401194255,11673600.0,1.5969472372283537,1.1269957561744377
11685888.0,3.860465178887049,3.8399657502770417,11685888.0,446.11502202351886,429.67763779958085,11685888.0,0.6964997850979368,1.1119294217865292
11698176.0,3.8178641721606255,3.8373660785456494,11698176.0,449.9247926076253,433.7492846171061,11698176.0,0.9045667207489411,1.1864014517050236
11710464.0,3.790484845638275,3.832296428332726,11710464.0,454.7981929779053,437.7883426984152,11710464.0,1.4815819909175236,1.1198833686144403
11722752.0,3.8259198566277823,3.832312372326851,11722752.0,462.1450780232747,441.99664281209306,11722752.0,0.4933362073885898,1.0269471089666087
11735040.0,3.8151397481560707,3.8332204043865206,11735040.0,463.7495361963908,445.8077362060547,11735040.0,1.3971768592794735,1.1048304136532048
11747328.0,3.904485248029232,3.836364844193061,11747328.0,471.3691921234131,450.0995925267537,11747328.0,1.5121711840232213,1.177332945757856
11759616.0,3.8680960113803544,3.841542936861515,11759616.0,474.98054186503094,454.4181410153707,11759616.0,0.4227934855346878,1.0715615027273695
11771904.0,3.8637687464555106,3.8467990952233473,11771904.0,479.7128206888835,458.4392333666484,11771904.0,1.374026268099745,1.1807505909819156
11784192.0,3.8205805445710816,3.8445905206104114,11784192.0,485.63142108917236,462.936935265859,11784192.0,1.4780787657946348,1.1357178504113108
11796480.0,3.8183703571558,3.838517470906178,11796480.0,484.6996126174927,467.31262102127073,11796480.0,0.7755362146223584,1.0535767481507112
11808768.0,3.8113143891096115,3.8336023919284345,11808768.0,494.2522967656453,472.1263484954834,11808768.0,1.2675011586397886,1.1106768855048963
11821056.0,3.8248707031210265,3.8343030450244746,11821056.0,507.36766242980957,477.87063547770185,11821056.0,1.3457253879557054,1.1547927522255728
11833344.0,3.9887476737300553,3.8541293278336526,11833344.0,507.54245535532635,483.145061715444,11833344.0,0.8620361819242438,1.0928381713262447
11845632.0,3.897032842040062,3.8612406263748804,11845632.0,517.5313495000204,488.68368886311845,11845632.0,1.1444537583738565,1.1579499264247717
11857920.0,3.9150479088226953,3.8712314424415424,11857920.0,527.299570719401,495.03869231541955,11857920.0,0.9705333324770132,1.1152855737445253
11870208.0,3.8621606479088464,3.8669989824295037,11870208.0,544.2134094238281,502.32311404546107,11870208.0,2.0641612373292446,1.1704845790751277
11882496.0,3.903791387875875,3.8705685200790563,11882496.0,548.6697463989258,509.69203449885055,11882496.0,1.45834787376225,1.274040017897884
11894784.0,3.945608360071977,3.8787524814407037,11894784.0,560.0400721232096,517.7247596422832,11894784.0,1.0310433426251013,1.2397417253504197
11907072.0,3.976246697207292,3.8943190967043244,11907072.0,572.965849240621,526.458202457428,11907072.0,0.9508713794251283,1.1870209867134691
11919360.0,3.8840619375308356,3.900888254741828,11919360.0,591.1274830500284,537.1009895006815,11919360.0,1.0076114479452372,1.210228510045757
11931648.0,3.9469556162754693,3.9144523774584137,11931648.0,608.459968884786,548.5217567125957,11931648.0,0.9712324005862077,1.1806016342403987
11943936.0,3.955356645087401,3.927500971655051,11943936.0,619.9874245325724,559.7837329228719,11943936.0,1.3898268385479848,1.1850117792996266
11956224.0,3.963465760151545,3.9249727802971996,11956224.0,642.0070193608602,573.2301893234253,11956224.0,1.7624343602607648,1.2750515971332788
11968512.0,3.9346605613827705,3.9287355522314704,11968512.0,655.0915619532267,586.986210568746,11968512.0,1.4469211976975203,1.3052983410656451
11980800.0,3.957747412224611,3.9330055025716626,11980800.0,662.8159793217977,600.5378514289856,11980800.0,0.9225216023623943,1.3004971680541833
11993088.0,4.000824136038621,3.9468718513846404,11993088.0,669.1774663925171,613.0342571258544,11993088.0,0.2467573854761819,1.118756782868877
12005376.0,3.9211064701279006,3.948603359609843,12005376.0,684.3480936686198,626.602091852824,12005376.0,1.841771377871434,1.1570991332797953
12017664.0,3.9526586333910623,3.9493083869417505,12017664.0,698.622527440389,640.4603373845418,12017664.0,1.5731829938789208,1.2113130984051774
12029952.0,4.07117918630441,3.958801635851463,12029952.0,718.2881736755371,654.9925698280333,12029952.0,1.0887881517410278,1.2251047756367675
12042240.0,4.0455628881851835,3.974951730916897,12042240.0,719.7343896230062,667.8532604853312,12042240.0,0.2413246202437828,1.148476092866622
12054528.0,3.9486306632558503,3.9751192356149354,12054528.0,720.2825994491577,679.0355235417684,12054528.0,1.000529158860445,1.1514057686940455
12066816.0,3.9856219043334327,3.978145761539539,12066816.0,779.9470736185709,695.0314884503683,12066816.0,1.480745818465948,1.160497666685842
12079104.0,4.0248397290706635,3.984283158431451,12079104.0,918.8734277089437,722.7181292851767,12079104.0,1.2944660019129515,1.1137008308510608
12091392.0,4.009373446305593,3.991754446923733,12091392.0,746.6713905334473,731.8761121431987,12091392.0,0.6063366054246823,1.0296423716237768
12103680.0,4.013595608373483,3.9973392665386207,12103680.0,751.4955088297526,740.7440650939942,12103680.0,0.7965584055831035,1.0170460519458477
12115968.0,4.102136659125487,4.007470518847306,12115968.0,762.2268568674723,750.0490041414898,12115968.0,0.8383170363182822,1.0762020170300577
12128256.0,4.060079008340836,4.0213677726686,12128256.0,789.8852818806967,760.6027229626974,12128256.0,2.2751367104550204,1.1195385502884165
12140544.0,4.037154366572698,4.029817345986763,12140544.0,795.1869214375814,770.2591623624165,12140544.0,1.4572491732736428,1.107945168227889
12152832.0,4.077978305518627,4.030497257908186,12152832.0,884.8501040140787,786.9153553962708,12152832.0,0.8182274019345641,1.0808890932472424
12165120.0,4.099168047308922,4.035857773820559,12165120.0,783.4760080973307,793.2895172437032,12165120.0,1.7349341809749603,1.2302500493203599
12177408.0,4.032652576764424,4.044259965171417,12177408.0,793.1791025797526,800.5791675567627,12177408.0,1.6787090562283993,1.2980680390571553
12189696.0,4.125871700545152,4.058284944792589,12189696.0,802.3266016642252,802.8171203613282,12189696.0,0.777032719925046,1.2276967292030654
12201984.0,4.098511032760143,4.065652075161537,12201984.0,803.6658121744791,791.2963588078817,12201984.0,0.6885649204875032,1.1671066210605203
12214272.0,4.10044181595246,4.074758912126223,12214272.0,823.1677474975586,798.9459945042928,12214272.0,1.9052790850400925,1.2970008690220616
12226560.0,4.088489192227523,4.082248270511626,12226560.0,836.3137798309326,807.4278216044107,12226560.0,1.4328749577204387,1.3606325242357948
12238848.0,4.159858142336209,4.0880204188327,12238848.0,849.0523490905762,816.1103708267212,12238848.0,1.227157090480129,1.3995165296519794
12251136.0,4.146751031279564,4.096687621126572,12251136.0,842.3581797281901,821.3576606114705,12251136.0,0.4732101062933604,1.2193238692358137
12263424.0,4.124823398888111,4.105454524358113,12263424.0,838.6216716766357,825.701135635376,12263424.0,0.8052878503998121,1.1541277369484306
12275712.0,4.1286754583319025,4.110524239639441,12275712.0,853.1128520965576,822.5274104436237,12275712.0,1.5237633728732665,1.2246813340423008
12288000.0,4.157226401070754,4.116330075015624,12288000.0,841.0172379811605,828.2815334320069,12288000.0,0.7697310810908675,1.1281610240538915
12288.0,2.084438778460026,3.921508695185184,12288.0,2.084438778460026,749.1720670518775,12288.0,2.1182178345819316,1.1721119018892447
24576.0,0.19472535008875033,3.528394060139545,24576.0,0.19472535008875033,668.9588794204639,24576.0,0.40647553171341616,1.1350561830680816
36864.0,0.08374358721387883,3.1269173155849175,36864.0,0.08374358721387883,588.6006725617374,36864.0,0.024326522039094318,1.068632343223241
49152.0,0.05453372777750095,2.722326506767422,49152.0,0.05453372777750095,506.2893511847592,49152.0,0.035517323024881385,0.8816561670217199
61440.0,0.028560609731357545,2.3163336485178054,61440.0,0.028560609731357545,422.6608292626391,61440.0,0.04602832405362278,0.7429715036550382
73728.0,0.016510972927790135,1.9019989315769634,73728.0,0.016510972927790135,337.75724545087434,73728.0,0.020761082181707025,0.6223319028251959
86016.0,0.0131763057045949,1.4886414590194668,86016.0,0.0131763057045949,253.5227451086258,86016.0,0.029400222634042922,0.5779509144592642
98304.0,0.010837526914353171,1.0772428718220908,98304.0,0.010837526914353171,169.66166169365366,98304.0,0.0013621444662324695,0.49755834386590625
110592.0,0.007025565144431312,0.6650778825033438,110592.0,0.007025565144431312,84.3510790405123,110592.0,0.0051216933788964525,0.3456941759164692
122880.0,0.002465316906940037,0.24960177408696232,122880.0,0.002465316906940037,0.24960177408696232,122880.0,0.012436091579729691,0.2699646769653555
135168.0,0.0038561273759114556,0.041543508978550865,135168.0,0.0038561273759114556,0.041543508978550865,135168.0,0.003167335431498941,0.05845962705031221
147456.0,0.003489046483688677,0.0224198786180447,147456.0,0.003489046483688677,0.0224198786180447,147456.0,0.0020542691430212776,0.018017500793272728
159744.0,0.003615326753788395,0.014407052572035658,159744.0,0.003615326753788395,0.014407052572035658,159744.0,0.004644952692615334,0.01604934385862483
172032.0,0.003169689357794899,0.009270648730065053,172032.0,0.003169689357794899,0.009270648730065053,172032.0,0.007728426376464388,0.01327045419378313
184320.0,0.002855084128289794,0.006700096169758277,184320.0,0.0028997049315269883,0.006704558250081996,184320.0,0.00045881238429501536,0.008713503026850351
196608.0,0.004383121583183917,0.005487311035297656,196608.0,0.004366166229980688,0.005490077580301052,196608.0,0.002011255996573406,0.00683852040833699
208896.0,0.0032477193611460584,0.004494452400952771,208896.0,0.0031753760995343328,0.004489984619794995,208896.0,0.0032324763960787095,0.004221745784540569
221184.0,0.002337631687623798,0.0036444628782798345,221184.0,0.0024016398977740514,0.003646395918137084,221184.0,0.0008924727738606938,0.004174778615303391
233472.0,0.004095283868082333,0.0033514347506449368,233472.0,0.003020948965665108,0.0032459343002604634,233472.0,0.00846175582895133,0.00450878486030888
245760.0,0.004826930994264937,0.0035875961593774264,245760.0,0.004316371951669377,0.0034310398047333974,245760.0,0.0009700719759469697,0.0033621828999306066
258048.0,0.0028373858804116026,0.003485722009827441,258048.0,0.0026528909353752774,0.0033107161606797794,258048.0,0.004472009225234312,0.0034926502793041435
270336.0,0.005830880669236649,0.0037199054283822384,270336.0,0.009078782008145936,0.0038696897131255056,270336.0,0.0017461175169349492,0.003461835116695511
282624.0,0.003322268654301297,0.0036905996184335285,282624.0,0.002337021353014279,0.0037418591730480942,282624.0,0.003131591880446649,0.0033104990354786423
294912.0,0.0018721849234376957,0.003560849174997808,294912.0,0.0020874280726275174,0.003633633044531356,294912.0,0.002877710676936355,0.0028254274655258394
307200.0,0.002747287600262401,0.003550069522195069,307200.0,0.0021436095454798,0.0035580235059266365,307200.0,0.0022611019885516725,0.0030056564259515047
319488.0,0.0024377650382424085,0.003355533867700918,319488.0,0.005165122058921649,0.0036379190888207328,319488.0,0.0023356733290711418,0.003038098159201278
331776.0,0.0016265075961806967,0.0031934126912043816,331776.0,0.0032870820517321895,0.0036490896840405186,331776.0,0.0006509670905264405,0.0027799472286460514
344064.0,0.002872785499979121,0.003246928072439914,344064.0,0.003368722084511925,0.003745797902714306,344064.0,0.005036414170414598,0.003194341368301442
356352.0,0.0014981943562209683,0.0029872191212537776,356352.0,0.0030209050552609065,0.0037457935116738854,356352.0,0.0007663577028627818,0.002424801555692587
368640.0,0.002658317969083631,0.002770357818735647,368640.0,0.0036013925879766853,0.003674295575304616,368640.0,9.533375396131305e-05,0.002337327733494021
380928.0,0.002073195608924531,0.00269393879158694,380928.0,0.002033789000051911,0.0036123853817722797,380928.0,0.002252619769933517,0.002115388787963942
393216.0,0.0015659592233229584,0.002267446646995571,393216.0,0.0014426357975025894,0.002848770760707945,393216.0,1.5985105932259103e-06,0.0019409368873297694
405504.0,0.001600946154818909,0.0020953143970473325,405504.0,0.0014583902757294709,0.0027609076529794643,405504.0,1.289529837726159e-07,0.001627790594583482
417792.0,0.0015412825584159389,0.0020622241605451567,417792.0,0.0014729692502442049,0.002699461770741133,417792.0,7.698656617297997e-09,0.001340020296755508
430080.0,0.0015914350539484683,0.0019466389059137634,430080.0,0.0014396115608784992,0.0026290619722810033,430080.0,4.057531386112793e-09,0.0011139105036534792
442368.0,0.0015953418035981788,0.00186239658244934,442368.0,0.0014516681840177625,0.0022577165847906143,442368.0,7.350529661216224e-10,0.0008803432442516617
454656.0,0.0015599440387935222,0.0018557402267106228,454656.0,0.001493619398388546,0.00207837031945625,454656.0,1.0550338454725268e-06,0.000815352038583565
466944.0,0.0015475933305424405,0.0017232210097669546,466944.0,0.0014464600765980624,0.0018861441186648637,466944.0,5.133777895386752e-08,0.0003117157553200006
479232.0,0.0016100753018690739,0.0017344091043317654,479232.0,0.001475988403399242,0.001731652453478697,479232.0,5.776631021673732e-08,0.0002350857616647441
491520.0,0.0015538682807042885,0.001623964135493831,491520.0,0.0014605777281152161,0.0015175709674925505,491520.0,5.508036592799526e-09,0.0002255529370722721
503808.0,0.001588353016510761,0.0015754798762524537,503808.0,0.0014925475497875595,0.0014634468224661154,503808.0,4.946131838592012e-09,2.9145469210425817e-07
516096.0,0.0015811372480432813,0.001576997678724486,516096.0,0.001422739425834152,0.0014614571852992714,516096.0,4.697396609465443e-07,1.785775988763216e-07
528384.0,0.0015693964687670814,0.0015738427101193036,528384.0,0.0015013974231502896,0.0014657579000413533,528384.0,2.704791027448768e-07,1.9273021077354768e-07
540672.0,0.0015888121821869088,0.0015785956724964005,540672.0,0.001486041290263529,0.0014670651040432857,540672.0,2.5491484508440485e-06,4.468751901962227e-07
552960.0,0.0015965469404666994,0.0015791068611482235,552960.0,0.0014330521789815975,0.0014664091658535955,552960.0,2.8917802907812984e-05,3.33824972783891e-06
565248.0,0.0015868085241284764,0.0015782535332012535,565248.0,0.0014808072640638177,0.001469323073858201,565248.0,0.001069049983622487,0.000110243174584791
577536.0,0.0015917469160437274,0.001581433820926274,577536.0,0.0014519591034816888,0.0014651570443675154,577536.0,1.9578250333533256e-06,0.00011033345370357908
589824.0,0.0015657982833848412,0.001583254316210514,589824.0,0.0013940658088055595,0.001459917617588265,589824.0,9.344133696428021e-08,0.00011033766405938011
602112.0,0.001557200002935133,0.0015779667863171198,602112.0,0.001576180556488301,0.001469936832897171,602112.0,4.0705829033431855e-06,0.00011073894571869275
614400.0,0.0015592920650912372,0.0015785091647558148,614400.0,0.0013941440702183172,0.0014632934671074812,614400.0,0.0005282188432526406,0.0001635602792402975
626688.0,0.0015788807334805217,0.0015775619364527906,626688.0,0.0013849656667540937,0.0014525352788041343,626688.0,1.3441101179752686e-06,0.0001636941956389112
638976.0,0.0015405286382398724,0.0015735010754724498,638976.0,0.0015277229825490697,0.0014630336344756262,638976.0,3.359271996572488e-06,0.0001639831488724738
651264.0,0.001564155959689136,0.0015729770245646551,651264.0,0.001424482901711599,0.0014553421823317572,651264.0,0.0019516843737316474,0.000359124538335364
663552.0,0.0016164001942039856,0.0015757358257663628,663552.0,0.0014507888475539705,0.0014518169380608014,663552.0,0.00041310606987584225,0.0004001802304778639
675840.0,0.0015325506228691665,0.0015693361940066098,675840.0,0.0014374721825637,0.0014522589384190119,675840.0,0.0008131487284117611,0.0004786033230282587
688128.0,0.0016019009696416713,0.0015708454385579295,688128.0,0.0014839449565139755,0.0014525727076640275,688128.0,1.977322544514474e-06,0.00037189605692046143
700416.0,0.0015799805096321506,0.0015696687979167713,700416.0,0.0013512569694285048,0.001442502494258709,700416.0,0.0013548669000253237,0.0005071869644196585
712704.0,0.0015371186539899402,0.0015668008349772815,712704.0,0.0014672309759286388,0.0014498190109710168,712704.0,0.0014880315635916002,0.0006559807766451221
724992.0,0.001566999406350078,0.0015677807753187761,724992.0,0.0014469235532790965,0.0014368933106500966,724992.0,0.0007659139849541438,0.0007321651168502022
737280.0,0.0015494609791251908,0.0015667976667221712,737280.0,0.0014037768887646962,0.0014378565925047345,737280.0,0.0013472055082578056,0.0008140637833507186
749568.0,0.0015402122171508381,0.0015629308150892029,749568.0,0.0015027819560297455,0.0014496382214322996,749568.0,0.0005869990235017516,0.0008726292746890964
761856.0,0.00162328554688429,0.0015712065059536446,761856.0,0.0013198387435598609,0.0014288497975333786,761856.0,0.0014709225561091444,0.0010193856031003533
774144.0,0.001574461054284863,0.0015722370154132176,774144.0,0.0013753718843266445,0.0014239386957948835,774144.0,0.0006139954684840632,0.0008856167125755949
786432.0,0.0015654113976779627,0.001567138135760615,786432.0,0.0014283717021802052,0.001421696981257507,786432.0,0.0018329293070564745,0.0010275990362936583
798720.0,0.0015883516510560487,0.0015727182385793033,798720.0,0.0013802833921848408,0.001415978102219621,798720.0,0.0008766923019720707,0.0010339533936496892
811008.0,0.0015193322130168478,0.0015644613629168208,811008.0,0.0014226375254414354,0.001409847359112367,811008.0,0.0017647815942230711,0.001210233820817545
823296.0,0.0015388712508865865,0.0015603504370422644,823296.0,0.0013280443048036734,0.001407526092649884,823296.0,0.0006665759541040946,0.001141404726225422
835584.0,0.0015628445374507767,0.001562923025388348,835584.0,0.001389004977681907,0.0013997034928252105,835584.0,0.0010253042143328155,0.0010951319912995434
847872.0,0.0015631583864887943,0.0015625389234022202,847872.0,0.0013305750532405607,0.001388068642821357,847872.0,0.0013050659266203486,0.001149047185466164
860160.0,0.001582858865125066,0.0015658787120022073,860160.0,0.0013657702681181643,0.0013842679807567035,860160.0,0.00024485110134264687,0.0010388117447746484
872448.0,0.0015375988574911996,0.0015656173760362434,872448.0,0.0013833018310833722,0.0013723199682620665,872448.0,0.0011293895377093577,0.0010930507961954086
884736.0,0.0015234542758359264,0.001555634248931407,884736.0,0.0013834809021015342,0.0013786841841162338,884736.0,0.0009901825709069574,0.00104497679767519
897024.0,0.0015330753303715028,0.0015514956765400709,897024.0,0.0013415398764967297,0.0013753009833332424,897024.0,0.002249504303714881,0.0012085276811982719
909312.0,0.0015822316205837221,0.001553177698830647,909312.0,0.00136804128002647,0.0013692679411178687,909312.0,0.001685979897956713,0.0011938327402882956
921600.0,0.0016027188272952724,0.0015546144164545693,921600.0,0.0013549716168199666,0.0013667367635813812,921600.0,0.0008174013103901719,0.0011879036411301057
933888.0,0.00153674153201185,0.0015563553483540697,933888.0,0.0013947129694618827,0.001363944307983426,933888.0,0.0016044037990165332,0.001171865861609452
946176.0,0.0015367958191442692,0.0015561478051798379,946176.0,0.0013916279082574572,0.0013703026683288045,946176.0,0.0012675106942576047,0.001231959335624803
958464.0,0.0015253050635995653,0.0015523938577947168,958464.0,0.0012910308590411053,0.0013605052564647242,958464.0,0.0015595232465178317,0.0012853812388433044
970752.0,0.001520261404948542,0.0015481041596406915,970752.0,0.0013619981503628271,0.0013636475661769512,970752.0,0.0003407049988103002,0.0011889451460623001
983040.0,0.0015203995141443254,0.0015418582245426175,983040.0,0.0012965830028406344,0.001356728839649198,983040.0,0.0007768736653209393,0.0012421474024601291
995328.0,0.001486903255378517,0.001536788664331349,995328.0,0.0013848993069890032,0.001356888587239761,995328.0,0.0011087573423840997,0.0012400841829276034
1007616.0,0.0015282048461813247,0.001537263721365889,1007616.0,0.0013826833449760063,0.0013568088315272083,1007616.0,0.0014996684676589211,0.0012910327726027996
1019904.0,0.0015166091834544204,0.0015356171066741807,1019904.0,0.0013309081477927975,0.0013557456586568153,1019904.0,0.0007338621347419879,0.0011394685557055103
1032192.0,0.0014898004519636743,0.0015263739898121762,1032192.0,0.0013535599840300467,0.0013542975290571726,1032192.0,0.0009367427179919711,0.001064544837709036
1044480.0,0.001501899601862533,0.0015162920672689023,1044480.0,0.0013003975758086501,0.0013488401249560412,1044480.0,0.0008401344995642527,0.001066818156626444
1056768.0,0.0015177831604281284,0.0015143962301105301,1056768.0,0.0013516318934610656,0.0013445320173559594,1056768.0,0.000994766323553146,0.0010058544090801053
1069056.0,0.001453676165814007,0.0015060842647775037,1069056.0,0.0012859764307601533,0.001333966869606229,1069056.0,0.0014116409259562108,0.0010202674322499661
1081344.0,0.001466775332422306,0.001500231291659778,1081344.0,0.001302743884176986,0.001335138172119817,1081344.0,0.0013911877419256295,0.0010034338817907459
1093632.0,0.0014884027041262016,0.001497045421577544,1093632.0,0.0013675285517820157,0.0013356912122617357,1093632.0,0.0011045194308583934,0.001079815324995555
1105920.0,0.0015283985006438645,0.001497845320227498,1105920.0,0.001282153575933383,0.0013342482695710108,1105920.0,0.0017716079952757962,0.001179288757991041
1118208.0,0.0014922464700551548,0.0014983796416951616,1118208.0,0.0012874667148328929,0.0013245050103554,1118208.0,0.0034107338906324003,0.001409486412815871
1130496.0,0.0015223543753866882,0.0014977945946156978,1130496.0,0.001277354969109486,0.0013139721727687477,1130496.0,0.0021831932141746315,0.001477838887467442
1142784.0,0.0014818565268797101,0.0014943193289582268,1142784.0,0.001300555347673556,0.0013109368927568237,1142784.0,0.0011907303097965876,0.0015235257049729019
1155072.0,0.0015011622629875394,0.0014954555100606135,1155072.0,0.0012598406307612702,0.001301564957429946,1155072.0,0.004048146483607222,0.0018346660815344268
1167360.0,0.0015188568916831475,0.001497151239042675,1167360.0,0.0013340972970278624,0.0013049349295518671,1167360.0,0.0017059190273964002,0.001921244534317642
1179648.0,0.0014964731690270128,0.0014950202399025632,1179648.0,0.0012221035752493965,0.0012919820977307002,1179648.0,0.0033187462164884587,0.0021536425236111734
1191936.0,0.0015711022800436087,0.0015067628513255236,1191936.0,0.0013381486047971218,0.001297199315134397,1191936.0,0.003722881537214562,0.0023847665847370083
1204224.0,0.0015465328063631507,0.001514738598719608,1204224.0,0.001189322166586256,0.001285857143375324,1204224.0,0.011336668577617578,0.0033793146683062034
1216512.0,0.0015509060419086988,0.0015209889324978576,1216512.0,0.0013336526438555059,0.0012824695525826733,1216512.0,0.0035674763397158435,0.0036256103591919484
1228800.0,0.0014800760642780613,0.001516156688861277,1228800.0,0.0012065706705470802,0.0012749112620440428,1228800.0,0.0035983280334524657,0.003808282363009615
1241088.0,0.0015038312982748419,0.0015173151716832457,1241088.0,0.001323298714851262,0.0012784944620458797,1241088.0,0.016145511321762267,0.005081760106122601
1253376.0,0.001543523383588763,0.0015194320725034534,1253376.0,0.001157846534018366,0.0012665436185367676,1253376.0,0.013254065590444952,0.006188847343749635
1265664.0,0.0015140854144798748,0.0015226549612634699,1265664.0,0.0012769273665374687,0.001264180820423159,1265664.0,0.007410525933664758,0.006810826906136451
1277952.0,0.001582482898205247,0.0015307870247852407,1277952.0,0.001275163667135833,0.0012657131240606154,1277952.0,0.003981897489817736,0.006804202006757502
1290240.0,0.0015530223675644568,0.0015342035723733716,1290240.0,0.001264786628477547,0.0012587820572055835,1290240.0,0.01105674083858806,0.007739284187876667
1302528.0,0.0015694416943006217,0.0015415004249007326,1302528.0,0.0013529975810039712,0.0012718714577810409,1302528.0,0.017237994145640794,0.009131208980791903
1314816.0,0.0015506541318851912,0.0015394556100848907,1314816.0,0.0013066134045705742,0.0012687179377583863,1314816.0,0.021666115227465827,0.010925532349817028
1327104.0,0.0015247505167887236,0.0015372773811274478,1327104.0,0.0012827880412563293,0.0012780645252253938,1327104.0,0.011084941143053584,0.010900359606360628
1339392.0,0.001519676425838649,0.001534154419520443,1339392.0,0.0012874853212755018,0.0012734477929673934,1339392.0,0.018217516141400363,0.012365363586529081
1351680.0,0.0015401778085409508,0.0015401645939467318,1351680.0,0.0013570052821402594,0.0012884912541267113,1351680.0,0.022151450044475496,0.014220675787631382
1363968.0,0.001561662114909268,0.0015459476756101748,1363968.0,0.0012216620477071654,0.0012783275874123014,1363968.0,0.013565871267928742,0.013962711782248033
1376256.0,0.0015148461467712575,0.001543079951928424,1376256.0,0.0013727889915268558,0.0012998218331631505,1376256.0,0.02300776248254503,0.01493808147145804
1388544.0,0.0015152070488208362,0.00154319211536252,1388544.0,0.0013406291788366314,0.0013061920143930667,1388544.0,0.014326658036831455,0.01562969468177471
1400832.0,0.0015742541108920705,0.0015423692366312023,1400832.0,0.0013547891558118863,0.0013141545632606721,1400832.0,0.002840902174890895,0.015515595150282025
1413120.0,0.0015467753740570818,0.001541744537280465,1413120.0,0.0013509871108302225,0.0013227746114959397,1413120.0,0.02457216950521494,0.01686713801694471
1425408.0,0.0014802426709745002,0.0015328246349478529,1425408.0,0.001333252194550975,0.00132080007285064,1425408.0,0.012725780873248974,0.016415916689705528
1437696.0,0.001577853017806774,0.001535544523540011,1437696.0,0.0014028446415371338,0.001330423196547296,1437696.0,0.007228922215290368,0.014972197388487984
1449984.0,0.0015067293419027312,0.001533742406051412,1449984.0,0.0012885020241810707,0.0013309945948397702,1449984.0,0.019269604720951367,0.015790663746277765
1462272.0,0.0015321555323074183,0.0015349903166982889,1462272.0,0.0013205316608946305,0.001334299228801683,1462272.0,0.016395526016519096,0.015608464733789637
1474560.0,0.0015404950027004816,0.001535022036114242,1474560.0,0.0013975427482364466,0.0013383529754113018,1474560.0,0.011007310778950341,0.014494050807237122
1486848.0,0.0015535128907989322,0.0015342071137032084,1486848.0,0.0013026278647885192,0.0013464495571194372,1486848.0,0.021201418441099424,0.01525760552455419
1499136.0,0.0015109972688757505,0.0015338222259136576,1499136.0,0.0013078153333481168,0.0013399521913015633,1499136.0,0.013044595936662517,0.014261288869965938
1511424.0,0.00155767493682409,0.001538069014713983,1511424.0,0.0013970957728209517,0.0013455988506999952,1511424.0,0.018473015816804644,0.014675924647963254
1523712.0,0.001537818724803704,0.0015344254761051465,1523712.0,0.0013441574962295515,0.0013445356847417618,1523712.0,0.0058178434580137646,0.014973618776275543
1536000.0,0.0014882367177051492,0.0015285716104699533,1536000.0,0.0013539749282548048,0.00134483446648422,1536000.0,0.022285162180196494,0.014744918043773697
1548288.0,0.0015941038339709241,0.0015399577267695955,1548288.0,0.001375489532923287,0.0013490582003214513,1548288.0,0.010310413597229248,0.014503381316171727
1560576.0,0.0015824093455497252,0.0015404133595438908,1560576.0,0.0014228929812816205,0.0013510630342958999,1560576.0,0.013721088548966994,0.015152597949539392
1572864.0,0.001585591416490691,0.0015482995670026867,1572864.0,0.0013330810682721979,0.0013555209387050126,1572864.0,0.018486303869091596,0.01507426786435341
1585152.0,0.0015508216044205863,0.0015501661742140034,1585152.0,0.001430529671779368,0.0013665207397934864,1585152.0,0.012134482506856633,0.014648163513387167
1597440.0,0.0016018810359431275,0.001556304777538268,1597440.0,0.001324622732984911,0.0013592287382683328,1597440.0,0.03169841783043618,0.01671727421853575
1609728.0,0.0015875501042804292,0.0015597084988864178,1609728.0,0.00141710601686403,0.001370676553475884,1609728.0,0.01115468660039672,0.015712601034465482
1622016.0,0.0015294495339427765,0.0015615537253931204,1622016.0,0.0013436088574962923,0.0013742559058907014,1622016.0,0.02384748732826362,0.01679289017362559
1634304.0,0.0016058276723924791,0.001566368998949959,1634304.0,0.0013402133869628112,0.0013685676673048873,1634304.0,0.0026811922107299324,0.015213707813018118
1646592.0,0.001538207290044132,0.0015664078554740019,1646592.0,0.0013821410957461921,0.0013723660272565515,1646592.0,0.035793294286122546,0.018211252895829
1658880.0,0.0016257215932758602,0.0015801563430310733,1658880.0,0.0012996315793619335,0.0013669316923672645,1658880.0,0.01134253754086482,0.01711699043189583
1671168.0,0.0016417720368432736,0.0015849231633183081,1671168.0,0.0014328352505496393,0.0013726662641298996,1671168.0,0.01913082857693856,0.01799903192986676
1683456.0,0.0016713425266061677,0.001593816481423952,1683456.0,0.0014448123699063824,0.0013748582029923756,1683456.0,0.01785976472698773,0.01841289954766883
1695744.0,0.0016112978191813454,0.0015963871216930175,1695744.0,0.0013739738812243256,0.0013789474842875883,1695744.0,0.008288089001628881,0.01739307806092256
1708032.0,0.0016761163575817288,0.0016089165970091322,1708032.0,0.0014883207531966036,0.001384726592429312,1708032.0,0.007536375099637856,0.016933267320200684
1720320.0,0.001570561313807654,0.0016057846247955845,1720320.0,0.0013332827359893902,0.0013855925927297602,1720320.0,0.01479366296067989,0.015242791833225055
1732608.0,0.001663637282642109,0.0016133933426317527,1732608.0,0.0014949738221427349,0.0013933793732576305,1732608.0,0.025805858933987718,0.016707909066584155
1744896.0,0.001603327646080288,0.001620781153845504,1744896.0,0.0014317829482024536,0.0014021967823282465,1744896.0,0.0025503069155092817,0.014578191025308721
1757184.0,0.001607584033990861,0.0016209567900053422,1757184.0,0.0014898147583153332,0.0014171569194634988,1757184.0,0.031724559424522646,0.017482527746687994
1769472.0,0.0016412813984061358,0.0016312642008415423,1769472.0,0.0014136616797865524,0.001420308977867535,1769472.0,0.009179448068607599,0.014821143124936497
1781760.0,0.0016535948907403508,0.0016340515305879916,1781760.0,0.001472630471350082,0.0014376088670663497,1781760.0,0.006348936127324123,0.014321782983582429
1794048.0,0.001650696445722133,0.0016349439714758774,1794048.0,0.001442943492293125,0.0014386196912406983,1794048.0,0.029050366594068084,0.015313736785295382
1806336.0,0.0016222958511207253,0.0016300393039273332,1806336.0,0.0014142333226724684,0.0014355617865173067,1806336.0,0.009948279713474525,0.014522588283944062
1818624.0,0.0016776609954831656,0.001636675621557515,1818624.0,0.0014666349543404067,0.001444827893828915,1818624.0,0.02781750422824795,0.016475529806605965
1830912.0,0.0016209536139892104,0.0016311593471982633,1830912.0,0.0014525705798102233,0.001441252876490277,1830912.0,0.01981559893465601,0.01770345219010778
1843200.0,0.0016597385753508813,0.001640077073352586,1843200.0,0.0014093863082962343,0.0014488632337209613,1843200.0,0.02505038049033222,0.018729123943073016
1855488.0,0.0016194192315500306,0.0016356552682433782,1855488.0,0.0014808379255555337,0.0014474496440622414,1855488.0,0.019962210402203102,0.018144759089894557
1867776.0,0.0016351025878975634,0.001638832762425106,1867776.0,0.0014101024389674421,0.0014452815931387402,1867776.0,0.0018386707233730704,0.018073595470680933
1880064.0,0.0016108524778246647,0.0016391596068084861,1880064.0,0.0014235617036320036,0.0014386562876704072,1880064.0,0.02504909548830862,0.01740604907705953
1892352.0,0.001638991869185702,0.0016389306538864424,1892352.0,0.0014550822822153957,0.0014427983479132914,1892352.0,0.0285170925684118,0.01933981352703995
1904640.0,0.0016937315734442866,0.0016429443221568363,1904640.0,0.001483050126504774,0.0014438403134287606,1904640.0,0.02115200659803425,0.020820120574110968
1916928.0,0.0015950552509214806,0.0016373802026767713,1916928.0,0.0013795014510833425,0.0014374961093077824,1916928.0,0.03958689958866065,0.021873773873570222
1929216.0,0.0016076960831317895,0.0016359202258778775,1929216.0,0.0014238513461653686,0.0014384579116570725,1929216.0,0.01601494998127843,0.02248044090035061
1941504.0,0.0016099390607754078,0.0016291480324071017,1941504.0,0.0015088431634164106,0.0014426787325646727,1941504.0,0.029743379971478134,0.022673028474673625
1953792.0,0.0016227650551930612,0.001629329176527487,1953792.0,0.0013326045239712887,0.0014306821269807794,1953792.0,0.029663089459063485,0.023657777527114378
1966080.0,0.001657402030711334,0.0016290955220635323,1966080.0,0.0014382892277353676,0.0014335724189246928,1966080.0,0.019457321905065328,0.023098471668587688
1978368.0,0.0015860633423775046,0.0016257599331462793,1978368.0,0.0014273198703449452,0.0014282206134036339,1978368.0,0.017236712087954704,0.022825921837162845
1990656.0,0.0016515306657917488,0.0016274027409356978,1990656.0,0.001418690184436855,0.0014290793879505753,1990656.0,0.02952192461816594,0.025594247226642136
2002944.0,0.0016406862838872864,0.0016303861215419603,2002944.0,0.0015093551640651033,0.001437658733993885,2002944.0,0.022367709655857954,0.025326108643397065
2015232.0,0.0016378933232772397,0.001630276266951114,2015232.0,0.0014061708558680646,0.001432767591359152,2015232.0,0.049067804570465036,0.027381179843602395
2027520.0,0.0016475678403367056,0.001625659893640356,2027520.0,0.0015404329418136815,0.0014385058728900427,2027520.0,0.01937654719222337,0.0272036339030213
2039808.0,0.0016473364739795215,0.0016308880159461598,2039808.0,0.0014487034465370623,0.0014454260724354145,2039808.0,0.03174503102976208,0.026419447047131443
2052096.0,0.0016887755433951195,0.001638995961972493,2052096.0,0.0014690065478741114,0.0014499415926062889,2052096.0,0.04031654627760872,0.02884960667676447
2064384.0,0.001656532630173994,0.0016436553189123515,2064384.0,0.001498235317437017,0.0014488808080083495,2064384.0,0.012654628628903689,0.027140731542507034
2076672.0,0.0017601017710452045,0.0016573889904975658,2076672.0,0.0014691853672654058,0.0014625388923377614,2076672.0,0.019738407058563705,0.026148263302457054
2088960.0,0.0016226658062805654,0.0016539153680544892,2088960.0,0.0014630761931281693,0.0014650175888770414,2088960.0,0.021531647177956376,0.026355695829746156
2101248.0,0.001650491431064438,0.0016603581769231823,2101248.0,0.0014198354328982532,0.0014642691451323723,2101248.0,0.018057379551464692,0.026437762576097156
2113536.0,0.0016342194606598544,0.0016586270564099928,2113536.0,0.0014731381428039942,0.0014697139409690864,2113536.0,0.03160793241113424,0.026646363355393988
2125824.0,0.0016290924419687751,0.001657467672218142,2125824.0,0.0013894007067089358,0.0014577184952334695,2125824.0,0.025728318946979318,0.026982424284506125
2138112.0,0.0016826137337678422,0.0016619397132672021,2138112.0,0.0014299675246244685,0.0014600981621091097,2138112.0,0.017616714865046863,0.023837315313964307
2150400.0,0.0016527296508381066,0.0016624558943173422,2150400.0,0.00144323831894629,0.0014503786998223708,2150400.0,0.03503017457357297,0.02540267805209927
2162688.0,0.0016355392829912792,0.0016612761752185178,2162688.0,0.0013959577924348803,0.0014451041344121524,2162688.0,0.020876354955059167,0.024315810444628973
2174976.0,0.0016634663807053585,0.001658745258949542,2174976.0,0.0014500761353701819,0.0014432110931617596,2174976.0,0.03307872387813404,0.023592028204681505
2187264.0,0.0016962010825712543,0.0016627121041892679,2187264.0,0.0013852011834387667,0.0014319076797619345,2187264.0,0.012356111178329835,0.02356217645962412
2199552.0,0.0016735517813989038,0.0016540571052246378,2199552.0,0.001485333951980768,0.0014335225382334708,2199552.0,0.009105225474437853,0.02249885830121153
2211840.0,0.0016572346467000898,0.0016575139892665903,2211840.0,0.0013871919733598286,0.0014259341162566367,2211840.0,0.011096992884025289,0.021455392871818427
2224128.0,0.0016504218431994862,0.001657507030480095,2224128.0,0.001428437173065807,0.001426794290273392,2224128.0,0.052759864852608494,0.02492564140193281
2236416.0,0.0016192702454039438,0.001656012108954504,2236416.0,0.0014162676361593185,0.0014211072396089247,2236416.0,0.01306166232097894,0.023071014392917276
2248704.0,0.0016973098281596322,0.0016628338475735895,2248704.0,0.0013904492880101316,0.0014212120977390441,2248704.0,0.0191785217806076,0.02241603467628011
2260992.0,0.0016459222169942223,0.0016591646958962277,2260992.0,0.0014330779619437333,0.0014215231414709704,2260992.0,0.0191764547683609,0.022572008666611514
2273280.0,0.0016618920144537697,0.0016600809322577937,2273280.0,0.0014065170986820401,0.0014178510194445455,2273280.0,0.03414046890490378,0.02248303809974459
2285568.0,0.0016819195310138941,0.0016647189570600553,2285568.0,0.001518157530275251,0.0014300709932285826,2285568.0,0.01922001796386515,0.02231740440062519
2297856.0,0.0016482140272273682,0.0016631937217122562,2297856.0,0.0013826763630883458,0.0014233310160003993,2297856.0,0.0314609226382648,0.022155624276638263
2310144.0,0.0016717452296385698,0.001660748136418988,2310144.0,0.0014924222244493042,0.001434053120101453,2310144.0,0.025694739529474948,0.023489487111752777
2322432.0,0.0016737676408714226,0.0016607697223662398,2322432.0,0.0013840940421990429,0.0014239291291232804,2322432.0,0.029064075148198754,0.025485372079128866
2334720.0,0.001680665363286001,0.001663112794024831,2334720.0,0.0014384082145018813,0.0014290507532374857,2334720.0,0.041580589138902724,0.02853373170461661
2347008.0,0.0017006631151161855,0.0016681369212165008,2347008.0,0.0014419313726345233,0.0014304001731943572,2347008.0,0.028349097236059606,0.02609265494296172
2359296.0,0.0017176820062256108,0.001677978097298668,2359296.0,0.001428862355775588,0.0014316596451559838,2359296.0,0.02450421912362799,0.02723691062322663
2371584.0,0.0016615304363464627,0.0016744001581173507,2371584.0,0.0014871284505109845,0.0014413275614060695,2371584.0,0.013649385640746914,0.026683997009240557
2383872.0,0.0016967004042574747,0.0016794779768436758,2383872.0,0.0014386602682255518,0.0014418857920342515,2383872.0,0.024999705938777577,0.027266322126282227
2396160.0,0.001638448457621659,0.0016771336211604648,2396160.0,0.0014442014386683393,0.0014456542260328812,2396160.0,0.04589906105926881,0.028442181341718727
2408448.0,0.0016337383385689463,0.00167231550191597,2408448.0,0.0014045557624437304,0.0014342940492497289,2408448.0,0.020980400702683255,0.028618219615600543
2420736.0,0.0016913526584782328,0.0016766293650410566,2420736.0,0.0015082590998645173,0.001446852322927346,2420736.0,0.0016948306905154216,0.025641610420825595
2433024.0,0.001630545308823154,0.0016725093729595148,2433024.0,0.001428042975627856,0.0014404143980452015,2433024.0,0.016641201470823336,0.02473625661496044
2445312.0,0.0016956442001780185,0.0016746970288901743,2445312.0,0.0013876216805025858,0.0014407671618755558,2445312.0,0.024585116771049798,0.024288360777245544
2457600.0,0.0016899276755187505,0.0016756232601134497,2457600.0,0.0014505607687169686,0.0014419824172970644,2457600.0,0.05139861888407419,0.025270163751762692
2469888.0,0.0016855577129414694,0.001674112719895978,2469888.0,0.0013629286574238602,0.0014340821457759982,2469888.0,0.011046448344131932,0.023539898862569922
2482176.0,0.0017009013378507614,0.0016724346530584927,2482176.0,0.0014607079028792214,0.0014372667004863616,2482176.0,0.026729863117604207,0.02376246326196754
2494464.0,0.0016557615029644996,0.0016718577597202966,2494464.0,0.0013856767770145477,0.0014271215331367179,2494464.0,0.026177085111460958,0.025015233209038944
2506752.0,0.0017380880041552398,0.0016759965197100733,2506752.0,0.001506235323176952,0.0014338790386318578,2506752.0,0.030032784348198522,0.025518541049981042
2519040.0,0.0016609181899790808,0.001678243492945815,2519040.0,0.0014562601093833412,0.0014350849057033581,2519040.0,0.025023615307873115,0.023430996474841474
2531328.0,0.0016302330811110248,0.001677892967200023,2531328.0,0.0013446308475977276,0.001429092414218758,2531328.0,0.02549377962714061,0.02388233436728721
2543616.0,0.0016786886959986684,0.0016766265709520667,2543616.0,0.001527587005815197,0.0014310252048138259,2543616.0,0.015337089134845883,0.025246560211720254
2555904.0,0.001680981288397258,0.001681670168909477,2555904.0,0.001363153900456382,0.0014245362972966785,2555904.0,0.007546061778460474,0.02433704624248397
2568192.0,0.001669245403415213,0.0016790302892331966,2568192.0,0.0014319366067259882,0.0014289677899190186,2568192.0,0.022946820051098864,0.024173216570488876
2580480.0,0.00164214520494473,0.0016742520421757945,2580480.0,0.0014130903643187291,0.0014252207494791947,2580480.0,0.053805488375170775,0.024413903519598535
2592768.0,0.0017612385939476856,0.0016818201302764163,2592768.0,0.0014380950027164847,0.001432737384008457,2592768.0,0.01144288013165351,0.02445354669835069
2605056.0,0.0016746900237194495,0.0016791989988632849,2605056.0,0.0013543647558738787,0.0014221030693079228,2605056.0,0.02012910885969177,0.023793471272559447
2617344.0,0.0017303491179821624,0.0016866577603650511,2617344.0,0.0014319907992709584,0.001426734471533564,2617344.0,0.03883616271195933,0.025059379032609286
2629632.0,0.0017416016562492587,0.0016870091255744533,2629632.0,0.0013497725928270181,0.0014110881984985702,2629632.0,0.010733626744089028,0.023129463272198336
2641920.0,0.0016565028696883626,0.0016865675935453816,2641920.0,0.001392894522723509,0.0014047516398325872,2641920.0,0.010827401061154282,0.021709841847526452
2654208.0,0.001727345790641266,0.0016962788644984052,2654208.0,0.0014973228711217719,0.0014200208421849916,2654208.0,0.007452830327868772,0.01990574691759927
2666496.0,0.0017404165027983254,0.001702451645178371,2666496.0,0.0013929085901812261,0.0014065530006215948,2666496.0,0.014474765543127432,0.019819514558427422
2678784.0,0.0016893663202305713,0.0017032901483617024,2678784.0,0.0013943337592839573,0.0014096709865043522,2678784.0,0.028831000701757148,0.02194800845075709
2691072.0,0.0016556346217839746,0.0017019290701985787,2691072.0,0.0015356988988060039,0.0014200472157123538,2691072.0,0.015315323864342645,0.021184858832081467
2703360.0,0.0016607895668130368,0.0017037935063854092,2703360.0,0.001380699445993135,0.0014168081238797943,2703360.0,0.029089592397212982,0.01871326923428569
2715648.0,0.0016346623609327555,0.0016911358830839162,2715648.0,0.0014591581038985169,0.0014189144339979978,2715648.0,0.013770465147293484,0.018946027735849687
2727936.0,0.0016731479445297737,0.0016909816751649487,2727936.0,0.0014330626315010402,0.0014267842215607135,2727936.0,0.03528696930152364,0.020461813780032874
2740224.0,0.0017778658530005487,0.0016957333486667873,2740224.0,0.001503080815988748,0.0014338932232324925,2740224.0,0.018181790665645774,0.018396376575401517
2752512.0,0.0017231474175787298,0.0016938879247997344,2752512.0,0.0014692787335661706,0.0014458438373064078,2752512.0,0.014587229874450713,0.018781736888437685
2764800.0,0.0016962165179090032,0.0016978592896217987,2764800.0,0.0013581567121339806,0.0014423700562474552,2764800.0,0.009175106182131762,0.018616507400535436
2777088.0,0.0017734314302894443,0.0017024678535866161,2777088.0,0.0014636591137483872,0.0014390036805101167,2777088.0,0.020388606276052695,0.01991008499535383
2789376.0,0.001618047146621393,0.0016902309179689233,2789376.0,0.0013835632980772061,0.0014380691512997144,2789376.0,0.04826631197162593,0.023289239638203677
2801664.0,0.0016585080350826804,0.001687145089454134,2801664.0,0.0013962672740793398,0.001438262502779253,2801664.0,0.007504126452355801,0.02115655221326354
2813952.0,0.001671801452782044,0.001688761772553941,2813952.0,0.0014044731645602344,0.0014251399293546759,2813952.0,0.010121292371574478,0.020637149063986723
2826240.0,0.0016213921626331285,0.0016848220321359498,2826240.0,0.0014530031755081534,0.0014323703023061778,2826240.0,0.016928893969937537,0.01942107922125918
2838528.0,0.0016751137506313778,0.0016888671711058124,2838528.0,0.001428355569563185,0.0014292900488726446,2838528.0,0.021671061937619623,0.020211138900291796
2850816.0,0.0016547939006462304,0.0016870317667174578,2850816.0,0.0014418561325631647,0.0014301693989788571,2850816.0,0.045430433800599225,0.02122548535019935
2863104.0,0.0016479220485052792,0.0016740373862679312,2863104.0,0.0013802914139281104,0.0014178904587727934,2863104.0,0.016484651355616126,0.02105577141919639
2875392.0,0.0016535729124977176,0.0016670799357598298,2875392.0,0.0014992733358667465,0.0014208899190028509,2875392.0,0.01445495429895042,0.02104254386164636
2887680.0,0.0016647934626234928,0.001663937630231279,2887680.0,0.0013592856491110676,0.0014210028127005594,2887680.0,0.02095673042155492,0.022220706285588674
2899968.0,0.00175815136693321,0.0016624096238956553,2899968.0,0.0014804802006741131,0.001422684921393132,2899968.0,0.014933436507514367,0.02167518930873484
2912256.0,0.0017147677432755397,0.0016720816835610701,2912256.0,0.001485287313698791,0.0014328573229552906,2912256.0,0.0330431759939529,0.020152875710967542
2924544.0,0.0016598054032025782,0.0016722114203730598,2924544.0,0.0014538527672508887,0.0014386158722724455,2924544.0,0.026508755390144263,0.02205333860474639
2936832.0,0.0017740079098681842,0.0016824320660816738,2936832.0,0.0014297312530591928,0.0014411416811223412,2936832.0,0.0065934456482258,0.02170055393241152
2949120.0,0.0017029919642178963,0.0016905920462401505,2949120.0,0.001447528497616683,0.0014405942133331943,2949120.0,0.04601096726643542,0.024608761262061307
2961408.0,0.0016768590236703556,0.0016907665735440484,2961408.0,0.0014875942724756896,0.0014465180836244448,2961408.0,0.012099422339815646,0.023651597302280912
2973696.0,0.0017279133777871418,0.0016980785212581395,2973696.0,0.001472751338345309,0.0014496076042026592,2973696.0,0.012213625804482339,0.020329916502669222
2985984.0,0.0017145781760821894,0.0017047441340158303,2985984.0,0.0014329210025607608,0.0014548705630659244,2985984.0,0.03420584819590052,0.02210203618669766
2998272.0,0.0017123290823898667,0.0017106197510050453,2998272.0,0.001491746146712103,0.0014541178441504598,2998272.0,0.02544126254118358,0.023200667010920977
3010560.0,0.0017337333689890027,0.0017175137416415964,3010560.0,0.0013712746858800529,0.0014553167478273583,3010560.0,0.029786480765324086,0.024083642045297896
3022848.0,0.001647908956632212,0.0017064895006114965,3022848.0,0.0015204358660412254,0.0014593123143640697,3022848.0,0.024907282611820847,0.02508102665572854
3035136.0,0.0017429442838571656,0.0017093071546696592,3035136.0,0.0013915842519054422,0.0014499420081847346,3035136.0,0.028066318365745246,0.024583340892907774
3047424.0,0.0016832806353098324,0.0017116546778803848,3047424.0,0.0014954880310445635,0.0014541055345641022,3047424.0,0.03711042110808194,0.025643507464701544
3059712.0,0.0016871059736634682,0.0017029644842599134,3059712.0,0.0014246079457128265,0.0014535932038294657,3059712.0,0.02460764965508133,0.027444927865387096
3072000.0,0.0016887448752337757,0.0017015397753615013,3072000.0,0.0014492497478689377,0.0014537653288546912,3072000.0,0.018866780902802322,0.024730509229023787
3084288.0,0.0016916707312096453,0.00170302094611543,3084288.0,0.0013770511583667637,0.0014427110174437985,3084288.0,0.0214066843133575,0.025661235426377972
3096576.0,0.0017010198389471043,0.0017003315922314265,3096576.0,0.00139288826782528,0.0014347247103917954,3096576.0,0.02106112467784745,0.026545985313714483
3108864.0,0.0017117899284736875,0.001700052767470576,3108864.0,0.001328532930832201,0.0014242859032189395,3108864.0,0.03462717072883,0.02658811756700743
3121152.0,0.001719727548334049,0.0017007926140649942,3121152.0,0.0014591945188537163,0.001421030740433101,3121152.0,0.03187947768795615,0.027231939081684687
3133440.0,0.0017184575299324933,0.0016992650301593433,3133440.0,0.0014033199531695573,0.0014242352671620512,3133440.0,0.014240365858616618,0.025677327591013942
3145728.0,0.0017409811456066866,0.0017085722490567906,3145728.0,0.0013911789228586713,0.001411309572843796,3145728.0,0.02483633445808664,0.02567023277564052
3158016.0,0.001676905675897918,0.001701968388260866,3158016.0,0.0013928136710698407,0.0014114325147602355,3158016.0,0.014057987471460365,0.024269399686212032
3170304.0,0.0016490489257800316,0.0016985452173078858,3170304.0,0.0014444998705585022,0.0014063336987116296,3170304.0,0.023900865470447268,0.02294844412244856
3182592.0,0.0017187860127402625,0.001701713221215565,3182592.0,0.0013445874258953456,0.0013983316467298817,3182592.0,0.02682092438529556,0.023169771595469988
3194880.0,0.001711610673131266,0.0017039998010053143,3194880.0,0.001484982483210236,0.0014019049202640115,3194880.0,0.0279940692804909,0.024082500433238847
3207168.0,0.0017173354171973187,0.0017065662696040818,3207168.0,0.0014770231403720875,0.001411902118464544,3207168.0,0.03504041475631917,0.025445873477535012
3219456.0,0.0016938798956592411,0.0017058522752752953,3219456.0,0.001436763079254888,0.0014162895996075048,3219456.0,0.004505160285286062,0.02379027703827887
3231744.0,0.0017163167067337781,0.0017063049531013043,3231744.0,0.0014370130193128716,0.0014271376084555717,3231744.0,0.027556728494043153,0.023083232814800188
3244032.0,0.0016681379420333542,0.0017011459924712348,3244032.0,0.0014162771440169308,0.0014228458709718932,3244032.0,0.026746985483138513,0.022569983594318423
3256320.0,0.0017157108783673418,0.0017008713273147197,3256320.0,0.001488532735190044,0.0014313671491739417,3256320.0,0.017766104884988938,0.022922557496955657
3268608.0,0.0016811234600027092,0.001694885558754322,3268608.0,0.0014283506012967944,0.0014350843170177542,3268608.0,0.019952730557027582,0.02243419710684975
3280896.0,0.0017278740518425668,0.001699982396348787,3280896.0,0.001452464250784639,0.001441049374989234,3280896.0,0.023856351113257308,0.02341403347102945
3293184.0,0.0017008050902707812,0.0017051580127978622,3293184.0,0.0014394400307840745,0.0014405433910117912,3293184.0,0.028348448666899156,0.023858791790674634
3305472.0,0.0017416470733830163,0.0017074441188621374,3305472.0,0.0014074354567128466,0.0014468281940935412,3305472.0,0.01854160910200638,0.023030860262345715
3317760.0,0.0017521675229848672,0.0017114998038474977,3317760.0,0.0015230572486567933,0.001450635670638197,3317760.0,0.009546462946066944,0.02118609962890332
3330048.0,0.0016947578072480003,0.0017092420428525656,3330048.0,0.0013507607351736322,0.0014380094301183512,3330048.0,0.030932455381844193,0.020775303691455825
3342336.0,0.0017369757242704509,0.0017135516257136864,3342336.0,0.001421825866297392,0.0014365157088226017,3342336.0,0.023281930868203442,0.02265298074974756
3354624.0,0.0017275086235410224,0.001714670817394411,3354624.0,0.0014446685527218506,0.0014372812621634996,3354624.0,0.009776107894140296,0.020874918689757275
3366912.0,0.0016723737183686656,0.0017150943950279423,3366912.0,0.0014571135616279207,0.0014413649039245987,3366912.0,0.005603492643179682,0.018760569405761394
3379200.0,0.0017322834798202773,0.0017167516551732358,3379200.0,0.0015090643367633068,0.001443418064081925,3379200.0,0.0102476610748757,0.01800872502475007
3391488.0,0.0017049331994106371,0.0017191326291140286,3391488.0,0.0014178510130780826,0.001442368105260054,3391488.0,0.062363471544813365,0.022249799123528646
3403776.0,0.0017282231813927258,0.0017191675420690443,3403776.0,0.0014349908002865657,0.0014406207602102464,3403776.0,0.028530408036507044,0.022717204815853622
3416064.0,0.0017084760014161777,0.0017199346331835841,3416064.0,0.0014701763435975106,0.00144369439149159,3416064.0,0.003413859731760264,0.02022374592233973
3428352.0,0.0016999420925761417,0.0017157641351028968,3428352.0,0.0013971140009137646,0.0014426622459116818,3428352.0,0.02837781195800441,0.021207366207939532
3440640.0,0.0016985878319246694,0.001710406165996877,3440640.0,0.0015324388180791477,0.0014436004028539175,3440640.0,0.04045378628264492,0.02429809854159733
3452928.0,0.001651985959445786,0.0017061289812166554,3452928.0,0.001401102586290411,0.0014486345879655953,3452928.0,0.03936468196722368,0.02514132120013528
3465216.0,0.0017678681742836488,0.0017092182262179755,3465216.0,0.0014808202722633723,0.0014545340285621934,3465216.0,0.018281544888547312,0.024641282602169665
3477504.0,0.0017146469951209535,0.0017079320633759682,3477504.0,0.0014640349157465,0.0014564706648646582,3477504.0,0.025835498575664435,0.02624722167032208
3489792.0,0.0016996781941998051,0.0017106625109590823,3489792.0,0.0014939154334570048,0.0014601508520475667,3489792.0,0.0031591009646945167,0.026002782502473558
3502080.0,0.001699627960382107,0.0017073969590152651,3502080.0,0.0014778048074125156,0.0014570248991124875,3502080.0,0.042100240068975836,0.029188040401883573
3514368.0,0.0017212271413882263,0.0017090263532130244,3514368.0,0.0014504682846260646,0.0014602866262672857,3514368.0,0.025792616157559678,0.025530954863158206
3526656.0,0.0016871581744150415,0.001704919852515256,3526656.0,0.001534833730450676,0.0014702709192836966,3526656.0,0.02865252746657158,0.025543166806164662
3538944.0,0.0016688567763291455,0.0017009579300065526,3538944.0,0.001449784824217204,0.0014682317673456661,3538944.0,0.01824144081911072,0.027025924914899708
3551232.0,0.0017058866427153891,0.0017015523850204771,3551232.0,0.0014002637180965394,0.0014685467390639436,3551232.0,0.0260710289197353,0.026795246611072798
3563520.0,0.0017221594413664814,0.0017039095459646584,3563520.0,0.0014734304616771017,0.001462645903423739,3563520.0,0.03911349782720208,0.02666121776552851
3575808.0,0.001710167714312168,0.0017097277214512968,3575808.0,0.0014886305355806446,0.0014713986983527624,3575808.0,0.020990908466046676,0.024823840415410813
3588096.0,0.00171160184739468,0.0017041010887623997,3588096.0,0.0014770585585210938,0.0014710225269785346,3588096.0,0.03628591956415524,0.026624277882971604
3600384.0,0.001680445527502646,0.0017006809420005691,3600384.0,0.0014619652938563377,0.0014708155647895182,3600384.0,0.02131755416242716,0.02617248344164788
3612672.0,0.0017086064914716796,0.0017015737717277564,3612672.0,0.0015304151850917453,0.0014744655399529924,3612672.0,0.010008185728414295,0.026857391918019852
3624960.0,0.0016935652165557258,0.0017009674973451183,3624960.0,0.0014410887603541294,0.0014707939352471536,3624960.0,0.023092746899540845,0.024956642601076363
3637248.0,0.001743726956798734,0.0017032174788861691,3637248.0,0.0015016471279523103,0.001475911819579778,3637248.0,0.02925854007480666,0.02530323499280106
3649536.0,0.0017571431386992724,0.0017102159753145923,3649536.0,0.0014317189506982686,0.0014656003416045375,3649536.0,0.03595132927875966,0.026033115174019867
3661824.0,0.0017383494826693398,0.0017171652459486114,3661824.0,0.0014442816482187482,0.0014650500240046918,3661824.0,0.003336200981721049,0.024542591190280898
3674112.0,0.0017098458495941788,0.0017175611666364905,3674112.0,0.0015242564052944847,0.0014774492927244864,3674112.0,0.02328257627474765,0.024263745925782128
3686400.0,0.001719594021778903,0.0017173046246777325,3686400.0,0.0014988653747423086,0.001479992784031007,3686400.0,0.023126429984889302,0.022665039141550852
3698688.0,0.0017500302443901699,0.0017212908776855329,3698688.0,0.0014929953801280742,0.0014804292684857498,3698688.0,0.014855854659496496,0.022051533760895838
3710976.0,0.0017041003490400424,0.001720540727850069,3710976.0,0.0014834855416362795,0.0014810719667972684,3710976.0,0.023326362764540438,0.020755578080934357
3723264.0,0.0016437117938039592,0.0017168673544802004,3723264.0,0.0015421353285394919,0.001489088970265584,3723264.0,0.033097892456377544,0.021933611910329394
3735552.0,0.0016853888925349263,0.001714545594586525,3735552.0,0.001520219197118422,0.0014880693714682516,3735552.0,0.019021968114733074,0.02283499014896127
3747840.0,0.0016570397347095422,0.0017108930464019068,3747840.0,0.0014888556118724712,0.001492846056620086,3747840.0,0.019861243898048997,0.02251183984881209
3760128.0,0.0017035488278149085,0.0017068752335035243,3760128.0,0.001503463233044992,0.001493027667129354,3760128.0,0.033366781407191105,0.02292266398205053
3772416.0,0.0017204618173612591,0.001703207101369723,3772416.0,0.0014276252841227688,0.001492618300471804,3772416.0,0.0074891931750850444,0.02007645037168307
3784704.0,0.0017737249017955037,0.0017067446432823396,3784704.0,0.0015216417947764664,0.001500354315127576,3784704.0,0.0351883783393229,0.023261668107443255
3796992.0,0.001672461468236482,0.0017030062051465694,3796992.0,0.0015055194780870806,0.0014984806224068357,3796992.0,0.019418531582535554,0.022875263638222045
3809280.0,0.0017383806371071842,0.001704884866679398,3809280.0,0.001544999446196016,0.0015030940295522061,3809280.0,0.04089399528068801,0.02465202016780192
3821568.0,0.001733175058082755,0.0017031993480486562,3821568.0,0.0013866779942569944,0.0014924622909650983,3821568.0,0.033209718142946563,0.026487406516146922
3833856.0,0.0017178751210546277,0.0017045768252501147,3833856.0,0.0015897719307152631,0.0015030909298729966,3833856.0,0.02583004825282842,0.02673777506497572
3846144.0,0.0017080351256784827,0.001711009158437567,3846144.0,0.0014620649229376188,0.0014950838893128095,3846144.0,0.010576237512092726,0.02448560957054724
3858432.0,0.0017077388996161365,0.0017132441591456882,3858432.0,0.001531365585833555,0.001496198528184323,3858432.0,0.02127452864078805,0.024710865623152736
3870720.0,0.001676963424567172,0.0017152365281314513,3870720.0,0.0015419358381526156,0.0015015065508123373,3870720.0,0.043947816535364836,0.027119522886884323
3883008.0,0.0017166851818425737,0.0017165501635342175,3883008.0,0.001430942960723769,0.0014942545235802148,3883008.0,0.02440534900718679,0.026223379646883888
3895296.0,0.0017080061552405823,0.0017153045973221498,3895296.0,0.0015272258921565178,0.0015042145843835897,3895296.0,0.024831636595384527,0.027957623988913837
3907584.0,0.001688664609901025,0.001706798568132702,3907584.0,0.0014840680687484564,0.0015004572117807886,3907584.0,0.0246799767386013,0.02690678382884168
3919872.0,0.0017471955410049607,0.0017142719754095499,3919872.0,0.0015760303455560158,0.0015075082985276822,3919872.0,0.030255351079783093,0.027990465778566433
3932160.0,0.0016879279076723226,0.001709226702466064,3932160.0,0.001535738724366335,0.0015065822263447138,3932160.0,0.0313075128554677,0.0270318175360444
3944448.0,0.0017024975137852987,0.0017061589480363182,3944448.0,0.0015153743982712815,0.001519451866746143,3944448.0,0.017167509320036817,0.025427596653753427
3956736.0,0.0017145446878809405,0.0017058259047189495,3956736.0,0.001546695804184613,0.001515144254093078,3956736.0,0.01162874162158308,0.024007465990628894
3969024.0,0.0017472699316082678,0.0017097493853119278,3969024.0,0.0014385028007382061,0.0015127880418731366,3969024.0,0.022766834144325305,0.02522652565385215
3981312.0,0.0016994299803627655,0.001708918493386591,3981312.0,0.0015088311508103895,0.00151053459837082,3981312.0,0.038707792739539094,0.026969852063727255
3993600.0,0.001736442625769996,0.0017148664135068735,3993600.0,0.0014367680820820776,0.0015000178227637662,3993600.0,0.02388694120842653,0.02496376453103342
4005888.0,0.001714581248355292,0.001714656020158145,4005888.0,0.0015212873652975152,0.001509052263221141,4005888.0,0.015105582346829275,0.024033787864997668
4018176.0,0.0017531507207119528,0.0017191704767052824,4018176.0,0.001626759193338027,0.0015190055933392917,4018176.0,0.050034111501493804,0.0265540353556086
4030464.0,0.0017324983667397949,0.001723553852389159,4030464.0,0.0013975850561109837,0.0015103572920755445,4030464.0,0.013823827718927836,0.025468420453641255
4042752.0,0.0016789117920173642,0.0017167254774903995,4042752.0,0.0015761782063539915,0.0015103720781553423,4042752.0,0.014813157860771753,0.023924201131740118
4055040.0,0.001758127573945482,0.0017237454441177153,4055040.0,0.0014857257780628668,0.0015053707835249951,4055040.0,0.015361589204985648,0.022329608766691912
4067328.0,0.001652931394952854,0.0017187888322344707,4067328.0,0.0015535321605663437,0.0015091865597545012,4067328.0,0.03408737507803986,0.02402159534249222
4079616.0,0.0016855515690015939,0.0017158895203465362,4079616.0,0.0015634052773142078,0.001510857507067461,4079616.0,0.022143850025410455,0.025073106182874956
4091904.0,0.0017422032081716072,0.0017153828480028703,4091904.0,0.0015578758448100416,0.0015227948114746445,4091904.0,0.025064963032491505,0.025302919071691576
4104192.0,0.0017367669818971383,0.0017191165481563076,4104192.0,0.0014999585279535192,0.0015219075491889574,4104192.0,0.032212413071344294,0.024653381104872092
4116480.0,0.0017195954533235636,0.0017174318309116643,4116480.0,0.0015440551142091863,0.0015326362524016681,4116480.0,0.01359974306251388,0.023624661290280832
4128768.0,0.0017721633666951675,0.0017231900427456515,4128768.0,0.001456642682266344,0.001526171784098551,4128768.0,0.023748503910610452,0.02448895344665895
4141056.0,0.001751067400618922,0.0017229817107363488,4141056.0,0.0015541037246293854,0.001518906237227687,4141056.0,0.02380633771341915,0.021866176067851482
4153344.0,0.001751753671366411,0.0017249072411990103,4153344.0,0.001495869226952588,0.0015287346543118475,4153344.0,0.017559170490130782,0.022239710344971776
4165632.0,0.0017298467355431058,0.0017300007355515845,4165632.0,0.0015465043901106885,0.001525767272687517,4165632.0,0.031241406628396362,0.023882535221734242
4177920.0,0.0017484118616266642,0.0017290291643197026,4177920.0,0.001538654369142023,0.0015310601317954327,4177920.0,0.03280413288545484,0.025626789589781162
4190208.0,0.0017742667132552015,0.0017411626961499377,4190208.0,0.001478530225843618,0.0015235599383231603,4190208.0,0.012826211823266931,0.023500673264303863
4202496.0,0.0017617932856713499,0.001748786867816913,4202496.0,0.0015752539966342738,0.001524744810255167,4202496.0,0.020956903744566564,0.023381978636219478
4214784.0,0.0017062015322153457,0.001745186700221287,4214784.0,0.001567378766897794,0.0015256951024639422,4214784.0,0.03471322398399934,0.024346804731370263
4227072.0,0.0017577163659249588,0.001747281638624069,4227072.0,0.0015274487692901555,0.0015284441265976056,4227072.0,0.01613961782034797,0.02273952520627063
4239360.0,0.0017737635971570853,0.0017526984530074213,4239360.0,0.0015044126660844388,0.0015244798817851308,4239360.0,0.010268833342706785,0.02240643423428992
4251648.0,0.0016937416464012738,0.001744856280978032,4251648.0,0.0015448475411782663,0.001533300367676323,4251648.0,0.026953020996491734,0.02272688594287805
4263936.0,0.0017297305954950086,0.0017427226004656407,4263936.0,0.00152303786247406,0.0015301937814607906,4263936.0,0.03598591411719099,0.02394484358325523
4276224.0,0.0017893424070886492,0.0017464814740378645,4276224.0,0.0015540095070415798,0.0015360078094696897,4276224.0,0.024572557313755777,0.024646182265617725
4288512.0,0.0017698871579341358,0.0017504855162769673,4288512.0,0.001541101544110764,0.0015354675248696972,4288512.0,0.0321664359459343,0.024738685197371522
4300800.0,0.0016907512599573238,0.0017447194561100333,4300800.0,0.0015691772271869315,0.0015385198106741883,4300800.0,0.020108871647001553,0.023469159073526195
4313088.0,0.0017670139374483067,0.0017439941785293439,4313088.0,0.001521045094098857,0.001542771297499712,4313088.0,0.013645228638779372,0.023551060755077437
4325376.0,0.0017076064153419186,0.0017385754914964007,4325376.0,0.0014431323682705017,0.001529559134663335,4325376.0,0.05625310441246256,0.027080680821867036
4337664.0,0.001742185179561299,0.0017421738562309961,4337664.0,0.001591423044980426,0.001531963562471598,4337664.0,0.01802075202188765,0.025411433625655865
4349952.0,0.001754180161393985,0.0017418202357778988,4349952.0,0.0014559133026826505,0.0015248100158108476,4349952.0,0.019170869200024754,0.025714558763623552
4362240.0,0.0017667846689922346,0.0017411223429614135,4362240.0,0.0016089428324145654,0.0015352630324438601,4362240.0,0.018560107001879562,0.026543686129540823
4374528.0,0.0017314753379954102,0.001744895712120827,4374528.0,0.0015146779842325486,0.0015322460767492883,4374528.0,0.015031478770348864,0.025351531906926537
4386816.0,0.0016985766190676561,0.0017417803144780919,4386816.0,0.001516609943791991,0.0015316032848810815,4386816.0,0.0326564404143331,0.02501858453664075
4399104.0,0.0017863935645436868,0.0017414854302235955,4399104.0,0.0015735730667074677,0.0015335596408476704,4399104.0,0.025940115010598674,0.025155340306325037
4411392.0,0.0017253718300101657,0.0017370338974311984,4411392.0,0.0015465261585632106,0.0015341021022929149,4411392.0,0.027343714823170256,0.024673068194048634
4423680.0,0.0017712549112426739,0.001745084262559734,4423680.0,0.0014660468865865066,0.0015237890682328723,4423680.0,0.05142630075958247,0.027804811105306727
4435968.0,0.0017178603575302986,0.001740168904567933,4435968.0,0.0016017032473124952,0.0015318548835542363,4435968.0,0.01696061537465236,0.028136349778894027
4448256.0,0.0017009841849358054,0.0017395066815273214,4448256.0,0.0014418556493183132,0.0015317272116590174,4448256.0,0.009043558219370121,0.023415395159584778
4460544.0,0.0017280211134978647,0.0017380902749209778,4460544.0,0.0015785559899086365,0.0015304405061518386,4460544.0,0.01519846670756427,0.02313316662815244
4472832.0,0.0016998460329584002,0.0017326568620774196,4472832.0,0.0014986761640708817,0.0015347167922906617,4472832.0,0.03386358654825017,0.024602438362974984
4485120.0,0.0017470729053457035,0.0017306856857127663,4485120.0,0.001505785591386181,0.001524401068187823,4485120.0,0.026488099324827392,0.025395237595269765
4497408.0,0.001704237750042618,0.0017279619269174873,4497408.0,0.001579443864102359,0.001530877656174804,4497408.0,0.03228354220239756,0.027120443938474636
4509696.0,0.001726767188908222,0.0017307809839015437,4509696.0,0.0015068816610437352,0.0015299048278999787,4509696.0,0.012201826747817298,0.025074982571823057
4521984.0,0.0017604667894678034,0.0017281883063939556,4521984.0,0.0016462390740343835,0.0015371714286326703,4521984.0,0.036544749416255705,0.026135446012388756
4534272.0,0.0017244605836215972,0.0017280971817550989,4534272.0,0.0014669974158702341,0.0015292185543633726,4534272.0,0.021664989394290995,0.02556757346950083
4546560.0,0.001768481423520522,0.0017278198329828836,4546560.0,0.0015705872198547393,0.0015396725876901957,4546560.0,0.03001608713141953,0.02342655210668454
4558848.0,0.0017355629728020479,0.0017295900945100585,4558848.0,0.00148401465836893,0.0015279037287958392,4558848.0,0.005299036941626885,0.022260394263381993
4571136.0,0.001758871263518813,0.0017353788023683591,4571136.0,0.0015617113052333782,0.001539889294387346,4571136.0,0.036311493740261845,0.024987187815471167
4583424.0,0.0017248492361735164,0.001735061614635924,4583424.0,0.0015025005650386447,0.0015322837519003468,4583424.0,0.02747550835677733,0.02621489198039247
4595712.0,0.0017692368019197602,0.0017420006915320602,4595712.0,0.0015600365938250131,0.0015384197948757597,4595712.0,0.03177225143493464,0.02600575846906092
4608000.0,0.0017464655841952965,0.0017419399594170194,4608000.0,0.0015063284493711155,0.001538474080674253,4608000.0,0.018598399047429364,0.025216788441321115
4620288.0,0.001722551255321984,0.0017437713099449563,4620288.0,0.0016317396809123845,0.0015437036623552557,4620288.0,0.03160561161348596,0.02514899538242995
4632576.0,0.0017615112628845964,0.0017472457173425937,4632576.0,0.0014789767198332509,0.001540913168234207,4632576.0,0.029334130056668073,0.02686222571331503
4644864.0,0.0017526107585581485,0.001746460114251628,4644864.0,0.0016124706289701862,0.0015375363237277876,4644864.0,0.029298337331662577,0.02613758450485572
4657152.0,0.001789613297660253,0.0017529753856554936,4657152.0,0.0015618153641601868,0.001547018118556783,4657152.0,0.011268832056278674,0.025097968771054486
4669440.0,0.0017701905344438273,0.0017531462967478241,4669440.0,0.001585192751614765,0.0015484786717327855,4669440.0,0.03950183920096606,0.02604654397800914
4681728.0,0.0017688141785280702,0.0017564714173204266,4681728.0,0.0015059126902391047,0.001550668474919803,4681728.0,0.016756794192284968,0.027192319703074952
4694016.0,0.0017380838817189215,0.0017543926791404375,4694016.0,0.0015762623582607678,0.0015521235802225422,4694016.0,0.017824823948709916,0.02534365272391976
4706304.0,0.0017823839534685249,0.0017601461508699383,4706304.0,0.0015509720675860688,0.0015569707304772845,4706304.0,0.0021607031449093483,0.022812172202732958
4718592.0,0.00177661121354807,0.0017608835920327691,4718592.0,0.0015555836926068878,0.0015565254403554717,4718592.0,0.037161138956435025,0.023351060954882995
4730880.0,0.0017423485702844725,0.0017604718906416871,4730880.0,0.0015792741487530293,0.001563820010293663,4730880.0,0.03269958819146268,0.024761179869286328
4743168.0,0.0017649763885856373,0.0017647144039680523,4743168.0,0.0015092499379534274,0.0015515710359977676,4743168.0,0.018560433828194316,0.023456662090757162
4755456.0,0.001750976197096558,0.0017636608973892486,4755456.0,0.0015794727551110554,0.0015616206395255479,4755456.0,0.046117371995933354,0.02513498628468369
4767744.0,0.0017339340350493633,0.0017617932250383699,4767744.0,0.001485926988607389,0.001548966275489268,4767744.0,0.014090550762678808,0.023614207627785315
4780032.0,0.0018038725223353442,0.001763219147505879,4780032.0,0.0016372583650081651,0.001556510575574066,4780032.0,0.008512642098745951,0.023338588632032045
4792320.0,0.0017856839125064046,0.0017647684853121365,4792320.0,0.0014817415843329702,0.0015461654588458866,4792320.0,0.03236382505080352,0.022624787217015788
4804608.0,0.001780864390336016,0.0017659735064929315,4804608.0,0.0016169228838407435,0.0015572664782060506,4804608.0,0.011639453587122262,0.02211305315649952
4816896.0,0.0017276833780973295,0.0017649334561307718,4816896.0,0.001513978077734161,0.0015510380501533897,4816896.0,0.046811210709468774,0.0250116918325754
4829184.0,0.0018009804613636031,0.0017667931069202797,4829184.0,0.0015858805727475556,0.0015545289006695382,4829184.0,0.004250750458595576,0.025220696563944028
4841472.0,0.0017551889717045317,0.001764650882735926,4841472.0,0.0015721838347720525,0.001556188914886055,4841472.0,0.02297326090047136,0.02380190875834766
4853760.0,0.001787929199053906,0.0017692089456128695,4853760.0,0.0015547699683035414,0.001553738496841106,4853760.0,0.01181355035805609,0.021713304975007
4866048.0,0.0017606304360621532,0.0017687743503605208,4866048.0,0.0015257275438974223,0.0015553862574355054,4866048.0,0.04352241715726753,0.024209503307914323
4878336.0,0.0017593601999881987,0.001769612750649685,4878336.0,0.0016402186550597737,0.0015614608474303776,4878336.0,0.018174327812933672,0.021415198889614358
4890624.0,0.0017921713006217033,0.0017754364772069188,4890624.0,0.0015158066804967045,0.0015644488166193088,4890624.0,0.020384838455356658,0.02204462765888214
4902912.0,0.0017662507234490477,0.0017716742973182893,4902912.0,0.001558427678295023,0.0015565657479479948,4902912.0,0.017559388836768147,0.02294930233268436
4915200.0,0.0017882228445766184,0.001771928190525311,4915200.0,0.0016101267143919056,0.0015694042609538882,4915200.0,0.007290062397563209,0.02044192606736033
4927488.0,0.0017269513500650646,0.0017665368864982155,4927488.0,0.001530511218030976,0.0015607630943729113,4927488.0,0.02621203432014833,0.021899184140662935
4939776.0,0.0017686157449740374,0.0017706301231858867,4939776.0,0.0016013671993277967,0.0015695020065322751,4939776.0,0.029125718254363164,0.020130634895152374
4952064.0,0.0017864400851976825,0.0017691760855692944,4952064.0,0.0015516084028301218,0.001566074789540532,4952064.0,0.045326355165646724,0.02423819536585749
4964352.0,0.0017365396051900461,0.001767311148917846,4964352.0,0.0014966724102123408,0.0015585236470845607,4964352.0,0.014206428667724444,0.023361512142582797
4976640.0,0.0018070012750589133,0.0017692183565183467,4976640.0,0.0016198655727445537,0.0015650332075286618,4976640.0,0.015592256939271465,0.023739382800704336
4988928.0,0.0017269452819164144,0.0017658498411037727,4988928.0,0.0014844908334149902,0.0015609095364804185,4988928.0,0.028689116714910295,0.022256052756468612
5001216.0,0.0017764883329315733,0.0017675626543981102,5001216.0,0.0015848935951604897,0.00155537703049049,5001216.0,0.03641776629956439,0.024080396605131685
5013504.0,0.001742035568289187,0.0017625490811648587,5013504.0,0.0016154625391209265,0.0015653426163529127,5013504.0,0.013032279321729826,0.023345140691768997
5025792.0,0.0017991850872931536,0.0017658425175492692,5025792.0,0.001486669196310686,0.0015581667681544785,5025792.0,0.02220728949760087,0.02380993075785227
5038080.0,0.0018098835801841535,0.0017680085911100224,5038080.0,0.0015818128079748324,0.0015553353775127714,5038080.0,0.010935244616121054,0.02417444897970806
5050368.0,0.0017247922599684291,0.0017677926821003589,5050368.0,0.001568071744259214,0.0015590914301355954,5050368.0,0.039760857878718525,0.025529331335565075
5062656.0,0.0018334386259084567,0.001774274970193801,5062656.0,0.001561107065451021,0.0015550654167479174,5062656.0,0.03824553881228591,0.02644131339135735
5074944.0,0.0017505899753208116,0.0017706899592061138,5074944.0,0.001544363314678776,0.0015543409079327828,5074944.0,0.0023847517107545477,0.02214715304586813
5087232.0,0.0017150771933908497,0.0017685437180261943,5087232.0,0.0016036057513701962,0.0015650342420485686,5087232.0,0.021073612491212163,0.022833871428216905
5099520.0,0.0017766006082335177,0.0017655036513436549,5099520.0,0.0015728122677198069,0.001560328911546094,5099520.0,0.01713512191781774,0.022988157926071534
5111808.0,0.0017895733423453446,0.0017717664573865476,5111808.0,0.001549318763257664,0.0015668117045303613,5111808.0,0.03988145916567495,0.024107392171147997
5124096.0,0.001798652436870422,0.0017739828677804325,5124096.0,0.0015870733483704196,0.0015670296798513544,5124096.0,0.032373591704526916,0.023702974711644252
5136384.0,0.001749262327090643,0.0017747055436605785,5136384.0,0.001540445630477431,0.0015595279889870045,5136384.0,0.030645605370712776,0.025464307316542544
5148672.0,0.0017591143738779162,0.0017706984723190548,5148672.0,0.0015609123262644669,0.0015669523019823828,5148672.0,0.03689600504003465,0.026933178870785925
5160960.0,0.0017952091748156818,0.0017692310317822073,5160960.0,0.001588266024555196,0.0015675976236404188,5160960.0,0.007260200545715634,0.02656567446374538
5173248.0,0.0017595528055001826,0.0017727070863353823,5173248.0,0.0015364938456817374,0.0015644398337826715,5173248.0,0.04267621319741011,0.02685720999561454
5185536.0,0.0018505215363499399,0.0017744153773795312,5185536.0,0.001616567473320174,0.001569985874569587,5185536.0,0.02176464883571801,0.025209120997957746
5197824.0,0.0017142736396635883,0.0017707837438138085,5197824.0,0.0015461913214191252,0.0015701686752436217,5197824.0,0.036631333079033844,0.02863377913478568
5210112.0,0.0017821860365074826,0.0017774946281254721,5210112.0,0.0015666302533645649,0.0015664711254430586,5210112.0,0.03227675042580813,0.029754092928245275
5222400.0,0.001784622635265502,0.0017782968308286706,5222400.0,0.0015590114635415375,0.0015650910450252318,5222400.0,0.021416538501701627,0.030182234586633667
5234688.0,0.001706654139222034,0.0017700049105163393,5234688.0,0.001573379277639712,0.0015674970964634366,5234688.0,0.02034323033876717,0.028228411703942885
5246976.0,0.0017630102253557804,0.0017664406893648753,5246976.0,0.0015902734079039267,0.001567817102416787,5246976.0,0.034195702930446714,0.028410622826534865
5259264.0,0.0018027519648361097,0.0017717896531394216,5259264.0,0.001650447915987267,0.001578817330967771,5259264.0,0.018012091575656086,0.0271472714470292
5271552.0,0.0017803254274137241,0.0017739107584930024,5271552.0,0.0015167029584214713,0.001574396394183471,5271552.0,0.005326042508386308,0.023990275193864364
5283840.0,0.0017746735296289746,0.0017718571939743318,5283840.0,0.0016502957411527557,0.001580599365843227,5283840.0,0.03635815575641269,0.026900070714934072
5296128.0,0.0017890004310174845,0.001774801956526062,5296128.0,0.0015521292134508258,0.0015821629026201358,5296128.0,0.021014296798966825,0.02473387907508974
5308416.0,0.001799583647880354,0.0017697081676791037,5308416.0,0.0015563733055993605,0.0015761434858480548,5308416.0,0.024237029739500333,0.024981117165467973
5320704.0,0.0017500495717589122,0.0017732857608886356,5320704.0,0.001609484129100262,0.0015824727666161682,5320704.0,0.02304721525676238,0.02362270538324083
5332992.0,0.001752207090855033,0.001770287866323391,5332992.0,0.001479883258677243,0.001573798067147436,5332992.0,0.036701856821309775,0.024065216022790988
5345280.0,0.0017712883030374844,0.0017689544331005891,5345280.0,0.0016010482807663113,0.0015780017488699134,5345280.0,0.03698278400891771,0.0256218405735126
5357568.0,0.001771935204184653,0.001775482539596851,5357568.0,0.0015833714442123892,0.0015790009655271813,5357568.0,0.015528920538296612,0.025140409593465547
5369856.0,0.0018015355435636593,0.0017793350714176387,5369856.0,0.001555704751202332,0.0015755440998570219,5369856.0,0.017755460323921095,0.02349638533281298
5382144.0,0.001728631891940798,0.0017719230641281077,5382144.0,0.0015986772365674067,0.0015703670319150357,5382144.0,0.02360270968832386,0.024055447144079763
5394432.0,0.00173515406640945,0.00176740592802768,5394432.0,0.0015782604223204544,0.001576522778304934,5394432.0,0.02100782724058566,0.025623625617299695
5406720.0,0.0018338849816548948,0.001773327073230272,5406720.0,0.0015656942705390975,0.0015680626312435681,5406720.0,0.004236383315098162,0.02241144837316824
5419008.0,0.0017437316449407565,0.0017688001946225991,5419008.0,0.0015789922296486718,0.0015707489328633528,5419008.0,0.04177204342947031,0.02448722303621859
5431296.0,0.0017504940127158382,0.0017638912311061477,5431296.0,0.0014823864154701976,0.0015633502438504366,5431296.0,0.04512830660678446,0.026576350722947006
5443584.0,0.0017233639791811584,0.0017612226718483725,5443584.0,0.0015992129277340912,0.0015623231237138196,5443584.0,0.0026635188369255047,0.024537981080963316
5455872.0,0.0017363960159855196,0.001759641564361421,5455872.0,0.0014955360262926358,0.0015638884004753589,5455872.0,0.009962874018431952,0.021864082800675533
5468160.0,0.0018022344035368103,0.0017627361744113538,5468160.0,0.001529034337484821,0.0015566870061472099,5468160.0,0.025739723108320806,0.020739776710615842
5480448.0,0.0017146830626491767,0.001757010960257806,5480448.0,0.001574441968841711,0.001555794058610142,5480448.0,0.03419626488660773,0.022606511145446956
5492736.0,0.0018085625276095623,0.0017577136586623965,5492736.0,0.001541560279292753,0.001554379611419184,5492736.0,0.022967965545831248,0.02312776166763797
5505024.0,0.0018056924491247628,0.001765419714380793,5505024.0,0.0015906022241930866,0.001553572110181752,5505024.0,0.018354332831222564,0.022602923981927838
5517312.0,0.001731664463780665,0.0017650707541179145,5517312.0,0.001579929868360826,0.0015537390547857893,5517312.0,0.04602843259150783,0.025104984517020056
5529600.0,0.0017940781490324298,0.0017610900708556678,5529600.0,0.0015312534360418795,0.0015502949713360674,5529600.0,0.02404062881638917,0.02708540906714916
5541888.0,0.0017206705567029228,0.0017587839620318846,5541888.0,0.0016303870816045674,0.001555434456531657,5541888.0,0.015510442821929852,0.02445924900639511
5554176.0,0.0018648369004949927,0.0017702182508098,5554176.0,0.0015474502221574464,0.0015619408372003817,5554176.0,0.015148411427314082,0.02146125948844807
5566464.0,0.0017633334027777892,0.0017742151931694633,5566464.0,0.0015583793113667828,0.001557857475563651,5566464.0,0.044188296888023615,0.02561373729355788
5578752.0,0.001752626675928089,0.00177583825916372,5578752.0,0.001511198841399164,0.0015594237570743037,5578752.0,0.020698264008387923,0.02668727629255348
5591040.0,0.0017916671628578722,0.0017747815350958262,5591040.0,0.0015990471050220851,0.00156642503382803,5591040.0,0.03158081029929841,0.027271385011651245
5603328.0,0.0018113416930039723,0.001784447398131306,5603328.0,0.0015218497125412493,0.001561165808197984,5603328.0,0.014876388275297359,0.025339397350520203
5615616.0,0.0017789592802728293,0.0017814870733976324,5615616.0,0.0015791782370797591,0.0015649276039766847,5615616.0,0.023421629137980442,0.025384763709735126
5627904.0,0.0017343405112721182,0.0017743518796123682,5627904.0,0.0015175598455243744,0.0015576233661098132,5627904.0,0.03781382134184241,0.02733071256079711
5640192.0,0.001768457321304595,0.0017780311653647612,5640192.0,0.0014741113906590424,0.001547041518339635,5640192.0,0.00967729637826172,0.0236955989394725
5652480.0,0.0017962026104214601,0.0017782436115036642,5652480.0,0.0015787880905312097,0.001551794983788568,5652480.0,0.037546552096803985,0.025046191267513986
5664768.0,0.0017551958026160719,0.001781696136094979,5664768.0,0.0015094539157871623,0.0015397016672068276,5664768.0,0.0350613632860283,0.027001283313923825
5677056.0,0.0017437190053897211,0.001769584346584452,5677056.0,0.001539690540691178,0.0015389256990602006,5677056.0,0.02012109465431422,0.02749855163662384
5689344.0,0.0017707934906259954,0.0017703303553692723,5689344.0,0.0015661345890597052,0.001539701226829493,5689344.0,0.04113524249987677,0.027193246197809155
5701632.0,0.0017719567100963711,0.0017722633587861007,5701632.0,0.0015682917097971465,0.0015454105136692912,5701632.0,0.01974451223698755,0.027097871020669118
5713920.0,0.0017738085171004059,0.001770477494210354,5713920.0,0.0015311017656737629,0.001538615979734459,5713920.0,0.02339795139657023,0.0262795851303963
5726208.0,0.0018112316168602167,0.0017704664865959784,5726208.0,0.001516108602421203,0.0015380418687224544,5726208.0,0.0159433347483476,0.026386279777701322
5738496.0,0.0017195524069393286,0.0017645257992626284,5738496.0,0.0015061517121163586,0.0015307392162261144,5738496.0,0.013119953543840287,0.02535611221828731
5750784.0,0.001735882148447369,0.0017646799629801534,5750784.0,0.0015475568913340492,0.0015337389208070818,5750784.0,0.029656642873305827,0.02454039437143365
5763072.0,0.0018051409570034593,0.00176834832655004,5763072.0,0.0016192233694406848,0.001548250118685246,5763072.0,0.01999850449889588,0.025572515183497062
5775360.0,0.0017813710364862345,0.0017668651691565174,5775360.0,0.0015215735281041514,0.00154252866244254,5775360.0,0.029600718000438064,0.024777931773860472
5787648.0,0.0018096963328086229,0.0017723152221757726,5787648.0,0.001566168693898362,0.0015482001402536603,5787648.0,0.06078662884344036,0.02735045832960168
5799936.0,0.0017697146910601684,0.0017749147907428174,5799936.0,0.0015195065886170294,0.0015461817450462454,5799936.0,0.016455655577980604,0.02698391442196832
5812224.0,0.001804574877799799,0.0017782929294601975,5812224.0,0.0015706912436144194,0.0015466374105017166,5812224.0,0.017487470865792904,0.02461913725855993
5824512.0,0.0017769168989616446,0.001778788948346725,5824512.0,0.0015580978730819577,0.0015456180268301977,5824512.0,0.015141564877315735,0.024158842522592754
5836800.0,0.0018119555449326679,0.0017826036511299514,5836800.0,0.0015656434564637796,0.0015490721959091995,5836800.0,0.0527366865814353,0.027092716041079257
5849088.0,0.0017922437285354438,0.0017807048622974736,5849088.0,0.0015551190760258275,0.0015529732432696618,5849088.0,0.01031835118192248,0.026530217684436745
5861376.0,0.0017592490609483018,0.001784674527698371,5861376.0,0.0015043008018740995,0.0015527881522454361,5861376.0,0.012926419299522726,0.026510864260004985
5873664.0,0.0017170090935299716,0.0017827872222066314,5873664.0,0.001522795876856738,0.001550312050797705,5873664.0,0.03095183150920396,0.0266403831235948
5885952.0,0.0017635606903544006,0.0017786291955417255,5885952.0,0.001510989145875404,0.001539488628441177,5885952.0,0.05404820551242059,0.030045353224947273
5898240.0,0.0018378538801092266,0.0017842774799040246,5898240.0,0.0016528000287507894,0.0015526112785058408,5898240.0,0.022112059688273195,0.02929648739373078
5910528.0,0.0017426337205203406,0.0017775712186751964,5910528.0,0.0014637037941914361,0.001542364788535148,5910528.0,0.040295654616784304,0.027247389971065183
5922816.0,0.0017798798968821454,0.0017785877392573943,5922816.0,0.001601089357791352,0.0015505230654525805,5922816.0,0.0062684194490429945,0.026228666358171414
5935104.0,0.0017570221910621815,0.0017738324705836323,5935104.0,0.0014612556927507587,0.0015395795103662143,5935104.0,0.006790439886875295,0.02515896326027966
5947392.0,0.0017470682960265549,0.0017708476102901234,5947392.0,0.0015391583104549984,0.0015376855541035183,5947392.0,0.05632059039392819,0.029276865811940906
5959680.0,0.0017310261713040138,0.0017627546729272578,5959680.0,0.0015127600551447056,0.0015323972139716108,5959680.0,0.021550156806673233,0.026158212834464695
5971968.0,0.0017634686579791985,0.0017598771658716335,5971968.0,0.0014497990978270536,0.0015218652161517335,5971968.0,0.007414648850196197,0.025867842601292067
5984256.0,0.0017713483763751963,0.0017610870974143233,5984256.0,0.0015479261819564272,0.0015262277541599663,5984256.0,0.01656429460369206,0.026231630131709
5996544.0,0.001799471447156975,0.0017693333327770233,5996544.0,0.0015015389641727477,0.0015241020628915672,5996544.0,0.032570056656065084,0.026393452646395116
6008832.0,0.0017420623535144841,0.0017671834990930315,6008832.0,0.0015133863053051755,0.0015243417788345444,6008832.0,0.04190146486507729,0.02517877858166078
6021120.0,0.0018190998907812173,0.0017653081001602305,6021120.0,0.0015511581920388078,0.0015141775951633464,6021120.0,0.024471518738816183,0.025414724486715085
6033408.0,0.0017951754816749599,0.0017705622762756927,6033408.0,0.0014620531856053276,0.0015140125343047353,6033408.0,0.027567439625272527,0.024141902987563905
6045696.0,0.0017982525096158497,0.001772399537549063,6045696.0,0.0015079589878344752,0.0015046994973090479,6045696.0,0.011895967016850287,0.024704657744344636
6057984.0,0.0018063390913691062,0.0017773312275797554,6057984.0,0.0014147807626917104,0.0015000520043031431,6057984.0,0.02543182732188143,0.02656879648784525
6070272.0,0.0017434448976321921,0.0017769688877403195,6070272.0,0.0015762821355262229,0.0015037643868102653,6070272.0,0.04064755838286752,0.025001493286739184
6082560.0,0.0017894238620404697,0.0017828086568139646,6082560.0,0.0014975912090449128,0.001502247502200286,6082560.0,0.018333213568742696,0.02467979896294613
6094848.0,0.0017537543844809989,0.0017818372294641448,6094848.0,0.0014904842367589783,0.0015063160160934787,6094848.0,0.03671939019113779,0.027610273097040283
6107136.0,0.0018160532939267189,0.0017863077212192974,6107136.0,0.0015196424307456862,0.0015034876409724045,6107136.0,0.021059864937948685,0.02805983013046595
6119424.0,0.001785989021906668,0.0017849594786942663,6119424.0,0.0014126833442181426,0.0014946020789769437,6119424.0,0.008580231602536514,0.025660847625113094
6131712.0,0.0017822829643894995,0.0017889815397817681,6131712.0,0.001562306220269723,0.001499494070473399,6131712.0,0.03414505075973769,0.024885206214579132
6144000.0,0.0017710370326919171,0.0017841752539728378,6144000.0,0.0014973669537236371,0.0014941149466418816,6144000.0,0.01917679896966244,0.024355734237663757
6156288.0,0.0018624414969963254,0.0017909018555049747,6156288.0,0.001492338136207157,0.0014971434417020645,6156288.0,0.046848262990048774,0.026283816574141382
6168576.0,0.001767852943279043,0.0017878618988712938,6168576.0,0.0015009880565533724,0.0014964463485739542,6168576.0,0.03457661287393421,0.028551881159849773
6180864.0,0.0018416254624753492,0.0017913905359819183,6180864.0,0.001478511296833555,0.0015028194019881386,6180864.0,0.013253194464292998,0.027334017874090934
6193152.0,0.0017833244085826057,0.0017953784870769593,6193152.0,0.0015163278227798098,0.0014968239707134974,6193152.0,0.022962283401284367,0.025565490375932615
6205440.0,0.0017995767229876947,0.001796393773171682,6205440.0,0.0015208668149474154,0.0014991515313037477,6205440.0,0.012580561820262423,0.02499022520108459
6217728.0,0.0018346253782510757,0.0018044808725486896,6217728.0,0.0015101837476928874,0.0015011214823971385,6217728.0,0.03002481892084082,0.024320768074054894
6230016.0,0.0018130190583178774,0.0018041774489878054,6230016.0,0.00149064366875488,0.0014982216061980578,6230016.0,0.018318253840940695,0.02404660696435409
6242304.0,0.0018389726853153359,0.0018094758153286723,6242304.0,0.0014808402750835132,0.001505037299284595,6242304.0,0.0488756395643577,0.028076147760536206
6254592.0,0.0018010122136426314,0.0018113487402539857,6254592.0,0.001459544231086814,0.0014947611003663043,6254592.0,0.026613202159448218,0.027322962900507265
6266880.0,0.0017904460176699406,0.0018132896387517878,6266880.0,0.0015214797919422078,0.0014971723841881613,6266880.0,0.014793242866289802,0.026884607290169997
6279168.0,0.001839614320488181,0.0018110069211009733,6279168.0,0.0014589789025194477,0.0014938364608193901,6279168.0,0.03422322095138952,0.025622103086304075
6291456.0,0.0017426019300425348,0.0018084818197773227,6291456.0,0.0014775116014789091,0.001491488815311944,6291456.0,0.01087288030248601,0.023251729829159257
6303744.0,0.0018697935938689625,0.0018112986329166842,6303744.0,0.0015406691818498075,0.0014977046038135693,6303744.0,0.03310704923933372,0.025237115306663328
6316032.0,0.001748204722389346,0.0018077866642973583,6316032.0,0.0015920517022702068,0.001505276991762609,6316032.0,0.038964652320525296,0.026837352198587423
6328320.0,0.001822121485020034,0.0018100411405005921,6328320.0,0.0014161350118229166,0.001494803811450159,6328320.0,0.01293866140379881,0.02687316215694106
6340608.0,0.0018436276877764612,0.0018109413714531308,6340608.0,0.0015016846009530127,0.0014939538967761717,6340608.0,0.006510062460923412,0.02452168651094932
6352896.0,0.0018003040883437886,0.0018096698744557217,6352896.0,0.001521456189342037,0.0014970351488348874,6352896.0,0.05230621716085201,0.027920482842940453
6365184.0,0.0018551014357702418,0.0018112827495012124,6365184.0,0.0014747210558804606,0.0014964232269145822,6365184.0,0.023429271609832842,0.025375846047487965
6377472.0,0.001808466158157292,0.0018120281439526782,6377472.0,0.00145750206199106,0.0014962190100050066,6377472.0,0.02377972913867173,0.025092498745410318
6389760.0,0.0018011262770111596,0.0018130961698868003,6389760.0,0.001459785225354911,0.001490049553346277,6389760.0,0.027448949792111915,0.026358069437992526
6402048.0,0.0018160940671805292,0.001810744144556035,6402048.0,0.0014376104281836888,0.001487912705912701,6402048.0,0.012813621123010913,0.024217109455154665
6414336.0,0.001784800933819497,0.0018149640449337313,6414336.0,0.0014609636048893055,0.0014862579062537408,6414336.0,0.017222226597368717,0.024852044084642935
6426624.0,0.0018057925232521181,0.001808563937872047,6426624.0,0.0013908605354420918,0.0014712770416129691,6426624.0,0.041968660099276654,0.02573820517063723
6438912.0,0.0018430825487788145,0.0018180517205109935,6438912.0,0.0014930167417332996,0.0014613735455592783,6438912.0,0.024255278141936287,0.024267267752778328
6451200.0,0.0018005528769814798,0.0018158948597071383,6451200.0,0.0015157177579870524,0.0014713318201756919,6451200.0,0.014598093378784446,0.024433210950276892
6463488.0,0.0018354333090731718,0.0018150754218368092,6463488.0,0.0015277437505574198,0.0014739377351361328,6463488.0,0.025835101424794022,0.026365714846663956
6475776.0,0.0017686388237052597,0.0018119088953729562,6475776.0,0.0016028915027466912,0.001482081266476598,6475776.0,0.011148165353612663,0.02224990966594002
6488064.0,0.0018491727320603484,0.0018113160250019672,6488064.0,0.001484875065216329,0.001483096667410185,6488064.0,0.007402016104606446,0.020647184115417376
6500352.0,0.0017604540880711284,0.001806514817993351,6500352.0,0.0015218795245649137,0.0014895344136675703,6500352.0,0.049796426707568266,0.023248853872307032
6512640.0,0.0018331907091730197,0.0018097212612095369,6512640.0,0.0015589803521531091,0.00149945392634739,6512640.0,0.03377477964386344,0.02388143685748218
6524928.0,0.0017876145526921998,0.0018068733097607041,6524928.0,0.0014713009046924224,0.0015028229739982633,6524928.0,0.01696426176931709,0.0242965009221128
6537216.0,0.0017426101470240003,0.0018026542310811539,6537216.0,0.0016038953902655824,0.0015171161525358912,6537216.0,0.03142266970826313,0.025716545233202243
6549504.0,0.0018459791141746489,0.001806672890173407,6549504.0,0.0014503441101017718,0.001523064510001859,6549504.0,0.03181970427976921,0.0247016496512515
6561792.0,0.0017941354290087475,0.0018017781781964003,6561792.0,0.0016374903225369053,0.0015375118680822197,6561792.0,0.04912269191117957,0.02718839102817583
6574080.0,0.0018825744033771723,0.00180998033083597,6574080.0,0.0015028666172535547,0.0015362267540088698,6574080.0,0.005738733011336687,0.02630245499143105
6586368.0,0.001867842973903559,0.0018132212973190087,6586368.0,0.0016060286731468902,0.0015440552462678168,6586368.0,0.02994337782729417,0.026713282631681066
6598656.0,0.0017719655279506696,0.0018135539677435497,6598656.0,0.001444275013151734,0.001528193597308321,6598656.0,0.030585518475466717,0.02865701794386647
6610944.0,0.0018514948424126487,0.0018137861787787795,6610944.0,0.0015579831500266057,0.0015355044057893488,6610944.0,0.018336006954389934,0.029750417028844817
6623232.0,0.0018425893097931596,0.0018219997009509825,6623232.0,0.0014573696116713108,0.0015290534144999886,6623232.0,0.025596139215243358,0.027330388279612334
6635520.0,0.0018344679604827736,0.0018221274260819577,6635520.0,0.0016220146832589915,0.0015353568476105769,6635520.0,0.026702369446866214,0.026623147259912605
6647808.0,0.001819913159730883,0.0018253572867858263,6647808.0,0.00151002634568916,0.0015392293917102506,6647808.0,0.052132321385821946,0.03013995322156309
6660096.0,0.0017503484480888194,0.0018261311168923078,6660096.0,0.001541725318020326,0.001533012384485725,6660096.0,0.017560685363908608,0.02875375478712764
6672384.0,0.0017474203820408245,0.0018162752436789258,6672384.0,0.0015449643979081884,0.0015424744132663665,6672384.0,0.021262898750137538,0.027698074234164472
6684672.0,0.0018268541534780525,0.0018195471161258562,6684672.0,0.0014430327610170934,0.0015230286571143855,6684672.0,0.007514582350268029,0.02353726327807332
6696960.0,0.0018363775610244677,0.0018149274318905856,6696960.0,0.0015768455499104068,0.0015304265503800706,6696960.0,0.04630704363808036,0.027594094340747687
6709248.0,0.0017895266943620907,0.0018070958039364388,6709248.0,0.0014481131244489613,0.0015146349955102779,6709248.0,0.010234965763326423,0.025623253134350914
6721536.0,0.0018595984899244893,0.001815859100133821,6721536.0,0.0016295136198702191,0.0015331588561821262,6721536.0,0.018466105063756306,0.024411311793179867
6733824.0,0.0017640306365744134,0.0018071126795499975,6733824.0,0.0013611521147443757,0.0015134757526539034,6733824.0,0.021512456112153206,0.024728956708956203
6746112.0,0.0018461137024132768,0.001807465118812009,6746112.0,0.0015763596317507715,0.0015253747546618494,6746112.0,0.0489750176978608,0.027066844557217945
6758400.0,0.0018201779985247413,0.0018060361226162058,6758400.0,0.0014401292561766847,0.0015071862119536185,6758400.0,0.008784889663123371,0.025275096578843657
6770688.0,0.0018336320566353,0.0018074080123066474,6770688.0,0.0015524895504010299,0.0015114325324248057,6770688.0,0.032122312618109085,0.023274095702072374
6782976.0,0.001864710127847502,0.0018188441802825157,6782976.0,0.0014958257864539821,0.0015068425792681714,6782976.0,0.02940086597421517,0.02445811376310303
6795264.0,0.0017320744458023303,0.0018173095866586661,6795264.0,0.001464130327804014,0.001498759172257754,6795264.0,0.018410966731607914,0.024172920561250068
6807552.0,0.0018994665297213942,0.0018245708242830005,6807552.0,0.0015305000427664102,0.0015075059004326856,6807552.0,0.01667387230069532,0.025088849556292796
6819840.0,0.0017932269141359332,0.0018202557595941467,6819840.0,0.0015004154617296688,0.0014998628916146118,6819840.0,0.04109209517870719,0.024567354710355475
6832128.0,0.001842909643528401,0.001825594054510778,6832128.0,0.0015855357214604737,0.001513605151315763,6832128.0,0.025974337176497404,0.026141291851672577
6844416.0,0.0018821313048344261,0.0018278473360017716,6844416.0,0.0015548574416849685,0.001506139533497238,6844416.0,0.016390057300062228,0.02593368707530317
6856704.0,0.0017132691797693649,0.0018227711903212671,6856704.0,0.001543165184557438,0.001524340840478544,6856704.0,0.033451758325099945,0.027127617296597843
6868992.0,0.001887648816894701,0.0018269247017694092,6868992.0,0.0015484771496024525,0.0015215525922637123,6868992.0,0.04463045184578126,0.026693160711389885
6881280.0,0.0017817866979991475,0.00182308557171685,6881280.0,0.001580001594144657,0.0015355398260605095,6881280.0,0.017290505279864494,0.027543722273063998
6893568.0,0.0017980010882941617,0.001819522474882736,6893568.0,0.0015296375913749216,0.0015332546301578985,6893568.0,0.020639051722052198,0.026395396183458313
6905856.0,0.0018191623294114834,0.0018149676950391341,6905856.0,0.0015508808501181193,0.0015387601365243124,6905856.0,0.018605466330579173,0.025315856219094712
6918144.0,0.0018133501525881002,0.0018230952657177113,6918144.0,0.0015355338067214082,0.001545900484416052,6918144.0,0.030877684010192752,0.026562527946953195
6930432.0,0.0018134203091904055,0.0018144906436646125,6930432.0,0.0015938704746076837,0.0015522375276001792,6930432.0,0.014258239442521395,0.026320964661135805
6942720.0,0.0018730563309266775,0.001822473585343687,6942720.0,0.0015713928939173154,0.0015593352708189437,6942720.0,0.02890790261638661,0.025102545404903746
6955008.0,0.0018015972406525786,0.0018183423450561047,6955008.0,0.0015717790126169955,0.0015579595999345957,6955008.0,0.02237550338031724,0.02474266202528573
6967296.0,0.0018796154715043183,0.001818090761723094,6967296.0,0.001563439957559846,0.0015588178515220836,6967296.0,0.035799859499093145,0.02668364224518882
6979584.0,0.0018014234822961346,0.0018269061919757707,6979584.0,0.0015201502853111986,0.0015565163615974596,6979584.0,0.029665440825435024,0.026305010495222332
6991872.0,0.0018216065752009551,0.0018203019678063963,6991872.0,0.0015713925458840095,0.0015588079012256153,6991872.0,0.021039026925185073,0.023945868003162712
7004160.0,0.00185205061037171,0.0018273283590436525,7004160.0,0.0015397259582338545,0.001554780337634535,7004160.0,0.015107340839070579,0.02372755155908332
7016448.0,0.001737404437638664,0.0018212686939781027,7016448.0,0.0015661526504118228,0.0015584318435382253,7016448.0,0.04683011694578454,0.026346658081456552
7028736.0,0.0018376902814149314,0.0018231214891784476,7028736.0,0.0015773412166405858,0.0015610778801904718,7028736.0,0.022818027471657842,0.026767914195564423
7041024.0,0.001743942808995295,0.0018161807548191672,7041024.0,0.001538853573341233,0.0015614098568524546,7041024.0,0.0016760173924315798,0.023847747533788304
7053312.0,0.0018199122071867653,0.001816829944618803,7053312.0,0.0015858896525363282,0.001560611774645319,7053312.0,0.025945436597491305,0.025016467249285294
7065600.0,0.001818111593214174,0.0018113354708475526,7065600.0,0.0015241428506366599,0.0015558867703172534,7065600.0,0.03755925822770223,0.02588160281041686
7077888.0,0.0018444027385460988,0.0018156160206369044,7077888.0,0.0014840023577562533,0.0015471091048311792,7077888.0,0.023288587622422103,0.025972911234627343
7090176.0,0.0018315288192146302,0.0018108073554079357,7090176.0,0.001576975453038661,0.0015484626543790607,7090176.0,0.020646724025330816,0.02445759768725111
7102464.0,0.0017693219700352831,0.0018075972041818507,7102464.0,0.0015801720777138446,0.0015544648336193255,7102464.0,0.026008617889601737,0.02409191539366778
7114752.0,0.0018520643116062274,0.0018106429778223776,7114752.0,0.0015104893973330036,0.0015483745187642247,7114752.0,0.026905765233095735,0.024678589224458848
7127040.0,0.0017963374812097754,0.0018050716649061845,7127040.0,0.0016210537232836941,0.0015565072952692088,7127040.0,0.0017388434813862357,0.02334173948869041
7139328.0,0.0017739935410645558,0.0018087305752487737,7139328.0,0.0015319312363620459,0.0015530851538642309,7139328.0,0.036137788207270205,0.022272506614838976
7151616.0,0.001863833552003295,0.00181134490230761,7151616.0,0.0015935222387876518,0.0015547032560789375,7151616.0,0.039639502220476665,0.023954654089720858
7163904.0,0.0017914206576582121,0.0018160926871739016,7163904.0,0.0015161781817975377,0.001552435716924568,7163904.0,0.01646424221689813,0.02543347657216751
7176192.0,0.0018775196973971713,0.0018218534361949424,7176192.0,0.00156444947848892,0.0015502916995198271,7176192.0,0.015944682347859878,0.024433401147204374
7188480.0,0.0017873142242024187,0.0018187736992937669,7188480.0,0.0014613354008664221,0.0015440109545428033,7188480.0,0.011048396700061858,0.021782314994440336
7200768.0,0.0017911436522505635,0.0018134477906642133,7200768.0,0.001575705280023006,0.0015531812467694788,7200768.0,0.04427601358232399,0.023881057590430525
7213056.0,0.001851646044087829,0.0018154595131515332,7213056.0,0.0015657678213756299,0.0015520604836031756,7213056.0,0.039062206187130265,0.025722605806610472
7225344.0,0.0017917517137296575,0.0018177024875209707,7225344.0,0.0015461798993783304,0.0015486612657696242,7225344.0,0.015730087315508474,0.024694752749201142
7237632.0,0.0017793189799704123,0.0018104279543573892,7237632.0,0.0014923534223877748,0.0015468476682751011,7237632.0,0.018006876858028893,0.023804863911694462
7249920.0,0.0017965136551841472,0.0018104455717548261,7249920.0,0.001629906515518087,0.0015477329474985406,7249920.0,0.02170876519327673,0.025801856082883507
7262208.0,0.0018539445766994807,0.0018184406753183186,7262208.0,0.0015173006383217096,0.001546269887694507,7262208.0,0.026033210519623633,0.02479139831411885
7274496.0,0.00190506933843911,0.0018225642539619,7274496.0,0.0015071260131662712,0.0015376302651323689,7274496.0,0.05559730820823461,0.02638717891289465
7286784.0,0.0017853638564702123,0.0018219585738431005,7286784.0,0.0015457356445646535,0.0015405860114090805,7286784.0,0.0147219267237233,0.026212947363577165
7299072.0,0.0019086913671344519,0.0018250757408168282,7299072.0,0.001520363003995347,0.0015361773639597232,7299072.0,0.00781538245792035,0.025400017374583212
7311360.0,0.0018161372033015748,0.001827958038726744,7311360.0,0.001527436736675251,0.001542787497540606,7311360.0,0.02630192906750987,0.026925370611328013
7323648.0,0.0018540428281994537,0.001834247956321633,7323648.0,0.0015757509772811318,0.0015427920672664186,7323648.0,0.04518902090300495,0.02701667134339611
7335936.0,0.0017952763203841944,0.0018286109839512695,7335936.0,0.0015330367841670522,0.0015395189635455608,7335936.0,0.013355245328663537,0.024445975257549435
7348224.0,0.0018291634041815996,0.0018323521529964638,7348224.0,0.0014991608519873505,0.0015348170588064627,7348224.0,0.03326874886018535,0.026199841412017123
7360512.0,0.0019014553326996975,0.0018445657882693923,7360512.0,0.0015626817033383607,0.0015418498869015215,7360512.0,0.01637278688334239,0.02603643241454847
7372800.0,0.0017904979352654966,0.0018439642162775267,7372800.0,0.0015391023316624342,0.0015327694685159563,7372800.0,0.04005823429906741,0.027871379325127545
7385088.0,0.001840201974118827,0.0018425899560194615,7385088.0,0.0014564922045489463,0.00152668862513868,7385088.0,0.011710224503379626,0.02643908072350314
7397376.0,0.001834902860840278,0.0018355733082595783,7397376.0,0.0015922242134062496,0.0015351984451626778,7397376.0,0.02367250954072612,0.02324660085675229
7409664.0,0.001885009301380099,0.001845537852750567,7409664.0,0.0014520177149582498,0.0015258266522020375,7409664.0,0.033713616081513464,0.025145769792531303
7421952.0,0.0018413728873080497,0.001838806004767927,7421952.0,0.0015256264493170117,0.0015263529967342038,7421952.0,0.003602335595739229,0.024724465106313192
7434240.0,0.0017893451301157863,0.0018361267974493483,7434240.0,0.0014520291157775016,0.001518812234644429,7434240.0,0.026966279197949916,0.0247909001193572
7446528.0,0.0018976163391926093,0.001840484148548664,7446528.0,0.0015444925969253138,0.0015156863966088471,7446528.0,0.035822995472699404,0.023854297576326643
7458816.0,0.0018519305461571396,0.001846149571125958,7458816.0,0.001555387890524192,0.0015179215072445612,7458816.0,0.04874198156176135,0.027392971199636428
7471104.0,0.0018187791623252754,0.0018451111469403255,7471104.0,0.001486331514873503,0.0015166385735331763,7471104.0,0.017590253642993048,0.025825121677917194
7483392.0,0.001866684150324242,0.0018416340287027804,7483392.0,0.0015986570785268366,0.001520236111052024,7483392.0,0.022005387640092522,0.026388381753592212
7495680.0,0.0018336726710307023,0.001845951502279301,7495680.0,0.0014859926595818251,0.0015149251438439629,7495680.0,0.021523301615767803,0.024534888485262245
7507968.0,0.0017987176797760185,0.0018418030728450199,7507968.0,0.001541599854438876,0.001523435908832956,7507968.0,0.009725883530336432,0.02433645438795793
7520256.0,0.0018788053942747258,0.0018461933261884646,7520256.0,0.0015422802080138354,0.0015184415082937146,7520256.0,0.04063897054099167,0.026033100487984483
7532544.0,0.0018301138043170795,0.0018407037764821628,7532544.0,0.0015575009607952477,0.001528989832877414,7532544.0,0.03212663137431567,0.0258744020172647
7544832.0,0.0018117794030937755,0.0018377444280607356,7544832.0,0.0014932699189860916,0.0015257541798443222,7544832.0,0.017512114767062787,0.02726537993439706
7557120.0,0.0018729509599021792,0.001846105011039375,7557120.0,0.0015109700604322522,0.0015316482743097974,7557120.0,0.03332947056818133,0.027901699071420205
7569408.0,0.0018396070445305668,0.0018403040815731704,7569408.0,0.0015588103227249424,0.0015330800468897603,7569408.0,0.009443594826734625,0.025263759006823726
7581696.0,0.0018716374888754217,0.0018422747758449986,7581696.0,0.001501554604449969,0.001527696718282338,7581696.0,0.03833397215930745,0.024222958066578336
7593984.0,0.0018326957942917943,0.0018436664390416506,7593984.0,0.0016119540753910162,0.0015402589743340894,7593984.0,0.04728196574918305,0.027192129277197337
7606272.0,0.0017970630966980632,0.0018367043336790327,7606272.0,0.0014943609918797545,0.001529829365669381,7606272.0,0.01110249841682768,0.026101840354870853
7618560.0,0.001862515297640736,0.0018395885963400365,7618560.0,0.001573506170946833,0.001538580716805882,7618560.0,0.020413566438946873,0.025990866837188757
7630848.0,0.0017924274816323305,0.0018389595765256673,7630848.0,0.0015519827350847966,0.001539619004870474,7630848.0,0.030274417911035318,0.028045720275258645
7643136.0,0.0018964894522165803,0.001840727982319853,7643136.0,0.0015988769531152987,0.0015452786793806203,7643136.0,0.018914370593847707,0.025873260280544253
7655424.0,0.0018090336592043361,0.0018386199678085784,7655424.0,0.0014879832760925638,0.0015383269109103517,7655424.0,0.017418791646681104,0.024402476307780793
7667712.0,0.0018731473301158985,0.0018447567605107905,7667712.0,0.0015515680837173325,0.0015441567273834758,7667712.0,0.012559347412510155,0.02390719957232553
7680000.0,0.0018694078153203009,0.001844402446052603,7680000.0,0.001646289096849311,0.0015576886310251818,7680000.0,0.018037676306751866,0.022378020146182585
7692288.0,0.0017522660673421342,0.0018356683483337598,7692288.0,0.0014421719491413871,0.0015460247936668263,7692288.0,0.0338423359207809,0.02481789425558721
7704576.0,0.0018888373209241156,0.0018373883315386291,7704576.0,0.0016332429210403159,0.001559193625325861,7704576.0,0.031955215808314584,0.024180018620487922
7716864.0,0.0018300449052427818,0.0018371232426337275,7716864.0,0.0015108129155123606,0.0015490795093379953,7716864.0,0.05363029119325802,0.024814851164895423
7729152.0,0.0018486786399686632,0.001842284796960788,7729152.0,0.0015942052784036302,0.001559063937990383,7729152.0,0.02215333701072571,0.025919935024285225
7741440.0,0.0018582797104803224,0.0018418612382447464,7741440.0,0.0015163876620742183,0.0015533520871031214,7741440.0,0.02457444303824256,0.026336022684214793
7753728.0,0.0018037539654566597,0.0018429938866271795,7753728.0,0.0015513658824299152,0.0015532904018376332,7753728.0,0.040469656504380204,0.02735554654354928
7766016.0,0.001883308021206176,0.0018416757435261387,7766016.0,0.001561388199358286,0.0015495415264619318,7766016.0,0.01256787876385109,0.02672089736054962
7778304.0,0.0018206150677239445,0.0018428338843781,7778304.0,0.001551206894267428,0.0015558638882794185,7778304.0,0.01741809704496215,0.026720827900377726
7790592.0,0.0018208114221730891,0.0018376002935838191,7790592.0,0.0014925913080029811,0.0015499662107079835,7790592.0,0.0495665969986779,0.030421552858994498
7802880.0,0.001840604652291707,0.0018347199772809591,7802880.0,0.0015663900861303166,0.001541976309636084,7802880.0,0.01797304375213571,0.03041508960353288
7815168.0,0.001828256183822911,0.001842318988929037,7815168.0,0.001501323796522532,0.0015478914943741985,7815168.0,0.02377914738220473,0.029408770749675267
7827456.0,0.0018486345143173821,0.0018382987082683638,7827456.0,0.0015772288103714043,0.0015422900833073072,7827456.0,0.056837171801210694,0.03189696634896487
7839744.0,0.0017985581228761778,0.001835150030031703,7839744.0,0.0014916802665538853,0.0015403768184114595,7839744.0,0.0334541512808452,0.02987935235772359
7852032.0,0.0018447873480909038,0.0018347609008439274,7852032.0,0.0014909758344098616,0.0015300538740120827,7852032.0,0.024520141722556826,0.030116032828906708
7864320.0,0.0018282742015192828,0.001831760349947823,7864320.0,0.0014869425910243688,0.0015271093669070978,7864320.0,0.021735426659385364,0.02983213119102099
7876608.0,0.001762556206206985,0.0018276405740228559,7876608.0,0.0015368817421403946,0.0015256609528781458,7876608.0,0.02308163985920449,0.028093329526503414
7888896.0,0.0018327967336517759,0.0018225894452674157,7888896.0,0.0013876413692438898,0.001508286269866706,7888896.0,0.017949933516016852,0.028631535001719992
7901184.0,0.0018165563821336643,0.001822183576708388,7901184.0,0.001582163674053542,0.0015113819478453174,7901184.0,0.03577260839908073,0.030466986137131852
7913472.0,0.0018418309161158202,0.0018242855261026611,7913472.0,0.0014887560282659251,0.001510998419871612,7913472.0,0.009321187761088368,0.026442445213372894
7925760.0,0.0019100727901483576,0.0018312323398883262,7925760.0,0.0015379534003538236,0.0015081547512939626,7925760.0,0.034416486121093236,0.028086789450268646
7938048.0,0.001833975900808582,0.0018318043115868933,7938048.0,0.0015176623698304563,0.001509788608624755,7938048.0,0.020873354650878657,0.027796210177136037
7950336.0,0.0018698773286208354,0.0018339285930172385,7950336.0,0.0015226550804072758,0.0015043312356283422,7950336.0,0.010952591076299237,0.023207752104644895
7962624.0,0.0018212889669181702,0.001836201677421438,7962624.0,0.0015631532993817625,0.0015114785389111298,7962624.0,0.047747632837854326,0.02463710026034581
7974912.0,0.001844446391260135,0.001836167581738361,7974912.0,0.0015341542924337166,0.0015157963847135156,7974912.0,0.0052150905576127116,0.0227065951438514
7987200.0,0.0018511565485823667,0.0018384558164446692,7987200.0,0.001494852493730529,0.0015165873749841316,7987200.0,0.02561056202587982,0.023094108680500845
7999488.0,0.0018684801173852368,0.0018490482075624944,7999488.0,0.0015550572619152565,0.0015184049269616178,7999488.0,0.0372535121277906,0.024511295907359454
8011776.0,0.0018404843388755883,0.0018498169680848755,8011776.0,0.001504650705101085,0.0015301058605473373,8011776.0,0.01651196134722947,0.024367498690480716
8024064.0,0.0018299930761713767,0.0018511606374886469,8024064.0,0.0015716940536852537,0.0015290588985105084,8024064.0,0.028391461120918393,0.023629383962664483
8036352.0,0.001813484238179323,0.001848325969694997,8036352.0,0.00154822052779006,0.0015350053484629218,8036352.0,0.013421585924030902,0.024039423778958735
8048640.0,0.0018617733003338799,0.0018434960207135494,8048640.0,0.001526351220794216,0.0015338451305069612,8048640.0,0.03896082842644925,0.024493858009494336
8060928.0,0.001837366169032369,0.0018438350475359282,8060928.0,0.0015677061855967622,0.0015388495120835918,8060928.0,0.022330809471895918,0.024639603491596062
8073216.0,0.0018217854218770906,0.0018390258568615537,8073216.0,0.0014647222093723637,0.0015330562249801004,8073216.0,0.031159338327900816,0.026660278216756216
8085504.0,0.001821638359009133,0.0018390607960706497,8085504.0,0.00160412543421747,0.0015371534384636713,8085504.0,0.03633939992869273,0.025519454925840058
8097792.0,0.0018308001490368042,0.0018376961718483166,8097792.0,0.0014997184722839545,0.001533709856448695,8097792.0,0.025964908437648166,0.027594436713843606
8110080.0,0.001865747916478237,0.0018391553086379042,8110080.0,0.0015581810536483924,0.0015400427124404813,8110080.0,0.02291252531964953,0.02732463304322058
8122368.0,0.0018179201621630152,0.0018340993131156819,8122368.0,0.0015658663972620464,0.0015411236259751603,8122368.0,0.02769479446578771,0.026368761277020286
8134656.0,0.0017937330127703415,0.0018294241805051573,8134656.0,0.0014755086134149071,0.0015382094168065429,8134656.0,0.04302209080196917,0.029019774222494254
8146944.0,0.001840281109859158,0.0018304529838739352,8146944.0,0.0016083623043717428,0.0015418762418751917,8146944.0,0.01790855419433986,0.0279714835298364
8159232.0,0.0018660021202473824,0.0018357047720807412,8159232.0,0.0015439146003094113,0.0015414456491271266,8159232.0,0.026339865299329784,0.02926331146736629
8171520.0,0.00185880240132974,0.0018354076821803273,8171520.0,0.001544051619930542,0.0015432156890407593,8171520.0,0.02847128266391034,0.028214356891112402
8183808.0,0.0018784461753966752,0.001839515682816758,8183808.0,0.001521045091067208,0.001538549579587804,8183808.0,0.010953511872988505,0.027076627131221657
8196096.0,0.00184633759939364,0.0018419709005684122,8196096.0,0.0016073255507459787,0.0015528099137251652,8196096.0,0.02428265427200434,0.02638895872563201
8208384.0,0.0018727719034359325,0.0018470842550110927,8208384.0,0.0015686288412931997,0.0015492602544327381,8208384.0,0.04581306385807693,0.027336325118570436
8220672.0,0.0018885795331395154,0.0018528621934213638,8220672.0,0.0015475703736835082,0.0015540454445726935,8220672.0,0.018720789569973324,0.026611913231802946
8232960.0,0.0018480858968056661,0.0018510959914541068,8232960.0,0.001480974107835209,0.0015463247499913754,8232960.0,0.03313812054693699,0.02763447275453169
8245248.0,0.0018196891457288682,0.001851272889810692,8245248.0,0.0015739607388240984,0.0015471341841475806,8245248.0,0.012096870719688013,0.026074680379921722
8257536.0,0.0019356152182202397,0.0018654611103556817,8257536.0,0.001446555542012599,0.0015442388770073496,8257536.0,0.02694421786388072,0.024466893086112877
8269824.0,0.00177118572598071,0.001858551571967837,8269824.0,0.0016043016003095545,0.001543832806601131,8269824.0,0.030445260636042804,0.025720563730283176
8282112.0,0.0018502488625623907,0.001856976246199338,8282112.0,0.0015412261964229401,0.001543563966212484,8282112.0,0.03708382688152293,0.02679495988850249
8294400.0,0.001841940902522765,0.0018552900963186402,8294400.0,0.0014861699546599993,0.0015377757996854295,8294400.0,0.030109920306131244,0.026958823652724583
8306688.0,0.0018500061614759034,0.0018524460949265631,8306688.0,0.0015599159390452162,0.0015416628844832304,8306688.0,0.014427253253719149,0.027306197790797643
8318976.0,0.0019459853010630468,0.0018624108650935039,8318976.0,0.001540093221895707,0.0015349396515982033,8318976.0,0.021394973339435335,0.027017429697540746
8331264.0,0.0018117837516911095,0.0018563120499190215,8331264.0,0.0015321156715799589,0.0015312883346268792,8331264.0,0.033851191226858646,0.025821242434418912
8343552.0,0.0018672867930339028,0.00185418277590846,8343552.0,0.0015264027642842848,0.0015291715736869566,8343552.0,0.024533215454236295,0.02640248502284521
8355840.0,0.001827394367865054,0.001852113623014399,8355840.0,0.0015589485192322172,0.0015369690148266575,8355840.0,0.01585841045016423,0.024674514013167934
8368128.0,0.0018289609439913572,0.001853040802840648,8368128.0,0.001468403460724706,0.0015264132870167182,8368128.0,0.006626284368394408,0.024127455378038575
8380416.0,0.0018706807228833593,0.0018465473533069601,8380416.0,0.0015680279466323555,0.001538560527478694,8380416.0,0.04383868904551491,0.025816902496202
8392704.0,0.0018082543914109313,0.0018502542198499821,8392704.0,0.0015230723256536294,0.0015304376000131014,8392704.0,0.025597910299741972,0.025332167462571907
8404992.0,0.0018598040945410805,0.0018512097430478508,8404992.0,0.0015504023049288662,0.001531355210863694,8404992.0,0.009886321854234362,0.022612416959843055
8417280.0,0.0018322654056343406,0.0018502421933590085,8417280.0,0.001513075752275957,0.00153404579062529,8417280.0,0.027167095977347344,0.022318134526964663
8429568.0,0.0018554974146051488,0.001850791318671933,8429568.0,0.0014958380264336786,0.0015276379993641362,8429568.0,0.02340630241087638,0.02321603944268039
8441856.0,0.0018476087946813398,0.0018409536680337624,8441856.0,0.0015092974626895739,0.0015245584234435227,8441856.0,0.03328609348197157,0.02440515145693401
8454144.0,0.001847283900739664,0.001844503682938618,8454144.0,0.0015777674276857094,0.0015291235990540978,8454144.0,0.0469860084898149,0.025718633183229637
8466432.0,0.001845256298717383,0.0018423006335069661,8466432.0,0.0015237038811998598,0.0015288537107456552,8466432.0,0.01572755418601446,0.024838067056407453
8478720.0,0.0018472928780587001,0.0018442904845263302,8478720.0,0.0015734862002621715,0.001530307478848651,8478720.0,0.016061452644256253,0.02485837127581666
8491008.0,0.0018283061114440595,0.001844225001271601,8491008.0,0.0015434075667144498,0.0015378078894476251,8491008.0,0.03892467333935201,0.02808821017291242
8503296.0,0.0018464614046630838,0.0018418030694495734,8503296.0,0.0015773239780780084,0.0015387374925921902,8503296.0,0.03235214888506258,0.026939556156867182
8515584.0,0.001885947554304342,0.0018495723857389142,8515584.0,0.00162524288740921,0.0015489545487677482,8515584.0,0.023329060456793133,0.0267126711725723
8527872.0,0.001871841925700816,0.001850776168854888,8527872.0,0.0014755863891574943,0.0015414729571906112,8527872.0,0.0013042440680995544,0.025854463393958815
8540160.0,0.0017909147275834887,0.0018466411010498024,8540160.0,0.00158753830025186,0.0015489192119882012,8540160.0,0.03224174005057042,0.026361927801281125
8552448.0,0.0018475080493468947,0.0018458421645239774,8552448.0,0.0014782459596366,0.0015471600053084938,8552448.0,0.04605501123781627,0.028626798683975115
8564736.0,0.0018643804851308232,0.0018475193335689255,8564736.0,0.0015782231190920963,0.0015540525709487457,8564736.0,0.029176404234021902,0.02821582975918015
8577024.0,0.0018905676370195579,0.0018518477071969152,8577024.0,0.0015789883400429972,0.0015541746621844745,8577024.0,0.01876066193411437,0.025393295103610092
8589312.0,0.0018262632705348854,0.0018499484043786652,8589312.0,0.0015130236952245468,0.0015531066435869433,8589312.0,0.013286607664970992,0.02514920045150575
8601600.0,0.00187093079330225,0.0018523121959030202,8601600.0,0.0015824197083323572,0.001553999994393962,8601600.0,0.03601939326229816,0.02714499451330994
8613888.0,0.0018141509487274259,0.001850896679631357,8613888.0,0.0014933556740288623,0.0015489948051254033,8613888.0,0.02251957604312338,0.025504484783687074
8626176.0,0.0018626931857094557,0.0018525198577359942,8626176.0,0.0015905809517183418,0.0015503205024894368,8626176.0,0.03491877640287081,0.025761147535467897
8638464.0,0.0019145557507727062,0.0018553806773828306,8638464.0,0.0015240453479539913,0.001540200748543915,8638464.0,0.016540120491602767,0.025082253538948864
8650752.0,0.0018556988804145174,0.0018537663728542004,8650752.0,0.0015344865648027433,0.0015460907661084395,8650752.0,0.02122112537229744,0.02707394166936865
8663040.0,0.0018543493642937392,0.0018601098365252256,8663040.0,0.0015200628931779647,0.0015393432254010501,8663040.0,0.025271633960073814,0.026376931060318992
8675328.0,0.0018778550778127585,0.0018631445393718117,8675328.0,0.0015620668352009186,0.0015477253129574818,8675328.0,0.007700989903241862,0.022541528926861547
8687616.0,0.0017964848508806124,0.001856354975946791,8687616.0,0.001561400288361862,0.0015460430298844586,8687616.0,0.032615731683714934,0.02288546167183085
8699904.0,0.0018819173377172167,0.0018554899460165564,8699904.0,0.001459550605432014,0.0015340992564233601,8699904.0,0.014620710605716644,0.02247146653899108
8712192.0,0.0018816134816006524,0.0018610249671231333,8712192.0,0.0015464625745759502,0.0015374431443585005,8712192.0,0.03905773417015249,0.025048579189509236
8724480.0,0.001818508029828081,0.0018557826907757164,8724480.0,0.0015496600602394512,0.00153416717954921,8724480.0,0.02435941283086625,0.023882581146366037
8736768.0,0.0018590362033137353,0.0018602712162343476,8736768.0,0.0015458486632269341,0.0015394164784690173,8736768.0,0.019866471557179466,0.02361727069777165
8749056.0,0.001854220854511368,0.0018594239831145388,8749056.0,0.0016368540812739714,0.00154404379142458,8749056.0,0.04157793832321962,0.02428318688980653
8761344.0,0.0018877916645578807,0.0018567475744930562,8761344.0,0.0014335367729169473,0.0015349929339208757,8761344.0,0.01762456082118054,0.024391630922764307
8773632.0,0.0018458561729251717,0.0018557633037441213,8773632.0,0.001585905996156119,0.0015401348770562133,8773632.0,0.03526120239015048,0.02579563862454961
8785920.0,0.0018525344245669355,0.0018555818097714411,8785920.0,0.0015044524013016296,0.0015385738278685796,8785920.0,0.030450918537098914,0.02631356708225212
8798208.0,0.0017987445159330189,0.0018476707535834674,8798208.0,0.0015320134940945234,0.00153556849375794,8798208.0,0.024069240520475432,0.02795039214397548
8810496.0,0.0018564959967382795,0.0018536718681692339,8810496.0,0.0014990184718044475,0.0015293303121021987,8810496.0,0.015072755020810291,0.026196094477685016
8822784.0,0.0018470534723746823,0.0018501854816349804,8822784.0,0.0015470210831457127,0.0015380773598735688,8822784.0,0.03549450368154794,0.028283473785268142
8835072.0,0.0018604824496530152,0.001848072378440217,8835072.0,0.001479272979243736,0.0015313584003403473,8835072.0,0.029830872197635472,0.027360787588016446
8847360.0,0.0018751642310235184,0.0018537379985597608,8847360.0,0.00154562525676738,0.0015309549199931402,8847360.0,0.02047262977187832,0.026972109282117646
8859648.0,0.0017700789491451967,0.001844842273142907,8859648.0,0.0014629564290468504,0.0015226656965751316,8859648.0,0.01954237242656139,0.026939699369055842
8871936.0,0.001865368000532423,0.0018459569877450122,8871936.0,0.0015535745442321058,0.001514337742870945,8871936.0,0.025254459760617465,0.025307351512795628
8884224.0,0.0018201444066410961,0.0018391922619533335,8884224.0,0.001552135205201921,0.0015261975860994426,8884224.0,0.048015165977024786,0.028346412028380046
8896512.0,0.0018517174661004294,0.0018397783912708593,8896512.0,0.001543277513216405,0.001521934737805471,8896512.0,0.012208956531443013,0.0260411874425093
8908800.0,0.0018115064231096767,0.0018356755911251338,8908800.0,0.0015663505594905776,0.001528124553624366,8908800.0,0.022962631851745147,0.025292358773973928
8921088.0,0.00186681574935695,0.0018424827144675267,8921088.0,0.0015758244165529807,0.001532505645870212,8921088.0,0.006751604096886392,0.02356059513161502
8933376.0,0.0018504939562262734,0.0018418825104163262,8933376.0,0.0015989215298759518,0.0015424959516773622,8933376.0,0.05625989258987829,0.02767930888852182
8945664.0,0.00182151232487134,0.0018393283956659918,8945664.0,0.001542133333714446,0.0015420071767342355,8945664.0,0.0240541515716662,0.026535273677533645
8957952.0,0.0018847149828313074,0.001841751648983821,8957952.0,0.001536867694085231,0.001547766648218385,8957952.0,0.01975593393823753,0.02552777985159386
8970240.0,0.00177346349543465,0.0018315815754249344,8970240.0,0.0015693042811714502,0.0015501345506587919,8970240.0,0.019976369600044563,0.025478153834410478
8982528.0,0.0018405185983283445,0.0018386255403432489,8982528.0,0.001454787106316265,0.0015493176183857334,8982528.0,0.023213586158817634,0.025845275207636104
8994816.0,0.0018872971340897493,0.0018408184536989815,8994816.0,0.0015721486658245947,0.0015511750305449822,8994816.0,0.021668979054084048,0.025486727136982763
9007104.0,0.0017813302535311475,0.0018369370383879869,9007104.0,0.0014321978754499771,0.0015391812975697877,9007104.0,0.012380697458866052,0.021923280285166886
9019392.0,0.0018656321274950944,0.0018383285045274534,9019392.0,0.0014783734113734681,0.0015326908873854943,9019392.0,0.022253885205524664,0.022927773152575052
9031680.0,0.0018786946432859015,0.0018450473265450758,9031680.0,0.001549439285857564,0.0015309997600221929,9031680.0,0.03407651890302077,0.024039161857702614
9043968.0,0.0018658137372161339,0.001844947125330994,9043968.0,0.0014782293680279206,0.001521240255169687,9043968.0,0.04123161832103506,0.027487163280117483
9056256.0,0.0019084875748376362,0.0018507464871921303,9056256.0,0.001543182372188312,0.0015156663394009227,9056256.0,0.0266301311882368,0.024524187139953333
9068544.0,0.0018224742416350637,0.0018508426788685028,9068544.0,0.0014988160455686739,0.0015113346105863456,9068544.0,0.019748828092512365,0.024093654792037948
9080832.0,0.0018985879317673,0.0018522299737621021,9080832.0,0.0014884337324474473,0.0015064912144225674,9080832.0,0.03126557342087229,0.02524461874030142
9093120.0,0.0018536467487137998,0.0018602482990900172,9093120.0,0.001500494685387821,0.0014996102548442043,9093120.0,0.01089393145715197,0.024336374926012167
9105408.0,0.001806099082993266,0.0018568063475565093,9105408.0,0.0015136690647826374,0.0015054984506908417,9105408.0,0.01878430290768544,0.023893446600898947
9117696.0,0.001888800500940609,0.0018569566842415951,9117696.0,0.0015300177540969646,0.0015012853595180787,9117696.0,0.03520974365528673,0.02524752306101922
9129984.0,0.0018447540751367342,0.0018632990664021539,9129984.0,0.0014635338708709849,0.0015044189590601794,9129984.0,0.022336105156379443,0.026243063830770554
9142272.0,0.001823386650964191,0.0018590745187490637,9142272.0,0.0014873835704444598,0.0015053199749672783,9142272.0,0.019234582781791687,0.02594113358839726
9154560.0,0.0018327445795875974,0.001854479512379233,9154560.0,0.0015583901155575102,0.001506215057937273,9154560.0,0.0327259146142751,0.025806073159522692
9166848.0,0.001873893802743017,0.0018552875189319213,9166848.0,0.001413630918856749,0.001499755213020156,9166848.0,0.019608439470175654,0.023643755274436747
9179136.0,0.0018967392679769546,0.001854112688245853,9179136.0,0.0016256575763691217,0.001508002733438237,9179136.0,0.006183406454510987,0.02159908280106417
9191424.0,0.0018620692875022844,0.001858072192832575,9191424.0,0.0013893439493889066,0.0014970555238202601,9191424.0,0.05875707710705077,0.025499907702518004
9203712.0,0.0018722584027273115,0.0018554392399285763,9203712.0,0.0015275027053576196,0.0015009624211112774,9203712.0,0.003635915435249141,0.02273694190395569
9216000.0,0.0018725819348522539,0.0018573327585424218,9216000.0,0.0014708139145416983,0.0014979943440266651,9216000.0,0.02694898482877761,0.024342447241118257
9228288.0,0.0018397337959565145,0.0018606962298387468,9228288.0,0.0014664423658056573,0.0014932716741289673,9228288.0,0.034261815851399056,0.025890198535489618
9240576.0,0.0018393211297128194,0.0018557482927159675,9240576.0,0.0014596321191978252,0.001486233110639053,9240576.0,0.01607430498794808,0.023976654668755752
9252864.0,0.0018546909686847357,0.0018567419820707677,9252864.0,0.0014287120702647371,0.0014827509305784285,9252864.0,0.00852426965138875,0.02259547111825668
9265152.0,0.0018815589755831752,0.0018625592145326663,9265152.0,0.0015445484489949497,0.0014884674184334776,9265152.0,0.039042282034642994,0.024576241043541815
9277440.0,0.0018050533502294759,0.001859790091596854,9277440.0,0.0014849506727235469,0.0014811234741500812,9277440.0,0.045602633035741746,0.025863912885688477
9289728.0,0.001835435285101994,0.001855944239832752,9289728.0,0.001485850789322285,0.0014883454611966348,9289728.0,0.02169056423008442,0.026072125361679355
9302016.0,0.0018806872358254623,0.0018543390366176026,9302016.0,0.001441221336790477,0.00146990183723877,9302016.0,0.027155927372708295,0.028169377453499084
9314304.0,0.0018723246163669198,0.001855364569504066,9314304.0,0.001500725780109254,0.001481040020310805,9314304.0,0.031448108318727463,0.025438480574666755
9326592.0,0.0018469922227571562,0.0018528379515070504,9326592.0,0.0014783626429561991,0.001476126014070663,9326592.0,0.012413068427122198,0.02631619587385406
9338880.0,0.0018548441791305474,0.00185106417593488,9338880.0,0.00155365074291088,0.0014844096969075812,9338880.0,0.030328029417432845,0.02665410033271958
9351168.0,0.0018505230558124215,0.0018521431019204704,9351168.0,0.0014613791251273749,0.0014839033728397527,9351168.0,0.011696498462697491,0.02439756859384943
9363456.0,0.0018945001684187446,0.0018576610057910632,9363456.0,0.0014885809669067385,0.001486798257610644,9363456.0,0.010481775345397182,0.023838315629594337
9375744.0,0.0018515834932865498,0.0018573502582512446,9375744.0,0.001554070783337617,0.001499334128917932,9375744.0,0.04442437196848914,0.027428325861304375
9388032.0,0.001864851067997127,0.0018556794674926397,9388032.0,0.0014518268308165716,0.0014900619671000942,9388032.0,0.007591018555103801,0.024283199513350458
9400320.0,0.0018473685401356004,0.0018599109864832525,9400320.0,0.0014946707736574656,0.0014910339771934864,9400320.0,0.03738125066350525,0.023461061276126807
9412608.0,0.001834451063890204,0.0018598125643620733,9412608.0,0.0014265409045037813,0.0014851029887116359,9412608.0,0.020856762615342934,0.02337768111465266
9424896.0,0.0018641799888428068,0.0018581618396638078,9424896.0,0.0013936549360854162,0.0014803463486411299,9424896.0,0.0352100310071061,0.02418309147809244
9437184.0,0.0018555907045083586,0.0018564884484779515,9437184.0,0.0015497731377157227,0.0014852510844017767,9437184.0,0.017173143142523866,0.02275559496047208
9449472.0,0.001824588932019348,0.001854248119404171,9449472.0,0.0014322281786007807,0.0014806376379662349,9449472.0,0.03119298232680497,0.02463358635044036
9461760.0,0.0018514947181150394,0.0018539131733026199,9461760.0,0.001549050489605482,0.0014801776126356953,9461760.0,0.03189861685192833,0.024790645093889906
9474048.0,0.0018020796627145803,0.0018490688339928359,9474048.0,0.0014644859790375146,0.001480488298026709,9474048.0,0.027875496802153066,0.026408544927835464
9486336.0,0.001912915177551137,0.0018509103349060752,9486336.0,0.0014738491499883821,0.0014790151163348733,9486336.0,0.01582323211187031,0.026942690604482778
9498624.0,0.0018084298681060318,0.0018465949723880236,9498624.0,0.001446478684253331,0.0014682559064264447,9498624.0,0.0175311276592159,0.024253366173555453
9510912.0,0.0018583558303362224,0.0018459454486219329,9510912.0,0.0014632331440225244,0.00146939653774704,9510912.0,0.053032895569534354,0.02879755387499851
9523200.0,0.0018912451014330145,0.0018503331047516746,9523200.0,0.001438903064505818,0.0014638197668318752,9523200.0,0.009005603002151474,0.02595998910886313
9535488.0,0.0018491707930176442,0.0018518050776644185,9535488.0,0.001509008710248357,0.001472066547406333,9535488.0,0.03338265211399024,0.02721257805872786
9547776.0,0.0018721853557508439,0.001852605614355222,9547776.0,0.0015012201214024874,0.0014828230659380403,9547776.0,0.03536329109920189,0.027227904067937438
9560064.0,0.0018118746235510723,0.0018482340062594936,9560064.0,0.0014008464889532963,0.0014679304010617976,9560064.0,0.030669214921848226,0.028577511245869873
9572352.0,0.0018675149919242056,0.0018525266122499794,9572352.0,0.0015653990461335827,0.0014812474878150776,9572352.0,0.016043269706036273,0.027062539983793005
9584640.0,0.0019161445955736174,0.0018589915999958368,9584640.0,0.0014499780979046288,0.0014713402486449922,9584640.0,0.004624834001636676,0.02433516169876384
9596928.0,0.001845021785508531,0.001863285812275232,9596928.0,0.0014519579672196414,0.001470087447463205,9596928.0,0.04063208354637027,0.02561082037318556
9609216.0,0.0018388513611474384,0.001855879430634862,9609216.0,0.0014814428620108326,0.0014708468186654497,9609216.0,0.03843921646087741,0.027872418808086268
9621504.0,0.0018940827194455778,0.0018644447157688167,9621504.0,0.001423382208182981,0.001468537171058415,9621504.0,0.0007456464463757584,0.026193870686802255
9633792.0,0.0018388862899882952,0.0018624977617340242,9633792.0,0.001543695866833635,0.001476583443339526,9633792.0,0.010604015022787886,0.021950982632127608
9646080.0,0.0018786559388293729,0.0018612388454736597,9646080.0,0.0014265710675924008,0.0014753502436481841,9646080.0,0.0340185789585424,0.024452280227766705
9658368.0,0.0019166723250236828,0.0018679889986742636,9658368.0,0.0014790939100445637,0.0014723587636278047,9658368.0,0.036241912962092705,0.02473820631257695
9670656.0,0.0017996605201915372,0.001860736515118333,9670656.0,0.0015256430336497335,0.0014748010548525296,9670656.0,0.03618606381739179,0.02482048358439594
9682944.0,0.0019156221563510674,0.0018711112683983324,9682944.0,0.0013987439463865787,0.0014745908005958579,9682944.0,0.01315042576364552,0.02306860466857567
9695232.0,0.001838963361781983,0.0018682561053841103,9695232.0,0.0015249130574375158,0.0014705422017262512,9695232.0,0.031746503295532115,0.024638928027525254
9707520.0,0.0018916954777523642,0.001865811193601985,9707520.0,0.0013567601029838745,0.001461220402234176,9707520.0,0.04050604867128035,0.02822704949448962
9719808.0,0.0018706758279828743,0.0018683765978494194,9719808.0,0.0015315771227809212,0.001469182317790304,9719808.0,0.00871611318871146,0.02503545245872374
9732096.0,0.001845062565431969,0.0018689977182778726,9732096.0,0.0013841205600328976,0.0014594500875925102,9732096.0,0.04747261085625117,0.025938791898261114
9744384.0,0.0018958028698155733,0.001869169733314872,9744384.0,0.0014756800616548087,0.001464679872939693,9744384.0,0.012083635054295883,0.027072590759053126
9756672.0,0.001882225695226225,0.0018735036738386647,9756672.0,0.0014278676292936627,0.0014530970491856956,9756672.0,0.04326436007007336,0.030338625263781678
9768960.0,0.0018307763093616813,0.0018687157108918957,9768960.0,0.0014599989281123271,0.0014564398352376886,9768960.0,0.012688523905429369,0.028205619758470368
9781248.0,0.0018890470522213338,0.0018659531836116607,9781248.0,0.0014415294305460218,0.001452683387287834,9781248.0,0.03637790105616053,0.02821921856787716
9793536.0,0.0018150150281144306,0.0018674886344039504,9793536.0,0.0014118429456478527,0.001441303378487646,9793536.0,0.03189440131730711,0.027790052317868685
9805824.0,0.0018391825760772917,0.0018598446763765726,9805824.0,0.0014817663019736453,0.0014496056140463527,9805824.0,0.004794955899948643,0.026954505331499002
9818112.0,0.0018853200575298008,0.0018644803459513543,9818112.0,0.0014099530393044308,0.0014381096122330443,9818112.0,0.010570794348799003,0.024836934436825685
9830400.0,0.0018395727505170119,0.001859268073227819,9830400.0,0.0014562078098000104,0.001448054382914658,9830400.0,0.04836465249536559,0.025622794819234213
9842688.0,0.0018871032298193313,0.0018609108134114648,9842688.0,0.0014238010608096374,0.0014372767767175296,9842688.0,0.01945061665416385,0.026696245165779453
9854976.0,0.0018656314447677385,0.0018629677013450418,9854976.0,0.0014052388875522108,0.0014393886094694606,9854976.0,0.01387063238750367,0.0233360473189047
9867264.0,0.001845342250211009,0.0018579216393845854,9867264.0,0.0014391752289763342,0.0014357381262016132,9867264.0,0.019332951487740502,0.02406097896224916
9879552.0,0.001909480219789354,0.0018606470918408984,9879552.0,0.001507951496023452,0.0014437465128745923,9879552.0,0.04339867395659288,0.024074410350901115
9891840.0,0.0018383584526115253,0.001861405306165883,9891840.0,0.0013662310508758917,0.0014343697251509486,9891840.0,0.003533406856149668,0.023158898645973144
9904128.0,0.0018752059871379363,0.0018600211996575428,9904128.0,0.0014551715121342568,0.0014357339333097721,9904128.0,0.04914865615622451,0.024435974155979544
9916416.0,0.0018599369135093486,0.0018645133881970346,9916416.0,0.0013955017469318893,0.0014340998134381759,9916416.0,0.02561690116029543,0.02380822414027838
9928704.0,0.0017966237677076908,0.0018602575073600747,9928704.0,0.0014868044157386369,0.0014346036248146753,9928704.0,0.020060647764087964,0.025334793326692313
9940992.0,0.0018933268414305833,0.0018610581857501525,9940992.0,0.0014361553676280892,0.001437223857647041,9940992.0,0.023384380057298888,0.026616151897542295
9953280.0,0.001853868322238365,0.001862487742922288,9953280.0,0.0014457025020722842,0.0014361733268742683,9953280.0,0.034062121994793415,0.025185898847485077
9965568.0,0.0017964984387314569,0.0018534272638135011,9965568.0,0.0015327550742464762,0.001447068728217952,9965568.0,0.031028003664687276,0.026343637548537423
9977856.0,0.0019542727362325727,0.0018622913929599839,9977856.0,0.0014701041733739355,0.0014535552568001246,9977856.0,0.0192459180058601,0.026881166110373066
9990144.0,0.0017745537164349419,0.0018552125395823772,9990144.0,0.0014404565851388422,0.001453683392416375,9990144.0,0.0502648024703376,0.02997435120863277
10002432.0,0.0019036072541590936,0.0018546252430193515,10002432.0,0.0014797418037536165,0.0014508624231893918,10002432.0,0.012557270980323665,0.026890210911005852
10014720.0,0.0018686520355307341,0.0018576546013112723,10014720.0,0.0014076712795940693,0.0014550064460612097,10014720.0,0.02644745763003205,0.02918161598839409
10027008.0,0.0018941785444136865,0.0018595518570388475,10027008.0,0.001573672634549439,0.001466856558302728,10027008.0,0.03315762663260102,0.027582513036031743
10039296.0,0.0018990898521830484,0.0018634671509062176,10039296.0,0.0013200664755762166,0.0014593130311671607,10039296.0,0.03165484009271798,0.028186306929273992
10051584.0,0.001800089878088329,0.0018638137619442813,10051584.0,0.0015478086916118627,0.0014654134587544832,10051584.0,0.027354991897785414,0.028915741342643735
10063872.0,0.0019110138303706965,0.0018655824608382926,10063872.0,0.0014499955401940194,0.0014667974760110762,10063872.0,0.02406812081850755,0.02898411541876461
10076160.0,0.0018081986763718305,0.001861015496251639,10076160.0,0.0014835874117125059,0.0014705859669750985,10076160.0,0.017981893053123105,0.02737609252459758
10088448.0,0.0018495837139198557,0.0018663240237704788,10088448.0,0.0014381507432214373,0.0014611255338725943,10088448.0,0.05088222430398067,0.029361514588526916
10100736.0,0.0018820448810098849,0.0018591012382482102,10100736.0,0.0015117561627751759,0.0014652907328127184,10100736.0,0.02568858697001512,0.03000578148494242
10113024.0,0.0017793465819219516,0.0018595805247969114,10113024.0,0.0014675956269153783,0.001468004636990372,10113024.0,0.018622119784898434,0.0268415132163985
10125312.0,0.0018786292803270044,0.0018570827274137023,10125312.0,0.001517849925827856,0.001471815449197796,10125312.0,0.01276438012428116,0.026862224130794247
10137600.0,0.0018697886528874126,0.0018571963891493698,10137600.0,0.001409533565796058,0.001472001677817995,10137600.0,0.014963718524086289,0.025713850220199674
10149888.0,0.001859109142969828,0.0018536894490049842,10149888.0,0.0015093176813631242,0.0014655661824993635,10149888.0,0.028178298176499084,0.025215917374589482
10162176.0,0.0018382458432218602,0.0018476050481088652,10162176.0,0.0014665265898656799,0.0014802121939283097,10162176.0,0.031035971905415256,0.025154030555859207
10174464.0,0.0018768072677630698,0.0018552767870763393,10174464.0,0.0015164884431821217,0.0014770801690853355,10174464.0,0.01643139940764134,0.0240616713068448
10186752.0,0.0018538246968091698,0.0018495578737201868,10186752.0,0.0014876373000637007,0.0014808443450723039,10186752.0,0.01400154861524546,0.023055014086518593
10199040.0,0.0018649217763595516,0.001855230183718959,10199040.0,0.0015413941394702608,0.0014866250178480795,10199040.0,0.03139461549775054,0.024396286330981336
10211328.0,0.0018280928058326633,0.0018530810929102397,10211328.0,0.0014642980058852118,0.001489239744114457,10211328.0,0.028705264926732827,0.022178590393256554
10223616.0,0.001892203956231242,0.0018540970004323754,10223616.0,0.0014630986218738447,0.0014843739900243238,10223616.0,0.008948303516566133,0.020504562047911658
10235904.0,0.0018459267018139751,0.0018607550124215776,10235904.0,0.0014847941038169665,0.0014860938377144824,10235904.0,0.02609273893176578,0.02125162396259839
10248192.0,0.0018770933396202356,0.0018606014183509007,10248192.0,0.0014436912370001664,0.0014786779688317135,10248192.0,0.022498733286435407,0.02222505927881381
10260480.0,0.0018193467009647672,0.0018555572231586364,10260480.0,0.0014449284741810213,0.0014822174596702095,10260480.0,0.013780950253324894,0.022106782451737673
10272768.0,0.0018734696416989511,0.0018569932730315487,10272768.0,0.0015171805401526701,0.0014830037455491646,10272768.0,0.019203998691712815,0.02120935250325905
10285056.0,0.0019115286795567954,0.0018643215566650421,10285056.0,0.0014549324362936507,0.0014818443301919614,10285056.0,0.03442646285596614,0.021548401598314136
10297344.0,0.0018396362684143241,0.0018606044567301677,10297344.0,0.0014060394587431801,0.0014707994317480675,10297344.0,0.006295386177953333,0.020534800275345336
10309632.0,0.0018622929886381219,0.0018614512859130628,10309632.0,0.0013896692829196884,0.0014610026300336662,10309632.0,0.025872971455100924,0.02172194255933088
10321920.0,0.0018749128867057152,0.001862450396947679,10321920.0,0.0014904961917636683,0.001455912835263007,10321920.0,0.02252241092113157,0.020834722101668986
10334208.0,0.0018206742776480194,0.0018617085441292147,10334208.0,0.0012968973442184506,0.0014391727690963307,10334208.0,0.008637486869702116,0.01882794429596591
10346496.0,0.001923648103911546,0.0018648529588972452,10346496.0,0.0014346771113196155,0.0014363306180409077,10346496.0,0.03533134016712817,0.021466247961022113
10358784.0,0.0018181272389483638,0.0018620730126106839,10358784.0,0.0014117163664195687,0.001429022844301168,10358784.0,0.013492445621523075,0.020206218629997844
10371072.0,0.0019265407930409613,0.0018670177579527564,10371072.0,0.0014132086459236841,0.0014259745851935197,10371072.0,0.022950107202632353,0.02025135602161754
10383360.0,0.0018917845645773923,0.0018742615443140189,10383360.0,0.0013955410346776869,0.0014210358412431862,10383360.0,0.026112687948625535,0.021484529791147604
10395648.0,0.0018298326928440172,0.0018698978494285257,10395648.0,0.001409770726847152,0.0014102948599126342,10395648.0,0.03234089183388278,0.022798219105364597
10407936.0,0.001909440656163497,0.0018696890470891957,10407936.0,0.001408475548790496,0.0014056491711623193,10407936.0,0.01343729677319061,0.020699302497087048
10420224.0,0.0018348229423281737,0.0018692077144805807,10420224.0,0.0015122190294884301,0.001416267128236844,10420224.0,0.03123153402702883,0.023192917281994595
10432512.0,0.0018953729534890347,0.0018725157109656721,10432512.0,0.001443592550761726,0.0014216594550210478,10432512.0,0.011754634630051441,0.02178108359948965
10444800.0,0.0018576365194652074,0.001870788074241621,10444800.0,0.0015331095637520775,0.0014259207922198889,10444800.0,0.045037764648441225,0.02403261897222061
10457088.0,0.0018984265758869394,0.0018785633040655132,10457088.0,0.001419572301529115,0.0014381882879509551,10457088.0,0.02188203442104471,0.02535707372735487
10469376.0,0.0019046940142288804,0.0018766678950972466,10469376.0,0.0014678677695580216,0.0014415073537747956,10469376.0,0.03558785000738377,0.025382724711380433
10481664.0,0.0018915673299488844,0.0018840119041972987,10481664.0,0.0014922390188682282,0.0014495596190196617,10481664.0,0.007574162647263923,0.024790896413954516
10493952.0,0.0018955700512985156,0.0018809148300230542,10493952.0,0.0014342838415662602,0.0014516671385839193,10493952.0,0.016870762541657314,0.024182961947857014
10506240.0,0.0017804993888906513,0.00186978631245438,10506240.0,0.0015590942736404638,0.0014680224624801972,10506240.0,0.021782573264014598,0.023749950479395918
10518528.0,0.0018839970101301635,0.0018752027441829946,10518528.0,0.0013738163440090527,0.001464427024196387,10518528.0,0.005708128914799697,0.02108667418748761
10530816.0,0.0018694269656407414,0.0018712013751307189,10530816.0,0.0014817728515481576,0.0014717567544721532,10530816.0,0.052630120364483446,0.025005956546616893
10543104.0,0.0018910883876136115,0.001876827919659263,10543104.0,0.0015486012216570089,0.0014753949736890112,10543104.0,0.0044661987461343715,0.02232942301852745
10555392.0,0.0019266060335212387,0.0018799512276624832,10555392.0,0.0014480551932744372,0.0014758412379402821,10555392.0,0.048355441249441355,0.02598950368046644
10567680.0,0.0018575789733101071,0.0018799454730469736,10567680.0,0.0015632432793305877,0.001478854609498133,10567680.0,0.0185793128136235,0.02334365849698467
10579968.0,0.0018412290543589431,0.0018742257208941738,10579968.0,0.0014293584378416806,0.0014798332231293898,10579968.0,0.017586252331966534,0.02291408028807685
10592256.0,0.001872348351146987,0.0018709911545859842,10592256.0,0.00155658745522184,0.0014887051916957716,10592256.0,0.031180239107925445,0.02247331919813102
10604544.0,0.0018392454585409723,0.001865758967445193,10604544.0,0.0014689893590305776,0.0014863802257120066,10604544.0,0.03033480278099887,0.024749383211504515
10616832.0,0.001894076982352999,0.0018656096605506416,10616832.0,0.0015084831563096184,0.0014938001571863425,10616832.0,0.012983217146635676,0.02436062867200235
10629120.0,0.0018383951604240185,0.001871399237703978,10629120.0,0.0014943023870728211,0.0014873209685295782,10629120.0,0.04663263426239913,0.026845634771840803
10641408.0,0.0018795647508037898,0.0018709560117713409,10641408.0,0.001508412380644586,0.0015007805721931316,10641408.0,0.026880729992020253,0.028962894879562856
10653696.0,0.001864161760143664,0.001870429491221633,10653696.0,0.0015419610693546322,0.001506799393973779,10653696.0,0.030540982416520517,0.026753981084766565
10665984.0,0.001870544833460978,0.0018683751358063699,10665984.0,0.0014338738540876268,0.001495326657216841,10665984.0,0.002641362141124167,0.026571497424265546
10678272.0,0.0018340778533456614,0.0018591223177888121,10678272.0,0.001462837556876669,0.0014968048935770641,10678272.0,0.03076928052663182,0.024812881351984596
10690560.0,0.0019297697211489624,0.0018663413925726975,10690560.0,0.001489754534001501,0.0014894560190441553,10690560.0,0.026305208186386153,0.02558547088926085
10702848.0,0.0018381196878181072,0.0018660304559186137,10702848.0,0.0014302592893121375,0.001489546104191201,10702848.0,0.021804902023480583,0.02600733585841226
10715136.0,0.0018213568509963807,0.0018609313059035533,10715136.0,0.0015400089287140872,0.0014878882515404258,10715136.0,0.022801552278300125,0.025169467175449732
10727424.0,0.0019476080269669183,0.0018717675627461477,10727424.0,0.001435651733117993,0.001484554488949167,10727424.0,0.012790252711662712,0.023415012168516113
10739712.0,0.001850963259736697,0.0018674561904845177,10739712.0,0.001482425745659081,0.0014819487478841134,10739712.0,0.02622635667406333,0.02473932612125888
10752000.0,0.0018436572257390556,0.0018679823970160214,10752000.0,0.0015176673411284962,0.0014842852432896808,10752000.0,0.009411055502520563,0.02101716824527102
10764288.0,0.0018857865264484037,0.0018686045745804826,10764288.0,0.0014971232770524996,0.0014831563329304723,10764288.0,0.005522335998345322,0.018881328845903527
10776576.0,0.0018377350534137804,0.0018659619039074944,10776576.0,0.0014680052026960766,0.001475760746264617,10776576.0,0.04702379531227052,0.020529610135478528
10788864.0,0.0019129854275282316,0.0018702059633142198,10788864.0,0.0014839965254698957,0.0014807730134028438,10788864.0,0.024621247226605192,0.022727598644026632
10801152.0,0.0019274424733642566,0.0018795424253160793,10801152.0,0.0015460015359470465,0.0014890894113098814,10801152.0,0.024197491303008672,0.022070419721664316
10813440.0,0.0018886121433752123,0.0018754266675387044,10813440.0,0.0014472712973656598,0.0014848410876462973,10813440.0,0.022676662735951442,0.021707565176620848
10825728.0,0.0019457449501108688,0.0018861891937679803,10825728.0,0.0015418268121720757,0.0014959978399322912,10825728.0,0.009718877792086763,0.020498962753481467
10838016.0,0.0018171307146985782,0.0018857665801382002,10838016.0,0.0014297863314520025,0.0014849755802060825,10838016.0,0.031354989701261125,0.021354306495777565
10850304.0,0.0018905756727084129,0.0018800633447123496,10850304.0,0.001573872854351066,0.0014987976923293898,10850304.0,0.02810344466706738,0.02288562569131803
10862592.0,0.0018642129719713314,0.001881388315935813,10862592.0,0.001423519772288273,0.001492907094992309,10862592.0,0.034880534609934934,0.023751043484905192
10874880.0,0.0018279253454238642,0.001879815127904294,10874880.0,0.0016165952523200151,0.0015027998861114613,10874880.0,0.044144426026226334,0.027224380537275765
10887168.0,0.0018711976760338682,0.0018783562428628404,10887168.0,0.0014566484824172221,0.0014987524066479333,10887168.0,0.006988339072753054,0.027370980844716536
10899456.0,0.001888873879579478,0.0018834701254794102,10899456.0,0.0015687473636110856,0.0015088266227394342,10899456.0,0.02105668523775724,0.024774269837265217
10911744.0,0.0018980411211183916,0.0018819756948384263,10911744.0,0.0014909934100918083,0.0015095263112016254,10911744.0,0.023192572756670415,0.024631402390271735
10924032.0,0.0018405009589817685,0.0018732815434001771,10924032.0,0.001408534624715685,0.0014957796200784892,10924032.0,0.03011651071331774,0.025223304331302644
10936320.0,0.0018784474468702683,0.0018722650737496831,10936320.0,0.0015494073801770962,0.001505993228359633,10936320.0,0.018491681170416996,0.024804806174749196
10948608.0,0.0018763142955625274,0.0018653220082948487,10948608.0,0.0014761585195325704,0.0014994263990956822,10948608.0,0.026292774486743536,0.026462195844214876
10960896.0,0.0019211379670499202,0.001875722733529983,10960896.0,0.0016155550686865656,0.0015180032728191388,10960896.0,0.032771179433135934,0.026603814817402354
10973184.0,0.0018825078380662792,0.0018749159500657693,10973184.0,0.0014636137020715978,0.001506977357591192,10973184.0,0.029226718994323164,0.026716142250127934
10985472.0,0.0018544520304809946,0.0018739398559167362,10985472.0,0.001504582282602011,0.0015150836086225657,10985472.0,0.025416678593804438,0.025769756648514885
10997760.0,0.0018744690884583786,0.0018785942302201879,10997760.0,0.001551566563042191,0.001508580739694783,10997760.0,0.03343657801936691,0.024698971847828946
11010048.0,0.0018988256621620774,0.0018813570288330084,11010048.0,0.0015351988871164697,0.0015164357801647082,11010048.0,0.008168511420080904,0.024816989082561726
11022336.0,0.0019527570748323342,0.001887745348358294,11022336.0,0.00151972585748202,0.0015115336295518015,11022336.0,0.03393775436173504,0.02610509599495951
11034624.0,0.001839848455953567,0.0018819260818418119,11034624.0,0.001524340383184608,0.0015148683268610815,11034624.0,0.0209498024196364,0.025880818961256102
11046912.0,0.0018673009211246001,0.0018846060780560946,11046912.0,0.0015187024928309256,0.0015258851136726054,11046912.0,0.024251534797561664,0.0252943213696805
11059200.0,0.0018796426678212204,0.0018847256001511899,11059200.0,0.001508953916830554,0.0015218397673379515,11059200.0,0.019973537448095158,0.02544250699744831
11071488.0,0.0018075802187619654,0.0018778521924711338,11071488.0,0.0014982627750820636,0.0015240501928929008,11071488.0,0.024287928477860987,0.02524202239656006
11083776.0,0.0019091341097616048,0.0018766518067423025,11083776.0,0.001497211185778724,0.0015122158046021164,11083776.0,0.01597910504400109,0.023562814957646575
11096064.0,0.0018824790167855099,0.0018766489246142253,11096064.0,0.0014805852006247733,0.001513912954457434,11096064.0,0.015118124269065447,0.022151955485120802
11108352.0,0.0018739107757331415,0.0018785947991394399,11108352.0,0.0015454753004936113,0.001518002256246594,11108352.0,0.022190417260086786,0.021829329351749034
11120640.0,0.0019025938957687079,0.0018814072798704728,11120640.0,0.0014940503648783003,0.001512250636430205,11120640.0,0.02774098060520676,0.021259769610333025
11132928.0,0.001841687136523736,0.0018756934273066385,11132928.0,0.0014832382130407495,0.001507054569022633,11132928.0,0.030819601301724713,0.023524878598497403
11145216.0,0.0019006896636710735,0.0018704866861905128,11145216.0,0.0014798927350057056,0.0015030712567750016,11145216.0,0.013017715439976504,0.02143287470632155
11157504.0,0.001880387310544999,0.001874540571649656,11157504.0,0.0014933101016746757,0.0014999682286240081,11157504.0,0.03144246916053817,0.022482141380411727
11169792.0,0.0018733038123173174,0.0018751408607689279,11169792.0,0.001525536614281009,0.0015006516407690166,11169792.0,0.02217632601968944,0.022274620502624503
11182080.0,0.0019170025055548952,0.0018788768445422948,11182080.0,0.0015451980640743084,0.0015042760554933921,11182080.0,0.0288581876278234,0.023163085520597333
11194368.0,0.0018447747776614658,0.0018825963004322453,11194368.0,0.0014290945558362484,0.0014973592335688107,11194368.0,0.009758824133314192,0.02171017508614265
11206656.0,0.0019022823992903188,0.0018819111293851166,11206656.0,0.001626194466856153,0.0015102575616765537,11206656.0,0.04556888394290581,0.024669152976033122
11218944.0,0.0018708561698682995,0.0018807488446933955,11218944.0,0.0014674509839096572,0.001508944140005042,11218944.0,0.023947526467964053,0.02555209319592298
11231232.0,0.0018949365670171876,0.0018828514238218002,11231232.0,0.00152109790542454,0.0015065064004981348,11231232.0,0.016677513946585048,0.02500080286457281
11243520.0,0.0019045203619801516,0.0018830440704429442,11243520.0,0.0014950038615400747,0.0015066017501643122,11243520.0,0.03717222738002116,0.025943927542054247
11255808.0,0.0018507671854119205,0.001883952075331763,11255808.0,0.0015642017691182748,0.0015146981057720648,11255808.0,0.011100396683711248,0.023972007080252898
11268096.0,0.001920224579104494,0.001885905566875105,11268096.0,0.0015062430078008522,0.0015173331330515794,11268096.0,0.011843821300620524,0.023854617666317305
11280384.0,0.0018936506712634582,0.0018872319029469508,11280384.0,0.0015721325853519375,0.0015252153814193055,11280384.0,0.0303902833062845,0.023749399080891936
11292672.0,0.0018958449436468072,0.0018894860160799,11292672.0,0.001503884974833151,0.0015230502174745195,11292672.0,0.011470079417146431,0.022678774420637635
11304960.0,0.0018929370744444896,0.0018870794729688594,11304960.0,0.001559725402330514,0.0015245029513001403,11304960.0,0.06204034446272999,0.025996990104128294
11317248.0,0.0018887507728019652,0.0018914770724829093,11317248.0,0.0014425183975011653,0.001525845335466632,11317248.0,0.01063728638594815,0.02608483632939169
11329536.0,0.001880869698652532,0.0018893358024191307,11329536.0,0.0015086857589873641,0.0015140944646797531,11329536.0,0.026317061099689454,0.024159654045070058
11341824.0,0.0018943571327933266,0.0018916858987116335,11341824.0,0.0014828892781224567,0.001515638294101033,11341824.0,0.012437086047915121,0.023008610003065165
11354112.0,0.0018894733523969383,0.0018911395772496082,11354112.0,0.0015637538278194067,0.0015199038863405198,11354112.0,0.03466626782513534,0.024807485390920193
11366400.0,0.0018720756337036921,0.0018878951044219623,11366400.0,0.0014928021525217143,0.0015196837154386835,11366400.0,0.023528189194621518,0.023443081572380228
11378688.0,0.0018293069515493698,0.0018857490810357074,11378688.0,0.0015027381687104935,0.0015135373553979057,11378688.0,0.027092781247726332,0.02504232002878174
11390976.0,0.001920455741128535,0.0018857721972381114,11390976.0,0.0015165851461157824,0.0015145715692293986,11390976.0,0.017908923871194322,0.025648830285839114
11403264.0,0.00186839239904657,0.0018832463700164225,11403264.0,0.0014875797660351964,0.0015061162872977243,11403264.0,0.03836720976202438,0.026446522931413106
11415552.0,0.0018816150010631343,0.0018818233757580554,11415552.0,0.0015452084595987496,0.0015102486357742842,11415552.0,0.008132129199414825,0.026112727909639942
11427840.0,0.0019076756695236934,0.001883297235265976,11427840.0,0.0014813402964743243,0.0015024101251886652,11427840.0,0.0029257097800533907,0.020201264441372286
11440128.0,0.001848786894697696,0.0018793008474555489,11440128.0,0.001574294965394074,0.0015155877819779562,11440128.0,0.027051784214563668,0.021842714224233836
11452416.0,0.001869034809108901,0.0018781173585011857,11452416.0,0.001473303206997419,0.0015120495267789617,11452416.0,0.05029446012728537,0.024240454126993428
11464704.0,0.001875040290542529,0.0018761856742761057,11464704.0,0.001571321520411099,0.001520892751007826,11464704.0,0.022275441345603515,0.025224289656762267
11476992.0,0.0018985387760039885,0.0018770922166368108,11476992.0,0.0014610023905940277,0.001510617607285288,11476992.0,0.024374542825777706,0.024195117156826502
11489280.0,0.0018673162479293144,0.001876616278059373,11489280.0,0.0015488363945526846,0.0015162210314883851,11489280.0,0.026580953436981265,0.024500393581062478
11501568.0,0.0019506768173111293,0.0018887532646355491,11501568.0,0.0015344730478924855,0.0015193945194065842,11501568.0,0.020296705721799906,0.023820786028469834
11513856.0,0.0018402565698731148,0.0018807333475100072,11513856.0,0.0014985910844795096,0.001517595113242957,11513856.0,0.020991035125916824,0.024128997153942087
11526144.0,0.0018726683392742416,0.001881160941532774,11526144.0,0.0014891580594849074,0.001517752942587928,11526144.0,0.03225540261094769,0.023517816438834417
11538432.0,0.001896329021595496,0.00188263234358601,11538432.0,0.001534976602367048,0.0015167297568647578,11538432.0,0.015730054806529854,0.02427760899954592
11550720.0,0.0017938446392993985,0.0018712492405635807,11550720.0,0.0014830272084509488,0.00151689844806242,11550720.0,0.023187102652930964,0.026303748286833677
11563008.0,0.0019514162643948414,0.001881512177533295,11563008.0,0.0015664893799112178,0.0015161178895141346,11563008.0,0.020044634797765564,0.025603033345153868
11575296.0,0.001855376387538854,0.0018801463353762908,11575296.0,0.0015478255081688985,0.0015235701196312829,11575296.0,0.015945791693714757,0.022168166501796805
11587584.0,0.0019104686022425692,0.0018836891665462946,11587584.0,0.0015634574301657267,0.0015227837106067455,11587584.0,0.01114477678008067,0.02105510004524452
11599872.0,0.0019068453966610832,0.0018845198286120044,11599872.0,0.0015295257665760194,0.0015296360482049448,11599872.0,0.02608675910353971,0.021226321673020722
11612160.0,0.0018632070441526594,0.0018841089082343387,11612160.0,0.0014451285417938682,0.0015192652629290632,11612160.0,0.02930648293113336,0.02149887462243593
11624448.0,0.0018494667298606753,0.0018739878994892937,11624448.0,0.001639357637638265,0.001529753721903641,11624448.0,0.02202975012672444,0.021672179062928384
11636736.0,0.0018566993270117866,0.0018756321752031607,11636736.0,0.0015026029741420643,0.0015301549108698962,11636736.0,0.036949763753606625,0.023268051925697364
11649024.0,0.0018326349212050748,0.001871628833396244,11649024.0,0.001579301691284248,0.0015391692740498305,11649024.0,0.03395023581106216,0.02343753524570881
11661312.0,0.001855672873716685,0.0018675632186083628,11661312.0,0.001465981027649832,0.001532269716578109,11661312.0,0.029466967020804685,0.02481122646713629
11673600.0,0.0018280605678834643,0.0018709848114667697,11673600.0,0.001593962989015078,0.0015433632946345217,11673600.0,0.013064773030540286,0.023798993504897226
11685888.0,0.001873595185315935,0.0018632027035588787,11685888.0,0.0014860656610835576,0.0015353209227517556,11685888.0,0.014139951565690959,0.023208525181689765
11698176.0,0.0018962221777959105,0.0018672872825845842,11698176.0,0.0014996722560075189,0.0015305055975356177,11698176.0,0.04453345650108531,0.026067291662426818
11710464.0,0.0018770797438871039,0.0018639483967490377,11710464.0,0.0015658693549388165,0.001530746790012927,11710464.0,0.014029174562892877,0.02635573144070804
11722752.0,0.0018921440526658746,0.0018624782623495168,11722752.0,0.0014718682929621234,0.0015249810426515372,11722752.0,0.020870149339316413,0.025834070464285708
11735040.0,0.0019165824148027848,0.0018678157994145295,11735040.0,0.0016353746583869604,0.0015440056543108464,11735040.0,0.032142312362945326,0.026117653407466912
11747328.0,0.0018841542520628234,0.0018712845516347446,11747328.0,0.0014616166433067217,0.0015262315548776918,11747328.0,0.01584234480105806,0.02549891287490027
11759616.0,0.001894085450961332,0.0018750231640296989,11759616.0,0.0016088957975928981,0.0015368608372227754,11759616.0,0.01619639996594439,0.023423576496134045
11771904.0,0.0018365914741783247,0.0018754188193270238,11771904.0,0.0013965343308276108,0.001518584101177112,11771904.0,0.02189389694831334,0.02221794260985916
11784192.0,0.0019564340382203227,0.0018854949357773876,11784192.0,0.001643476676690625,0.0015363336660811913,11784192.0,0.0368437740059259,0.022955623308371288
11796480.0,0.0018684404064212383,0.001889532919631165,11796480.0,0.0014660566193924751,0.0015235430291189306,11796480.0,0.019257732967768487,0.023574919302094106
11808768.0,0.0019372466370744708,0.0018958980648070185,11808768.0,0.0016359247298775397,0.0015385289359983287,11808768.0,0.02808726712828502,0.024969650858353513
11821056.0,0.0019359785516523214,0.0018998737021926598,11821056.0,0.0014929147049163778,0.001537853180889215,11821056.0,0.01653107686433941,0.02216941289467892
11833344.0,0.0018632368107015889,0.0018984894088741083,11833344.0,0.001641006116187782,0.0015453668570141114,11833344.0,0.033790715873086206,0.02414556702569826
11845632.0,0.0019007140114505698,0.001899346404752578,11845632.0,0.0015547486691502854,0.0015536548946329277,11845632.0,0.006862512835747718,0.022744803375341387
11857920.0,0.0019091883338357245,0.001898606996655872,11857920.0,0.0015922385561376966,0.0015493412844080011,11857920.0,0.011588666588068008,0.020689438797853656
11870208.0,0.0018712230327461536,0.001897313874724205,11870208.0,0.0015272116009631038,0.0015559007801736395,11870208.0,0.01801967530627735,0.020907171848375584
11882496.0,0.001850085740443319,0.0018929139036724034,11882496.0,0.001574293584174787,0.0015524405588318285,11882496.0,0.015149193321121857,0.02080245118389333
11894784.0,0.00189962482060461,0.0018992172383150321,11894784.0,0.0015819258193611556,0.0015709797076851827,11894784.0,0.02101779713605841,0.020714841202667835
11907072.0,0.0018616583990175666,0.0018897396743947563,11907072.0,0.001511743073327428,0.0015578063473488631,11907072.0,0.028823506659440074,0.019912814468019256
11919360.0,0.0019194630761679339,0.0018948419413694257,11919360.0,0.0015692920405854238,0.0015681298894681581,11919360.0,0.00376605262135854,0.018363646433378258
11931648.0,0.001889766527407725,0.0018900939304027514,11931648.0,0.0015261654128456332,0.0015571539577649673,11931648.0,0.026540684775682166,0.018208988198117972
11943936.0,0.0019251327260766022,0.0018890093478451792,11943936.0,0.0016057828330910222,0.0015684407705824316,11943936.0,0.0020982697205909062,0.016765707483743123
11956224.0,0.001953803350867626,0.0018980660018617832,11956224.0,0.0015345432960505907,0.0015577944885687128,11956224.0,0.009522457316052169,0.014338881628039719
11968512.0,0.0019028973935443598,0.0018982843400711623,11968512.0,0.0015961538501869654,0.0015619350066723805,11968512.0,0.03932530388313656,0.017585160732778604
11980800.0,0.0018981941508779225,0.001897184921775382,11980800.0,0.0015843786065185366,0.0015611490117104646,11980800.0,0.013421943183251036,0.01776848839229691
11993088.0,0.0019432733497524168,0.0019043899534760083,11993088.0,0.0015238707437674748,0.0015608149259909016,11993088.0,0.02604287161375396,0.018570808023044567
12005376.0,0.0018237792398091794,0.0019017593034125944,12005376.0,0.0015867342250809695,0.0015620589900815199,12005376.0,0.00664309028312952,0.01772019771924533
12017664.0,0.001955351437572972,0.0019073319651094305,12017664.0,0.0015016620563983452,0.0015540326137852387,12017664.0,0.03167067720399549,0.018785485726039042
12029952.0,0.0018844908542329601,0.0019096152106309698,12029952.0,0.0015569500271036911,0.0015585533091628653,12029952.0,0.012214705115184188,0.017124605571613456
12042240.0,0.0018724219268430413,0.0019049110956984808,12042240.0,0.0015440926035807934,0.0015560333654624022,12042240.0,0.0388384991674684,0.020631850226224442
12054528.0,0.0019405076745897532,0.0019099852104166835,12054528.0,0.0016175765510221634,0.0015651744792800552,12054528.0,0.015863328876245458,0.019564114636280768
12066816.0,0.0018587383250026808,0.001903345770309291,12066816.0,0.0015743721154043062,0.0015620334075113836,12066816.0,0.024515533111601446,0.021805840975381824
12079104.0,0.001959746733215676,0.0019039401085440965,12079104.0,0.0015764460198018544,0.0015662236798865102,12079104.0,0.020126737751221906,0.022866269018898797
12091392.0,0.0018998973076425802,0.0019036400999539183,12091392.0,0.0015922241188188007,0.0015658307067496935,12091392.0,0.022311882125601794,0.021164926843145318
12103680.0,0.001907366463759293,0.0019045573312420551,12103680.0,0.0015015521033395391,0.0015575480564317939,12103680.0,0.021599842089926824,0.0219827167338129
12115968.0,0.0019398529451185216,0.0019042152907786654,12115968.0,0.0015798903223185334,0.0015631500142868997,12115968.0,0.026977448016017053,0.02207617437403921
12128256.0,0.0018254763587416771,0.0019043850026719156,12128256.0,0.0015100843847903889,0.0015554850302578415,12128256.0,0.03785480813045675,0.025197346158771932
12140544.0,0.0019683249423299762,0.0019056823531476159,12140544.0,0.0015527484714160285,0.00156059367175961,12140544.0,0.004189646449958673,0.022449243083368247
12152832.0,0.0019052630426206936,0.001907759571986389,12152832.0,0.0015785752687709949,0.0015627561959263403,12152832.0,0.017506813678968076,0.02297845393974664
12165120.0,0.0019548445549541307,0.0019160018347974983,12165120.0,0.001619842229653538,0.001570331158533615,12165120.0,0.039223692185866334,0.023016973241586434
12177408.0,0.0018873345015890663,0.0019106845174974296,12177408.0,0.0016237836140741517,0.0015709518648388133,12177408.0,0.03163375428024059,0.024594015781985945
12189696.0,0.0019508845992580366,0.0019198991449229648,12189696.0,0.0015067004187585553,0.0015641846951742384,12189696.0,0.017818953424769763,0.023924357813302776
12201984.0,0.0018823629573792762,0.0019121607673393249,12201984.0,0.00161355495887013,0.001567895589081066,12201984.0,0.02249264984857291,0.024160949023037878
12214272.0,0.0019300665262562688,0.001915177689200694,12214272.0,0.001540890668669211,0.001562762244066107,12214272.0,0.024035382763637852,0.024333299086841485
12226560.0,0.0019605060521522923,0.0019204916480399941,12226560.0,0.0014838991470848366,0.0015609969484406366,12226560.0,0.008072160635492764,0.022980530941398077
12238848.0,0.0018714401503530098,0.0019136503685634426,12238848.0,0.001611603111086879,0.0015641682273174716,12238848.0,0.006597435021831188,0.020942529641979492
12251136.0,0.0019082334025976404,0.0019219260729490394,12251136.0,0.0014347131709655514,0.0015566311059349875,12251136.0,0.027295688264227163,0.019886617655356528
12263424.0,0.0018844018086383585,0.0019135337595798773,12263424.0,0.0015394922490183187,0.0015553054836952166,12263424.0,0.021279313650059823,0.02159558437536665
12275712.0,0.0019156661473971326,0.0019145740700575215,12275712.0,0.0013936317239616376,0.0015368111292142809,12275712.0,0.00831543946696911,0.020676446954166754
12288000.0,0.001966288923237395,0.0019157185068858478,12288000.0,0.001619179983511761,0.0015367449046001034,12288000.0,0.008883317432870777,0.017642409478867194
