v2_latent_discrepancy_timesteps,v2_latent_discrepancy_score,v2_latent_discrepancy_score_mean,v3_latent_plus_clamped_eme_timesteps,v3_latent_plus_clamped_eme_score,v3_latent_plus_clamped_eme_score_mean,v4_latent_plus_normalised_eme_timesteps,v4_latent_plus_normalised_eme_score,v4_latent_plus_normalised_eme_score_mean
12288.0,1.0,1.0,12288.0,0.0013529870733085165,0.0013529870733085165,12288.0,0.0013529870733085165,0.0013529870733085165
24576.0,1.0,1.0,24576.0,0.0011866906091502945,0.0012698388412294055,24576.0,0.001180769971445746,0.0012668785223771313
36864.0,1.0,1.0,36864.0,0.012038041148722792,0.004859239610393868,36864.0,0.01941342489832702,0.007315727314360428
49152.0,1.0,1.0,49152.0,0.0025722112732182723,0.004287482526099969,49152.0,0.0033702390768060773,0.00632935525497184
61440.0,1.0,1.0,61440.0,0.0004869334782900599,0.003527372716537987,61440.0,0.0013680232162490331,0.005337088847227278
73728.0,1.0,1.0,73728.0,0.011689927758804211,0.00488779855691569,73728.0,0.002558342342429872,0.004873964429761043
86016.0,1.0,1.0,86016.0,0.0013942225620363995,0.0043887162719329345,86016.0,0.002433172377398781,0.004525279850852148
98304.0,1.0,1.0,98304.0,0.011179620691109449,0.0052375793243299995,98304.0,0.026918784307781607,0.007324467907968332
110592.0,1.0,1.0,110592.0,0.037016523361671716,0.008768573106256857,110592.0,0.0533016900299117,0.012433048143739817
122880.0,1.0,1.0,122880.0,0.013783942364777127,0.009270110032108885,122880.0,0.008665155813408395,0.012056258910706674
135168.0,1.0,1.0,135168.0,0.15335506340488791,0.024470317665266823,135168.0,0.12777901642645398,0.02469886184602122
147456.0,1.0,1.0,147456.0,0.21160175713400045,0.04551182431775184,147456.0,0.19908674526959658,0.0444894593758363
159744.0,1.0,1.0,159744.0,0.7147614924858013,0.11578416945145968,159744.0,0.21104034672801694,0.0636521515588053
172032.0,1.0,1.0,172032.0,1.0389396641403437,0.2194209147381722,172032.0,1.4943971758087475,0.21275484523199945
184320.0,1.0,1.0,184320.0,3.3114950011173883,0.5505217215020821,184320.0,1.7782072710494201,0.39043877001531657
196608.0,1.0,1.0,196608.0,7.504224598407745,1.2997751885669762,196608.0,1.0683301060150068,0.4970159463825742
208896.0,1.0,1.0,208896.0,1.2162906359881163,1.421264829909584,208896.0,2.232469336440166,0.720019562788851
221184.0,1.0,1.0,221184.0,1.0390148808558781,1.5240483559260611,221184.0,1.38026578972737,0.8553542633308098
233472.0,1.0,1.0,233472.0,0.7493823450058699,1.5952849380904808,233472.0,8.734017863869667,1.7234258807147853
245760.0,1.0,1.0,245760.0,0.5021290741860867,1.6441194512726116,245760.0,4.4302045206228895,2.1655798171957334
258048.0,1.0,1.0,258048.0,1.1734189242124557,1.7461258373533686,258048.0,1.1109755492458742,2.263899470477676
270336.0,1.0,1.0,270336.0,1.9929160252213478,1.9242572641621032,270336.0,0.8607114062954982,2.3300619365802655
282624.0,1.0,1.0,282624.0,3.182049483060837,2.170986063219607,282624.0,0.4090093333895008,2.349858835246414
294912.0,1.0,1.0,294912.0,1.4489677449067433,2.2119888712962466,294912.0,0.34603306899468106,2.2350224245650074
307200.0,1.0,1.0,307200.0,4.047165686885516,2.28555593987306,307200.0,0.8486315372089545,2.142064851180961
319488.0,1.0,1.0,319488.0,4.70936098198096,2.006069578230381,319488.0,6.040949548284213,2.6393267954078814
331776.0,1.0,1.0,331776.0,11.494144171476364,3.0338549317792056,331776.0,0.32892633602023125,2.448972495365888
344064.0,1.0,1.0,344064.0,4.894997037947178,3.419453147488336,344064.0,0.5731610140452782,2.368262017797679
356352.0,1.0,1.0,356352.0,2.664538220812877,3.6109687350690374,356352.0,0.6634874921292067,1.5612089806236327
368640.0,1.0,1.0,368640.0,0.17373350712781152,3.57812917836321,368640.0,0.08914041014698644,1.1271025695760426
380928.0,1.0,1.0,380928.0,0.23758867553745708,3.4845461534957094,380928.0,0.6582727373267213,1.0818322883841271
393216.0,1.0,1.0,393216.0,4.927165567399546e-07,3.2852546002452305,393216.0,1.4098324641054205e-07,0.995761161852902
405504.0,1.0,1.0,405504.0,3.2145563939896725e-05,2.96705286649554,405504.0,2.6661903499795397e-08,0.9548602311801421
417792.0,1.0,1.0,417792.0,3.467629738906908e-08,2.822156095472496,417792.0,6.143631973524559e-09,0.9202569248950372
430080.0,1.0,1.0,430080.0,1.228986396502781e-06,2.4174396496825836,430080.0,1.9761823288888536e-09,0.8353937713717601
442368.0,1.0,1.0,442368.0,9.258551851113832e-08,1.9465035607430399,442368.0,7.895808451507946e-10,0.2312988166222969
454656.0,1.0,1.0,454656.0,1.233071505642632e-07,0.7970891559261184,454656.0,3.2146866650132705e-10,0.1984061830524206
466944.0,1.0,1.0,466944.0,9.671468433225527e-06,0.3075904192782439,466944.0,1.444235564473928e-10,0.14109008166233517
479232.0,1.0,1.0,479232.0,5.0049185536712075e-09,0.041136597697448,479232.0,2.1407202399625902e-11,0.07474133245155523
491520.0,1.0,1.0,491520.0,1.6440700652727477e-10,0.023763247001107553,491520.0,7.198406315467309e-10,0.06582729150884065
503808.0,1.0,1.0,503808.0,0.00011165599183489879,1.5545046545328844e-05,503808.0,1.9046358240570882e-11,1.7778073147303727e-08
516096.0,1.0,1.0,516096.0,4.827842303711805e-07,1.5544053312691967e-05,516096.0,2.3436165045668627e-11,3.6820921227540916e-09
528384.0,1.0,1.0,528384.0,4.68752962963966e-06,1.279824988166626e-05,528384.0,2.6706848538227135e-12,1.0161688412599346e-09
540672.0,1.0,1.0,540672.0,9.36802583358561e-06,1.3731584835285917e-05,540672.0,8.741374233252793e-13,4.0189305764981127e-10
552960.0,1.0,1.0,552960.0,6.777463331294105e-09,1.3609363941968767e-05,552960.0,1.2264465159596283e-13,2.0428708922608552e-10
565248.0,1.0,1.0,565248.0,6.367833217761169e-06,1.423688871189377e-05,565248.0,2.15045374040848e-15,1.2532921975638007e-10
577536.0,1.0,1.0,577536.0,1.5649660175161746e-06,1.438105459858896e-05,577536.0,1.5176643349257472e-17,9.318235462391169e-11
589824.0,1.0,1.0,589824.0,3.3089410559720517e-07,1.3446997165826127e-05,589824.0,1.8007601304773416e-20,7.873999898097316e-11
602112.0,1.0,1.0,602112.0,1.4889265003148466e-05,1.4935423174285607e-05,602112.0,1.3874748554662228e-26,7.659927874101058e-11
614400.0,1.0,1.0,614400.0,1.6044738610313896e-06,1.5095854119688093e-05,614400.0,3.057097317906275e-26,4.615215586337488e-12
626688.0,1.0,1.0,626688.0,1.1598828374796236e-05,5.090137773677838e-06,626688.0,3.17779945456663e-30,2.7105797622803983e-12
638976.0,1.0,1.0,638976.0,3.7843680426400774e-06,5.420296154904728e-06,638976.0,4.535475681461278e-32,3.6696325771353594e-13
651264.0,1.0,1.0,651264.0,4.392685696075205e-06,5.390811761548283e-06,651264.0,2.4141155607458017e-36,9.989477233126458e-14
663552.0,1.0,1.0,663552.0,2.319219068643482e-07,4.4772013688761565e-06,663552.0,3.421402856903664e-38,1.2481029998736631e-14
675840.0,1.0,1.0,675840.0,4.220674920674128e-10,4.476565829292234e-06,675840.0,7.911030480345755e-41,2.165648391403491e-16
688128.0,1.0,1.0,688128.0,9.730460684901724e-06,4.812828576006289e-06,688128.0,6.305843089461677e-44,1.5194650995011191e-18
700416.0,1.0,1.0,700416.0,4.78480797028169e-06,5.134812771282841e-06,700416.0,0.0,1.8007645753718306e-21
712704.0,1.0,1.0,712704.0,8.441993486485444e-06,5.945922709371665e-06,712704.0,0.0,4.4448944890384765e-27
724992.0,1.0,1.0,724992.0,2.119174071898063e-05,6.576170280954881e-06,724992.0,0.0,3.057419633572254e-27
737280.0,1.0,1.0,737280.0,3.114805243361237e-08,6.4188377000951026e-06,737280.0,0.0,3.223156659790005e-31
749568.0,1.0,1.0,749568.0,5.093369206103186e-06,5.7682917832257985e-06,749568.0,0.0,4.535720522337546e-33
761856.0,1.0,1.0,761856.0,5.92215994762076e-09,5.390447194956553e-06,761856.0,0.0,2.448408762678073e-37
774144.0,1.0,1.0,774144.0,8.81451463404422e-06,5.832630088753454e-06,774144.0,0.0,3.429320193227099e-39
786432.0,1.0,1.0,786432.0,2.5724110249332927e-08,5.812010309091953e-06,786432.0,0.0,7.917336323435216e-42
798720.0,1.0,1.0,798720.0,7.233126477027933e-06,6.53528075004554e-06,798720.0,0.0,6.305843089461677e-45
811008.0,1.0,1.0,811008.0,2.1287055763726432e-05,7.69094025792801e-06,811008.0,0.0,0.0
823296.0,1.0,1.0,823296.0,3.0564227889347727e-08,7.215515883688775e-06,823296.0,0.0,0.0
835584.0,1.0,1.0,835584.0,9.282779501518235e-06,7.299594485192055e-06,835584.0,0.0,0.0
847872.0,1.0,1.0,847872.0,1.1851964150840407e-08,5.181605609709076e-06,847872.0,0.0,0.0
860160.0,1.0,1.0,860160.0,5.642225460178452e-07,5.2349130590675e-06,860160.0,0.0,0.0
872448.0,1.0,1.0,872448.0,1.7013942851917818e-05,6.426970423648963e-06,872448.0,0.0,0.0
884736.0,1.0,1.0,884736.0,3.2728512451285496e-06,6.753663332167057e-06,884736.0,0.0,0.0
897024.0,1.0,1.0,897024.0,3.2901118781107165e-05,9.16232374687335e-06,897024.0,0.0,0.0
909312.0,1.0,1.0,909312.0,7.101851224433631e-06,9.869936458291781e-06,909312.0,0.0,0.0
921600.0,1.0,1.0,921600.0,9.284000649737814e-06,1.0075023875562767e-05,921600.0,0.0,0.0
933888.0,1.0,1.0,933888.0,1.0106226303226625e-05,8.956940929512787e-06,933888.0,0.0,0.0
946176.0,1.0,1.0,946176.0,8.297384435233349e-06,9.783622950247187e-06,946176.0,0.0,0.0
958464.0,1.0,1.0,958464.0,4.65791981696384e-06,9.321136981791749e-06,958464.0,0.0,0.0
970752.0,1.0,1.0,970752.0,3.535033708127836e-05,1.28549854935045e-05,970752.0,0.0,0.0
983040.0,1.0,1.0,983040.0,7.990360851787651e-06,1.3597599324081481e-05,983040.0,0.0,0.0
995328.0,1.0,1.0,995328.0,5.2684268060450755e-05,1.7164631844934775e-05,995328.0,0.0,0.0
1007616.0,1.0,1.0,1007616.0,4.291482885795024e-06,1.7266495009001424e-05,1007616.0,0.0,0.0
1019904.0,1.0,1.0,1019904.0,2.338747193183129e-05,1.6315130324073834e-05,1019904.0,0.0,0.0
1032192.0,1.0,1.0,1032192.0,1.2978385105573883e-05,1.690278371218786e-05,1032192.0,0.0,0.0
1044480.0,1.0,1.0,1044480.0,1.6046786186052486e-05,1.7579062265819327e-05,1044480.0,0.0,0.0
1056768.0,1.0,1.0,1056768.0,1.6341884474968538e-05,1.820262808299352e-05,1056768.0,0.0,0.0
1069056.0,1.0,1.0,1069056.0,7.527824588275204e-06,1.81256720982977e-05,1069056.0,0.0,0.0
1081344.0,1.0,1.0,1081344.0,1.7959828255698085e-05,1.9455862942171126e-05,1081344.0,0.0,0.0
1093632.0,1.0,1.0,1093632.0,5.9758235389987625e-05,2.1896652773042053e-05,1093632.0,0.0,0.0
1105920.0,1.0,1.0,1105920.0,2.5374179434341688e-05,2.3635034631297457e-05,1105920.0,0.0,0.0
1118208.0,1.0,1.0,1118208.0,1.635051497335856e-05,2.000165932258824e-05,1118208.0,0.0,0.0
1130496.0,1.0,1.0,1130496.0,5.08713322536399e-05,2.4659644259372727e-05,1130496.0,0.0,0.0
1142784.0,1.0,1.0,1142784.0,1.1179540403342495e-05,2.3438851106523845e-05,1142784.0,0.0,0.0
1155072.0,1.0,1.0,1155072.0,1.5181222503694395e-05,2.3659134846335898e-05,1155072.0,0.0,0.0
1167360.0,1.0,1.0,1167360.0,1.2762679640824596e-05,2.3330724191813107e-05,1167360.0,0.0,0.0
1179648.0,1.0,1.0,1179648.0,1.7823675686183076e-05,2.3478903312934562e-05,1179648.0,0.0,0.0
1191936.0,1.0,1.0,1191936.0,7.177497415492932e-05,2.9903618269599967e-05,1191936.0,0.0,0.0
1204224.0,1.0,1.0,1204224.0,0.00011175729256744187,3.928336470077436e-05,1204224.0,0.0,0.0
1216512.0,1.0,1.0,1216512.0,1.583679113537073e-05,3.489122027531266e-05,1216512.0,0.0,0.0
1228800.0,1.0,1.0,1228800.0,5.064711634380122e-05,3.741851396625862e-05,1228800.0,0.0,0.0
1241088.0,1.0,1.0,1241088.0,1.8463750166120008e-05,3.762983748553476e-05,1241088.0,0.0,0.0
1253376.0,1.0,1.0,1253376.0,3.2163176607961454e-05,3.575902192096692e-05,1253376.0,0.0,0.0
1265664.0,1.0,1.0,1265664.0,3.8569771277252585e-05,3.849804500835793e-05,1265664.0,0.0,0.0
1277952.0,1.0,1.0,1277952.0,4.886670891816417e-05,4.186659364980491e-05,1277952.0,0.0,0.0
1290240.0,1.0,1.0,1290240.0,9.743937213594715e-05,5.033426289931716e-05,1290240.0,0.0,0.0
1302528.0,1.0,1.0,1302528.0,1.7006037523970008e-05,5.025249908309586e-05,1302528.0,0.0,0.0
1314816.0,1.0,1.0,1314816.0,4.81397631422927e-05,4.788897798183219e-05,1314816.0,0.0,0.0
1327104.0,1.0,1.0,1327104.0,2.1056698945661385e-05,3.881891861965413e-05,1327104.0,0.0,0.0
1339392.0,1.0,1.0,1339392.0,6.512760592158884e-05,4.374800009827595e-05,1339392.0,0.0,0.0
1351680.0,1.0,1.0,1351680.0,1.964669111960878e-05,4.06479575758567e-05,1351680.0,0.0,0.0
1363968.0,1.0,1.0,1363968.0,2.450004588657369e-05,4.125158714790208e-05,1363968.0,0.0,0.0
1376256.0,1.0,1.0,1376256.0,2.6370466609175008e-05,4.067231614802343e-05,1376256.0,0.0,0.0
1388544.0,1.0,1.0,1388544.0,2.763026956624041e-05,3.957836597692222e-05,1388544.0,0.0,0.0
1400832.0,1.0,1.0,1400832.0,7.571784711520498e-06,3.5448873556257844e-05,1400832.0,0.0,0.0
1413120.0,1.0,1.0,1413120.0,2.374838610800604e-05,2.807977495346374e-05,1413120.0,0.0,0.0
1425408.0,1.0,1.0,1425408.0,2.625559379036228e-05,2.9004730580102968e-05,1425408.0,0.0,0.0
1437696.0,1.0,1.0,1437696.0,1.3215848108908782e-05,2.5512339076764573e-05,1437696.0,0.0,0.0
1449984.0,1.0,1.0,1449984.0,1.7345841721786808e-05,2.5141253354377112e-05,1449984.0,0.0,0.0
1462272.0,1.0,1.0,1462272.0,7.779743100400083e-06,1.9406467072258237e-05,1462272.0,0.0,0.0
1474560.0,1.0,1.0,1474560.0,1.2700108830661824e-05,1.8711808843363544e-05,1474560.0,0.0,0.0
1486848.0,1.0,1.0,1486848.0,1.973193381369735e-05,1.8234997636075908e-05,1486848.0,0.0,0.0
1499136.0,1.0,1.0,1499136.0,4.873210370230178e-05,2.0471161345388582e-05,1499136.0,0.0,0.0
1511424.0,1.0,1.0,1511424.0,4.813876876141876e-05,2.252201126490642e-05,1511424.0,0.0,0.0
1523712.0,1.0,1.0,1523712.0,7.673015716136433e-06,2.253213436536801e-05,1523712.0,0.0,0.0
1536000.0,1.0,1.0,1536000.0,4.14249310172939e-06,2.057154506474035e-05,1536000.0,0.0,0.0
1548288.0,1.0,1.0,1548288.0,1.586281966107587e-05,1.9532267651811706e-05,1548288.0,0.0,0.0
1560576.0,1.0,1.0,1560576.0,3.746422104692707e-05,2.1957104945613533e-05,1560576.0,0.0,0.0
1572864.0,1.0,1.0,1572864.0,5.962151287045951e-06,2.0818735902139447e-05,1572864.0,0.0,0.0
1585152.0,1.0,1.0,1585152.0,1.0840803345975777e-05,2.112484192669702e-05,1585152.0,0.0,0.0
1597440.0,1.0,1.0,1597440.0,3.2919482085465765e-06,2.0184025864485496e-05,1597440.0,0.0,0.0
1609728.0,1.0,1.0,1609728.0,9.799402960197767e-07,1.8308826512717738e-05,1609728.0,0.0,0.0
1622016.0,1.0,1.0,1622016.0,2.422768678419137e-06,1.3677893010329476e-05,1622016.0,0.0,0.0
1634304.0,1.0,1.0,1634304.0,3.00507569287826e-06,9.164523703475425e-06,1634304.0,0.0,0.0
1646592.0,1.0,1.0,1646592.0,6.899187307377966e-07,8.466214004935561e-06,1646592.0,0.0,0.0
1658880.0,1.0,1.0,1658880.0,4.2156391562760596e-08,8.056180333918897e-06,1658880.0,0.0,0.0
1671168.0,1.0,1.0,1671168.0,2.2029308747543532e-09,6.470118660898787e-06,1671168.0,0.0,0.0
1683456.0,1.0,1.0,1683456.0,1.0061238879070326e-10,2.7237066174449583e-06,1683456.0,0.0,0.0
1695744.0,1.0,1.0,1695744.0,3.980486946997264e-12,2.1274918867890577e-06,1695744.0,0.0,0.0
1708032.0,1.0,1.0,1708032.0,4.6422330039301113e-07,1.0898338822307811e-06,1708032.0,0.0,0.0
1720320.0,1.0,1.0,1720320.0,4.8113988668774255e-06,1.2417789480638658e-06,1720320.0,0.0,0.0
1732608.0,1.0,1.0,1732608.0,2.4646137717354577e-06,1.3902462956354341e-06,1732608.0,0.0,0.0
1744896.0,1.0,1.0,1744896.0,7.87010018636162e-07,1.2266704296571367e-06,1744896.0,0.0,0.0
1757184.0,1.0,1.0,1757184.0,1.684325212636395e-08,9.278471855819469e-07,1757184.0,0.0,0.0
1769472.0,1.0,1.0,1769472.0,2.3592594544652457e-10,8.588789051027119e-07,1769472.0,0.0,0.0
1781760.0,1.0,1.0,1781760.0,3.3174819691339508e-06,1.1864114628598308e-06,1781760.0,0.0,0.0
1794048.0,1.0,1.0,1794048.0,1.3196261837341201e-06,1.3181537881457676e-06,1794048.0,0.0,0.0
1806336.0,1.0,1.0,1806336.0,1.5114401321625337e-06,1.4692877401231417e-06,1806336.0,0.0,0.0
1818624.0,1.0,1.0,1818624.0,5.406633363236324e-07,1.5233536757068105e-06,1818624.0,0.0,0.0
1830912.0,1.0,1.0,1830912.0,3.120046206580203e-07,1.5081318077333115e-06,1830912.0,0.0,0.0
1843200.0,1.0,1.0,1843200.0,1.4944877927784244e-09,1.0271413698248465e-06,1843200.0,0.0,0.0
1855488.0,1.0,1.0,1855488.0,2.6269813870512713e-12,7.806802553494395e-07,1855488.0,0.0,0.0
1867776.0,1.0,1.0,1867776.0,1.995618428433469e-06,9.015410963291701e-07,1867776.0,0.0,0.0
1880064.0,1.0,1.0,1880064.0,3.934464075427968e-06,1.2933031786593305e-06,1880064.0,0.0,0.0
1892352.0,1.0,1.0,1892352.0,1.2106127087463392e-06,1.4143408569394198e-06,1892352.0,0.0,0.0
1904640.0,1.0,1.0,1904640.0,1.0342465772694709e-10,1.0826030024917974e-06,1904640.0,0.0,0.0
1916928.0,1.0,1.0,1916928.0,1.875558302416591e-12,9.506405716742157e-07,1916928.0,0.0,0.0
1929216.0,1.0,1.0,1929216.0,6.785505017129859e-07,8.673516086292609e-07,1929216.0,0.0,0.0
1941504.0,1.0,1.0,1941504.0,7.341504291010399e-06,1.5474357040979377e-06,1941504.0,0.0,0.0
1953792.0,1.0,1.0,1953792.0,3.781733444914911e-08,1.5200169754770503e-06,1953792.0,0.0,0.0
1966080.0,1.0,1.0,1966080.0,4.426412939887806e-11,1.5198719531107126e-06,1966080.0,0.0,0.0
1978368.0,1.0,1.0,1978368.0,1.1622023308106796e-15,1.5198716905287938e-06,1978368.0,0.0,0.0
1990656.0,1.0,1.0,1990656.0,1.3194032059497356e-06,1.4522501682804208e-06,1990656.0,0.0,0.0
2002944.0,1.0,1.0,2002944.0,6.016069164616056e-06,1.6604106771992295e-06,2002944.0,0.0,0.0
2015232.0,1.0,1.0,2015232.0,8.812889973341953e-08,1.5481622962979376e-06,2015232.0,0.0,0.0
2027520.0,1.0,1.0,2027520.0,1.325777854314462e-06,1.680729739263611e-06,2027520.0,0.0,0.0
2039808.0,1.0,1.0,2039808.0,1.621675830657902e-09,1.6808917192908468e-06,2039808.0,0.0,0.0
2052096.0,1.0,1.0,2052096.0,6.1548307712655514e-06,2.228519746246103e-06,2052096.0,0.0,0.0
2064384.0,1.0,1.0,2064384.0,4.958563218591486e-13,1.4943693667306956e-06,2064384.0,0.0,0.0
2076672.0,1.0,1.0,2076672.0,4.2079794509986e-12,1.4905880540837257e-06,2076672.0,0.0,0.0
2088960.0,1.0,1.0,2088960.0,1.2224167171848618e-14,1.4905836288932025e-06,2088960.0,0.0,0.0
2101248.0,1.0,1.0,2101248.0,1.779894485739348e-17,1.4905836287787624e-06,2101248.0,0.0,0.0
2113536.0,1.0,1.0,2113536.0,1.6594428928770012e-20,1.3586433081837905e-06,2113536.0,0.0,0.0
2125824.0,1.0,1.0,2125824.0,7.579607502469616e-24,7.570363917221847e-07,2125824.0,0.0,0.0
2138112.0,1.0,1.0,2138112.0,2.726325163798102e-29,7.482235017488427e-07,2138112.0,0.0,0.0
2150400.0,1.0,1.0,2150400.0,2.594309762571356e-07,6.415888139431101e-07,2150400.0,0.0,0.0
2162688.0,1.0,1.0,2162688.0,6.281092386946814e-09,6.42054755598739e-07,2162688.0,0.0,0.0
2174976.0,1.0,1.0,2174976.0,3.446360326749461e-11,2.6575124832510552e-08,2174976.0,0.0,0.0
2187264.0,1.0,1.0,2187264.0,1.0320131974111042e-13,2.6575085567010332e-08,2187264.0,0.0,0.0
2199552.0,1.0,1.0,2199552.0,6.385846518242033e-07,9.043312995148557e-08,2199552.0,0.0,0.0
2211840.0,1.0,1.0,2211840.0,1.1360375603193991e-10,9.044448910467206e-08,2211840.0,0.0,0.0
2224128.0,1.0,1.0,2224128.0,2.131707715439616e-12,9.04447022736637e-08,2224128.0,0.0,0.0
2236416.0,1.0,1.0,2236416.0,1.3174778696024962e-15,9.044470240540981e-08,2236416.0,0.0,0.0
2248704.0,1.0,1.0,2248704.0,7.087483390335708e-19,9.04447024054807e-08,2248704.0,0.0,0.0
2260992.0,1.0,1.0,2260992.0,3.678217729049726e-21,9.044470240548107e-08,2260992.0,0.0,0.0
2273280.0,1.0,1.0,2273280.0,1.048193750912729e-25,6.450160477976752e-08,2273280.0,0.0,0.0
2285568.0,1.0,1.0,2285568.0,5.425900348325464e-27,6.387349554107283e-08,2285568.0,0.0,0.0
2297856.0,1.0,1.0,2297856.0,2.036784765853857e-05,2.1006548150346027e-06,2297856.0,0.0,0.0
2310144.0,1.0,1.0,2310144.0,1.3498952474340816e-08,2.1020046999619048e-06,2310144.0,0.0,0.0
2322432.0,1.0,1.0,2322432.0,3.1723105623863525e-11,2.038149407090047e-06,2322432.0,0.0,0.0
2334720.0,1.0,1.0,2334720.0,6.038352191308979e-15,2.038138047318279e-06,2334720.0,0.0,0.0
2347008.0,1.0,1.0,2347008.0,6.212760351494698e-17,2.0381378341537202e-06,2347008.0,0.0,0.0
2359296.0,1.0,1.0,2359296.0,1.8171820556744933e-05,3.855319889696466e-06,2359296.0,0.0,0.0
2371584.0,1.0,1.0,2371584.0,2.915168847058188e-09,3.855611406581101e-06,2371584.0,0.0,0.0
2383872.0,1.0,1.0,2383872.0,2.7001734181908432e-11,3.8556141067545184e-06,2383872.0,0.0,0.0
2396160.0,1.0,1.0,2396160.0,5.746161664587826e-17,3.855614106760265e-06,2396160.0,0.0,0.0
2408448.0,1.0,1.0,2408448.0,3.747856093804262e-17,3.855614106764013e-06,2408448.0,0.0,0.0
2420736.0,1.0,1.0,2420736.0,2.18942515845216e-20,1.818829340910158e-06,2420736.0,0.0,0.0
2433024.0,1.0,1.0,2433024.0,2.3062148102326319e-07,1.8405415937650503e-06,2433024.0,0.0,0.0
2445312.0,1.0,1.0,2445312.0,1.544654878671281e-05,3.3851933001257684e-06,2445312.0,0.0,0.0
2457600.0,1.0,1.0,2457600.0,9.270485120301449e-10,3.3852860043731367e-06,2457600.0,0.0,0.0
2469888.0,1.0,1.0,2469888.0,1.402005030589256e-07,3.3993060546728164e-06,2469888.0,0.0,0.0
2482176.0,1.0,1.0,2482176.0,1.7937778314565853e-07,1.6000617773128886e-06,2482176.0,1.6824792480838502e-34,1.68247924808385e-35
2494464.0,1.0,1.0,2494464.0,6.802796027235066e-06,2.2800498631516895e-06,2494464.0,3.6626867464898774e-09,3.6626867464898773e-10
2506752.0,1.0,1.0,2506752.0,7.72625554645856e-08,2.28777341852473e-06,2506752.0,4.2666603576313e-14,3.6627294130934536e-10
2519040.0,1.0,1.0,2519040.0,3.355148797679064e-11,2.2877767736677816e-06,2519040.0,2.3505461466122313e-11,3.686234874559576e-10
2531328.0,1.0,1.0,2531328.0,7.316141515426959e-06,3.0193909252067297e-06,2531328.0,2.7402691671341017e-08,3.1088926545900596e-09
2543616.0,1.0,1.0,2543616.0,1.9907755207289787e-07,3.0392986804140176e-06,2543616.0,2.1768919111764262e-08,5.285784565766486e-09
2555904.0,1.0,1.0,2555904.0,4.5222736666516994e-10,3.0162817550483573e-06,2555904.0,1.1996608133973963e-12,5.285904531847825e-09
2568192.0,1.0,1.0,2568192.0,1.477482389115418e-05,2.9491092654924945e-06,2568192.0,2.7307827223446712e-14,5.285907262630547e-09
2580480.0,1.0,1.0,2580480.0,1.536519107503409e-07,2.964381751716325e-06,2580480.0,6.844871316673905e-19,5.285907262698997e-09
2592768.0,1.0,1.0,2592768.0,1.2295544212411377e-10,2.950373996954645e-06,2592768.0,4.21963528191729e-20,5.2859072627032165e-09
2605056.0,1.0,1.0,2605056.0,1.1266575779961263e-12,2.932436331305837e-06,2605056.0,3.7243036310504945e-23,5.285907262703221e-09
2617344.0,1.0,1.0,2617344.0,1.924134752092262e-05,4.176291480674592e-06,2617344.0,1.1433347312519638e-27,4.919638588054232e-09
2629632.0,1.0,1.0,2629632.0,8.25617613979072e-07,4.251126986526041e-06,2629632.0,8.921242935200324e-29,4.919634321393875e-09
2641920.0,1.0,1.0,2641920.0,7.236130213546706e-10,4.251195992679379e-06,2641920.0,9.519047948256624e-34,4.917283775247262e-09
2654208.0,1.0,1.0,2654208.0,7.598051239103102e-13,3.519581917117195e-06,2654208.0,3.562394557943644e-35,2.1770146081131603e-09
2666496.0,1.0,1.0,2666496.0,8.460892113789012e-16,3.4996741619945144e-06,2666496.0,1.587068601740358e-39,1.2269693673415717e-13
2678784.0,1.0,1.0,2678784.0,5.587103260040749e-07,3.5554999718582562e-06,2678784.0,2.3800914286710585e-40,2.730855394417547e-15
2691072.0,1.0,1.0,2691072.0,4.8054507715278305e-06,2.5585626598956206e-06,2691072.0,1.0930128021733573e-43,7.26720728755422e-20
2703360.0,1.0,1.0,2703360.0,2.9138088090500482e-06,2.8345783497255914e-06,2703360.0,2.999756180638354e-32,4.223359708806155e-21
2715648.0,1.0,1.0,2715648.0,2.140017841156805e-06,3.04856783829706e-06,2715648.0,3.2890425198199105e-09,3.289042519819948e-10
2727936.0,1.0,1.0,2727936.0,4.944547882246297e-09,3.0490621804195267e-06,2727936.0,6.058413030511171e-12,3.2951009328504215e-10
2740224.0,1.0,1.0,2740224.0,1.0609835347471138e-05,2.185910963074378e-06,2740224.0,3.030464221398232e-15,3.295103963314643e-10
2752512.0,1.0,1.0,2752512.0,8.228738806792535e-06,2.9262230823557247e-06,2752512.0,2.0795589709009065e-17,3.2951039841102327e-10
2764800.0,1.0,1.0,2764800.0,1.1445566390951474e-07,2.9375962874445405e-06,2764800.0,3.0309797821187942e-15,3.2951070150900155e-10
2777088.0,1.0,1.0,2777088.0,8.343682566192001e-06,3.7719644680832285e-06,2777088.0,2.004675360896731e-11,3.315153768698982e-10
2789376.0,1.0,1.0,2789376.0,1.3200961499630163e-05,5.092060617961635e-06,2789376.0,4.8457942843545725e-09,8.160948053053554e-10
2801664.0,1.0,1.0,2801664.0,1.094285645801089e-07,5.047132441819239e-06,2801664.0,3.944840981651154e-12,8.164892894035206e-10
2813952.0,1.0,1.0,2813952.0,1.6806709027150646e-05,6.2472582673815195e-06,2813952.0,8.863182178927195e-12,8.173756076214133e-10
2826240.0,1.0,1.0,2826240.0,9.817367754294537e-06,6.93761416190597e-06,2826240.0,2.5396109549815266e-13,8.174010037309632e-10
2838528.0,1.0,1.0,2838528.0,1.0744726750999689e-05,7.798085052890258e-06,2838528.0,1.0745144096164807e-16,4.884967624941161e-10
2850816.0,1.0,1.0,2850816.0,8.197226028035706e-06,8.617313200905604e-06,2850816.0,1.1293331467063976e-19,4.878909212023584e-10
2863104.0,1.0,1.0,2863104.0,3.7963351739260055e-05,1.1352664840084494e-05,2863104.0,4.190727338992479e-22,4.878906181559782e-10
2875392.0,1.0,1.0,2875392.0,2.416571805952117e-05,1.2946362765357358e-05,2875392.0,2.354010749730837e-19,4.878906160999594e-10
2887680.0,1.0,1.0,2887680.0,1.2486278137657791e-05,1.4183545012732185e-05,2887680.0,1.7732665336112063e-10,5.05622978338093e-10
2899968.0,1.0,1.0,2899968.0,1.5093656353807697e-05,1.4858542391493754e-05,2899968.0,2.6940163424735153e-13,5.036452431406212e-10
2912256.0,1.0,1.0,2912256.0,1.481411891290918e-05,1.501985813282166e-05,2912256.0,5.511716797305827e-16,1.9065869822331862e-11
2924544.0,1.0,1.0,2924544.0,1.0980867652203112e-06,1.5118723952885677e-05,2924544.0,7.218762468085291e-19,1.8671385796354373e-11
2936832.0,1.0,1.0,2936832.0,3.2805321097839624e-05,1.6718585159954574e-05,2936832.0,2.0835451882324682e-10,3.862051946078634e-11
2949120.0,1.0,1.0,2949120.0,7.914748797096156e-08,1.5744763133322218e-05,2949120.0,1.1664125683837531e-11,3.976153591962027e-11
2961408.0,1.0,1.0,2961408.0,1.8453873614395397e-10,1.4670308912095865e-05,2961408.0,2.4930735994151596e-09,2.8906888511599214e-10
2973696.0,1.0,1.0,2973696.0,1.691845075887007e-06,1.4019770816880994e-05,2973696.0,9.491925763901083e-10,3.839881427437096e-10
2985984.0,1.0,1.0,2985984.0,1.3712189684156328e-05,1.159465461137062e-05,2985984.0,5.447169335962935e-12,3.8453285967726404e-10
2998272.0,1.0,1.0,2998272.0,4.716155672213063e-06,9.64969837263981e-06,2998272.0,5.101511435512407e-10,4.3554797400884803e-10
3010560.0,1.0,1.0,3010560.0,1.7511909391032532e-05,1.0152261497977284e-05,3010560.0,3.178108470835994e-11,4.2099341714357194e-10
3022848.0,1.0,1.0,3022848.0,3.202580955985468e-08,8.6460984435525e-06,3022848.0,3.0086888536118295e-10,4.510533655162655e-10
3035136.0,1.0,1.0,3035136.0,1.453647322099035e-05,8.618333874360616e-06,3035136.0,1.0874164705261997e-12,4.511620520461501e-10
3047424.0,1.0,1.0,3047424.0,9.107961318477464e-08,8.517633159157064e-06,3047424.0,5.694577137518543e-18,4.5116205254342017e-10
3059712.0,1.0,1.0,3059712.0,1.4088597405740681e-06,5.377987023430508e-06,3059712.0,1.3302545420137038e-19,4.3032660067439803e-10
3072000.0,1.0,1.0,3072000.0,6.29636935182513e-10,5.37013523832693e-06,3072000.0,4.914850174700854e-14,4.291651029561891e-10
3084288.0,1.0,1.0,3084288.0,1.2631224191594903e-12,5.370116910765557e-06,3084288.0,7.47483926607136e-11,1.8733258228074442e-10
3096576.0,1.0,1.0,3096576.0,8.821292188561832e-06,6.083061622033041e-06,3096576.0,8.527859046818705e-14,9.242185250078041e-11
3108864.0,1.0,1.0,3108864.0,1.887548326825102e-06,4.900597486299919e-06,3108864.0,3.4507234107176526e-10,1.2638436967436064e-10
3121152.0,1.0,1.0,3121152.0,3.502184853232393e-08,4.432484103931844e-06,3121152.0,1.7304248774626293e-10,9.267350409386287e-11
3133440.0,1.0,1.0,3133440.0,1.3515770357723037e-05,4.032870200600895e-06,3133440.0,1.3085666809390755e-12,8.962625229112077e-11
3145728.0,1.0,1.0,3145728.0,1.017768833359393e-05,5.047436453004301e-06,3145728.0,2.662450815371642e-10,8.616387190871889e-11
3158016.0,1.0,1.0,3158016.0,8.89920670488209e-08,3.6026883376101494e-06,3158016.0,9.814071037321053e-10,1.841958406348768e-10
3170304.0,1.0,1.0,3170304.0,1.8984769312169192e-10,3.5935993610609833e-06,3170304.0,8.34673302696487e-12,1.850305133681156e-10
3182592.0,1.0,1.0,3182592.0,4.4946658211605e-06,3.902179969119627e-06,3182592.0,1.6893431776078896e-14,1.8503220269799066e-10
3194880.0,1.0,1.0,3194880.0,1.1437676524413594e-07,3.913554681950523e-06,3194880.0,1.1423576017594126e-16,1.8502729927139197e-10
3207168.0,1.0,1.0,3207168.0,5.5534678707521344e-11,3.913560109106152e-06,3207168.0,1.5433530379619734e-10,1.9298599038494033e-10
3219456.0,1.0,1.0,3219456.0,1.2410631451963442e-16,3.031430890262378e-06,3219456.0,2.3748662541719923e-14,1.9297983739214768e-10
3231744.0,1.0,1.0,3231744.0,1.8131103754284828e-16,2.8426760575979995e-06,3231744.0,1.5588380956425378e-09,3.1435641284922493e-10
3244032.0,1.0,1.0,3244032.0,9.20362784283997e-19,2.839173872744859e-06,3244032.0,5.401303478554572e-11,3.0245346755315324e-10
3256320.0,1.0,1.0,3256320.0,1.9794423980458283e-21,1.4875968369725555e-06,3256320.0,9.920364973936557e-09,1.2943591082787151e-09
3268608.0,1.0,1.0,3268608.0,1.7988212401102526e-09,4.700078857371736e-07,3268608.0,3.682424012709425e-13,1.2677714243651257e-09
3280896.0,1.0,1.0,3280896.0,1.8693049241846893e-07,4.798017282741385e-07,3280896.0,5.5425454084540955e-15,1.169631268246456e-09
3293184.0,1.0,1.0,3293184.0,1.701328855574502e-09,4.799528763903836e-07,3293184.0,1.2436528044369732e-13,1.168809031471804e-09
3305472.0,1.0,1.0,3305472.0,4.4603911131720536e-13,3.048633887824481e-08,3305472.0,5.581883103881561e-11,1.174389225232508e-09
3317760.0,1.0,1.0,3317760.0,3.4945976189121202e-15,1.9048662703290982e-08,3317760.0,5.758759025198401e-10,1.2319768040609158e-09
3330048.0,1.0,1.0,3330048.0,1.462936552548035e-20,1.9043109235421693e-08,3330048.0,8.663158153806213e-12,1.2174095894966768e-09
3342336.0,1.0,1.0,3342336.0,4.3782500185782696e-21,1.9043109223011502e-08,3342336.0,6.183863461804254e-13,1.2174690532650407e-09
3354624.0,1.0,1.0,3354624.0,2.8618222292590044e-24,1.9043109204880394e-08,3354624.0,3.3722462322582913e-11,1.0649574899330451e-09
3366912.0,1.0,1.0,3366912.0,6.195024500019974e-29,1.904310920478836e-08,3366912.0,1.679705078731312e-10,1.0763532372418035e-09
3379200.0,1.0,1.0,3379200.0,4.601749300644254e-30,1.9043109204788164e-08,3379200.0,3.158319959728484e-13,8.434832304774523e-11
3391488.0,1.0,1.0,3391488.0,9.453192346619742e-33,1.8863227080777136e-08,3391488.0,3.8619295501149457e-16,8.431153742691363e-11
3403776.0,1.0,1.0,3403776.0,6.418637591802205e-08,6.588815430732449e-09,3403776.0,1.4047848421402976e-18,8.431098331285127e-11
3416064.0,1.0,1.0,3416064.0,3.7393873183096577e-10,6.456076418358095e-09,3416064.0,5.666576837389433e-10,1.4096431515870126e-10
3428352.0,1.0,1.0,3428352.0,6.522198417197728e-14,6.4560383366453815e-09,3428352.0,6.421517253126415e-12,1.3602458378013234e-10
3440640.0,1.0,1.0,3440640.0,3.3023841732538855e-16,6.4560380202094606e-09,3440640.0,3.7073847695504963e-10,1.1551084122365327e-10
3452928.0,1.0,1.0,3452928.0,3.2777252353910404e-19,6.456038020240775e-09,3452928.0,1.198107816661557e-11,1.1584263322493424e-10
3465216.0,1.0,1.0,3465216.0,3.2556450275732913e-22,6.456038020240371e-09,3465216.0,9.937082638226495e-11,1.2571787722854268e-10
3477504.0,1.0,1.0,3477504.0,1.0521135133482555e-07,1.6977173153722927e-08,3477504.0,1.014349830981883e-11,1.2335998082726627e-10
3489792.0,1.0,1.0,3489792.0,9.915927338492263e-11,1.6987089081061417e-08,3489792.0,1.3587227272474657e-15,1.0656306591222587e-10
3502080.0,1.0,1.0,3502080.0,2.8131906707207683e-14,1.698709189425209e-08,3502080.0,1.050720018871726e-16,1.0653149321982879e-10
3514368.0,1.0,1.0,3514368.0,1.6632413462502882e-05,1.6802284381445403e-06,3514368.0,1.410723619813981e-19,1.0653145461464049e-10
3526656.0,1.0,1.0,3526656.0,1.4489513292896088e-09,1.673954695685667e-06,3526656.0,3.765202372107979e-09,4.830516916849599e-10
3538944.0,1.0,1.0,3538944.0,2.8728047718473704e-11,1.6739201746172557e-06,3538944.0,2.872362585412333e-14,4.2638879567365095e-10
3551232.0,1.0,1.0,3551232.0,7.790764357196167e-06,2.4529966038146743e-06,3551232.0,1.2276258713287783e-11,4.269742698196671e-10
3563520.0,1.0,1.0,3563520.0,3.38883765493847e-08,2.4563854414365886e-06,3563520.0,3.397718402927315e-10,4.2387760615343525e-10
3575808.0,1.0,1.0,3575808.0,2.1666305353088926e-05,4.623015976745448e-06,3575808.0,8.71303769874506e-10,5.098098753242243e-10
3588096.0,1.0,1.0,3588096.0,8.434612027485855e-06,5.466477179494034e-06,3588096.0,2.2995120347799047e-13,4.998957878063456e-10
3600384.0,1.0,1.0,3600384.0,1.853683837301408e-05,7.30963988166196e-06,3600384.0,1.5781121662271705e-15,4.988815957865803e-10
3612672.0,1.0,1.0,3612672.0,2.817704019738206e-07,7.337807005932002e-06,3612672.0,1.2551580712236763e-18,4.988814600398235e-10
3624960.0,1.0,1.0,3624960.0,7.564435189344465e-11,7.337814567554002e-06,3624960.0,8.920118305332322e-18,4.988814504246351e-10
3637248.0,1.0,1.0,3637248.0,7.987705910479186e-14,5.674573229291418e-06,3637248.0,1.1337140485660295e-10,5.102185908961881e-10
3649536.0,1.0,1.0,3649536.0,2.192542372843794e-07,5.696353757886928e-06,3649536.0,4.723000879280903e-10,1.8092836247819933e-10
3661824.0,1.0,1.0,3661824.0,8.116719333687665e-11,5.6963590018014906e-06,3661824.0,8.06820628825496e-11,1.889936964038689e-10
3674112.0,1.0,1.0,3674112.0,3.8643372356206296e-13,4.917282604725246e-06,3674112.0,7.997984496910249e-10,2.677459155016426e-10
3686400.0,1.0,1.0,3686400.0,4.279072861820171e-19,4.91389376707035e-06,3686400.0,2.0916833080401412e-13,2.3378964830544986e-10
3698688.0,1.0,1.0,3698688.0,5.240280170390811e-19,2.7472632317615102e-06,3698688.0,2.829516383746148e-15,1.466595542696376e-10
3710976.0,1.0,1.0,3710976.0,6.202898172584052e-06,2.52409184627133e-06,3710976.0,4.949538868514481e-18,1.4663655964424368e-10
3723264.0,1.0,1.0,3723264.0,3.4271855990179273e-07,7.046798649601011e-07,3723264.0,4.677891617978724e-21,1.4663640183349488e-10
3735552.0,1.0,1.0,3735552.0,3.622285779177522e-06,1.0387314026804712e-06,3735552.0,1.0546921114240604e-09,2.521056128503851e-10
3747840.0,1.0,1.0,3747840.0,5.3296013599416865e-06,1.5716839742394503e-06,3747840.0,3.848224849889448e-09,6.36928096947318e-10
3760128.0,1.0,1.0,3760128.0,1.4768020870784918e-05,3.048486053330237e-06,3760128.0,1.3779762516226887e-10,6.393707189778846e-10
3772416.0,1.0,1.0,3772416.0,4.1306710348483953e-08,3.0306913006366467e-06,3772416.0,8.612894101626504e-10,6.782696512013406e-10
3784704.0,1.0,1.0,3784704.0,5.876273079241656e-11,3.030689060190392e-06,3784704.0,9.519776460187312e-13,6.702966426776875e-10
3796992.0,1.0,1.0,3796992.0,1.2571100948359042e-06,3.15640003103061e-06,3796992.0,3.6724885138791533e-16,5.903168344334703e-10
3809280.0,1.0,1.0,3809280.0,1.7074665568846588e-06,3.3271466867190336e-06,3809280.0,2.0144722368294846e-18,5.90295917801837e-10
3821568.0,1.0,1.0,3821568.0,1.6228306776611134e-05,4.949977364380095e-06,3821568.0,1.7658838586360523e-21,5.902956348503753e-10
3833856.0,1.0,1.0,3833856.0,1.3165588219029209e-05,5.64624636902461e-06,3833856.0,1.6366689542986665e-13,5.903120010449643e-10
3846144.0,1.0,1.0,3846144.0,5.113170923702152e-09,5.612485830126801e-06,3846144.0,5.144104993822414e-09,1.104722500426738e-09
3858432.0,1.0,1.0,3858432.0,5.615449936158257e-07,5.306411751570631e-06,3858432.0,5.62230077309304e-11,1.0048755900574249e-09
3870720.0,1.0,1.0,3870720.0,1.81289688043762e-05,6.5863484960140824e-06,3870720.0,3.0607836866887914e-12,6.20359183437149e-10
3883008.0,1.0,1.0,3883008.0,5.398812694087003e-06,5.649427678344292e-06,3883008.0,5.653184806849362e-13,6.066359527689907e-10
3895296.0,1.0,1.0,3895296.0,3.25598421113682e-07,5.677856849420811e-06,3895296.0,6.2117725875525615e-16,5.205070738704515e-10
3907584.0,1.0,1.0,3907584.0,2.152178846396661e-06,5.893068857787398e-06,3907584.0,9.806242705428394e-19,5.204118762039121e-10
3919872.0,1.0,1.0,3919872.0,1.1480142954193676e-05,6.915372143723174e-06,3919872.0,4.363870937657456e-19,5.204118395226656e-10
3932160.0,1.0,1.0,3932160.0,4.9642238688344755e-05,1.1708849356869187e-05,3932160.0,2.791093652495154e-10,5.4832277584617e-10
3944448.0,1.0,1.0,3944448.0,4.001854540547356e-05,1.4087873219755426e-05,3944448.0,5.0184011020822554e-09,1.0501628860542189e-09
3956736.0,1.0,1.0,3956736.0,3.606292011681944e-05,1.637760640953445e-05,3956736.0,6.841498663886132e-11,1.0569880180285622e-09
3969024.0,1.0,1.0,3969024.0,7.190431157747905e-06,1.7096138208216868e-05,3969024.0,5.7676854033535583e-11,5.483452040496741e-10
3981312.0,1.0,1.0,3981312.0,2.846722297059993e-05,1.988670600591528e-05,3981312.0,1.5155448917321054e-14,5.427244188214728e-10
3993600.0,1.0,1.0,3993600.0,2.225019852630794e-05,2.0298828978108453e-05,3993600.0,9.31491308285816e-17,5.424183497677171e-10
4005888.0,1.0,1.0,4005888.0,7.118645347266768e-06,2.0470812243426434e-05,4005888.0,1.3463146844296566e-19,5.423618179331116e-10
4018176.0,1.0,1.0,4018176.0,1.2867531040683389e-05,2.17250055053834e-05,4018176.0,9.847480608726755e-10,6.408365619026534e-10
4030464.0,1.0,1.0,4030464.0,1.2343080015853047e-05,2.2744095622329043e-05,4030464.0,1.423353188784171e-12,6.409788971234693e-10
4042752.0,1.0,1.0,4042752.0,9.789145163570841e-05,3.138522649048051e-05,4042752.0,1.3306192259143756e-10,6.542850893389745e-10
4055040.0,1.0,1.0,4055040.0,7.466544047929347e-05,3.388754666957539e-05,4055040.0,2.83643627104387e-10,6.547385155244615e-10
4067328.0,1.0,1.0,4067328.0,1.2005389483723169e-05,3.1086231077400345e-05,4067328.0,1.1840813160697572e-13,1.5291024612939679e-10
4079616.0,1.0,1.0,4079616.0,1.3513172840854773e-05,2.883125634980388e-05,4079616.0,4.5990882068945756e-15,1.4606920737433134e-10
4091904.0,1.0,1.0,4091904.0,2.9153976356610656e-05,3.102761086969015e-05,4091904.0,5.613410867092389e-18,1.4030152253231886e-10
4104192.0,1.0,1.0,4104192.0,4.146112587477546e-06,2.8595499831377913e-05,4104192.0,1.7489474683311337e-10,1.5778948167073846e-10
4116480.0,1.0,1.0,4116480.0,1.3195405093332132e-05,2.769002048808033e-05,4116480.0,4.253718037527943e-12,1.5821484415957818e-10
4128768.0,1.0,1.0,4128768.0,1.652919308980927e-05,2.8631075262334584e-05,4128768.0,3.015879398067985e-10,1.8837363812679488e-10
4141056.0,1.0,1.0,4141056.0,1.8805164169558946e-06,2.7532373799961836e-05,4141056.0,4.567950473895651e-13,8.994451154426628e-11
4153344.0,1.0,1.0,4153344.0,1.9974914418223005e-05,2.829555724019883e-05,4153344.0,1.1739339574508753e-08,1.2637361336762631e-09
4165632.0,1.0,1.0,4165632.0,1.6812288473981123e-05,2.01876409240261e-05,4165632.0,3.844084772719469e-12,1.2508143498943913e-09
4177920.0,1.0,1.0,4177920.0,3.453909206048896e-06,1.3066487796701649e-05,4177920.0,8.947859543150666e-15,1.222450881969907e-09
4190208.0,1.0,1.0,4190208.0,3.288422400752703e-06,1.21947910884046e-05,4190208.0,7.133557626181783e-18,1.222439041870102e-09
4202496.0,1.0,1.0,4202496.0,1.3009620791611573e-05,1.2144435883480281e-05,4202496.0,7.001593379148593e-10,1.2924545157527674e-09
4214784.0,1.0,1.0,4214784.0,3.45805104492077e-06,9.57484335231129e-06,4214784.0,1.4359510397872939e-12,1.2925981102954051e-09
4227072.0,1.0,1.0,4227072.0,4.716474904853385e-06,9.631879584048874e-06,4227072.0,5.792518686931203e-10,1.3330338224814057e-09
4239360.0,1.0,1.0,4239360.0,8.598628483014181e-06,9.17220192301708e-06,4239360.0,1.3518098677482253e-12,1.3327436316644275e-09
4251648.0,1.0,1.0,4251648.0,1.0012072380050085e-05,8.520489852041162e-06,4251648.0,9.500668104086193e-09,2.252651648092367e-09
4263936.0,1.0,1.0,4263936.0,1.4871923970834663e-05,9.819630607429038e-06,4263936.0,5.989270116894356e-09,2.8515329802770637e-09
4276224.0,1.0,1.0,4276224.0,6.342207295044015e-06,8.45635989511114e-06,4276224.0,5.3350397016815876e-12,1.6781325267963566e-09
4288512.0,1.0,1.0,4288512.0,5.8328375113584725e-06,7.3584147988488755e-06,4288512.0,5.770239158448681e-15,1.6777486953430004e-09
4300800.0,1.0,1.0,4300800.0,4.093340066901874e-06,7.4223578849341736e-06,4300800.0,1.1283503760968945e-10,1.689031304318015e-09
4313088.0,1.0,1.0,4313088.0,4.1160355976899154e-06,7.505119204627894e-06,4313088.0,5.535243306822405e-14,1.6890368388479659e-09
4325376.0,1.0,1.0,4325376.0,1.0736582529110214e-05,7.277815378377757e-06,4325376.0,2.1264849140815537e-10,1.6402857541972962e-09
4337664.0,1.0,1.0,4337664.0,3.601482603698969e-06,7.292158534255577e-06,4337664.0,1.1249523534928585e-09,1.752637394442603e-09
4349952.0,1.0,1.0,4349952.0,1.3922375122395655e-05,8.212748556009804e-06,4349952.0,7.88199550072477e-09,2.482911757645768e-09
4362240.0,1.0,1.0,4362240.0,2.100308847730048e-06,7.562916592481392e-06,4362240.0,9.842483309855746e-12,2.4837608249899787e-09
4374528.0,1.0,1.0,4374528.0,2.6082838303409517e-05,9.169993184817335e-06,4374528.0,6.295418260767368e-10,1.5966481971890332e-09
4386816.0,1.0,1.0,4386816.0,2.1731738039913278e-05,9.855974591725197e-06,4386816.0,1.5016123761091293e-11,9.992227978757066e-10
4399104.0,1.0,1.0,4399104.0,7.3267971553529305e-06,9.954433577756089e-06,4399104.0,1.333881066943136e-12,9.988226820122327e-10
4411392.0,1.0,1.0,4411392.0,3.877904964610934e-05,1.3249054791231175e-05,4411392.0,2.098623286146221e-14,9.988242036116029e-10
4423680.0,1.0,1.0,4423680.0,4.6909508455428295e-06,1.330881586909527e-05,4423680.0,2.5458889626091736e-11,9.900865888132433e-10
4435968.0,1.0,1.0,4435968.0,2.169777568875967e-06,1.3114190066213873e-05,4435968.0,4.9758751193470135e-09,1.4876685655046375e-09
4448256.0,1.0,1.0,4448256.0,1.5552392142126337e-05,1.3595771027515491e-05,4448256.0,1.0980534259630303e-09,1.5762090589601252e-09
4460544.0,1.0,1.0,4460544.0,1.1944935067731421e-06,1.3355072117822903e-05,4460544.0,4.762536032499228e-14,1.463718586146872e-09
4472832.0,1.0,1.0,4472832.0,5.231278919382021e-06,1.248596249752154e-05,4472832.0,7.645266641986836e-10,7.519717024942632e-10
4485120.0,1.0,1.0,4485120.0,1.6887339976771425e-06,1.244480501251625e-05,4485120.0,3.8138188903265774e-10,7.891256430665435e-10
4497408.0,1.0,1.0,4497408.0,2.5598380792265136e-05,1.2396359261401815e-05,4497408.0,1.684258924457745e-12,7.263398863513155e-10
4509696.0,1.0,1.0,4509696.0,1.665506109323663e-06,1.038973606834285e-05,4509696.0,7.835540846076276e-14,7.248461095160525e-10
4521984.0,1.0,1.0,4521984.0,4.804404852620792e-06,1.0137496838069638e-05,4521984.0,1.6343974784671644e-11,7.263471188878253e-10
4534272.0,1.0,1.0,4534272.0,8.044917194638401e-06,7.064083592922543e-06,4534272.0,8.589859148052289e-13,7.264309188560197e-10
4546560.0,1.0,1.0,4546560.0,3.952554349477092e-05,1.0547542857845352e-05,4546560.0,1.8950323948940806e-11,7.257800622883046e-10
4558848.0,1.0,1.0,4558848.0,9.760209650266916e-06,1.1306586065984447e-05,4558848.0,1.9135698523427744e-13,2.2821168605212673e-10
4571136.0,1.0,1.0,4571136.0,2.5981115565324824e-05,1.2349458408304295e-05,4571136.0,2.4418619903876504e-11,1.2084820544621133e-10
4583424.0,1.0,1.0,4583424.0,9.488636957636723e-06,1.3178872753390653e-05,4583424.0,9.637078172512284e-12,1.2180715072743006e-10
4595712.0,1.0,1.0,4595712.0,1.744203837006353e-05,1.4399948698458807e-05,4595712.0,1.2263352045365864e-14,4.5355710642766244e-11
4608000.0,1.0,1.0,4608000.0,7.990085578057915e-06,1.503008385649688e-05,4608000.0,1.765694849590697e-09,1.8378700669857017e-10
4620288.0,1.0,1.0,4620288.0,5.3566970260969056e-06,1.300591547988006e-05,4620288.0,1.9046692753081165e-13,1.836376274988775e-10
4632576.0,1.0,1.0,4632576.0,3.249094394656519e-05,1.608845926360421e-05,4632576.0,2.0908115239137715e-09,3.927109443494086e-10
4644864.0,1.0,1.0,4644864.0,1.9039672527772684e-05,1.7511986031119404e-05,4644864.0,5.011590216893088e-11,3.9608813708783446e-10
4657152.0,1.0,1.0,4657152.0,3.8735328416805714e-05,2.058102715333613e-05,4657152.0,1.0962185658635233e-13,3.9601320068201253e-10
4669440.0,1.0,1.0,4669440.0,1.776660307465742e-06,1.6806138834605614e-05,4669440.0,2.0421734673684947e-10,4.145399029608035e-10
4681728.0,1.0,1.0,4681728.0,3.96374671254307e-05,1.9793864582121992e-05,4681728.0,2.492231139343548e-13,4.1454568957367345e-10
4694016.0,1.0,1.0,4694016.0,1.946831859337787e-05,1.9142584884927295e-05,4694016.0,2.67272694861459e-13,4.121305548527719e-10
4706304.0,1.0,1.0,4706304.0,4.4509254318351545e-05,2.2644646620998776e-05,4706304.0,1.233886372705347e-11,4.12400733408226e-10
4718592.0,1.0,1.0,4718592.0,1.1910629837075248e-05,2.209150576769995e-05,4718592.0,2.9603943808072936e-14,4.1240246746740234e-10
4730880.0,1.0,1.0,4730880.0,2.0986471402769286e-05,2.339114435017109e-05,4730880.0,6.234730657676361e-09,8.593060482759687e-10
4743168.0,1.0,1.0,4743168.0,2.9763754961701732e-05,2.5831850143731573e-05,4743168.0,1.0162955546566543e-12,8.593886311386814e-10
4755456.0,1.0,1.0,4755456.0,1.8393652377805363e-05,2.442212098685559e-05,4755456.0,3.6154622999144217e-09,1.0118537087387464e-09
4767744.0,1.0,1.0,4767744.0,4.337113447642575e-06,2.2951865078842576e-05,4767744.0,2.404668478228622e-12,1.0070825853696762e-09
4780032.0,1.0,1.0,4780032.0,1.0032874949198837e-05,2.008161973208189e-05,4780032.0,1.3964600779267181e-14,1.0070730196440953e-09
4792320.0,1.0,1.0,4792320.0,1.4237419236451387e-05,2.1327695624980457e-05,4792320.0,3.3148076875969917e-10,1.0197993618463804e-09
4804608.0,1.0,1.0,4804608.0,1.5713829877010237e-05,1.8935331900138406e-05,4804608.0,5.418376251148382e-13,1.0198286232974983e-09
4816896.0,1.0,1.0,4816896.0,1.4768013594827304e-05,1.846530140028335e-05,4816896.0,1.8898505016585383e-16,1.0198019149265173e-09
4829184.0,1.0,1.0,4829184.0,2.9914726231557626e-05,1.700584859160396e-05,4829184.0,3.823202495330709e-10,1.0568000535071192e-09
4841472.0,1.0,1.0,4841472.0,3.397123752317081e-05,1.9211909360213517e-05,4841472.0,1.120690996600504e-12,1.0569091622123984e-09
4853760.0,1.0,1.0,4853760.0,6.9593612958366675e-06,1.780919834952025e-05,4853760.0,1.3688867747663203e-12,4.3357298512223883e-10
4866048.0,1.0,1.0,4866048.0,5.02524108014768e-06,1.533534696136485e-05,4866048.0,4.886096157304583e-12,4.339599651825036e-10
4878336.0,1.0,1.0,4878336.0,2.6527210138738155e-05,1.6148702737458125e-05,4878336.0,1.3118544769004832e-09,2.0359918288110977e-10
4890624.0,1.0,1.0,4890624.0,4.045322687791971e-06,1.611952366147307e-05,4890624.0,1.4788997572863967e-12,2.0350660600901557e-10
4902912.0,1.0,1.0,4902912.0,1.2392988234447936e-05,1.6355534989997976e-05,4902912.0,8.353544804940317e-16,2.0350529308438565e-10
4915200.0,1.0,1.0,4915200.0,2.6849496255939207e-06,1.5200288028912231e-05,4915200.0,1.2497583986211442e-12,1.7048219204827784e-10
4927488.0,1.0,1.0,4927488.0,1.247506346165513e-05,1.487641138737672e-05,4927488.0,3.4439303261043125e-10,2.048673115468095e-10
4939776.0,1.0,1.0,4939776.0,1.6881600458873436e-05,1.5087770073781334e-05,4939776.0,4.1112098910408196e-10,2.459793915587127e-10
4952064.0,1.0,1.0,4952064.0,3.425920416096536e-06,1.2438889492235225e-05,4952064.0,3.1792504826683166e-13,2.0777915911023228e-10
4964352.0,1.0,1.0,4964352.0,3.191970487629684e-06,9.360962788681112e-06,4964352.0,4.58632835413179e-09,6.662999254237512e-10
4976640.0,1.0,1.0,4976640.0,4.80085418530507e-06,9.145112077627952e-06,4976640.0,3.4204520003392838e-12,6.665050819463085e-10
4988928.0,1.0,1.0,4988928.0,3.3305598966156444e-06,8.975643959274749e-06,4988928.0,3.4863586706063355e-16,6.660165071941648e-10
5001216.0,1.0,1.0,5001216.0,5.11230064148549e-06,6.834153009549482e-06,5001216.0,1.0033931337932257e-17,5.348310605075095e-10
5013504.0,1.0,1.0,5013504.0,9.75733443434971e-06,7.4053541842052565e-06,5013504.0,2.6683085717812047e-12,5.34950001388959e-10
5025792.0,1.0,1.0,5025792.0,4.9759692046791315e-06,6.663652281228376e-06,5025792.0,2.8151832716834707e-10,5.631017505703457e-10
5038080.0,1.0,1.0,5038080.0,1.1813168384833261e-05,7.5764741571523105e-06,5038080.0,1.0976416534950554e-11,5.640744163839786e-10
5050368.0,1.0,1.0,5050368.0,5.5870574821407594e-05,1.1916025293127555e-05,5050368.0,2.1195147859032204e-09,7.415865917132575e-10
5062656.0,1.0,1.0,5062656.0,1.68576249658751e-05,1.1913627743827722e-05,5062656.0,1.5694736251366712e-10,7.161692290542161e-10
5074944.0,1.0,1.0,5074944.0,1.4277021970580488e-06,1.1713805921923873e-05,5074944.0,1.7043513591182466e-13,7.161544800629805e-10
5087232.0,1.0,1.0,5087232.0,1.1972505793285867e-05,1.2591859452489493e-05,5087232.0,7.479940610595846e-17,2.5752165212974225e-10
5099520.0,1.0,1.0,5099520.0,8.42708929364259e-06,1.2954482963323244e-05,5099520.0,2.5691602919171905e-09,5.140956361214273e-10
5111808.0,1.0,1.0,5111808.0,1.5328202304469112e-06,1.277470899670637e-05,5111808.0,3.0800246612431672e-12,5.14403603723965e-10
5124096.0,1.0,1.0,5124096.0,1.6668996977386996e-05,1.393037863029652e-05,5124096.0,1.1254421838913231e-09,6.26947821109704e-10
5136384.0,1.0,1.0,5136384.0,6.925090322814261e-06,1.3647154219142976e-05,5136384.0,5.811926347594938e-09,1.2078736250120198e-09
5148672.0,1.0,1.0,5148672.0,7.312845506627734e-06,1.3880841849337839e-05,5148672.0,2.806733433631988e-12,1.1800024656385485e-09
5160960.0,1.0,1.0,5160960.0,6.9872063856261475e-06,1.3398245649417123e-05,5160960.0,3.449013297185388e-10,1.213394956956907e-09
5173248.0,1.0,1.0,5173248.0,9.363591743749566e-06,8.747547341651323e-06,5173248.0,8.261324205745731e-13,1.0015260916086427e-09
5185536.0,1.0,1.0,5185536.0,1.8774153431877494e-05,8.939200188251562e-06,5185536.0,2.9307685167623276e-09,1.2789082070335086e-09
5197824.0,1.0,1.0,5197824.0,1.492242639263471e-05,1.0288672607809229e-05,5197824.0,9.372622469805414e-12,1.2798284257668978e-09
5210112.0,1.0,1.0,5210112.0,1.15439712923641e-05,1.0245819157717052e-05,5210112.0,1.9463839429079144e-09,1.4744668125777488e-09
5222400.0,1.0,1.0,5222400.0,6.175661837914959e-06,1.0020676412144289e-05,5222400.0,7.56766856587395e-09,1.974317639973425e-09
5234688.0,1.0,1.0,5234688.0,5.0130302042816766e-06,1.0368697409527763e-05,5234688.0,2.428758149458643e-13,1.974033925088795e-09
5246976.0,1.0,1.0,5246976.0,5.4228573086826754e-06,9.244083442657333e-06,5246976.0,6.505000711987581e-15,1.8614903571997336e-09
5259264.0,1.0,1.0,5259264.0,4.628052010957617e-06,9.014379611471669e-06,5259264.0,3.381955456423687e-10,1.314117277004477e-09
5271552.0,1.0,1.0,5271552.0,1.1542028611681113e-05,9.437297921977007e-06,5271552.0,1.2896827703001712e-12,1.3139655719381438e-09
5283840.0,1.0,1.0,5283840.0,1.3167378104602298e-05,1.0055315093874621e-05,5283840.0,1.355316412484514e-13,1.2794889921304148e-09
5296128.0,1.0,1.0,5296128.0,4.9659238356980495e-06,9.615548303069469e-06,5296128.0,4.951178134149359e-09,1.7745241923032931e-09
5308416.0,1.0,1.0,5308416.0,1.4686426463110063e-06,7.884997224512822e-06,5308416.0,1.1356415067590811e-08,2.6170888473861413e-09
5320704.0,1.0,1.0,5320704.0,3.884139005094767e-06,6.781168485758826e-06,5320704.0,7.1581190049426384e-12,2.616867397039655e-09
5332992.0,1.0,1.0,5332992.0,4.653701542641405e-08,5.631425058065057e-06,5332992.0,2.7928104933211983e-15,2.4222292820299127e-09
5345280.0,1.0,1.0,5345280.0,5.174405184031154e-06,5.531299392676677e-06,5345280.0,2.0972822529962162e-17,1.6654624275398007e-09
5357568.0,1.0,1.0,5357568.0,5.644857083098032e-06,5.594482080558313e-06,5357568.0,1.986423026067996e-09,1.8640804425651056e-09
5369856.0,1.0,1.0,5369856.0,4.60037214603896e-06,5.512233564293941e-06,5369856.0,1.2103091862059046e-09,1.985110710685625e-09
5382144.0,1.0,1.0,5382144.0,4.061570280100568e-08,5.0534899334782795e-06,5382144.0,2.81982307874055e-12,1.951573138429262e-09
5394432.0,1.0,1.0,5394432.0,6.597566728790601e-06,4.559043745189229e-06,5394432.0,8.60207371999877e-09,2.811651542152109e-09
5406720.0,1.0,1.0,5406720.0,3.240111861183929e-06,3.566317120847392e-06,5406720.0,3.7784918712387615e-11,2.8154164808592225e-09
5419008.0,1.0,1.0,5419008.0,6.900668571082254e-06,3.7597915943858127e-06,5419008.0,5.4776929520050643e-14,2.320304145137239e-09
5431296.0,1.0,1.0,5431296.0,4.46964713773923e-06,4.059892043528635e-06,5431296.0,1.0127432966815795e-16,1.1846626485055906e-09
5443584.0,1.0,1.0,5443584.0,1.4909910112104185e-11,3.671479634010169e-06,5443584.0,2.2367401479841346e-19,1.183946836627464e-09
5455872.0,1.0,1.0,5455872.0,8.45476461108774e-06,4.512302393576302e-06,5455872.0,6.403023296760087e-10,1.2479767903140156e-09
5468160.0,1.0,1.0,5468160.0,1.4568787870909243e-06,4.140549753882279e-06,5468160.0,1.8143386792957017e-10,1.2661201750096902e-09
5480448.0,1.0,1.0,5480448.0,1.5721172511954744e-09,3.5762212572975945e-06,5480448.0,3.348879969629811e-11,1.0708267523725204e-09
5492736.0,1.0,1.0,5492736.0,5.825349944643676e-06,3.6987190371580667e-06,5492736.0,9.073118413989908e-13,9.4988656493607e-10
5505024.0,1.0,1.0,5505024.0,8.717728026870949e-07,3.7818347471466755e-06,5505024.0,2.424367492060801e-13,9.496288263031166e-10
5517312.0,1.0,1.0,5517312.0,8.813099460288262e-06,4.003388020296442e-06,5517312.0,9.208501039555392e-17,8.942146351174038e-11
5529600.0,1.0,1.0,5529600.0,6.697890057694167e-06,4.349165839947466e-06,5529600.0,3.135760362761627e-19,8.564297167185922e-11
5541888.0,1.0,1.0,5541888.0,1.9364460968063213e-06,3.8527435925198725e-06,5541888.0,1.2953279500184842e-22,8.563749397892017e-11
5554176.0,1.0,1.0,5554176.0,5.623636146386464e-06,3.968142493384596e-06,5554176.0,2.959710624731808e-10,1.152345900988053e-10
5566464.0,1.0,1.0,5566464.0,1.2357134740644446e-05,5.2038544764580296e-06,5566464.0,3.0170451322438413e-10,1.4540504139887628e-10
5578752.0,1.0,1.0,5578752.0,1.9437025002844166e-06,4.552748265377697e-06,5578752.0,1.1034899660700148e-09,1.9172380503827693e-10
5591040.0,1.0,1.0,5591040.0,9.491812609970414e-08,4.416552199278575e-06,5591040.0,4.130295931659145e-12,1.739934478384858e-10
5603328.0,1.0,1.0,5603328.0,1.6461535838156274e-10,4.4164114490892935e-06,5603328.0,1.3603505745766707e-17,1.7064456922920654e-10
5615616.0,1.0,1.0,5615616.0,1.8647439598377484e-06,4.020350850608701e-06,5615616.0,6.610007995263628e-18,1.7055383870606744e-10
5627904.0,1.0,1.0,5627904.0,1.1450347907763595e-05,5.07820836111635e-06,5627904.0,3.3331425882699423e-21,1.7052959503148015e-10
5640192.0,1.0,1.0,5640192.0,1.124314981855908e-08,4.198022730069381e-06,5640192.0,6.432943587556234e-23,1.7052958582298556e-10
5652480.0,1.0,1.0,5652480.0,6.81817255099304e-06,4.2100509793992675e-06,5652480.0,2.5500854761162373e-09,4.255381334032516e-10
5664768.0,1.0,1.0,5664768.0,8.01943618474373e-07,4.096600731566073e-06,5664768.0,1.4524237368362947e-10,4.4006237077160166e-10
5677056.0,1.0,1.0,5677056.0,8.884614525565363e-10,3.534325963072682e-06,5677056.0,1.990947036863607e-10,4.303747348929197e-10
5689344.0,1.0,1.0,5689344.0,3.8392943338405594e-13,2.2986125274011808e-06,5689344.0,1.0398632909608407e-12,4.003082698995773e-10
5701632.0,1.0,1.0,5701632.0,1.0976948639533171e-05,3.2019371413260557e-06,5701632.0,1.4760912828951263e-15,2.8995942090170416e-10
5713920.0,1.0,1.0,5713920.0,2.064366810827778e-08,3.1945096955269136e-06,5713920.0,1.4442035827777704e-18,2.895463914529586e-10
5726208.0,1.0,1.0,5726208.0,2.7789631834214865e-06,3.472389552333224e-06,5726208.0,2.4340042633023817e-21,2.895463900928515e-10
5738496.0,1.0,1.0,5738496.0,7.413246445745851e-06,4.027239800924034e-06,5738496.0,1.0751777698659864e-18,2.895463895393684e-10
5750784.0,1.0,1.0,5750784.0,2.6282646103936713e-07,2.9084876562516114e-06,5750784.0,7.536919005568521e-12,2.9030008143959196e-10
5763072.0,1.0,1.0,5763072.0,5.897250048292335e-07,2.9663358417526787e-06,5763072.0,5.402074158370832e-11,2.957021555979563e-10
5775360.0,1.0,1.0,5775360.0,2.1521214440175149e-10,2.284540107867815e-06,5775360.0,8.238018600614794e-11,4.893162658694741e-11
5787648.0,1.0,1.0,5787648.0,1.824220173067085e-12,2.204345928442395e-06,5787648.0,1.658286861415855e-13,3.4423972087198615e-11
5799936.0,1.0,1.0,5799936.0,3.88880910880592e-07,2.243145173385199e-06,5799936.0,1.1996773800912951e-16,1.4514513715336347e-11
5812224.0,1.0,1.0,5812224.0,1.5189837237509588e-05,3.762128858743214e-06,5812224.0,1.9792581241773365e-19,1.4410527406032844e-11
5824512.0,1.0,1.0,5824512.0,4.7740779033726234e-08,2.6692080726932696e-06,5824512.0,4.2037348349042323e-22,1.441037979694659e-11
5836800.0,1.0,1.0,5836800.0,1.267228314342598e-05,3.93437202022504e-06,5836800.0,5.429515725907663e-10,6.870553691160287e-11
5849088.0,1.0,1.0,5849088.0,1.6886333469301462e-05,5.345109048813038e-06,5849088.0,1.982877417816553e-09,2.669932786930148e-10
5861376.0,1.0,1.0,5861376.0,2.8546569713701803e-05,7.4584413756086324e-06,5861376.0,2.233430773657119e-09,4.903363559512089e-10
5873664.0,1.0,1.0,5873664.0,4.556148269330151e-06,7.887773556437712e-06,5873664.0,3.759950684134594e-11,4.933426147347867e-10
5885952.0,1.0,1.0,5885952.0,8.098265728525197e-06,8.638627628807307e-06,5885952.0,1.9253786210047622e-13,4.879597943626259e-10
5898240.0,1.0,1.0,5898240.0,1.6926229970219235e-06,8.807868407295059e-06,5898240.0,6.130483012069764e-17,4.797217818924941e-10
5910528.0,1.0,1.0,5910528.0,2.732308009475067e-09,8.80814145567399e-06,5910528.0,7.043707441355754e-20,4.797051990309237e-10
5922816.0,1.0,1.0,5922816.0,3.459814858312408e-06,9.115234850417171e-06,5922816.0,5.81788867374458e-19,4.797051870923287e-10
5935104.0,1.0,1.0,5935104.0,1.1887386630604624e-09,7.596370000532518e-06,5935104.0,4.2848598743224403e-10,5.225537858157606e-10
5947392.0,1.0,1.0,5947392.0,4.30536610413849e-13,7.591595965682808e-06,5947392.0,2.3513501331192305e-11,5.249051359488376e-10
5959680.0,1.0,1.0,5959680.0,5.621023575705837e-15,6.324367651902311e-06,5959680.0,1.2366525581342103e-09,5.942752345031821e-10
5971968.0,1.0,1.0,5971968.0,1.7613478121347725e-05,6.3970821171069374e-06,5971968.0,5.704591428864111e-11,4.0169208415039087e-10
5984256.0,1.0,1.0,5984256.0,3.066953164913381e-06,3.849120462228095e-06,5984256.0,4.5900286248350595e-14,1.7835359681330382e-10
5996544.0,1.0,1.0,5996544.0,9.598266236328831e-06,4.353332258927964e-06,5996544.0,6.33555630604493e-17,1.7459365246472555e-10
6008832.0,1.0,1.0,6008832.0,1.3570674733879665e-05,4.900573159463411e-06,6008832.0,1.452977965748912e-20,1.7457439867996848e-10
6021120.0,1.0,1.0,6021120.0,3.930204902265662e-09,4.731703880251445e-06,6021120.0,4.476322719900357e-09,6.222066645395212e-10
6033408.0,1.0,1.0,6033408.0,4.684285196769148e-08,4.736114934647267e-06,6033408.0,2.7440226017342677e-11,6.249506871342117e-10
6045696.0,1.0,1.0,6045696.0,6.453842645489279e-10,4.3901979872424805e-06,6045696.0,7.420431676526581e-10,6.991550038412986e-10
6057984.0,1.0,1.0,6057984.0,2.6449473398508044e-14,4.390079116021122e-06,6057984.0,2.30620056385078e-09,8.869264614831522e-10
6070272.0,1.0,1.0,6070272.0,8.510768237166502e-16,4.390079073052568e-06,6070272.0,2.570438075351807e-13,8.846008157307865e-10
6082560.0,1.0,1.0,6082560.0,5.2013022136222523e-20,4.390079072490472e-06,6082560.0,4.88789736044377e-15,7.609360487071017e-10
6094848.0,1.0,1.0,6094848.0,1.2851077458094793e-21,2.628731260355698e-06,6094848.0,1.8445074383285865e-18,7.55231457462688e-10
6107136.0,1.0,1.0,6107136.0,6.243919113890653e-26,2.3220359438643603e-06,6107136.0,5.046106759424348e-20,7.552268674391094e-10
6119424.0,1.0,1.0,6119424.0,1.2660786120489697e-27,1.3622093202314776e-06,6119424.0,1.7355169153650725e-09,9.287785526400606e-10
6131712.0,1.0,1.0,6131712.0,6.09805870984322e-08,1.123990555335418e-08,6131712.0,1.8599365011103448e-09,1.114772202749642e-09
6144000.0,1.0,1.0,6144000.0,8.142465048877057e-07,9.227153555189819e-08,6144000.0,6.76651558858173e-12,6.678165823184644e-10
6156288.0,1.0,1.0,6156288.0,8.810045907618284e-08,9.63972962627473e-08,6156288.0,3.317104739034941e-10,6.982436071070795e-10
6168576.0,1.0,1.0,6168576.0,2.7450000440391403e-05,2.8413328018754328e-06,6168576.0,4.671611405007714e-13,6.240860064558638e-10
6180864.0,1.0,1.0,6180864.0,1.2642206759968152e-05,4.1055534752273005e-06,6180864.0,7.211978737823593e-16,3.9346602219057314e-10
6193152.0,1.0,1.0,6193152.0,1.443489600205794e-05,5.549043075347987e-06,6193152.0,6.887266391018779e-19,3.934403178786923e-10
6205440.0,1.0,1.0,6205440.0,3.5299811618945873e-06,5.90204119153744e-06,6205440.0,5.392838027991805e-11,3.9883266711694806e-10
6217728.0,1.0,1.0,6217728.0,1.2785860841783384e-05,7.1806272757157795e-06,6217728.0,1.5723918463568984e-10,4.1455658539606623e-10
6230016.0,1.0,1.0,6230016.0,4.498437059889208e-08,7.185125712775668e-06,6230016.0,3.746412208238681e-11,4.183029975992588e-10
6242304.0,1.0,1.0,6242304.0,1.3369121006689966e-05,8.522037813444664e-06,6242304.0,1.361206286576433e-12,2.448874266914093e-10
6254592.0,1.0,1.0,6254592.0,1.1832360845194974e-06,8.63426336318677e-06,6254592.0,4.5656197341277977e-10,1.0454997392165279e-10
6266880.0,1.0,1.0,6266880.0,9.917306063774352e-07,8.652011773335744e-06,6266880.0,9.13380193238537e-13,1.0396466038211849e-10
6279168.0,1.0,1.0,6279168.0,1.1876464138064573e-07,8.65507819156619e-06,6279168.0,1.6660400447967186e-16,7.07936296521695e-11
6291456.0,1.0,1.0,6291456.0,8.541853150726789e-10,5.910163566058557e-06,6291456.0,5.314172805507648e-09,6.021641940888842e-10
6303744.0,1.0,1.0,6303744.0,1.7596768884686753e-05,6.405619778530417e-06,6303744.0,8.561548460924348e-12,6.030202768151893e-10
6316032.0,1.0,1.0,6316032.0,3.6847760990591877e-07,4.9989779393152145e-06,6316032.0,2.423891457918141e-10,6.272591913254981e-10
6328320.0,1.0,1.0,6328320.0,1.0852915390084187e-05,5.731271362134174e-06,6328320.0,6.613623537710112e-11,6.284799768352164e-10
6340608.0,1.0,1.0,6340608.0,1.395307056858049e-06,4.592215983641641e-06,6340608.0,1.4523647469862528e-09,7.579925330702727e-10
6352896.0,1.0,1.0,6352896.0,5.06190948120396e-07,4.638336641393793e-06,6352896.0,1.9542003570904853e-09,9.496661565710826e-10
6365184.0,1.0,1.0,6365184.0,1.3140680190796653e-05,4.615492559804461e-06,6365184.0,2.4537380229524195e-12,9.497754097447203e-10
6377472.0,1.0,1.0,6377472.0,4.1769148083403707e-05,8.674083759692882e-06,6377472.0,4.5084118729943334e-12,9.045700535907415e-10
6389760.0,1.0,1.0,6389760.0,9.067947758012451e-06,9.481705474856384e-06,6389760.0,2.9931494782697854e-11,9.074718650496875e-10
6402048.0,1.0,1.0,6402048.0,7.095958665104263e-08,9.476924969383422e-06,6402048.0,3.827980599169223e-09,1.2902699083062093e-09
6414336.0,1.0,1.0,6414336.0,5.974717472175446e-06,1.007431129806946e-05,6414336.0,3.796576941716978e-11,7.626492046971617e-10
6426624.0,1.0,1.0,6426624.0,9.647568125122538e-06,9.279391222113037e-06,6426624.0,1.7849360878230414e-11,7.63577985938892e-10
6438912.0,1.0,1.0,6438912.0,7.261433590125914e-06,9.96868682013504e-06,6438912.0,3.018268505498393e-11,7.423573398652091e-10
6451200.0,1.0,1.0,6451200.0,9.158946786177088e-09,8.884311175805238e-06,6451200.0,1.6567275329393283e-10,7.523109916568921e-10
6463488.0,1.0,1.0,6463488.0,9.16187149295015e-12,8.744781386306582e-06,6463488.0,1.3191337489929882e-12,6.072064303331663e-10
6475776.0,1.0,1.0,6475776.0,5.192573856523571e-06,9.213419677146899e-06,6475776.0,7.020028262398151e-10,4.819866772480994e-10
6488064.0,1.0,1.0,6488064.0,2.4079986893355e-09,7.899592457936169e-06,6488064.0,8.593241858830444e-13,4.818272358643923e-10
6500352.0,1.0,1.0,6500352.0,5.271372174320277e-07,3.775391371339e-06,6500352.0,6.016637925723711e-13,4.814365610563501e-10
6512640.0,1.0,1.0,6512640.0,5.363690434023738e-05,8.23228702956149e-06,6512640.0,2.815222869638016e-10,5.065956402744606e-10
6524928.0,1.0,1.0,6524928.0,2.390653147206952e-05,1.061584421810334e-05,6524928.0,5.107179124053118e-10,1.7486937159806938e-10
6537216.0,1.0,1.0,6537216.0,7.523683355733131e-06,1.0770740806459108e-05,6537216.0,3.485517086904375e-14,1.7107628017343932e-10
6549504.0,1.0,1.0,6549504.0,2.563695922219722e-10,9.806009630906076e-06,6549504.0,4.009874839579671e-11,1.7330121892519596e-10
6561792.0,1.0,1.0,6561792.0,8.434470146312378e-06,9.923313286524723e-06,6561792.0,1.0677429311082658e-10,1.8096037973078022e-10
6574080.0,1.0,1.0,6574080.0,1.4780683462352803e-05,1.1400465738081384e-05,6574080.0,1.5349321929221855e-12,1.6454659762067917e-10
6586368.0,1.0,1.0,6586368.0,1.117525365164814e-05,1.251799018705905e-05,6586368.0,1.8708297133684937e-09,3.5149765558262924e-10
6598656.0,1.0,1.0,6598656.0,1.2800922074044744e-05,1.3278825008811168e-05,6598656.0,3.4707884714417028e-12,2.816444518057919e-10
6610944.0,1.0,1.0,6610944.0,1.1101816198788583e-05,1.4388765828821093e-05,6610944.0,6.342867203690261e-12,2.8219280610757263e-10
6623232.0,1.0,1.0,6623232.0,7.73289987895017e-06,1.5109342094972908e-05,6623232.0,1.7262351848882733e-12,2.8230526324680416e-10
6635520.0,1.0,1.0,6635520.0,4.852427991863806e-06,1.0230894460135549e-05,6635520.0,6.343623404347909e-10,3.1758926859390307e-10
6647808.0,1.0,1.0,6647808.0,2.2385787209107852e-06,8.064099185019675e-06,6647808.0,3.8212592812225665e-12,2.6689960328149415e-10
6660096.0,1.0,1.0,6660096.0,6.671309771869953e-06,7.978861826633359e-06,6660096.0,2.0015096987198908e-10,2.869112147516062e-10
6672384.0,1.0,1.0,6672384.0,6.978906943307568e-06,8.676726884004892e-06,6672384.0,3.614131910412155e-11,2.865154718224387e-10
6684672.0,1.0,1.0,6684672.0,2.3110425293756027e-05,1.0144322398749256e-05,6684672.0,7.087713517946644e-12,2.765468138631507e-10
6696960.0,1.0,1.0,6696960.0,2.283708454342559e-05,1.0949962506856536e-05,6696960.0,3.574057790463788e-09,6.337990996902373e-10
6709248.0,1.0,1.0,6709248.0,1.603343480383046e-05,1.1435780622074768e-05,6709248.0,1.130252780257024e-09,5.597414063790903e-10
6721536.0,1.0,1.0,6721536.0,4.337915925134439e-06,1.0589480007183738e-05,6721536.0,8.300384396013142e-13,5.594773313759063e-10
6733824.0,1.0,1.0,6733824.0,5.3702982161970185e-06,1.001632820892458e-05,6733824.0,1.1108075902964883e-13,5.588541527314402e-10
6746112.0,1.0,1.0,6746112.0,4.1390109496812023e-05,1.3382049170710767e-05,6746112.0,7.648138307565777e-14,5.586891773512589e-10
6758400.0,1.0,1.0,6758400.0,2.247221952226634e-05,1.5144028323751018e-05,6758400.0,1.4123929803488977e-10,5.093768731112689e-10
6770688.0,1.0,1.0,6770688.0,2.3700075265272366e-07,1.4943870526925213e-05,6770688.0,1.0852859351947093e-10,5.198476065350936e-10
6782976.0,1.0,1.0,6782976.0,2.0947645680280402e-06,1.4486216006541023e-05,6782976.0,7.949135418193014e-14,4.998404586833129e-10
6795264.0,1.0,1.0,6795264.0,1.6424038525049884e-05,1.5430729164715254e-05,6795264.0,2.5574324880039967e-09,7.519695755733006e-10
6807552.0,1.0,1.0,6807552.0,1.382778767341127e-05,1.4502465402680777e-05,6807552.0,1.1216018854417106e-11,7.523824061069476e-10
6819840.0,1.0,1.0,6819840.0,1.2130881562673798e-05,1.34318451046056e-05,6819840.0,4.824680654991198e-10,4.4322343361048065e-10
6832128.0,1.0,1.0,6832128.0,3.7080699257785454e-06,1.2199308616800407e-05,6832128.0,4.634553374752159e-13,3.302445011185258e-10
6844416.0,1.0,1.0,6844416.0,2.118899071016737e-08,1.1767635923357981e-05,6844416.0,1.9349754391366028e-09,5.236590411882259e-10
6856704.0,1.0,1.0,6856704.0,4.9970130930887535e-06,1.1730307411047154e-05,6856704.0,1.0982035651233939e-10,5.34629968763557e-10
6868992.0,1.0,1.0,6868992.0,2.461595253559305e-08,7.593758056619511e-06,6868992.0,5.578721801643057e-13,5.346781078432658e-10
6881280.0,1.0,1.0,6881280.0,4.42550935986219e-06,5.789087040379096e-06,6881280.0,2.9315205818392087e-10,5.498693838581688e-10
6893568.0,1.0,1.0,6893568.0,1.2127100490033627e-05,6.9780970141171876e-06,6893568.0,5.3731509982076396e-11,5.443896755044293e-10
6905856.0,1.0,1.0,6905856.0,8.056179164365554e-06,7.57423847375094e-06,6905856.0,2.2878989646100506e-13,5.444046053586574e-10
6918144.0,1.0,1.0,6918144.0,6.8505917928026365e-06,6.616893800526214e-06,6918144.0,2.0598624657826765e-11,2.9072121902404037e-10
6930432.0,1.0,1.0,6930432.0,9.254655803185111e-07,5.326661591216938e-06,6930432.0,2.372739591610662e-12,2.898368910977597e-10
6942720.0,1.0,1.0,6942720.0,8.187094863387756e-06,4.932282921288334e-06,6942720.0,2.4990754835900002e-11,2.4408916003143774e-10
6955008.0,1.0,1.0,6955008.0,9.506672843902683e-06,5.512143213100747e-06,6955008.0,3.006341703359894e-11,2.470491562010501e-10
6967296.0,1.0,1.0,6967296.0,1.2272364529053448e-06,5.632747959320264e-06,6967296.0,1.2327084538317952e-09,1.7682245767056935e-10
6979584.0,1.0,1.0,6979584.0,1.5594096718511235e-05,6.6924563218625135e-06,6979584.0,3.8430814086609644e-11,1.6968350342799637e-10
6991872.0,1.0,1.0,6991872.0,2.1122665809040577e-06,6.90122138469936e-06,6991872.0,8.056501361766548e-15,1.6962852186011613e-10
7004160.0,1.0,1.0,7004160.0,3.4717973903752863e-05,9.930467839088426e-06,7004160.0,1.4985420312048822e-10,1.5529873635377286e-10
7016448.0,1.0,1.0,7016448.0,6.979139773951222e-06,9.415671767480186e-06,7016448.0,5.580563138332661e-13,1.4998139098694855e-10
7028736.0,1.0,1.0,7028736.0,2.358543376127879e-05,1.096859722717151e-05,7028736.0,6.593389538049147e-10,2.158924073777939e-10
7041024.0,1.0,1.0,7041024.0,1.849906160108124e-05,1.213344420799937e-05,7041024.0,6.352204873216749e-11,2.20184749785228e-10
7053312.0,1.0,1.0,7053312.0,1.4684124228854975e-05,1.3509310072853014e-05,7053312.0,1.32711143506839e-13,2.1996074694041762e-10
7065600.0,1.0,1.0,7065600.0,2.6949201128445566e-05,1.53855206993588e-05,7065600.0,2.516015247996014e-09,4.690631962564289e-10
7077888.0,1.0,1.0,7077888.0,1.830723825454091e-05,1.626557724042262e-05,7077888.0,4.791234249623688e-12,4.665359779780314e-10
7090176.0,1.0,1.0,7090176.0,1.1215140451289093e-05,1.7264367640260997e-05,7090176.0,2.6684908912185296e-11,3.459336234860705e-10
7102464.0,1.0,1.0,7102464.0,2.8613775308864813e-05,1.8566335499296352e-05,7102464.0,3.4895257979468872e-12,3.4243949465720424e-10
7114752.0,1.0,1.0,7114752.0,3.2793753537892676e-06,1.8683046376584875e-05,7114752.0,1.5565267174125208e-13,3.424542542742422e-10
7127040.0,1.0,1.0,7127040.0,5.604705317333962e-06,1.5771719517942984e-05,7127040.0,1.1873411883319325e-09,4.4620295279538655e-10
7139328.0,1.0,1.0,7139328.0,3.179393631095687e-05,1.8253199171643546e-05,7139328.0,7.193115460907284e-13,4.462190783186123e-10
7151616.0,1.0,1.0,7151616.0,5.020581738790497e-06,1.6396713969394718e-05,7151616.0,4.582518623822788e-11,3.848677015619437e-10
7163904.0,1.0,1.0,7163904.0,7.170231886751329e-06,1.5263830997961726e-05,7163904.0,7.70351427092919e-09,1.148866923781646e-09
7176192.0,1.0,1.0,7176192.0,3.4343916922807693e-05,1.7229810267357e-05,7176192.0,9.46356014386307e-12,1.1498000086816815e-09
7188480.0,1.0,1.0,7188480.0,2.053892482460166e-05,1.658878263697261e-05,7188480.0,2.203950725624774e-10,9.202379911383278e-10
7200768.0,1.0,1.0,7200768.0,2.7321589489777882e-05,1.7490217760496308e-05,7200768.0,2.8111361979540894e-13,9.19786979075345e-10
7213056.0,1.0,1.0,7213056.0,1.2042414406702543e-05,1.757294515603765e-05,7213056.0,7.791966775509232e-09,1.6963151657350497e-09
7225344.0,1.0,1.0,7225344.0,1.4754999331974735e-05,1.6187067558348645e-05,7225344.0,7.0973770841901524e-12,1.696675950863674e-09
7237632.0,1.0,1.0,7237632.0,1.8862131886028994e-05,1.7745343211572617e-05,7237632.0,1.3208270378759398e-14,1.6966617064235378e-09
7249920.0,1.0,1.0,7249920.0,1.7770056729204953e-05,1.8961878352759717e-05,7249920.0,1.1281422092797773e-10,1.589209009683142e-09
7262208.0,1.0,1.0,7262208.0,3.306638488235573e-05,1.90891232098996e-05,7262208.0,1.6144262223368362e-09,1.7505797007622168e-09
7274496.0,1.0,1.0,7274496.0,1.361631196535503e-05,1.9948696232556057e-05,7274496.0,1.3544898998703777e-11,1.7473516720382642e-09
7286784.0,1.0,1.0,7286784.0,2.563736537316193e-05,2.1795409581197118e-05,7286784.0,4.209255340115181e-12,9.77421170479357e-10
7299072.0,1.0,1.0,7299072.0,9.875735486275516e-06,1.9348591437543897e-05,7299072.0,1.1451132634713683e-10,9.879259470996842e-10
7311360.0,1.0,1.0,7311360.0,3.039978522186478e-05,2.0334677477270212e-05,7311360.0,4.921478965099387e-11,9.70807918808536e-10
7323648.0,1.0,1.0,7323648.0,4.310407348384615e-06,1.8033559263130884e-05,7323648.0,1.0409042481485484e-15,9.707799115369814e-10
7335936.0,1.0,1.0,7335936.0,9.731332587155824e-06,1.780245108117621e-05,7335936.0,1.6289470513205135e-09,3.544779391181095e-10
7348224.0,1.0,1.0,7348224.0,3.063202166231349e-05,1.9390153314210088e-05,7348224.0,2.0627047523739486e-12,3.539744718849278e-10
7360512.0,1.0,1.0,7360512.0,2.5861130173628528e-05,2.009005314297004e-05,7360512.0,1.0880147153595014e-09,4.6277462259384e-10
7372800.0,1.0,1.0,7372800.0,4.8377720910745365e-06,1.8796824679157e-05,7372800.0,8.985198002298134e-12,4.5239172030127214e-10
7385088.0,1.0,1.0,7385088.0,9.896330084302463e-06,1.647981919935167e-05,7385088.0,4.361027959471723e-14,2.9095345909554797e-10
7397376.0,1.0,1.0,7397376.0,3.4605395436907806e-05,1.8578727546506948e-05,7397376.0,4.8663491014622196e-09,7.762338793418997e-10
7409664.0,1.0,1.0,7409664.0,1.8106875359080732e-05,1.7825678545098828e-05,7409664.0,8.433908085803132e-12,7.766563446164684e-10
7421952.0,1.0,1.0,7421952.0,2.4083710741251707e-05,1.9246476070596446e-05,7421952.0,8.218160374440231e-09,1.5870212494257778e-09
7434240.0,1.0,1.0,7434240.0,7.176154516249274e-06,1.69241130000349e-05,7434240.0,2.374043959104307e-12,1.5823371748565889e-09
7446528.0,1.0,1.0,7446528.0,2.0210194634273648e-05,1.85140917286238e-05,7446528.0,4.666550145978644e-16,1.5823371174316655e-09
7458816.0,1.0,1.0,7458816.0,1.0900521980753789e-05,1.8631010667983598e-05,7458816.0,1.650556728331291e-09,1.5844980851327432e-09
7471104.0,1.0,1.0,7471104.0,9.827810572460294e-06,1.6550589558998276e-05,7471104.0,1.3021544953417674e-10,1.5973133596109236e-09
7483392.0,1.0,1.0,7483392.0,5.6261123972944915e-06,1.4527087781364873e-05,7483392.0,1.0412106651406609e-13,1.4885223001816247e-09
7495680.0,1.0,1.0,7495680.0,5.1093678242371725e-06,1.4554247354681137e-05,7495680.0,5.0060159721236154e-11,1.4926297963535186e-09
7507968.0,1.0,1.0,7507968.0,4.297547396466446e-06,1.3994369085897538e-05,7507968.0,5.555132280103218e-11,1.4981805676056626e-09
7520256.0,1.0,1.0,7520256.0,2.8299022233113647e-05,1.3363731765518119e-05,7520256.0,5.200223932022574e-12,1.0120656798526425e-09
7532544.0,1.0,1.0,7532544.0,2.8654879618746538e-05,1.4418532191484702e-05,7532544.0,2.4255624183801513e-15,1.011222531600304e-09
7544832.0,1.0,1.0,7544832.0,2.762473498781522e-05,1.4772634616141054e-05,7544832.0,2.6097050446575545e-09,4.5037699862203645e-10
7557120.0,1.0,1.0,7557120.0,8.38250465070208e-06,1.4893269629586334e-05,7557120.0,1.1964979932758505e-11,4.513360922194019e-10
7569408.0,1.0,1.0,7569408.0,1.3612579399098953e-05,1.4233508106068864e-05,7569408.0,8.592280960802631e-10,5.372588551619267e-10
7581696.0,1.0,1.0,7581696.0,1.305675747668526e-06,1.3274023482760336e-05,7581696.0,1.0712492091308201e-12,3.7231030724971066e-10
7593984.0,1.0,1.0,7593984.0,7.7780083908389e-06,1.3069043264598196e-05,7593984.0,8.654354270258106e-10,4.458323049988741e-10
7606272.0,1.0,1.0,7606272.0,7.871707566664554e-06,1.3293602781535203e-05,7606272.0,1.3032635156247826e-11,4.471251564078474e-10
7618560.0,1.0,1.0,7618560.0,3.265441773692146e-05,1.6048107772803634e-05,7618560.0,6.034800751567732e-14,4.4212517523647534e-10
7630848.0,1.0,1.0,7630848.0,1.5880767023190856e-05,1.7206429735476073e-05,7630848.0,3.275347658024397e-14,4.365733183040302e-10
7643136.0,1.0,1.0,7643136.0,8.369575880351476e-06,1.5213485100199856e-05,7643136.0,1.1196794648856331e-11,4.3717297537571357e-10
7655424.0,1.0,1.0,7655424.0,4.9157946098906296e-06,1.2839576599314265e-05,7655424.0,8.630871805731984e-14,4.371813636912774e-10
7667712.0,1.0,1.0,7667712.0,1.9362272723810747e-05,1.2013330372913818e-05,7667712.0,1.560683619376372e-10,1.9181769541928574e-10
7680000.0,1.0,1.0,7680000.0,1.4080867307105413e-05,1.2583166638554153e-05,7680000.0,2.2335178151422497e-09,4.139729789402349e-10
7692288.0,1.0,1.0,7692288.0,8.819659342407249e-06,1.210387463288498e-05,7692288.0,4.204243471879939e-09,7.484745165202024e-10
7704576.0,1.0,1.0,7704576.0,4.418679054651875e-06,1.2415174963583314e-05,7704576.0,1.5107637363342974e-12,7.485184679729228e-10
7716864.0,1.0,1.0,7716864.0,2.7979069727734895e-08,1.16401720314722e-05,7716864.0,7.814339724344227e-15,6.619757067043142e-10
7729152.0,1.0,1.0,7729152.0,1.48458833185335e-05,1.2337589606659093e-05,7729152.0,2.383113336298e-10,6.845035765516694e-10
7741440.0,1.0,1.0,7741440.0,7.678190740989521e-06,9.839966907065898e-06,7741440.0,5.2713548225521066e-14,6.845028131057403e-10
7753728.0,1.0,1.0,7753728.0,5.645517376251519e-06,8.816441942371967e-06,7753728.0,1.3404011696878844e-12,6.84633577875051e-10
7766016.0,1.0,1.0,7766016.0,7.404817248849819e-06,8.7199660792218e-06,7766016.0,8.724983987610605e-13,6.836011482500417e-10
7778304.0,1.0,1.0,7778304.0,8.192151047599813e-06,9.04760172299272e-06,7778304.0,1.3068672070441303e-10,6.966611894486773e-10
7790592.0,1.0,1.0,7790592.0,9.830615454120561e-06,8.0944359960237e-06,7790592.0,1.8132103457579873e-11,6.828675636006715e-10
7802880.0,1.0,1.0,7802880.0,1.6343477909686044e-05,8.320697056281765e-06,7802880.0,3.815976759117638e-13,4.5955394185403767e-10
7815168.0,1.0,1.0,7815168.0,1.0316432356679192e-05,8.470374357708958e-06,7815168.0,2.5400523166278313e-09,2.931348263288269e-10
7827456.0,1.0,1.0,7827456.0,3.990875484305434e-06,8.427594000674313e-06,7827456.0,4.4281569152223215e-12,2.9342656564671575e-10
7839744.0,1.0,1.0,7839744.0,4.494105572424208e-06,8.874206650943961e-06,7839744.0,1.2354879037514375e-14,2.93427019700647e-10
7852032.0,1.0,1.0,7852032.0,5.770327334175818e-06,7.966651052508193e-06,7852032.0,8.888716429567012e-10,3.584830506333371e-10
7864320.0,1.0,1.0,7864320.0,6.691707919041316e-06,7.868002770313374e-06,7864320.0,8.309421891302312e-09,1.189419968408746e-09
7876608.0,1.0,1.0,7876608.0,9.48404946636098e-06,8.251855979324318e-06,7876608.0,5.404873215653083e-10,1.2433346604483079e-09
7888896.0,1.0,1.0,7888896.0,1.584674707070614e-05,9.096048961509952e-06,7888896.0,5.730410359191159e-13,1.2433047147120237e-09
7901184.0,1.0,1.0,7901184.0,9.446432159165852e-06,9.221477072666555e-06,7901184.0,1.8161084344280737e-14,1.2302378587500168e-09
7913472.0,1.0,1.0,7913472.0,1.6868698973363887e-05,9.925285424590888e-06,7913472.0,2.3806817628369004e-11,1.2308053301670957e-09
7925760.0,1.0,1.0,7925760.0,3.2567495509283617e-06,8.616612588715118e-06,7925760.0,9.109399794089239e-14,1.2307762797992986e-09
7938048.0,1.0,1.0,7938048.0,1.4428177867860844e-05,9.027787139833284e-06,7938048.0,5.922095789921063e-16,9.767711073574734e-10
7950336.0,1.0,1.0,7950336.0,1.057223926181905e-05,9.685923517584645e-06,7950336.0,1.541783483290556e-12,9.764824700142802e-10
7962624.0,1.0,1.0,7962624.0,5.8746627473738045e-06,9.823979235079605e-06,7962624.0,6.755430585296078e-09,1.6520242930559846e-09
7974912.0,1.0,1.0,7974912.0,2.1634744958494896e-08,9.249109976157872e-06,7974912.0,1.3227037983417253e-10,1.5763641667437312e-09
7987200.0,1.0,1.0,7987200.0,1.184771766323441e-06,8.698416360886085e-06,7987200.0,3.5657119075958865e-14,7.454255433254077e-10
7999488.0,1.0,1.0,7999488.0,8.384343042659262e-06,8.588445718515913e-06,7999488.0,3.419517113911752e-09,1.033328522560052e-09
8011776.0,1.0,1.0,8011776.0,5.522820477684339e-06,7.556053059213734e-06,8011776.0,3.1058778234468085e-12,1.0335818062388049e-09
8024064.0,1.0,1.0,8024064.0,4.063602621802905e-07,6.652045869515176e-06,8024064.0,5.917572069294094e-15,1.0335805818875773e-09
8036352.0,1.0,1.0,8036352.0,5.266600661949876e-06,5.491836038373776e-06,8036352.0,1.2477820628594335e-10,1.043677720753335e-09
8048640.0,1.0,1.0,8048640.0,5.7713332353159785e-06,5.743294406812538e-06,8048640.0,1.9506492717387877e-10,1.0631751040709288e-09
8060928.0,1.0,1.0,8060928.0,5.094213406664494e-08,4.305570833433119e-06,8060928.0,1.1702587787709717e-09,1.180200922727068e-09
8073216.0,1.0,1.0,8073216.0,1.338916570207497e-10,3.2483602964169156e-06,8073216.0,1.168756931513304e-12,1.18016362007189e-09
8085504.0,1.0,1.0,8085504.0,2.041923487933195e-13,2.6608940420987695e-06,8085504.0,6.8367163782075595e-12,5.053042331801031e-10
8097792.0,1.0,1.0,8097792.0,2.5794784339985854e-16,2.658730567628715e-06,8097792.0,2.9402457320711527e-11,4.950174409287569e-10
8110080.0,1.0,1.0,8110080.0,6.194292723193939e-08,2.546447683719565e-06,8110080.0,4.768548028175122e-19,4.95013875264535e-10
8122368.0,1.0,1.0,8122368.0,1.5732195176217564e-10,1.7080291116488148e-06,8122368.0,1.7774101866329804e-17,1.530621656507699e-10
8134656.0,1.0,1.0,8134656.0,1.661549428414825e-07,1.172362558164529e-06,8134656.0,2.3784790687912207e-12,1.5298942577530435e-10
8146944.0,1.0,1.0,8146944.0,2.5972112780436873e-06,1.3914476597508688e-06,8146944.0,6.3770132877986425e-09,7.906901627979617e-10
8159232.0,1.0,1.0,8159232.0,2.9252736529391163e-09,8.650801209211752e-07,8159232.0,8.651242916490887e-12,7.790774664610164e-10
8171520.0,1.0,1.0,8171520.0,3.046985696160872e-12,2.879471020881469e-07,8171520.0,7.746195923737619e-15,7.595717483632209e-10
8183808.0,1.0,1.0,8183808.0,2.886496079194482e-09,2.8314153828940183e-07,8183808.0,1.1541632811510698e-12,6.426612868142389e-10
8196096.0,1.0,1.0,8196096.0,1.1876364714622004e-15,2.8312814924246337e-07,8196096.0,2.136985295389642e-14,6.425465481063829e-10
8208384.0,1.0,1.0,8208384.0,7.496306352550164e-06,1.0327587640782449e-06,8208384.0,6.895158769397331e-16,6.418629454201499e-10
8220672.0,1.0,1.0,8220672.0,3.793101654991915e-08,1.036551865707442e-06,8220672.0,4.028672662109684e-17,6.389227037167515e-10
8232960.0,1.0,1.0,8232960.0,1.104720944352285e-10,1.0303686201936919e-06,8232960.0,6.829543745349535e-09,1.3218770782040195e-09
8245248.0,1.0,1.0,8245248.0,3.957577973778825e-06,1.4261106853763978e-06,8245248.0,1.7530938506427063e-11,1.323630170277252e-09
8257536.0,1.0,1.0,8257536.0,3.83739188691834e-06,1.7932343797840837e-06,8257536.0,3.120111590967922e-14,1.3233954424819637e-09
8269824.0,1.0,1.0,8269824.0,1.2138182607183504e-07,1.5456514345868986e-06,8269824.0,9.741842887933672e-10,7.831125425814362e-10
8282112.0,1.0,1.0,8282112.0,3.036965049811139e-09,1.545662603726586e-06,8282112.0,7.764512412652044e-13,7.823250634139137e-10
8294400.0,1.0,1.0,8294400.0,9.679855793365277e-06,2.5136478783645437e-06,8294400.0,4.529380783467336e-15,7.823247417323997e-10
8306688.0,1.0,1.0,8306688.0,1.1045604575580606e-05,3.617919686314685e-06,8306688.0,7.228961329311199e-18,7.822093261271806e-10
8318976.0,1.0,1.0,8318976.0,1.1984109278273536e-06,3.737760778978656e-06,8318976.0,4.1533863755679095e-09,1.1975458266986764e-09
8331264.0,1.0,1.0,8331264.0,4.654572876461316e-06,3.4535874313697715e-06,8331264.0,7.620270340661742e-10,1.2737484611537059e-09
8343552.0,1.0,1.0,8343552.0,9.335944923805073e-06,4.383388822095287e-06,8343552.0,2.0111512281928423e-12,1.2739495722478526e-09
8355840.0,1.0,1.0,8355840.0,5.086498807334768e-08,4.388464273693179e-06,8355840.0,5.838153294135395e-10,6.49376730654253e-10
8368128.0,1.0,1.0,8368128.0,2.3633715355112866e-11,3.992708839686831e-06,8368128.0,7.611954469521898e-12,6.483848322505625e-10
8380416.0,1.0,1.0,8380416.0,1.0592828866937565e-15,3.6089696511009255e-06,8380416.0,1.2209857961926335e-14,6.483829331247677e-10
8392704.0,1.0,1.0,8392704.0,1.1338944508073231e-05,4.730725919301065e-06,8392704.0,4.8590971461529e-18,5.509645047313407e-10
8404992.0,1.0,1.0,8404992.0,6.2346468136335415e-06,5.353886904159438e-06,8404992.0,3.717724045282367e-11,5.546045836524966e-10
8417280.0,1.0,1.0,8417280.0,5.379264204445159e-08,4.391280589027355e-06,8417280.0,3.939788495443963e-10,5.940020156688578e-10
8429568.0,1.0,1.0,8429568.0,2.3198176712924123e-10,3.286743329646008e-06,8429568.0,5.227312101692879e-11,5.992293270476546e-10
8441856.0,1.0,1.0,8441856.0,1.3358197469177935e-13,3.1669022502214703e-06,8441856.0,2.5010073041789132e-14,1.838931904981678e-10
8454144.0,1.0,1.0,8454144.0,1.518555594463086e-17,2.7014449625768573e-06,8454144.0,5.827302529404221e-11,1.1351778962095461e-10
8466432.0,1.0,1.0,8466432.0,3.201705269145886e-19,1.7678504701963818e-06,8466432.0,8.834189415695033e-15,1.133175579170769e-10
8478720.0,1.0,1.0,8478720.0,1.3472214502107477e-22,1.762763971389047e-06,8478720.0,1.1537345336137185e-17,5.4936026129457475e-11
8491008.0,1.0,1.0,8491008.0,2.8285156672412593e-25,1.7627616080175115e-06,8491008.0,2.5281758168442064e-10,7.945658885094734e-11
8503296.0,1.0,1.0,8503296.0,3.5770598586128754e-28,1.7627616079115837e-06,8503296.0,3.0712345259568488e-09,3.8657882046083606e-10
8515584.0,1.0,1.0,8515584.0,4.52976089812532e-31,6.288671571042603e-07,8515584.0,5.2462497309354226e-11,3.9182506970586175e-10
8527872.0,1.0,1.0,8527872.0,2.7573191400520944e-34,5.402475740906138e-09,8527872.0,7.42575624471456e-14,3.881147714168241e-10
8540160.0,1.0,1.0,8540160.0,8.272758527018003e-37,2.321153646097945e-11,8540160.0,6.876785021055672e-13,3.4878565431259505e-10
8552448.0,1.0,1.0,8552448.0,2.855145621061815e-41,1.3359748055325623e-14,8552448.0,1.2723704034822703e-11,3.4483071261438446e-10
8564736.0,1.0,1.0,8564736.0,1.2051166793193427e-42,1.5505861476900196e-18,8564736.0,5.82688013869385e-14,3.4483403848721895e-10
8577024.0,1.0,1.0,8577024.0,1.401298464324817e-45,3.203055322693356e-20,8577024.0,4.259539387874156e-10,3.816021298365562e-10
8589312.0,1.0,1.0,8589312.0,0.0,1.3500535474703742e-23,8589312.0,1.470870184909027e-11,3.830721166025238e-10
8601600.0,1.0,1.0,8601600.0,0.0,2.832097259626362e-26,8601600.0,5.977629058406819e-09,9.80835021289471e-10
8613888.0,1.0,1.0,8613888.0,0.0,3.581592385103197e-29,8613888.0,3.0406323437102517e-13,9.555836694444663e-10
8626176.0,1.0,1.0,8626176.0,0.0,4.532526490321479e-32,8626176.0,1.802467900548785e-15,6.484603970955715e-10
8638464.0,1.0,1.0,8638464.0,0.0,2.765592196158854e-35,8638464.0,8.537522540782068e-11,6.51751669905418e-10
8650752.0,1.0,1.0,8650752.0,0.0,8.273056106759887e-38,8650752.0,1.4227778677433633e-11,6.531670220169166e-10
8663040.0,1.0,1.0,8663040.0,0.0,2.9757974188401814e-42,8663040.0,1.0272376282927098e-09,7.55822016995977e-10
8675328.0,1.0,1.0,8675328.0,0.0,1.2065179777836674e-43,8675328.0,2.297406514160938e-13,7.545726206576364e-10
8687616.0,1.0,1.0,8687616.0,0.0,1.4012984643248171e-46,8687616.0,1.343405757007569e-10,7.680008513475735e-10
8699904.0,1.0,1.0,8699904.0,1.077696894450734e-05,1.077696894450734e-06,8699904.0,1.026801051591993e-10,7.356734679847518e-10
8712192.0,1.0,1.0,8712192.0,8.808536122728583e-09,1.0785777480630069e-06,8712192.0,1.4436986762317305e-13,7.342170347866051e-10
8724480.0,1.0,1.0,8724480.0,4.635366345681161e-14,1.078577752698373e-06,8724480.0,2.015799861712632e-18,1.364541291475031e-10
8736768.0,1.0,1.0,8736768.0,1.00150555226719e-05,2.080083304965563e-06,8736768.0,5.48932344024422e-10,1.9131695722650822e-10
8749056.0,1.0,1.0,8749056.0,1.548442085663737e-08,2.081631747051227e-06,8749056.0,1.3010371136915981e-12,1.914468806910873e-10
8761344.0,1.0,1.0,8761344.0,1.7035876181958898e-11,2.081633450638845e-06,8761344.0,1.7527983694106315e-11,1.8466215651971586e-10
8773632.0,1.0,1.0,8773632.0,3.4295306249987334e-05,5.511164075637578e-06,8773632.0,1.1376692921061249e-09,2.9700630786258494e-10
8785920.0,1.0,1.0,8785920.0,2.122229621666823e-08,5.5132863052592454e-06,8785920.0,6.822973667534409e-11,2.0110551870084842e-10
8798208.0,1.0,1.0,8798208.0,3.881155862472951e-06,5.90140189150654e-06,8798208.0,9.54162530236724e-13,2.0117796088873048e-10
8810496.0,1.0,1.0,8810496.0,1.0383926489036337e-07,5.9117858179955775e-06,8810496.0,6.049968965836257e-15,1.8774450831555137e-10
8822784.0,1.0,1.0,8822784.0,6.692510315462613e-14,4.834088930237353e-06,8822784.0,5.423938931094682e-13,1.7753073718894238e-10
8835072.0,1.0,1.0,8835072.0,1.4578139043153193e-13,4.833208091203219e-06,8835072.0,3.343515279456236e-11,1.8085981548163634e-10
8847360.0,1.0,1.0,8847360.0,8.03113759199429e-08,4.841239224159847e-06,8847360.0,4.964267929022381e-13,1.8090945795934656e-10
8859648.0,1.0,1.0,8859648.0,1.0481524537198084e-09,3.839838487138029e-06,8859648.0,5.867439867301982e-10,1.8469062222992418e-10
8871936.0,1.0,1.0,8871936.0,2.0343682990642264e-05,5.872658344116593e-06,8871936.0,1.3327737062122461e-11,1.8589329222476728e-10
8884224.0,1.0,1.0,8884224.0,1.7889029550133273e-05,7.661559595542302e-06,8884224.0,5.0405522348621425e-11,1.891810460902188e-10
8896512.0,1.0,1.0,8896512.0,2.1918928894137935e-08,4.234220863432982e-06,8896512.0,8.091517364992862e-14,7.542220839697126e-11
8908800.0,1.0,1.0,8908800.0,2.0582059126657743e-05,6.290304546477088e-06,8908800.0,5.889945507384244e-17,6.859924061938238e-11
8921088.0,1.0,1.0,8921088.0,1.7303642380284145e-05,7.632553198258209e-06,8921088.0,5.625419112013456e-13,6.856007855747883e-11
8933376.0,1.0,1.0,8933376.0,6.553520506713539e-06,8.277521322440524e-06,8933376.0,1.6456115983776165e-12,6.872403472042002e-11
8945664.0,1.0,1.0,8945664.0,2.2072902841803927e-05,1.0484811599928408e-05,8945664.0,1.2405779181712262e-10,8.107557451282133e-11
8957952.0,1.0,1.0,8957952.0,1.3510403126322975e-05,1.1835851897982566e-05,8957952.0,3.51951477221372e-11,8.125157400557881e-11
8970240.0,1.0,1.0,8970240.0,5.6505067883942196e-08,1.1833471267178966e-05,8970240.0,4.734241147256549e-10,1.2854434279885406e-10
8982528.0,1.0,1.0,8982528.0,1.6689656601176495e-11,1.1833368120899256e-05,8982528.0,5.985428081986544e-13,6.992979840665412e-11
8994816.0,1.0,1.0,8994816.0,6.379468170449969e-14,9.798999828214497e-06,8994816.0,2.8742236650282165e-16,6.859705344267853e-11
9007104.0,1.0,1.0,9007104.0,6.966608645476192e-17,8.010096873208134e-06,9007104.0,2.458151090086365e-10,8.813801210868004e-11
9019392.0,1.0,1.0,9019392.0,1.1489891983414833e-20,8.007904980318722e-06,9019392.0,1.4382404989188302e-11,8.956816109023387e-11
9031680.0,1.0,1.0,9031680.0,1.9372809523095686e-05,7.886980019962518e-06,9031680.0,9.007056211984832e-11,9.85752114122732e-11
9043968.0,1.0,1.0,9043968.0,7.327020934422279e-11,6.1566231089550365e-06,9043968.0,4.8870083905564833e-11,1.0340596561170955e-10
9056256.0,1.0,1.0,9056256.0,2.3980535150217957e-11,5.5012734563371975e-06,9056256.0,2.091321782415889e-09,3.123735826934607e-10
9068544.0,1.0,1.0,9068544.0,1.885884072241999e-14,3.2939831740426895e-06,9068544.0,3.3095783058545436e-12,3.0029876134233386e-10
9080832.0,1.0,1.0,9080832.0,8.224292871145231e-19,1.9429428614104747e-06,9080832.0,2.0089893561659605e-15,2.967794474690558e-10
9093120.0,1.0,1.0,9093120.0,1.4488073550940802e-05,3.386099709716161e-06,9093120.0,3.247723654859908e-15,2.494373607688558e-10
9105408.0,1.0,1.0,9105408.0,1.5482928574783728e-05,4.934390898228873e-06,9105408.0,3.715731426249628e-11,2.5309323791428555e-10
9117696.0,1.0,1.0,9117696.0,1.199301671780025e-05,6.13369256362943e-06,9117696.0,9.000175419752546e-10,3.430949633695744e-10
9129984.0,1.0,1.0,9129984.0,2.4271042396624884e-06,6.376402987588712e-06,9129984.0,4.831903395915068e-11,3.2334535586462575e-10
9142272.0,1.0,1.0,9142272.0,1.255992572168907e-07,6.388962913310399e-06,9142272.0,1.9233471875342487e-12,3.220994500844604e-10
9154560.0,1.0,1.0,9154560.0,4.729201918962644e-09,4.4521548811927276e-06,9154560.0,3.898706357752246e-11,3.169911002302278e-10
9166848.0,1.0,1.0,9166848.0,9.381001101852841e-08,4.461528555273646e-06,9166848.0,2.5716647597597935e-14,3.121066635044311e-10
9179136.0,1.0,1.0,9179136.0,1.852834922525896e-08,4.463378992142658e-06,9179136.0,6.241157131051399e-17,1.0297449150399928e-10
9191424.0,1.0,1.0,9191424.0,1.0215488449224115e-06,4.565533874749015e-06,9191424.0,5.008820025409477e-10,1.5273173392750858e-10
9203712.0,1.0,1.0,9203712.0,1.7018640695217375e-06,4.7357202817011066e-06,9203712.0,3.784772842352346e-12,1.5311001031280822e-10
9216000.0,1.0,1.0,9216000.0,1.6534915630472824e-05,4.940404489654308e-06,9216000.0,1.7171073452004748e-09,3.248204200604902e-10
9228288.0,1.0,1.0,9228288.0,1.6926871163983984e-07,3.4090385033399193e-06,9228288.0,4.973263282674149e-10,3.7083732146098205e-10
9240576.0,1.0,1.0,9240576.0,7.878380910616064e-10,2.209815615369e-06,9240576.0,4.391992845798054e-12,2.812747665480364e-10
9252864.0,1.0,1.0,9252864.0,1.020980372838191e-07,1.9773149951311334e-06,9252864.0,2.065854431965164e-11,2.785087175840865e-10
9265152.0,1.0,1.0,9265152.0,2.3511039519992966e-05,4.315859021408741e-06,9265152.0,1.017942667256142e-16,2.7831639304475973e-10
9277440.0,1.0,1.0,9277440.0,2.5559610132101323e-08,4.317942062230055e-06,9277440.0,1.1953261731117992e-12,2.7453721930431866e-10
9289728.0,1.0,1.0,9289728.0,1.3305684357571105e-05,5.639129496885311e-06,9289728.0,4.467664201553608e-11,2.7900231184111257e-10
9302016.0,1.0,1.0,9302016.0,1.2927693508875867e-05,6.930046012850373e-06,9302016.0,3.501896400174657e-13,2.7903732456395714e-10
9314304.0,1.0,1.0,9314304.0,4.820993619129391e-08,6.832712121977261e-06,9314304.0,9.239120579707105e-11,2.3818824488956944e-10
9326592.0,1.0,1.0,9326592.0,3.2107527658808976e-05,9.873278480905987e-06,9326592.0,1.1594016857685574e-09,3.5374993618219e-10
9338880.0,1.0,1.0,9338880.0,1.0028098283025125e-05,9.222596746161216e-06,9338880.0,7.843393758551661e-12,1.8282354103799767e-10
9351168.0,1.0,1.0,9351168.0,1.1501918682673326e-05,1.0355861743264564e-05,9351168.0,9.978610530462598e-12,1.3408876926430244e-10
9363456.0,1.0,1.0,9363456.0,1.1297634046059102e-05,1.1485546364061367e-05,9363456.0,1.4522066817297674e-13,1.3366409204653996e-10
9375744.0,1.0,1.0,9375744.0,9.6401108748978e-06,1.2439347647822765e-05,9375744.0,9.852092475171048e-10,2.3011916236628524e-10
9388032.0,1.0,1.0,9388032.0,8.982848157756962e-06,1.0986528511599166e-05,9388032.0,3.432092573104247e-12,2.30462361444169e-10
9400320.0,1.0,1.0,9400320.0,1.0919814182367796e-05,1.2075953968822735e-05,9400320.0,7.844012476591426e-11,2.3818684130344926e-10
9412608.0,1.0,1.0,9412608.0,7.537878749038403e-06,1.1499173407969465e-05,9412608.0,9.27723002586145e-12,2.3464690010448176e-10
9424896.0,1.0,1.0,9424896.0,1.2100019375793636e-05,1.141640599466124e-05,9424896.0,1.5270682667597318e-14,2.346134082087468e-10
9437184.0,1.0,1.0,9437184.0,1.1206061268846193e-05,1.2532191127926731e-05,9437184.0,9.115669700558252e-10,3.165309846346222e-10
9449472.0,1.0,1.0,9449472.0,3.1055533327162266e-05,1.2426991694762063e-05,9449472.0,8.61210824876224e-11,2.092029243065287e-10
9461760.0,1.0,1.0,9461760.0,8.467613952234387e-06,1.2270943261682988e-05,9461760.0,4.12018271352584e-10,2.4962041206593195e-10
9474048.0,1.0,1.0,9474048.0,1.4364789061952857e-08,1.1122187872321849e-05,9474048.0,9.896005311501218e-12,2.4961215154403585e-10
9486336.0,1.0,1.0,9486336.0,1.299751844877998e-05,1.1292176312593937e-05,9486336.0,8.573182989262199e-15,2.4959848679551745e-10
9498624.0,1.0,1.0,9498624.0,1.001607597572729e-05,1.1329772822676887e-05,9498624.0,1.000346796139103e-11,1.5207790883994604e-10
9510912.0,1.0,1.0,9510912.0,3.5148985944033484e-09,1.0431839496760631e-05,9510912.0,2.815496407340921e-14,1.5173751507904298e-10
9523200.0,1.0,1.0,9523200.0,9.882218970839555e-06,1.0328079975607806e-05,9523200.0,6.211778234438877e-16,1.4389356472023388e-10
9535488.0,1.0,1.0,9535488.0,9.550323738949373e-06,1.0529324474598903e-05,9535488.0,2.5387262662472193e-10,1.6835310438011994e-10
9547776.0,1.0,1.0,9547776.0,9.25160748010967e-06,1.0244483285030507e-05,9547776.0,6.501078934443664e-10,2.333623666562898e-10
9560064.0,1.0,1.0,9560064.0,9.728633813210763e-06,1.0096740539466963e-05,9560064.0,1.0882630352426759e-09,2.510319731749749e-10
9572352.0,1.0,1.0,9572352.0,1.4412274336924231e-09,6.991331329494106e-06,9572352.0,1.2312092896131037e-12,2.4254298585517394e-10
9584640.0,1.0,1.0,9584640.0,5.370119955235471e-06,6.681581929794214e-06,9584640.0,6.277501638398706e-16,2.0134122149493194e-10
9596928.0,1.0,1.0,9596928.0,8.571349705259005e-06,7.5372804214139194e-06,9596928.0,7.81036627965174e-09,9.813882489289557e-10
9609216.0,1.0,1.0,9609216.0,1.9474884993542219e-07,6.257003461529464e-06,9609216.0,2.0034903279222047e-13,9.814074265139362e-10
9621504.0,1.0,1.0,9621504.0,5.742460416513495e-06,5.829641905608085e-06,9621504.0,5.204138240678426e-15,9.804076001316212e-10
9633792.0,1.0,1.0,9633792.0,6.825731058294575e-06,6.511863521578103e-06,9633792.0,1.7015893879109474e-09,1.1505637234263085e-09
9646080.0,1.0,1.0,9646080.0,2.9400388787811e-05,8.463680503275246e-06,9646080.0,4.400559028283624e-09,1.5906195641368888e-09
9658368.0,1.0,1.0,9658368.0,9.859085063605258e-06,8.494556635740836e-06,9658368.0,7.444084700510464e-12,1.5659767099444673e-09
9670656.0,1.0,1.0,9670656.0,1.3507755625141726e-07,7.5829036433550115e-06,9670656.0,8.029894362827396e-15,1.5009667235894668e-09
9682944.0,1.0,1.0,9682944.0,3.225219794937099e-06,6.932562241527644e-06,9682944.0,1.3114527301369593e-17,1.3921404213766522e-09
9695232.0,1.0,1.0,9695232.0,6.781624203237395e-06,7.610580539108014e-06,9695232.0,3.293544326155029e-10,1.4249527437092412e-09
9707520.0,1.0,1.0,9707520.0,1.198905132090052e-05,8.272473675674518e-06,9707520.0,6.149322948993211e-13,1.4250141741637147e-09
9719808.0,1.0,1.0,9719808.0,8.274133506347425e-06,8.242752055783361e-06,9719808.0,4.2670674401297976e-10,6.866482205998386e-10
9732096.0,1.0,1.0,9732096.0,1.572491237311624e-05,9.795768408101444e-06,9732096.0,1.96146180779048e-09,8.827743664756073e-10
9744384.0,1.0,1.0,9744384.0,1.5816633094800636e-05,1.0803185675930158e-05,9744384.0,1.3953840397965914e-11,8.8416923010158e-10
9756672.0,1.0,1.0,9756672.0,6.180032130487234e-08,1.0126792602231185e-05,9756672.0,4.0588065474225256e-15,7.1401069719114e-10
9768960.0,1.0,1.0,9768960.0,3.5124678106512874e-05,1.0699221534101375e-05,9768960.0,4.8409106429145604e-17,2.739547992036882e-10
9781248.0,1.0,1.0,9781248.0,1.616493924908961e-05,1.132980695264981e-05,9781248.0,6.472011873185727e-13,2.7327511085236903e-10
9793536.0,1.0,1.0,9793536.0,1.7943562852451578e-05,1.3110655482269826e-05,9793536.0,2.599429930564649e-11,2.758737377934974e-10
9805824.0,1.0,1.0,9805824.0,1.5608562534907833e-05,1.43489897562669e-05,9805824.0,2.8899401390466056e-10,3.0477313787251075e-10
9818112.0,1.0,1.0,9818112.0,1.5336372598540038e-05,1.5204464595797162e-05,9818112.0,5.812498926616172e-09,8.530875872725776e-10
9830400.0,1.0,1.0,9830400.0,2.771912356062482e-05,1.6777471819769593e-05,9830400.0,3.7379151625790047e-10,8.904052456688778e-10
9842688.0,1.0,1.0,9842688.0,2.1347443786604952e-05,1.8084802847795344e-05,9842688.0,6.061025162665268e-13,8.477951815192065e-10
9854976.0,1.0,1.0,9854976.0,2.5161896094990272e-05,1.902850121998275e-05,9854976.0,3.997267062705659e-16,6.516490407128291e-10
9867264.0,1.0,1.0,9867264.0,1.949696525116451e-05,1.9396534435619137e-05,9867264.0,6.342697549281911e-19,6.502536567364594e-10
9879552.0,1.0,1.0,9879552.0,1.926024560816586e-05,2.1316378964305236e-05,9879552.0,3.97117928818691e-12,6.506503687846233e-10
9891840.0,1.0,1.0,9891840.0,1.913414234877564e-05,1.971732538853151e-05,9891840.0,6.778587413602821e-11,6.574289513573154e-10
9904128.0,1.0,1.0,9904128.0,1.5882995891540002e-05,1.9689131052776552e-05,9904128.0,4.822352369857064e-13,6.574124547622822e-10
9916416.0,1.0,1.0,9916416.0,8.90827383652019e-06,1.878560215118341e-05,9916416.0,4.494919251622302e-10,6.997622173479406e-10
9928704.0,1.0,1.0,9928704.0,1.238510549228522e-06,1.734859695261548e-05,9928704.0,1.647675329508047e-10,6.87339569252555e-10
9940992.0,1.0,1.0,9940992.0,1.4876271355509136e-06,1.596372240631657e-05,9940992.0,8.855714555763838e-14,1.0609853230549363e-10
9953280.0,1.0,1.0,9953280.0,1.827572365679468e-05,1.5019382415933555e-05,9953280.0,2.6460906931574397e-16,6.871940714061053e-11
9965568.0,1.0,1.0,9965568.0,7.835713404347189e-06,1.3668209377707777e-05,9965568.0,2.3184272788615936e-12,6.889063961687004e-11
9977856.0,1.0,1.0,9977856.0,2.6139755694506068e-05,1.3765995337659359e-05,9977856.0,3.020172260429869e-10,9.909232224849811e-11
9990144.0,1.0,1.0,9990144.0,8.7677702443519e-06,1.2693075836978096e-05,9990144.0,3.8792218858459587e-13,9.913111440392957e-11
10002432.0,1.0,1.0,10002432.0,2.5881202115366857e-05,1.3355171487698194e-05,10002432.0,1.1892720142014923e-09,2.176611978952601e-10
10014720.0,1.0,1.0,10014720.0,2.4554227517607313e-05,1.3897180004581364e-05,10014720.0,3.492239136759778e-11,2.1437484961841709e-10
10027008.0,1.0,1.0,10027008.0,8.390182604974447e-07,1.2392782241477108e-05,10027008.0,1.5637786204836246e-11,2.158904047152021e-10
10039296.0,1.0,1.0,10039296.0,3.920665221812669e-06,1.1894021380006355e-05,10039296.0,2.7079863552286268e-15,1.7094148299761463e-10
10051584.0,1.0,1.0,10051584.0,1.2120578806692114e-05,1.2982228205752713e-05,10051584.0,1.1371717307724467e-17,1.544647308397059e-10
10063872.0,1.0,1.0,10063872.0,9.450143503878886e-06,1.3778479842585512e-05,10063872.0,3.594796312474576e-10,1.904038382498959e-10
10076160.0,1.0,1.0,10076160.0,1.5588183790290106e-05,1.3509725855935054e-05,10076160.0,1.1630175988930347e-12,1.9052011354887824e-10
10088448.0,1.0,1.0,10088448.0,1.7779071640688926e-05,1.4504061679569227e-05,10088448.0,4.664003442715151e-11,1.9495227426370724e-10
10100736.0,1.0,1.0,10100736.0,2.482174022588879e-05,1.4372260132707501e-05,10100736.0,2.607558150883686e-11,1.6735810981029226e-10
10113024.0,1.0,1.0,10113024.0,1.6169802014095087e-05,1.511246330968182e-05,10113024.0,1.2003886310877713e-11,1.685197062225216e-10
10125312.0,1.0,1.0,10125312.0,1.1615319332728783e-05,1.3685875031418013e-05,10125312.0,2.1382162533611915e-12,4.9806326427708437e-11
10137600.0,1.0,1.0,10137600.0,3.026104726207753e-06,1.1533062752278054e-05,10137600.0,3.619862498038401e-15,4.631444927719847e-11
10149888.0,1.0,1.0,10149888.0,9.023545620342096e-06,1.2351515488262521e-05,10149888.0,1.2728712528442543e-10,5.7479383185157385e-11
10162176.0,1.0,1.0,10162176.0,9.269637909407416e-06,1.2886412757021995e-05,10162176.0,5.1528503686171234e-11,6.2631962755139e-11
10174464.0,1.0,1.0,10174464.0,8.14909920639669e-06,1.2489264796992456e-05,10174464.0,1.5017868743830327e-15,6.263211179665469e-11
10186752.0,1.0,1.0,10186752.0,2.743309596553445e-05,1.428756004315801e-05,10186752.0,6.62163583224166e-10,9.290050699432554e-11
10199040.0,1.0,1.0,10199040.0,1.2363401765469462e-05,1.3965081840675947e-05,10199040.0,6.070518075486827e-13,9.284491041519111e-11
10211328.0,1.0,1.0,10211328.0,1.0316826471049959e-05,1.3218857323712047e-05,10211328.0,4.408819975765255e-09,5.290629045490014e-10
10223616.0,1.0,1.0,10223616.0,3.6871097108814865e-06,1.110539427221132e-05,10223616.0,4.787945213913236e-13,5.265032258502569e-10
10235904.0,1.0,1.0,10235904.0,5.819967554998584e-06,1.0070410826301669e-05,10235904.0,9.439619456467578e-11,5.347424566756367e-10
10248192.0,1.0,1.0,10248192.0,2.5463135292132697e-06,9.163510245950116e-06,10248192.0,2.6152931093907186e-12,5.347901643612396e-10
10260480.0,1.0,1.0,10260480.0,7.3660691365754856e-06,9.597506686986889e-06,10260480.0,8.822216105800843e-12,5.3567202398557e-10
10272768.0,1.0,1.0,10272768.0,1.2461091197716693e-05,9.94126124472435e-06,10272768.0,2.391232397277084e-09,7.620665511848358e-10
10285056.0,1.0,1.0,10285056.0,1.0183292033616453e-05,1.0032626657145254e-05,10285056.0,4.0149535548058185e-10,7.970632363642769e-10
10297344.0,1.0,1.0,10297344.0,5.250340109341778e-06,9.742750747439761e-06,10297344.0,2.7904550415139284e-13,7.970909907360047e-10
10309632.0,1.0,1.0,10309632.0,5.5404082862272235e-06,7.5534819795090386e-06,10309632.0,1.486014274595012e-10,7.457347751595381e-10
10321920.0,1.0,1.0,10321920.0,3.5104215688382587e-06,6.668183959845918e-06,10321920.0,3.1971860344389334e-11,7.488712560132221e-10
10334208.0,1.0,1.0,10334208.0,3.650618115595231e-05,9.287119428336155e-06,10334208.0,4.3954083717619624e-13,3.080332125204143e-10
10346496.0,1.0,1.0,10346496.0,6.282398923455427e-06,9.54664834959355e-06,10346496.0,1.228178528930174e-13,3.0799761485356447e-10
10358784.0,1.0,1.0,10358784.0,1.883999357232824e-05,1.0848650951326515e-05,10358784.0,2.4932227578785177e-11,3.010512181549754e-10
10371072.0,1.0,1.0,10371072.0,2.0212742128933314e-06,1.0796147019694519e-05,10371072.0,2.603148511563328e-09,5.611045400003691e-10
10383360.0,1.0,1.0,10383360.0,2.7708631629745167e-05,1.2830403269011489e-05,10383360.0,1.020040533520709e-10,5.704227237249962e-10
10395648.0,1.0,1.0,10395648.0,5.812401165409635e-06,1.2165534265780784e-05,10395648.0,2.872500143562967e-14,3.313023564974313e-10
10407936.0,1.0,1.0,10407936.0,2.9618540793308057e-06,1.1443390470352217e-05,10407936.0,2.1689613068550292e-10,3.128424340179234e-10
10420224.0,1.0,1.0,10420224.0,3.5177533087941506e-06,1.1270131790297454e-05,10420224.0,8.627488191452019e-14,3.128231569556997e-10
10432512.0,1.0,1.0,10432512.0,1.0018380635301583e-05,1.1717929025204891e-05,10432512.0,9.825760065068807e-16,2.9796311246735023e-10
10444800.0,1.0,1.0,10444800.0,3.6839858997457973e-06,1.1735285458295645e-05,10444800.0,1.6695013743495944e-15,2.947660933830488e-10
10457088.0,1.0,1.0,10457088.0,8.702706206046665e-07,8.171694404760881e-06,10457088.0,7.37215473852378e-11,3.0209429403785494e-10
10469376.0,1.0,1.0,10469376.0,3.22753403452225e-05,1.077098854693759e-05,10469376.0,4.78497130806943e-10,3.4993172533325994e-10
10481664.0,1.0,1.0,10481664.0,2.4455492772782843e-05,1.1332538466983048e-05,10481664.0,2.1464152793101063e-13,3.474599667281745e-10
10493952.0,1.0,1.0,10493952.0,8.943020475271624e-07,1.1219841250446432e-05,10493952.0,8.769265017842068e-09,9.640716173560484e-10
10506240.0,1.0,1.0,10506240.0,1.3899594099105647e-05,9.83893749738248e-06,10506240.0,7.914216735664207e-12,9.546626336944078e-10
10518528.0,1.0,1.0,10518528.0,5.615213012788445e-06,9.819218682120359e-06,10518528.0,1.3493510417813178e-14,9.546611105453063e-10
10530816.0,1.0,1.0,10530816.0,3.497774893427656e-07,9.558011023121556e-06,10530816.0,4.3815549700327e-17,9.329715018583109e-10
10543104.0,1.0,1.0,10543104.0,2.8061319123177477e-06,9.486848883473917e-06,10543104.0,6.995568765470288e-14,9.329698699388848e-10
10555392.0,1.0,1.0,10555392.0,8.896693543647416e-06,9.3746801743085e-06,10555392.0,1.3580017110825793e-09,1.0687699427895419e-09
10567680.0,1.0,1.0,10567680.0,5.179351016219395e-06,9.52421668595586e-06,10567680.0,3.949259437992699e-10,1.1082623702193318e-09
10579968.0,1.0,1.0,10579968.0,2.8415767398352423e-06,9.721347297878917e-06,10579968.0,6.418495653951842e-13,1.1009544004373473e-09
10592256.0,1.0,1.0,10592256.0,2.169742098582598e-06,6.710787473214927e-06,10592256.0,8.598830092410026e-09,1.9129876965976557e-09
10604544.0,1.0,1.0,10604544.0,8.996541509986855e-06,5.164892346935327e-06,10604544.0,1.1081579808872959e-13,1.9129773140246712e-09
10616832.0,1.0,1.0,10616832.0,7.23150909228328e-07,5.1477772331054446e-06,10616832.0,6.302092275406919e-15,1.036051442449692e-09
10629120.0,1.0,1.0,10629120.0,5.482875470382472e-06,4.306105370233126e-06,10629120.0,7.44875369568763e-18,1.035260021521001e-09
10641408.0,1.0,1.0,10641408.0,6.793288302257376e-09,3.745263397784508e-06,10641408.0,5.244003211066239e-16,1.0352587246099914e-09
10653696.0,1.0,1.0,10653696.0,6.096245973215749e-06,4.319910246171805e-06,10653696.0,4.0931028936578667e-10,1.0761897491650148e-09
10665984.0,1.0,1.0,10665984.0,1.558293661219068e-05,5.597590716159099e-06,10665984.0,5.469776830543024e-13,1.076237451364555e-09
10678272.0,1.0,1.0,10678272.0,5.864820802041019e-06,5.294403441998459e-06,10678272.0,1.6215574068686085e-09,1.102593020943158e-09
10690560.0,1.0,1.0,10690560.0,4.640464794647414e-07,4.822872988322994e-06,10690560.0,6.291802634450505e-10,1.126018452907736e-09
10702848.0,1.0,1.0,10702848.0,1.3551263388459727e-06,4.674227948224067e-06,10702848.0,3.4175761902168384e-13,1.1259884437130986e-09
10715136.0,1.0,1.0,10715136.0,1.0041828772955341e-06,4.557672026095361e-06,10715136.0,2.895539072680674e-16,2.6610546342748673e-10
10727424.0,1.0,1.0,10727424.0,1.7731405629698809e-06,3.835331931393663e-06,10727424.0,1.4459464523284196e-18,2.6609438199227255e-10
10739712.0,1.0,1.0,10739712.0,7.603677659062669e-06,4.5233846063770966e-06,10739712.0,1.8435349543229526e-10,2.8452910132627453e-10
10752000.0,1.0,1.0,10752000.0,1.1052099277245968e-06,4.08561805211131e-06,10752000.0,6.269813372187609e-11,2.9079891395358674e-10
10764288.0,1.0,1.0,10764288.0,7.644656155510651e-07,4.16138528483619e-06,10764288.0,5.6267014751180495e-09,8.534690090253596e-10
10776576.0,1.0,1.0,10776576.0,7.692024155403487e-06,4.320963103054965e-06,10776576.0,5.715772762500866e-12,8.131095573650312e-10
10788864.0,1.0,1.0,10788864.0,1.238302793638013e-10,2.762681824863833e-06,10788864.0,2.53541632133647e-11,8.155902759180621e-10
10801152.0,1.0,1.0,10801152.0,1.7116265856505681e-06,2.347362403224788e-06,10801152.0,3.496990204643798e-14,6.534380322214058e-10
10813440.0,1.0,1.0,10813440.0,3.495456250372323e-08,2.304453211528686e-06,10813440.0,1.9058029554984944e-17,5.905200077827037e-10
10825728.0,1.0,1.0,10825728.0,1.5249644699603475e-06,2.321437024640124e-06,10825728.0,1.2884826612685606e-15,5.904859608690677e-10
10838016.0,1.0,1.0,10838016.0,1.8157238675560923e-09,2.2212003092973257e-06,10838016.0,4.067520246546034e-09,9.972379565682805e-10
10850304.0,1.0,1.0,10850304.0,6.42141579495122e-06,2.6860278324954596e-06,10850304.0,1.579694245782785e-11,9.988176506694684e-10
10862592.0,1.0,1.0,10862592.0,3.879464808657455e-06,2.3136065474549383e-06,10862592.0,1.9524256343605995e-12,9.80577543689675e-10
10874880.0,1.0,1.0,10874880.0,2.523158855183283e-06,2.4554014402008073e-06,10874880.0,6.727211380545365e-10,1.041579844122941e-09
10887168.0,1.0,1.0,10887168.0,2.7283646583479517e-06,2.6517913444804956e-06,10887168.0,4.780107516408338e-13,4.789574976863003e-10
10899456.0,1.0,1.0,10899456.0,8.093008242819147e-07,1.9635190113683386e-06,10899456.0,1.084217560250713e-15,4.783860288318064e-10
10911744.0,1.0,1.0,10911744.0,1.1603112094841588e-06,2.0795377492888177e-06,10911744.0,1.3265980762805603e-18,4.758506126431295e-10
10924032.0,1.0,1.0,10924032.0,1.4246304876526967e-09,1.9085175537725263e-06,10924032.0,8.172974449993653e-12,4.766644130979242e-10
10936320.0,1.0,1.0,10936320.0,1.8805290892487392e-05,3.7855511867708927e-06,10936320.0,1.0854415514553277e-10,4.875188267066746e-10
10948608.0,1.0,1.0,10948608.0,1.6165200141434372e-08,3.634671259789002e-06,10948608.0,2.486084671460276e-10,5.123795445730113e-10
10960896.0,1.0,1.0,10960896.0,6.20451560499428e-11,3.634495891917851e-06,10960896.0,1.9822767559352084e-12,1.0582574759400132e-10
10973184.0,1.0,1.0,10973184.0,1.305019189500739e-13,2.992354325472921e-06,10973184.0,1.1239305782358618e-10,1.1548535913057715e-10
10985472.0,1.0,1.0,10985472.0,1.4817566504158701e-06,2.7525835096487628e-06,10985472.0,4.533600871017146e-14,1.1529465016801212e-10
10997760.0,1.0,1.0,10997760.0,9.60719466943279e-11,2.5002772313251036e-06,10997760.0,1.9751848359296728e-16,4.802255611440683e-11
11010048.0,1.0,1.0,11010048.0,1.2245107994709088e-12,2.227440887941388e-06,11010048.0,1.5141218857002864e-19,4.797475505438397e-11
11022336.0,1.0,1.0,11022336.0,3.760790710425309e-15,2.146510805889276e-06,11022336.0,5.706811615861322e-09,6.186558082187601e-10
11034624.0,1.0,1.0,11034624.0,7.6714866891416885e-19,2.0304796849409366e-06,11034624.0,1.3411621350526795e-11,6.19996970221153e-10
11046912.0,1.0,1.0,11046912.0,2.5345519441673236e-21,2.030337221892172e-06,11046912.0,6.461307877625444e-11,6.256409806537791e-10
11059200.0,1.0,1.0,11059200.0,4.904611727301374e-24,1.4980813264343274e-07,11059200.0,4.958605378154365e-10,6.643726189207694e-10
11071488.0,1.0,1.0,11071488.0,8.016065811976369e-28,1.4819161262928931e-07,11071488.0,7.960540213125533e-12,6.403078262274792e-10
11083776.0,1.0,1.0,11083776.0,8.189066160596679e-30,1.4818540811368434e-07,11083776.0,1.4113632838204787e-15,6.401097396882142e-10
11096064.0,1.0,1.0,11096064.0,1.2863542434697118e-33,1.4818539506349243e-07,11096064.0,4.288335078865798e-18,6.28870434334689e-10
11108352.0,1.0,1.0,11108352.0,9.269201521882475e-36,9.730021905419735e-12,11108352.0,5.31316493351721e-15,6.288664320503114e-10
11120640.0,1.0,1.0,11120640.0,8.275338186702969e-39,1.2282723598694604e-13,11120640.0,1.2022819776783915e-09,7.490946100663022e-10
11132928.0,1.0,1.0,11132928.0,1.730603603441149e-42,3.7615603985515883e-16,11132928.0,1.6379811280479533e-12,7.492584081639657e-10
11145216.0,1.0,1.0,11145216.0,1.961817850054744e-44,7.696881262798605e-20,11145216.0,2.397359644135122e-09,4.183132109913457e-10
11157504.0,1.0,1.0,11157504.0,0.0,2.539457365691568e-22,11157504.0,7.271051908711949e-10,4.896825679434125e-10
11169792.0,1.0,1.0,11169792.0,0.0,4.905421524244364e-25,11169792.0,4.780072821938819e-13,4.832690607940064e-10
11182080.0,1.0,1.0,11182080.0,0.0,8.097969429899558e-29,11182080.0,1.3218064903072816e-15,4.336831391931119e-10
11194368.0,1.0,1.0,11194368.0,0.0,8.190361792318758e-31,11194368.0,1.2004748152890208e-18,4.3288708529184683e-10
11206656.0,1.0,1.0,11206656.0,0.0,1.2956317220800027e-34,11206656.0,8.257025344131826e-14,4.328952011808625e-10
11218944.0,1.0,1.0,11218944.0,0.0,9.27747861029096e-37,11218944.0,6.547366352786336e-10,4.983688642798924e-10
11231232.0,1.0,1.0,11231232.0,0.0,8.27708840848491e-40,11231232.0,1.6876264564054852e-13,4.983852092279631e-10
11243520.0,1.0,1.0,11243520.0,0.0,1.7502217819416966e-43,11243520.0,1.576959007820733e-09,5.358529122421972e-10
11255808.0,1.0,1.0,11255808.0,0.0,1.9618178500547438e-45,11255808.0,1.1155180945632281e-11,5.368046322239556e-10
11268096.0,1.0,1.0,11268096.0,0.0,0.0,11268096.0,1.7131268463272536e-14,2.9707038093728975e-10
11280384.0,1.0,1.0,11280384.0,0.0,0.0,11280384.0,1.1730023273487871e-17,2.2435986302317263e-10
11292672.0,1.0,1.0,11292672.0,0.0,0.0,11292672.0,5.961955963764232e-20,2.243120623009152e-10
11304960.0,1.0,1.0,11304960.0,0.0,0.0,11304960.0,3.318402145661518e-09,5.561521446864179e-10
11317248.0,1.0,1.0,11317248.0,0.0,0.0,11317248.0,3.319017977121419e-11,5.594711625434918e-10
11329536.0,1.0,1.0,11329536.0,0.0,0.0,11329536.0,2.2615285024448623e-14,5.594651670466502e-10
11341824.0,1.0,1.0,11341824.0,1.6690070575956877e-06,1.6690070575956876e-07,11341824.0,7.575729673211148e-10,5.697488002508982e-10
11354112.0,1.0,1.0,11354112.0,6.664205708754404e-07,2.335427628471128e-07,11354112.0,2.0513238821693683e-13,5.69752437225156e-10
11366400.0,1.0,1.0,11366400.0,4.175210547667045e-10,2.3358451495258947e-07,11366400.0,3.875483488992593e-16,4.120565751979176e-10
11378688.0,1.0,1.0,11378688.0,1.140686666217111e-13,2.3358452635945612e-07,11378688.0,1.96152757667898e-18,4.10941057299507e-10
11390976.0,1.0,1.0,11390976.0,7.398376813701664e-06,9.734222077296224e-07,11390976.0,1.782780441790995e-09,5.892173883517601e-10
11403264.0,1.0,1.0,11403264.0,1.2624739217000544e-11,9.734234702035442e-07,11403264.0,1.3138382234008834e-09,7.206012095188462e-10
11415552.0,1.0,1.0,11415552.0,1.1591357503467256e-11,9.734246293392947e-07,11415552.0,1.906132080879234e-12,7.207918227209722e-10
11427840.0,1.0,1.0,11427840.0,1.2981031203113172e-15,9.73424629469105e-07,11427840.0,1.087313942586358e-10,3.9982474758068405e-10
11440128.0,1.0,1.0,11440128.0,1.5425035761039795e-17,9.734246294706475e-07,11440128.0,6.476454095238893e-11,4.029821836988015e-10
11452416.0,1.0,1.0,11452416.0,7.531917032144079e-22,9.734246294706472e-07,11452416.0,1.0971186343670485e-13,4.029908933566428e-10
11464704.0,1.0,1.0,11464704.0,2.3978863992854695e-23,8.065239237110787e-07,11464704.0,1.283620550979163e-16,3.2723360946073673e-10
11476992.0,1.0,1.0,11476992.0,3.89179802642656e-27,7.398818666235347e-07,11476992.0,2.432391325394671e-11,3.2964548754730967e-10
11489280.0,1.0,1.0,11489280.0,1.515417776123394e-29,7.39840114518058e-07,11489280.0,1.3272133022231476e-09,4.623667790147896e-10
11501568.0,1.0,1.0,11501568.0,3.9538536152808187e-32,7.398401031111914e-07,11501568.0,6.996014878524193e-12,4.630663803064893e-10
11513856.0,1.0,1.0,11513856.0,1.307339989782986e-35,2.421741024940105e-12,11513856.0,2.3679445071422833e-09,5.215827868416181e-10
11526144.0,1.0,1.0,11526144.0,2.3306340006711785e-39,1.1592671032400502e-12,11526144.0,3.2748479853831705e-12,3.9052644930006805e-10
11538432.0,1.0,1.0,11538432.0,3.7355814461970973e-41,1.3135289332468313e-16,11538432.0,8.879593241251094e-12,3.912237954161053e-10
11550720.0,1.0,1.0,11550720.0,7.707141553786494e-44,1.5425812935513996e-18,11550720.0,1.2564442216679572e-13,3.803632204324584e-10
11563008.0,1.0,1.0,11563008.0,0.0,7.771744741990185e-23,11563008.0,9.201364081113984e-16,3.7388685835086026e-10
11575296.0,1.0,1.0,11575296.0,0.0,2.3982770984610495e-24,11575296.0,6.022641644657748e-10,4.3410230361109407e-10
11587584.0,1.0,1.0,11587584.0,0.0,3.906991755799715e-28,11587584.0,3.217853298635257e-11,4.373201440735239e-10
11599872.0,1.0,1.0,11599872.0,0.0,1.5193729373154712e-30,11599872.0,1.1201451618110998e-09,5.469022689292391e-10
11612160.0,1.0,1.0,11612160.0,0.0,3.9551611920772906e-33,11612160.0,3.51663721291177e-13,4.142161050790535e-10
11624448.0,1.0,1.0,11624448.0,0.0,1.3075767964716409e-36,11624448.0,1.07475436699183e-15,4.1351661106663775e-10
11636736.0,1.0,1.0,11636736.0,0.0,2.3680668865486872e-40,11636736.0,3.3298489891346133e-10,2.100206502437556e-10
11649024.0,1.0,1.0,11649024.0,0.0,3.743288587750884e-42,11649024.0,1.1695378281280366e-13,2.0970486082349857e-10
11661312.0,1.0,1.0,11661312.0,0.0,7.707141553786494e-45,11661312.0,8.609601746811801e-13,2.089029975168416e-10
11673600.0,1.0,1.0,11673600.0,0.0,0.0,11673600.0,5.189078056133667e-10,2.607812136359616e-10
11685888.0,1.0,1.0,11685888.0,0.0,0.0,11685888.0,7.834275762841347e-13,2.6085946437994915e-10
11698176.0,1.0,1.0,11698176.0,0.0,0.0,11698176.0,9.619848320707725e-12,2.0159503276544247e-10
11710464.0,1.0,1.0,11710464.0,0.0,0.0,11710464.0,4.1259358849026394e-14,1.9838130540269214e-10
11722752.0,1.0,1.0,11722752.0,0.0,0.0,11722752.0,2.948511226841255e-12,8.666164034426624e-11
11735040.0,1.0,1.0,11735040.0,7.136194805449728e-07,7.136194805449728e-08,11735040.0,1.698731664593704e-11,8.832520563673082e-11
11747328.0,1.0,1.0,11747328.0,1.5663606707979245e-09,7.151858412157708e-08,11747328.0,2.748800920136391e-15,8.832537304138614e-11
11759616.0,1.0,1.0,11759616.0,3.507868763981866e-12,7.151893490845348e-08,11759616.0,6.513607431202217e-10,1.2016295746206218e-10
11771904.0,1.0,1.0,11771904.0,2.5810665344276154e-06,3.29625588351215e-07,11771904.0,1.8799458286385592e-10,1.389507203701665e-10
11784192.0,1.0,1.0,11784192.0,1.5120864560458358e-08,3.3113767480726085e-07,11784192.0,2.7384812935811925e-10,1.6624943728851028e-10
11796480.0,1.0,1.0,11796480.0,2.2169925154950456e-09,3.313593740588104e-07,11796480.0,1.6804392802040788e-13,1.1437546111997565e-10
11808768.0,1.0,1.0,11808768.0,1.4104824686000939e-07,3.4546419874481127e-07,11808768.0,5.422343880528264e-16,1.1429717258578605e-10
11821056.0,1.0,1.0,11821056.0,3.3066281194630656e-12,3.454645294076232e-07,11821056.0,6.867173496516443e-10,1.820069227188797e-10
11833344.0,1.0,1.0,11833344.0,2.0185148402277844e-13,3.4546454959277156e-07,11833344.0,9.442124454991003e-13,1.820972180275447e-10
11845632.0,1.0,1.0,11845632.0,6.811917268250405e-18,3.4546454959345284e-07,11845632.0,3.8998833791955195e-10,2.2080120069681578e-10
11857920.0,1.0,1.0,11857920.0,6.655981602913622e-07,3.406624175680917e-07,11857920.0,8.617573321600958e-10,3.0527820224823167e-10
11870208.0,1.0,1.0,11870208.0,3.653318708529696e-05,3.993824490030708e-06,11870208.0,4.30221710108943e-10,3.48300098379034e-10
11882496.0,1.0,1.0,11882496.0,4.445445665623993e-05,8.439269804867824e-06,11882496.0,1.0340666763257918e-13,2.8317436473377504e-10
11894784.0,1.0,1.0,11894784.0,2.2017649219681818e-05,1.0382928073393245e-05,11894784.0,3.3615050259759465e-15,2.6437524259789204e-10
11907072.0,1.0,1.0,11907072.0,4.139288497147694e-08,1.0385555275434345e-05,11907072.0,7.463915707717206e-09,9.833820004338008e-10
11919360.0,1.0,1.0,11919360.0,4.31861747832348e-05,1.4703951054506275e-05,11919360.0,6.432060902413402e-12,9.8400840213124e-10
11931648.0,1.0,1.0,11931648.0,4.941563247484737e-07,1.4739261862295122e-05,11931648.0,8.486468416890602e-09,1.8326551895968614e-09
11943936.0,1.0,1.0,11943936.0,2.8060958356945775e-06,1.5019871115201769e-05,11943936.0,6.9059734782624576e-12,1.7646740519795234e-09
11956224.0,1.0,1.0,11956224.0,8.32691754718932e-06,1.585256284973555e-05,11956224.0,6.617476936791414e-10,1.8307544001028875e-09
11968512.0,1.0,1.0,11968512.0,2.02150440600235e-05,1.7874067255737223e-05,11968512.0,1.0115110600968553e-10,1.801870676911901e-09
11980800.0,1.0,1.0,11980800.0,8.261913535534404e-06,1.8633698793261526e-05,11980800.0,1.3402682284315015e-13,1.7157083463781752e-09
11993088.0,1.0,1.0,11993088.0,1.7858331110195043e-09,1.498055866804293e-05,11993088.0,8.269994064558084e-12,1.6735131747737373e-09
12005376.0,1.0,1.0,12005376.0,1.0455240650723377e-05,1.1580637067491275e-05,12005376.0,9.520778262994689e-12,1.6744549119332732e-09
12017664.0,1.0,1.0,12017664.0,8.11315032933635e-08,9.386985295852433e-06,12017664.0,2.6264558200481587e-14,1.6744572022385908e-09
12029952.0,1.0,1.0,12029952.0,6.411036641414587e-06,1.0023949671496741e-05,12029952.0,1.418431615652499e-13,9.280798157830268e-10
12042240.0,1.0,1.0,12042240.0,7.183512934716418e-06,6.423683486644904e-06,12042240.0,5.563735028246697e-10,9.830739599752525e-10
12054528.0,1.0,1.0,12054528.0,6.78540285055836e-06,7.052808139225892e-06,12054528.0,1.2455996234450595e-09,2.5898708063069805e-10
12066816.0,1.0,1.0,12066816.0,2.650563324380073e-09,6.772463611988873e-06,12066816.0,1.8293471483003345e-12,2.584794179977018e-10
12079104.0,1.0,1.0,12079104.0,2.5548304212937485e-11,5.939774412100363e-06,12079104.0,4.013029216476799e-15,1.9230504993270928e-10
12091392.0,1.0,1.0,12091392.0,4.429368836410726e-14,3.918270010527382e-06,12091392.0,4.085988029404556e-11,1.8627592736114533e-10
12103680.0,1.0,1.0,12103680.0,8.327362593263388e-06,3.9248149163002795e-06,12103680.0,1.5429861164803493e-13,1.862779545400258e-10
12115968.0,1.0,1.0,12115968.0,1.904053594140957e-05,5.828689927130135e-06,12115968.0,8.993416363185791e-15,1.8545185447520633e-10
12128256.0,1.0,1.0,12128256.0,2.6376925840546996e-06,5.046935120463266e-06,12128256.0,8.206759346170618e-11,1.9270653599507746e-10
12140544.0,1.0,1.0,12140544.0,3.224060249825319e-05,8.26288221995925e-06,12140544.0,4.4025000658920455e-12,1.9314415954584663e-10
12152832.0,1.0,1.0,12152832.0,8.370530698205887e-08,7.630149086515997e-06,12152832.0,2.943715197526823e-09,4.875014949823724e-10
12165120.0,1.0,1.0,12165120.0,1.5973520654336917e-10,6.911813766565009e-06,12165120.0,1.4525798099074283e-12,4.320094026808962e-10
12177408.0,1.0,1.0,12177408.0,1.118175957041482e-05,7.351449438550656e-06,12177408.0,7.576321514601858e-12,3.082070724878504e-10
12189696.0,1.0,1.0,12189696.0,9.039721267830222e-09,7.352088354345001e-06,12189696.0,2.104836675324388e-11,3.101289744483448e-10
12201984.0,1.0,1.0,12201984.0,1.3220184579646836e-06,7.484287645311047e-06,12201984.0,3.8125879045271725e-14,3.1013238573332763e-10
12214272.0,1.0,1.0,12214272.0,1.5196984956370823e-06,7.636257490445388e-06,12214272.0,5.673355665467006e-13,3.0610313126057775e-10
12226560.0,1.0,1.0,12226560.0,1.0119152041928222e-05,7.81543643531187e-06,12226560.0,1.3491247471038767e-11,3.0743682614651684e-10
12238848.0,1.0,1.0,12238848.0,1.092456174471105e-05,7.003839015642019e-06,12238848.0,3.621691095171779e-10,3.436528377565983e-10
12251136.0,1.0,1.0,12251136.0,1.4998312205231438e-05,8.239900977759693e-06,12251136.0,7.391161294112436e-11,3.428372397045401e-10
12263424.0,1.0,1.0,12263424.0,1.7407553968951106e-05,6.756596124829484e-06,12263424.0,7.242935273534442e-13,3.424694190506863e-10
12275712.0,1.0,1.0,12275712.0,5.017157652294675e-09,6.748727309896506e-06,12275712.0,9.630527486592655e-10,1.4440317416393052e-10
12288000.0,1.0,1.0,12288000.0,8.738860136266643e-07,6.8360999377385185e-06,12288000.0,1.041624107569102e-13,1.4426833242401545e-10
