v2_latent_discrepancy_timesteps,v2_latent_discrepancy_score,v2_latent_discrepancy_score_mean,v3_latent_plus_clamped_eme_timesteps,v3_latent_plus_clamped_eme_score,v3_latent_plus_clamped_eme_score_mean,v4_latent_plus_normalised_eme_timesteps,v4_latent_plus_normalised_eme_score,v4_latent_plus_normalised_eme_score_mean
12288.0,2.4007187858223915,2.4007187858223915,12288.0,2.4007187858223915,2.4007187858223915,12288.0,2.4007187858223915,2.4007187858223915
24576.0,0.20320042440046868,1.3019596051114302,24576.0,0.20320042440046868,1.3019596051114302,24576.0,0.20441190153360367,1.3025653436779976
36864.0,0.1092032656694452,0.9043741586307684,36864.0,0.1092032656694452,0.9043741586307684,36864.0,0.11091821206112702,0.9053496331390408
49152.0,0.0652194262559836,0.6945854755370723,49152.0,0.0652194262559836,0.6945854755370723,49152.0,0.06556867877952754,0.6954043945491625
61440.0,0.04425387649098411,0.5645191557278546,61440.0,0.04425387649098411,0.5645191557278546,61440.0,0.04570331148958454,0.5654641779372469
73728.0,0.03200631419895217,0.47576701547303757,73728.0,0.03200631419895217,0.47576701547303757,73728.0,0.0326729083705383,0.4766656330094621
86016.0,0.02353143333069359,0.4111619323098456,86016.0,0.02353143333069359,0.4111619323098456,86016.0,0.02467195571322615,0.4120951076814284
98304.0,0.017169549663473543,0.36191288447904907,98304.0,0.017169549663473543,0.36191288447904907,98304.0,0.018709821374310803,0.3629219468930387
110592.0,0.013199225223312775,0.3231669223395228,110592.0,0.013199225223312775,0.3231669223395228,110592.0,0.01397093326280204,0.3241496120452346
122880.0,0.010528496553888544,0.29190307976095936,122880.0,0.010528496553888544,0.29190307976095936,122880.0,0.011201331673267608,0.29285478400803794
135168.0,0.008647639968936952,0.05269596517561391,135168.0,0.008647639968936952,0.05269596517561391,135168.0,0.009171013550561232,0.0537000067808549
147456.0,0.007455612818982142,0.033121484017465265,147456.0,0.007455612818982142,0.033121484017465265,147456.0,0.008121960859474106,0.03407101271344193
159744.0,0.0071168670935245855,0.0229128441598732,159744.0,0.0071168670935245855,0.0229128441598732,159744.0,0.007903633547054293,0.023769554862034664
172032.0,0.006475251881056465,0.017038426722380488,172032.0,0.006475251881056465,0.017038426722380488,172032.0,0.007542844158403265,0.017966971399922232
184320.0,0.00576964331654987,0.013190003404937062,184320.0,0.005738701179022125,0.013186909191184287,184320.0,0.006933191645657644,0.014089959415529544
196608.0,0.005588871189199078,0.010548259103961755,196608.0,0.005534032262706508,0.010539680997559722,196608.0,0.0060888451456169905,0.011431553093037412
208896.0,0.00601312881190097,0.008796428652082492,208896.0,0.005989290026870246,0.008785466667177388,208896.0,0.005748031093389727,0.009539160631053771
221184.0,0.006642641931345376,0.007743737878869676,221184.0,0.006504160419960196,0.0077189277428260554,221184.0,0.006103351324175795,0.00827851362604027
233472.0,0.007128952260245569,0.0071367105825629554,233472.0,0.006942350441628757,0.007093240264657653,233472.0,0.006425614046747796,0.007523981704434845
245760.0,0.007140009576687589,0.006797861884842859,245760.0,0.006843908379475276,0.006724781447216326,245760.0,0.0065515080592983095,0.007058999343037916
258048.0,0.006474529286303247,0.006580550816579489,258048.0,0.006422568221751135,0.006502274272497744,258048.0,0.0064224571639594314,0.006784143704377734
270336.0,0.005596312519628555,0.006394620786644131,270336.0,0.005701209355417329,0.006326833926141262,270336.0,0.006332415558669406,0.006605189174297266
282624.0,0.005037834702913339,0.006186717547583006,282624.0,0.005297697913192678,0.006144917008108071,282624.0,0.006295216041811121,0.006444347423772948
294912.0,0.004655471282603685,0.006004739487737728,294912.0,0.004825049843930174,0.005979896804395443,294912.0,0.006387969731198003,0.006328859981052422
307200.0,0.004324044375001297,0.005860179593582871,307200.0,0.004336010759288911,0.005839627762422121,307200.0,0.00625489651671766,0.006261030468158424
319488.0,0.004047190848117073,0.00570601155947467,319488.0,0.004425826041066709,0.005728807140258141,319488.0,0.005546126939104094,0.006206758647507134
331776.0,0.003821819441024369,0.00548688062238701,331776.0,0.0042010482648038305,0.005549982964051499,331776.0,0.005025298201265589,0.006134485358294721
344064.0,0.003723743492931438,0.005194990778545616,344064.0,0.00426802092018382,0.005326369014073863,344064.0,0.004775544832227752,0.006001704709099916
356352.0,0.003292930339133212,0.004811388586434382,356352.0,0.004256844341095227,0.005057818404020508,356352.0,0.004593689889588859,0.0058185122933840224
368640.0,0.00316322371509159,0.004413710000274781,368640.0,0.004132675535705251,0.004786695119643507,368640.0,0.004327967408850479,0.0055961582283392385
380928.0,0.0031341998425583975,0.004079677055900296,380928.0,0.004249968643610676,0.0045694351618294615,380928.0,0.0041567274602130055,0.005369585257964596
393216.0,0.0029157117120727585,0.003811616975144716,393216.0,0.004284054579329677,0.004427719684220696,393216.0,0.004159899309646183,0.005152333633062275
405504.0,0.002790589921157031,0.0035868924969690843,405504.0,0.004354779526086834,0.004333427845510111,405504.0,0.004092511999867081,0.004932063228867871
417792.0,0.0026931272659567185,0.0033906580953043885,417792.0,0.0044149615641799755,0.004292419017535091,417792.0,0.004111859685508534,0.004704452224298923
430080.0,0.0025689573509832067,0.00321514939290258,430080.0,0.0044592408812604845,0.004304742029732249,430080.0,0.004141656092542689,0.004493128181881427
442368.0,0.0025215406628073347,0.003062584374371606,442368.0,0.004221267966689386,0.004284286222294516,442368.0,0.004176569311918381,0.004356172419162855
454656.0,0.002494914965306331,0.002929893926799802,454656.0,0.004292852029417797,0.004293466598755913,454656.0,0.0041757809958653525,0.0042712206986228315
466944.0,0.0024627688023125907,0.0028037964577379173,466944.0,0.004282222740584984,0.004294886780796029,466944.0,0.004166198967141099,0.004210286112114167
479232.0,0.002487541760880655,0.002723257599912662,479232.0,0.00415704894354955,0.004284907241041461,479232.0,0.00420833948252645,0.004171751071407925
491520.0,0.0024599754251539707,0.0026529327709188992,491520.0,0.004314739647573636,0.0043031136522283,491520.0,0.004160309271052635,0.004154985257628141
503808.0,0.0023832708357076626,0.0025778398702338257,503808.0,0.004370978504690963,0.004315214638336329,503808.0,0.004099346197714719,0.004149247131378312
516096.0,0.002458276918332558,0.002532096390859806,516096.0,0.004433217489956102,0.004330130929398971,516096.0,0.004182212071706696,0.004151478407584364
528384.0,0.0024273276370270955,0.002495770162446812,528384.0,0.004401107917753204,0.004334763768565608,528384.0,0.004137805524806026,0.004156007760078259
540672.0,0.0024070556925532096,0.0024671630051064613,540672.0,0.004402470318988587,0.004333514644046469,540672.0,0.004129296602817097,0.004157751451809115
552960.0,0.002401637525811869,0.002450431022589328,552960.0,0.004382644396779749,0.004325854995598395,552960.0,0.004168457286141347,0.004160431571168981
565248.0,0.002374495755551228,0.0024357265318637167,565248.0,0.0043372405028397525,0.004337452249213432,565248.0,0.004145589024119545,0.004157333542389096
577536.0,0.0024036649192566983,0.0024266015272587536,577536.0,0.00423695668723667,0.0043318627149953205,577536.0,0.004172044287164074,0.004156959871518969
589824.0,0.002399451027789231,0.002420269749806418,589824.0,0.004099370467884,0.004313577487725222,589824.0,0.004183118716658403,0.0041586518464707
602112.0,0.0024549947617439707,0.0024170150498927494,602112.0,0.004201867814117577,0.004318059374782024,602112.0,0.004184991514193825,0.004156317049637437
614400.0,0.0024855484395326735,0.00241957235133062,614400.0,0.004276051947575373,0.004314190604782198,614400.0,0.004143629145498077,0.0041546490370819806
626688.0,0.002467322101438185,0.002427977477903672,626688.0,0.004169927063533881,0.00429408546066649,626688.0,0.004128985766631861,0.004157612993973695
638976.0,0.002413669447075032,0.0024235167307779196,638976.0,0.004157134360866621,0.004266477147757542,638976.0,0.004141499686132495,0.004153541755416277
651264.0,0.002433158192919412,0.002424099786367151,651264.0,0.004240134032443166,0.004250379759226537,651264.0,0.004125031817238778,0.004152264384659551
663552.0,0.0024152803259009183,0.002424922249701922,663552.0,0.004331314211109809,0.004243264148438659,663552.0,0.004131735452877668,0.004152508269665608
675840.0,0.002396081319602672,0.0024243666290810024,675840.0,0.004127220328276356,0.004217721741588321,675840.0,0.004130622083418227,0.004148724749393295
688128.0,0.002373833731932488,0.0024243004267191287,688128.0,0.004165841118568399,0.004200581803161185,688128.0,0.0041391253398614936,0.0041480783809674905
700416.0,0.002390916815784294,0.0024230256163718876,700416.0,0.0042270756991153275,0.004199593704349051,700416.0,0.004101119331608061,0.004140985885411889
712704.0,0.0023777373474634564,0.00242085424833931,712704.0,0.004332072882486197,0.00422286394580927,712704.0,0.004077478590867638,0.0041304218728328125
724992.0,0.002386510866926983,0.002414005858857611,724992.0,0.004274903282445545,0.004230167492642067,724992.0,0.004092168189041938,0.0041211395403176225
737280.0,0.00237875772533395,0.002403326787437739,737280.0,0.0044135317172428285,0.004243915469608813,737280.0,0.004111727655981667,0.004117949391365982
749568.0,0.00241307958761657,0.0023979025360555775,749568.0,0.004360031841012339,0.004262925947356658,749568.0,0.004087226448367194,0.004113773459539517
761856.0,0.002396799473596426,0.0023962155387077166,761856.0,0.004306500059707711,0.004277862517240767,761856.0,0.0040238843648694456,0.004102011927413211
774144.0,0.002387045828072587,0.0023916043022230342,774144.0,0.004184923927823547,0.004272341506778806,774144.0,0.004073951434596286,0.004096903889148962
786432.0,0.0023786294744544043,0.0023879392170783826,786432.0,0.0042795337188484455,0.00426716345755267,786432.0,0.004063447265555927,0.004090075070416788
798720.0,0.002397163205993517,0.0023880474057174673,798720.0,0.0043253184388352866,0.004286973268608564,798720.0,0.004094008785614278,0.004086413740636393
811008.0,0.002374840287908834,0.002388148061315103,811008.0,0.004261680810789888,0.004296557237830711,811008.0,0.004107576440825748,0.004083258850732819
823296.0,0.002340847950108582,0.002383141174747531,823296.0,0.004294394059494759,0.004303289073868654,823296.0,0.004063385211338755,0.004079485438705887
835584.0,0.002343705143478777,0.002379737954349063,835584.0,0.004228695213290242,0.00429295130694906,835584.0,0.0040783281486559035,0.004079570394484715
847872.0,0.0023576988157098335,0.002376856749227348,847872.0,0.0040622699646822484,0.00427168797517273,847872.0,0.004114911173625539,0.004081844692943074
860160.0,0.00237914637667321,0.002376895614361274,860160.0,0.0041279656992022256,0.004243131373368669,860160.0,0.004084735230814355,0.004079145450426343
872448.0,0.002382369205103411,0.002373824576109958,872448.0,0.004185796075034887,0.004225707796770924,872448.0,0.004136596580792684,0.004084082463668892
884736.0,0.002353401379271721,0.002369484766677488,884736.0,0.004024878214598478,0.004197545612260001,884736.0,0.004111194454405147,0.004092813472622462
897024.0,0.0023521573069350175,0.0023659959145637304,897024.0,0.004205854769679718,0.004199638696445618,897024.0,0.0041514664408168755,0.0041005649732445216
909312.0,0.0023898246702932133,0.0023671154341476115,909312.0,0.004131928602873813,0.0041848781848481545,909312.0,0.004126891299771766,0.004106909376666105
921600.0,0.0023291507301716288,0.002360314186565423,921600.0,0.004095254941300179,0.004161871835094643,921600.0,0.004098093961753572,0.004107317894280034
933888.0,0.0023365004538694243,0.0023564802031614818,933888.0,0.0039992575063176146,0.004135629504647416,933888.0,0.004075402287223066,0.004104100478919766
946176.0,0.002323408191538571,0.002354736227304481,946176.0,0.003927555136518397,0.00409894561234978,946176.0,0.0040948489792450955,0.0041072468557104
958464.0,0.0023526684162789024,0.0023556325545844936,958464.0,0.003983270282333251,0.004074403119254081,958464.0,0.0040398410662116175,0.004103398147465971
970752.0,0.0023431196883999896,0.0023541746418535093,970752.0,0.004086321702440425,0.004076808293029898,970752.0,0.004038230215276902,0.004095730051631108
983040.0,0.0024077708282372137,0.00235703708700991,983040.0,0.0039025799681742987,0.004054269719927106,983040.0,0.0039909307985605364,0.004086349608405726
995328.0,0.002426024958064469,0.0023614026623060154,995328.0,0.003827566259133164,0.004018446738336934,995328.0,0.003985015272822541,0.004071191477608712
1007616.0,0.0023604576041786154,0.002362108284796705,1007616.0,0.0037449471686462252,0.003990453633741709,1007616.0,0.004013046134787146,0.004061376645646912
1019904.0,0.0023977751843631268,0.0023666700725395156,1019904.0,0.0036637071510388828,0.0039362388718776255,1019904.0,0.004005048031103797,0.0040467348046756045
1032192.0,0.002328571402661813,0.002360544745776375,1032192.0,0.003280253355721167,0.0038510713471623602,1032192.0,0.0039877614375048625,0.0040328218184489135
1044480.0,0.0024200573886143197,0.0023696354116206444,1044480.0,0.003919101768891172,0.00383345602992146,1044480.0,0.00390496648469707,0.004013509070743264
1056768.0,0.002418935279517124,0.002377878894185415,1056768.0,0.003509219090725916,0.0037844521883622895,1056768.0,0.003993167093237086,0.004005285551344665
1069056.0,0.0023866973861004226,0.0023842078136415996,1069056.0,0.003267582811531611,0.0037184549558636113,1069056.0,0.004079341941784757,0.00400373484759863
1081344.0,0.002365805422111104,0.00238552151422482,1081344.0,0.003215053591702599,0.003641633286800546,1081344.0,0.003992470071049563,0.003998997748082425
1093632.0,0.0022998535920730014,0.002381194904592121,1093632.0,0.0033021645564682935,0.0035632175722033325,1093632.0,0.004026311272658252,0.003997805853820561
1105920.0,0.002295376410377988,0.0023699554628061987,1105920.0,0.003433821697399253,0.0035163417451258283,1105920.0,0.0039519154306617565,0.003993904317030683
1118208.0,0.002341610632962935,0.0023615140302960446,1118208.0,0.0035741039804027728,0.0034909955172527894,1118208.0,0.004058652293072858,0.004001268019055716
1130496.0,0.0024257521763502154,0.0023680434875132054,1130496.0,0.0034927067814957504,0.0034657714785377414,1130496.0,0.0040870069157487405,0.004008664097151874
1142784.0,0.0024946539027344747,0.0023777313593503395,1142784.0,0.0033453324091775962,0.0034339340043516133,1142784.0,0.003981971579681461,0.004006356452009641
1155072.0,0.0025128785285536046,0.0023961620719395184,1155072.0,0.00366101155426198,0.003472009824205694,1155072.0,0.0040235796477645636,0.004009938273035611
1167360.0,0.002499806954195568,0.0024041370284976437,1167360.0,0.0037956443047733046,0.003459664077793907,1167360.0,0.0040047966976999305,0.004019921294335897
1179648.0,0.0025001304578230097,0.002412256546328232,1179648.0,0.0043415417821961455,0.0035428963469409302,1179648.0,0.003981194752365506,0.004018724060248739
1191936.0,0.002577997742870745,0.0024313865820052645,1191936.0,0.00465656481901533,0.003681794547689303,1191936.0,0.004003510834688011,0.0040111409495390635
1204224.0,0.0026192987461399753,0.002456735914408152,1204224.0,0.005159487780474592,0.0038762379665665016,1204224.0,0.003978322779100078,0.004009726220344114
1216512.0,0.0025433643204451073,0.0024810869872453623,1216512.0,0.006072360772426085,0.0041532575881622815,1216512.0,0.004029769358263972,0.004010072028904688
1228800.0,0.0025004627495945897,0.002501595621167022,1228800.0,0.0061593061036546715,0.004425806028787823,1228800.0,0.004100032854087961,0.004024883771247307
1241088.0,0.00252227778279727,0.002519662336150456,1241088.0,0.007205098624884461,0.0047889054932359915,1241088.0,0.003999149700878964,0.00401893351202792
1253376.0,0.0025284189214289654,0.002529929010658331,1253376.0,0.010427434625550328,0.005482378277641449,1253376.0,0.004026773351749095,0.004012910155627955
1265664.0,0.0025184060104948003,0.002532304221434364,1265664.0,0.015514646006825691,0.0066993096374062585,1265664.0,0.004024921603559051,0.004017205158015713
1277952.0,0.002514442050596699,0.002532460573638673,1277952.0,0.019618751510279253,0.008295083633007985,1277952.0,0.003963180007607055,0.0040111651939999625
1290240.0,0.002529429767794985,0.0025354228549986143,1290240.0,0.02393424914528926,0.010308944117059581,1290240.0,0.003966955344367307,0.0040073810586667
1302528.0,0.002506976275374958,0.002536107436753809,1302528.0,0.02995086044150715,0.012869875982990683,1302528.0,0.004050628927264673,0.004014324476156617
1314816.0,0.0025698888772846353,0.0025352965501951987,1314816.0,0.03691531019285321,0.016095750520374468,1314816.0,0.004051378804433625,0.004019111273131178
1327104.0,0.0025400749655091204,0.0025273741721321135,1327104.0,0.047620522401606045,0.020341853982487616,1327104.0,0.003989899584363836,0.0040202689536575536
1339392.0,0.0025428824228583835,0.002527325982373441,1339392.0,0.06145736148270468,0.025880354053515475,1339392.0,0.004049333176226355,0.004022225335453792
1351680.0,0.0025229349557776004,0.0025295732029917417,1351680.0,0.07571157219354063,0.03283558066250407,1351680.0,0.004018501063304332,0.004014072156375429
1363968.0,0.002523745583554652,0.0025297199830674804,1363968.0,0.09037332384226222,0.04115240318424184,1363968.0,0.0040873617108445615,0.004022893357371989
1376256.0,0.002500970866094576,0.002526975177534041,1376256.0,0.1003419125918299,0.0501438509808698,1376256.0,0.004014459930961796,0.004021662015293259
1388544.0,0.002503898706587885,0.0025255244471433496,1388544.0,0.11126191673489909,0.05971857805367714,1388544.0,0.004064511257941679,0.004025620980731523
1400832.0,0.0024687188864239338,0.002520952130726073,1400832.0,0.11665001534856856,0.06942170443750607,1400832.0,0.004077377877062342,0.004037040767677051
1413120.0,0.002388025227749798,0.002506811676721554,1413120.0,0.12558111688122153,0.0795863912110993,1413120.0,0.004002322493761312,0.004040577482616451
1425408.0,0.002416177071912292,0.0024977317563752875,1425408.0,0.1289583578084906,0.08948714094779765,1425408.0,0.003987750167046518,0.0040342896065946356
1437696.0,0.0024149770736888363,0.0024822405760157075,1437696.0,0.1376429102383554,0.09955990095234787,1437696.0,0.004055327983223833,0.004034684524473657
1449984.0,0.0024858178124607853,0.002476814860710874,1449984.0,0.13772708837253353,0.1085705575494406,1449984.0,0.004086525082432975,0.004044347074280571
1462272.0,0.002490726506948704,0.0024715992691199057,1462272.0,0.1503137977949033,0.1174562011806605,1462272.0,0.004087968777942781,0.004048210634452214
1474560.0,0.002467796002747491,0.002466085373816895,1474560.0,0.14748927058341602,0.12463397101964804,1474560.0,0.004087991714186501,0.00405515969954043
1486848.0,0.0025036562498523076,0.002464076440446661,1486848.0,0.15116948549014828,0.13071358718443662,1486848.0,0.00402583547111135,0.004049007075567109
1499136.0,0.0025073753192070094,0.0024647168857579046,1499136.0,0.15560767489175,0.13624016341442863,1499136.0,0.004028378379492399,0.004050398920420169
1511424.0,0.002515327766256329,0.002465859791724749,1511424.0,0.1602182121326526,0.141135792954204,1511424.0,0.004035469513231267,0.004047494745949128
1523712.0,0.0024808972787771686,0.0024670776309600718,1523712.0,0.16846920417932174,0.1463177118372793,1523712.0,0.003993601999051559,0.004039117158148049
1536000.0,0.0024631898583417446,0.002474594094019267,1536000.0,0.16811262761863568,0.15057086291102073,1536000.0,0.00398344015169035,0.004037228923940954
1548288.0,0.0024210963420046028,0.002475086021028498,1548288.0,0.1706482022224615,0.15473984735241783,1548288.0,0.004043525652377866,0.004042806472474089
1560576.0,0.002387038603046676,0.002472292173964282,1560576.0,0.16871595196425915,0.1578471515250082,1560576.0,0.003955267825707172,0.004032800456722422
1572864.0,0.002412329072588667,0.00246494329997707,1572864.0,0.17474738508462906,0.16154918119621772,1572864.0,0.003972769445681479,0.004021424893047272
1585152.0,0.002367720158266214,0.002452642665108821,1585152.0,0.17506019623639682,0.16402382104036708,1585152.0,0.004011387160668771,0.004013766731319871
1597440.0,0.002379078204588344,0.002443770885292906,1597440.0,0.17400744991997877,0.16667563897402338,1597440.0,0.003996872100591038,0.004004654769960325
1609728.0,0.002398522316070739,0.0024332574919147493,1609728.0,0.17300791192489365,0.16885948161749792,1609728.0,0.003963795592426322,0.0039984507820918225
1622016.0,0.002388064793194644,0.0024213264393135128,1622016.0,0.17462558865857622,0.1707612729941805,1622016.0,0.003933491971110925,0.003988962141253675
1634304.0,0.0024903447738324758,0.0024188281400711275,1634304.0,0.17304924766843519,0.17204437654775875,1634304.0,0.003957259117062979,0.003981141101636846
1646592.0,0.0024835601022156575,0.002419094422414977,1646592.0,0.1692035881181558,0.17211781494164216,1646592.0,0.004004417115841837,0.003982222613315874
1658880.0,0.0025104104109535306,0.0024238164776761552,1658880.0,0.17488805771184465,0.17279535795096307,1658880.0,0.004023169092154906,0.00398619550736233
1671168.0,0.0025239714195777196,0.0024341039854334666,1671168.0,0.17554868361912668,0.1732854060906296,1671168.0,0.00398247794995162,0.003980090737119706
1683456.0,0.0024966262353700586,0.002445062748665805,1683456.0,0.17631436830076078,0.1740452477242798,1683456.0,0.003969227439180638,0.003981486698467052
1695744.0,0.0024306873759390633,0.0024468985790008445,1695744.0,0.16493207588791847,0.1730637168046087,1695744.0,0.003903353210868469,0.00397454507498575
1708032.0,0.0024765965851353635,0.0024577862216877597,1708032.0,0.1681892149305592,0.17237661867402493,1708032.0,0.004022726398640468,0.003975678998782919
1720320.0,0.002444637881126255,0.002464342189341551,1720320.0,0.16842595542160174,0.17181846922418725,1720320.0,0.004023379672920176,0.003978329756015834
1732608.0,0.0024626969655704065,0.002470759654291517,1732608.0,0.17477206179561713,0.17199488421125958,1732608.0,0.0039983602982829325,0.0039817862266014956
1744896.0,0.002446038875253483,0.0024765570624974012,1744896.0,0.1723321647538493,0.1717655418207869,1744896.0,0.003963211245718412,0.0039847581540622444
1757184.0,0.002527508449323553,0.002480273430046509,1757184.0,0.17571037860276797,0.17203165491422018,1757184.0,0.004005555473365045,0.00398958778969245
1769472.0,0.0025947355813210984,0.002491390977957053,1769472.0,0.17120443594952425,0.172231739697357,1769472.0,0.003943495990824886,0.003983495677190755
1781760.0,0.0026606224855640903,0.002506412185418109,1781760.0,0.16997474183638892,0.17174040810981142,1781760.0,0.004028374173988898,0.003984016185374155
1794048.0,0.0027213452449359465,0.002526149567953932,1794048.0,0.17199973467116556,0.17138551321501533,1794048.0,0.004033411700220313,0.0039891095604010236
1806336.0,0.0026752188484048625,0.0025440088292574123,1806336.0,0.17684408587714037,0.17143848497265327,1806336.0,0.004029697091027629,0.003995156525585722
1818624.0,0.0026874242248595692,0.002569682514149463,1818624.0,0.1787449672507743,0.17281977410893887,1818624.0,0.0038720744826908535,0.003992028652767961
1830912.0,0.002712575426509526,0.002593280398286879,1830912.0,0.18136487257046005,0.17413733987292895,1830912.0,0.003941275989442754,0.003983883611848189
1843200.0,0.002651048944244394,0.0026139215045986935,1843200.0,0.18528678640723228,0.175823422971492,1843200.0,0.003947502273755769,0.0039762958719317485
1855488.0,0.002600914297848552,0.0026277432378265073,1855488.0,0.1826287197570006,0.17660908876763037,1855488.0,0.0039638407494445955,0.003972843917047915
1867776.0,0.00265102632814281,0.0026482419831154397,1867776.0,0.18937605588386455,0.1783134778806319,1867776.0,0.003961098411915979,0.003972632633667672
1880064.0,0.00260316950516426,0.002655808088699511,1880064.0,0.18858031245569387,0.1796004712659245,1880064.0,0.003962779580130397,0.003968355044344207
1892352.0,0.002617744167461448,0.002658108947313546,1892352.0,0.18999900948256254,0.18147992861922832,1892352.0,0.00397452626687785,0.003971458071949503
1904640.0,0.0027150925149423224,0.0026635559502513695,1904640.0,0.18954270736624798,0.1834367251722142,1904640.0,0.003985668794484809,0.003967187533999095
1916928.0,0.0027841360412518648,0.002669835029882961,1916928.0,0.18941443661848703,0.18517819536694638,1916928.0,0.003906166869758939,0.003954463050952957
1929216.0,0.002710531164969628,0.0026733662615394376,1929216.0,0.19022743947183093,0.18651653072641544,1929216.0,0.003946527518564835,0.003946146093706678
1941504.0,0.002725980738129389,0.002677221912866419,1941504.0,0.18996049355094632,0.18763808335643262,1941504.0,0.003959344231892222,0.003954873068626815
1953792.0,0.0027881841160706244,0.0026847827818225296,1953792.0,0.190030907591184,0.18850468685850502,1953792.0,0.004012734161127203,0.0039620188857952595
1966080.0,0.0027622135894489475,0.0026958992463429845,1966080.0,0.19086103855321804,0.18906211207310358,1966080.0,0.004010583264365171,0.0039683269848562
1978368.0,0.0027640708782807146,0.0027122149043862015,1978368.0,0.19106449900815883,0.18990568999821944,1978368.0,0.004061788795903946,0.003978121789502135
1990656.0,0.002779241299625331,0.002725036401534453,1990656.0,0.19144041541342935,0.1901121259511759,1990656.0,0.004017050574475434,0.003983717005758081
2002944.0,0.002732235112489434,0.0027379429622669703,2002944.0,0.19229932610566416,0.19048402731617292,2002944.0,0.003997985947838363,0.003987237642528877
2015232.0,0.0027991754868708085,0.0027560860942079063,2015232.0,0.1928366720676422,0.1907677935746809,2015232.0,0.004047369402542245,0.003994521956095317
2027520.0,0.0027962858439423144,0.0027642054271079055,2027520.0,0.19259601024289927,0.191073123862346,2027520.0,0.0040329897092306055,0.003999254047569896
2039808.0,0.0028328122001160714,0.0027690730429943263,2039808.0,0.19288230050976077,0.1914199102514734,2039808.0,0.004127497139658469,0.004021387074559849
2052096.0,0.0027495887564631025,0.0027729788021436733,2052096.0,0.19172876002267003,0.19157004230655733,2052096.0,0.004088749090442434,0.004035609231747609
2064384.0,0.0026768654837117842,0.002768067276701913,2064384.0,0.19217033482467136,0.19179102643392978,2064384.0,0.004012759617277577,0.0040409507702861445
2076672.0,0.0027282435318435696,0.002762073218279208,2076672.0,0.1946564936079085,0.19225358503560225,2076672.0,0.003981621334484468,0.0040378394876218705
2088960.0,0.0026777023000856084,0.002753622089342874,2088960.0,0.19228515944754085,0.19239599712503452,2088960.0,0.0040832955710357055,0.004045110718288924
2101248.0,0.0028030390106626633,0.0027575189025810685,2101248.0,0.19201744440943003,0.19249129166516166,2101248.0,0.004045986883284058,0.004043530527026935
2113536.0,0.0028475763477520863,0.002764352407393744,2113536.0,0.19225580928226313,0.19257283105204503,2113536.0,0.004000166173985538,0.004041842086977947
2125824.0,0.002815563281425663,0.0027726852242873673,2125824.0,0.19337923374647895,0.1926808218161265,2125824.0,0.004075041365770933,0.004049547628771204
2138112.0,0.0027126297427457757,0.0027640306498748638,2138112.0,0.19216340951000652,0.19261349556036295,2138112.0,0.004070757245547914,0.004051886413071771
2150400.0,0.0027437598522131643,0.0027587780507019486,2150400.0,0.19231056064988175,0.1925849506010612,2150400.0,0.004057586491398979,0.004054346091288607
2162688.0,0.0027675073166998723,0.0027522475623603286,2162688.0,0.19507267093285918,0.19280398764337103,2162688.0,0.004143354048816643,0.004055931782204425
2174976.0,0.002780760874884436,0.0027553647742024627,2174976.0,0.19257014151662588,0.19288812579276662,2174976.0,0.004062391645372069,0.004053296037697388
2187264.0,0.002731023593999756,0.0027607805852312593,2187264.0,0.19358311283091703,0.1930294035933912,2187264.0,0.004123744064903197,0.004064394482459951
2199552.0,0.0027258995093385843,0.0027605461829807608,2199552.0,0.18944209845115742,0.1925079640777161,2199552.0,0.004114174364076462,0.00407764978541915
2211840.0,0.0028186545860080514,0.0027746414115730053,2211840.0,0.19241265207529068,0.19252071334049103,2211840.0,0.00413982973259408,0.0040833032015749875
2224128.0,0.0027547634830019283,0.0027698138588069317,2224128.0,0.18853265062595406,0.19217223396214347,2224128.0,0.0040874937767512165,0.004087453890921703
2236416.0,0.0027408057309609526,0.0027591367971278183,2236416.0,0.1901634888102611,0.19196300191494325,2236416.0,0.004040040563268121,0.004091441329849962
2248704.0,0.0028119643684476614,0.0027587769058300187,2248704.0,0.1913522545558711,0.19176030399588245,2248704.0,0.00408334935248907,0.004092272128521776
2260992.0,0.0028183546055515762,0.0027693493921105983,2260992.0,0.19160740543156862,0.19170470358803865,2260992.0,0.004105316188846094,0.004095728022851594
2273280.0,0.0029035541592747904,0.0027853288228167606,2273280.0,0.19305023225024343,0.19177867074807484,2273280.0,0.0040750895301850205,0.0040974783267301975
2285568.0,0.002882507958323307,0.002796828886979104,2285568.0,0.19550586522867283,0.19182199017765622,2285568.0,0.004052656200656202,0.004088408541914152
2297856.0,0.0029014149792298363,0.002808894297413644,2297856.0,0.18601085400829712,0.19116606142682335,2297856.0,0.004074223295901902,0.004089591706967136
2310144.0,0.002892176328411248,0.002825009570854794,2310144.0,0.18889905232936144,0.19069765537666777,2310144.0,0.004091765797056723,0.004086393880182489
2322432.0,0.0028967923863092437,0.0028420988585518597,2322432.0,0.18515374915053448,0.19026882044660548,2322432.0,0.004068050113952874,0.0040817814551701295
2334720.0,0.0028914000795339234,0.002849373407904447,2334720.0,0.18786268246670565,0.189813823485747,2334720.0,0.004097792322378761,0.004077577714148598
2347008.0,0.0027959979209602657,0.0028534968517002803,2347008.0,0.18828895160307488,0.18978945358345906,2347008.0,0.004072262769720207,0.004076054613445497
2359296.0,0.002809551703345884,0.0028603714489387733,2359296.0,0.18671013259639344,0.18944411796207228,2359296.0,0.004036231524272201,0.004075673709545906
2371584.0,0.0028717480890918523,0.0028663498210031928,2371584.0,0.18824264127761126,0.1891331566342463,2371584.0,0.004054771190567408,0.0040728158933537395
2383872.0,0.0027573228520244206,0.002860246645650477,2383872.0,0.1908046353297929,0.18905287962406875,2383872.0,0.004047552637833481,0.004067039538252478
2396160.0,0.0027269568430104605,0.0028425869140240438,2396160.0,0.19289349718019366,0.1890372061170638,2396160.0,0.004042678146409647,0.004063798399874941
2408448.0,0.0028359145871945657,0.0028379275769111695,2408448.0,0.19279879905904332,0.1887664995001008,2408448.0,0.004115941536535199,0.00407012693346284
2420736.0,0.0028716330295234607,0.0028349493819405324,2420736.0,0.1893964569705228,0.1891050597963234,2420736.0,0.00414545906338996,0.004077250510211646
2433024.0,0.0027685453411928997,0.002822586283218698,2433024.0,0.1905933190137148,0.1892744864647587,2433024.0,0.004092658675896625,0.004077339798095636
2445312.0,0.002796495480045754,0.0028125565925923484,2445312.0,0.18831644331415495,0.18959075588112076,2445312.0,0.004073002846174252,0.004077835071317774
2457600.0,0.0028291088759336467,0.002806327472232321,2457600.0,0.18859060698499283,0.18966354833294946,2457600.0,0.004070582127800056,0.004075114051859905
2469888.0,0.0027900029320638473,0.002805727973342679,2469888.0,0.18715675439064702,0.18955032861170668,2469888.0,0.004145986570316988,0.0040824864319195815
2482176.0,0.0028115739975570855,0.0028059302027637996,2482176.0,0.19033118601267537,0.18991243395333485,2482176.0,0.004121774067850008,0.004091040686277361
2494464.0,0.0028244978626995967,0.002801205180124574,2494464.0,0.18993205452958742,0.1900813752785325,2494464.0,0.004067577622966685,0.00409232132951729
2506752.0,0.00287981456979954,0.002813454351902086,2506752.0,0.18915194552391768,0.18991610629794498,2506752.0,0.0041213926451746374,0.0040997053302514064
2519040.0,0.0028148237446051403,0.002822241042061553,2519040.0,0.1899444367736578,0.1896212002572914,2519040.0,0.004060287501488347,0.0041014662657592755
2531328.0,0.0028678495861337674,0.002825434541955474,2531328.0,0.1860012880836924,0.18894144915975628,2531328.0,0.004096871520838856,0.004099559264189641
2543616.0,0.002972661072514408,0.002835537346254569,2543616.0,0.18987175465251008,0.18898897892795502,2543616.0,0.004064516661552868,0.004091465024005932
2555904.0,0.0030607170968626938,0.002864754521821548,2555904.0,0.18896651609490314,0.1888262986360739,2555904.0,0.004036399783217348,0.004085839134738005
2568192.0,0.0030116786765574943,0.002886272841472722,2568192.0,0.1910490207374096,0.18909955637839934,2568192.0,0.004106894836392409,0.0040892283337598204
2580480.0,0.003007502584902492,0.0029041122123696066,2580480.0,0.19193446651721993,0.18943394233162206,2580480.0,0.0040319696709048,0.0040853670880702945
2592768.0,0.0030679603708752743,0.0029319079562507492,2592768.0,0.1940646688453853,0.19012473377709588,2592768.0,0.004023692599730566,0.0040731376910116525
2605056.0,0.0030289055672862255,0.002953641113223663,2605056.0,0.19118466166158518,0.19021008134198686,2605056.0,0.004027562703413423,0.004063716554567994
2617344.0,0.003147029783576727,0.0029858943053113767,2617344.0,0.19092278089374304,0.1903091539784024,2617344.0,0.004130670737746793,0.0040700258660460046
2629632.0,0.003170661727684395,0.0030149790210998615,2629632.0,0.19329066528007388,0.19072302595401805,2629632.0,0.003997311915251582,0.004057617793053699
2641920.0,0.0031208374130073935,0.003045580387940087,2641920.0,0.19027877055729428,0.19075645933238167,2641920.0,0.00400563679189266,0.004052152722094131
2654208.0,0.0031345202805823646,0.003072247457384947,2654208.0,0.19152987065414587,0.19130931758942707,2654208.0,0.00405833734597157,0.004048299304607403
2666496.0,0.0030716781948285643,0.003082149169616363,2666496.0,0.18974330726390085,0.1912964728505661,2666496.0,0.004019143746215074,0.004043762013073623
2678784.0,0.0032685111752167964,0.0031029285774517726,2678784.0,0.18662198291470608,0.19106201953254637,2678784.0,0.003993680284717509,0.004039490063223639
2691072.0,0.003184702514166323,0.0031202309612126554,2691072.0,0.18479018565267324,0.19043613602407275,2691072.0,0.0040542856440879405,0.004034229143993192
2703360.0,0.003258817489646996,0.0031453624516871058,2703360.0,0.1848612342340251,0.1897288127957533,2703360.0,0.004012456947142103,0.004032277871616923
2715648.0,0.0033391170072718523,0.003172478115326764,2715648.0,0.18320625252090394,0.18864297116330514,2715648.0,0.004054437779511015,0.004035352389594967
2727936.0,0.003446438604441937,0.003214231419042335,2727936.0,0.18001950780550638,0.18752645577769728,2727936.0,0.004047469032229856,0.00403734302247661
2740224.0,0.0034356407316712043,0.0032430925138517827,2740224.0,0.1781319388343642,0.1862473715717594,2740224.0,0.004014302076636038,0.004025706156365535
2752512.0,0.0034048808496057368,0.003266514426043916,2752512.0,0.17589466801534095,0.1845077718452861,2752512.0,0.004017232213906634,0.004027698186231039
2764800.0,0.00351784077550595,0.0033062147622937724,2764800.0,0.17297544167377055,0.1827774389569337,2764800.0,0.004055064996161188,0.004032641006657892
2777088.0,0.0035482336194642508,0.0033475860961819613,2777088.0,0.17454518439869085,0.18107897033138823,2777088.0,0.004049315029988065,0.004031738775059542
2789376.0,0.0036550074534413093,0.0034059190220432356,2789376.0,0.17524798338611922,0.17962943794361005,2789376.0,0.004030133837659378,0.004032837784203973
2801664.0,0.0036889540448707217,0.003447963309008628,2801664.0,0.17732467285046974,0.17869970693718643,2801664.0,0.0040029177398537286,0.004033761529717595
2813952.0,0.003665616595147488,0.003496054717106745,2813952.0,0.18093233493467173,0.17831392186538628,2813952.0,0.004045681673839378,0.004032901132692738
2826240.0,0.003557093092240393,0.0035258822773660847,2826240.0,0.17962829923878113,0.17779062836586185,2826240.0,0.00401793197185422,0.0040334486351639495
2838528.0,0.0035621483281526403,0.0035481854094541626,2838528.0,0.1828875158292552,0.177758754696697,2838528.0,0.004012454783757373,0.004029250335588585
2850816.0,0.0036462701245909557,0.003568168561469065,2850816.0,0.18102294920633236,0.17785909883677958,2850816.0,0.004069013950356748,0.004031404827401275
2863104.0,0.003503015119349584,0.0035749060002369026,2863104.0,0.18521650802964965,0.17856755575630814,2863104.0,0.004001896847815563,0.004030164304519228
2875392.0,0.0035455311905631484,0.0035889710343326433,2875392.0,0.18506194169943532,0.17948428312471756,2875392.0,0.00405088669504039,0.004033529752632604
2887680.0,0.0035392009813222103,0.00359110705491427,2887680.0,0.18554999749176204,0.18074173870651672,2887680.0,0.00405767938112452,0.004033791191128936
2899968.0,0.0035723275262474394,0.0035935164455925895,2899968.0,0.18782007787376642,0.18206922805402428,2899968.0,0.004023669901168129,0.004031226678246943
2912256.0,0.0037483018071119054,0.0036028458809596485,2912256.0,0.1875771009363234,0.1833021398090447,2912256.0,0.0040485482434936175,0.0040330681188303664
2924544.0,0.0037182076024085595,0.003605771236713433,2924544.0,0.1861974548858901,0.18418941801258673,2924544.0,0.003957350541895721,0.004028511399034566
2936832.0,0.0037498830837042383,0.003614197885569108,2936832.0,0.1877904706634581,0.18487523158546534,2936832.0,0.003962033045051309,0.004020146536155759
2949120.0,0.0037500744826199175,0.0036334960246070594,2949120.0,0.1886803563684225,0.18578043729842952,2949120.0,0.003964696984136633,0.004014823037383999
2961408.0,0.003746413994425287,0.0036519225912343247,2961408.0,0.1870299894362688,0.18619468465913086,2961408.0,0.003984502916864585,0.004012027850694721
2973696.0,0.0036736044009254933,0.003654656018867778,2973696.0,0.18693544110283256,0.1867859338487809,2973696.0,0.004018721604855576,0.004006998616144604
2985984.0,0.0036475404849625193,0.0036691085554290716,2985984.0,0.18886008889724812,0.18715029193554072,2985984.0,0.004034040629145845,0.004010212994277633
2998272.0,0.0037660633412694247,0.0036911617704996993,2998272.0,0.18907916328559318,0.18755201409415653,2998272.0,0.004002960056823213,0.004005420330455914
3010560.0,0.003628656076519595,0.003700107280019438,3010560.0,0.18807381888230643,0.18780439623321096,3010560.0,0.004026748312753625,0.004002327223618826
3022848.0,0.0035589498438639566,0.00369876951178109,3022848.0,0.18892280928169689,0.187914669374004,3022848.0,0.004083877941108464,0.004008348027612858
3035136.0,0.003623934288043529,0.003686332759874252,3035136.0,0.19087640351305404,0.18824459963167708,3035136.0,0.004034192245550609,0.004006912427818558
3047424.0,0.003527881116800321,0.003667300111313428,3047424.0,0.1932009682059288,0.18894495096368097,3047424.0,0.004085257338980834,0.004019703107527068
3059712.0,0.003565979927467803,0.0036489097956897846,3059712.0,0.19182306776444116,0.18934821067377927,3059712.0,0.004041002905675366,0.004027600093589474
3072000.0,0.0036195347953859405,0.0036358558269663868,3072000.0,0.19120382828017077,0.18960055786495406,3072000.0,0.0039821545069571584,0.0040293458458715275
3084288.0,0.0037147580878809094,0.003632690236311949,3084288.0,0.19296407358100018,0.1901939662794272,3084288.0,0.004011721951731791,0.0040320677493582485
3096576.0,0.0037777601731553054,0.003643105813534931,3096576.0,0.19162101903930306,0.19066252407307427,3096576.0,0.003988789530315747,0.004029074541904266
3108864.0,0.0037448986452848962,0.0036528416295671684,3108864.0,0.1921045957133174,0.19098697475468118,3108864.0,0.0039737267967818,0.0040230431586678606
3121152.0,0.003618919263923696,0.0036381272218325954,3121152.0,0.1936318688094616,0.19144224530706802,3121152.0,0.003938844189785111,0.0040166315719640504
3133440.0,0.0036749082088742093,0.003642752435068056,3133440.0,0.17526837609087428,0.19016170102792482,3133440.0,0.003964542685328827,0.004010411009221571
3145728.0,0.0037564710534449355,0.003662504556026154,3145728.0,0.17674821033142507,0.18894424113289762,3145728.0,0.004028294972764949,0.004004852712387219
3158016.0,0.0037153416487853974,0.0036716452921003407,3158016.0,0.1801066166566064,0.18786726244725285,3158016.0,0.004008382037379003,0.004002271691570058
3170304.0,0.003682978422148153,0.003687155022635125,3170304.0,0.18879574614887437,0.18742674024154743,3170304.0,0.004100214476541926,0.0040037674053261686
3182592.0,0.0037379090038787885,0.003704347930276223,3182592.0,0.18872731737792492,0.1871171652028958,3182592.0,0.004011959383205976,0.00400086305307923
3194880.0,0.0036507994979425953,0.0037074744005318886,3194880.0,0.19101224560290575,0.18709800693516931,3194880.0,0.004011224707937799,0.004003770073177293
3207168.0,0.0037236191104360237,0.0037083605027874,3207168.0,0.19230556658779582,0.18703215623584885,3207168.0,0.004063094262770998,0.004008907304281213
3219456.0,0.003663982196788614,0.003696982705150731,3219456.0,0.1936394531900684,0.1872339996509254,3219456.0,0.004091810903143293,0.004019209441563968
3231744.0,0.0036149421939626336,0.003683987060018505,3231744.0,0.19500016684954366,0.18752355676454804,3231744.0,0.004008288136295353,0.004022665575515324
3244032.0,0.0037257520064789182,0.003694670334274027,3244032.0,0.19272106792777777,0.18743247667637963,3244032.0,0.004000275526777841,0.004028808709214597
3256320.0,0.0035416911317346,0.0036813486265600665,3256320.0,0.19291964545845985,0.1891976036131382,3256320.0,0.004002162970815941,0.004032570737763307
3268608.0,0.0034951319709459008,0.0036552147183101626,3268608.0,0.19153566394622126,0.19067634897461783,3268608.0,0.003906837414736704,0.004020424981960483
3280896.0,0.003432252934241357,0.003626905846855758,3280896.0,0.1894488288089633,0.19161057018985353,3280896.0,0.004067167807079386,0.004026303558930523
3293184.0,0.0035439276931962618,0.0036130007739605687,3293184.0,0.1912292749620974,0.19185392307117582,3293184.0,0.004001214156839221,0.0040164035269602515
3305472.0,0.0035695526360844574,0.0035961651371811364,3305472.0,0.19106759099910656,0.192087950433294,3305472.0,0.004018952977882388,0.004017102886427893
3317760.0,0.0035178386024199426,0.0035828690476288707,3317760.0,0.18977579955632487,0.1919643058286359,3317760.0,0.004049768528299562,0.004020957268464067
3330048.0,0.003385036417360728,0.003549010778321341,3330048.0,0.19053776546691856,0.19178752571654817,3330048.0,0.004112451635592151,0.004025893005746183
3342336.0,0.0034544106092653237,0.0035280536195690126,3342336.0,0.19164762133732438,0.19158834253127374,3342336.0,0.0040433558509297045,0.0040210475005248245
3354624.0,0.0033022646627311283,0.0034967858664458618,3354624.0,0.1924576568417251,0.1913340915304919,3354624.0,0.004025795324802554,0.004022798219375545
3366912.0,0.003278013478848152,0.0034520120136827858,3366912.0,0.1909011147605876,0.1911520962137729,3366912.0,0.00405700171298425,0.004028470837996186
3379200.0,0.0033425929129104284,0.003432102191800368,3379200.0,0.18965393646309772,0.1908255253142367,3379200.0,0.0040679594506703625,0.004035050485981628
3391488.0,0.003261195401137229,0.003408708534819501,3391488.0,0.19083420683940253,0.1907553796035548,3391488.0,0.004034758880152367,0.004047842632523195
3403776.0,0.003149284910856901,0.003380411732481055,3403776.0,0.19099480037887892,0.19090997676054636,3403776.0,0.0040823906868657405,0.00404936492050183
3416064.0,0.0033769812725950032,0.00336371709042093,3416064.0,0.18723663206522664,0.1905107124708593,3416064.0,0.0040730149412411265,0.004056544998942021
3428352.0,0.0032954532483320995,0.0033363071516456936,3428352.0,0.18575309418762723,0.18997926278971136,3428352.0,0.0040240588374823956,0.004057055584902021
3440640.0,0.0031959863529967456,0.003304121926703374,3440640.0,0.1892227977514267,0.18992396260922156,3440640.0,0.004107664140368191,0.004062845146108884
3452928.0,0.0032878592658865577,0.0032944042115559567,3452928.0,0.18339188459018865,0.18920937452154857,3452928.0,0.004028697595155488,0.004054469742065218
3465216.0,0.003280260609850908,0.003276989211614515,3465216.0,0.1877609440125525,0.18882070678907137,3465216.0,0.004068525568679131,0.00405698671384016
3477504.0,0.00340536896934888,0.0032872996422762903,3477504.0,0.18704589021702608,0.18827953012660142,3477504.0,0.004050452730249769,0.004059452454384882
3489792.0,0.0033196113969703824,0.003291459434088514,3489792.0,0.18464765030269822,0.1876541836808125,3489792.0,0.004114976089719373,0.004065249892058394
3502080.0,0.003280134051844167,0.0032852135479818877,3502080.0,0.18545391038060188,0.18723418107256293,3502080.0,0.004024197495406649,0.004060873696532023
3514368.0,0.0034302856680975915,0.0033021225746779235,3514368.0,0.18453293573111296,0.18660405396173396,3514368.0,0.004045948626298923,0.0040619926711466785
3526656.0,0.003298449002613779,0.003317038983853611,3526656.0,0.1871734286348025,0.18622191678732636,3526656.0,0.003996589284118575,0.004053412530871962
3538944.0,0.003306081998744048,0.003309949056468516,3538944.0,0.1870443232667943,0.1862026859074831,3538944.0,0.004049483832204714,0.0040510594199683215
3551232.0,0.003348294233243602,0.003315233154959666,3551232.0,0.18645846719543138,0.1862732232082635,3551232.0,0.004036066107801162,0.004052260147000197
3563520.0,0.003369026332317541,0.0033325371528917457,3563520.0,0.1825923613893489,0.18561017957205575,3563520.0,0.004029200970156428,0.0040444138299790214
3575808.0,0.0032577956529470007,0.00332953079159779,3575808.0,0.18526879961912832,0.18579787107494972,3575808.0,0.004075668563018553,0.0040491109267653275
3588096.0,0.0034903746297156126,0.0033505421935842604,3588096.0,0.17832728925471505,0.18485450559916594,3588096.0,0.004090464431404446,0.00405130481303786
3600384.0,0.003400978304853197,0.0033501031271346918,3600384.0,0.17717036294440427,0.18386695287190377,3600384.0,0.004047886327801582,0.004051048172793041
3612672.0,0.003281961236401306,0.0033463381110777845,3612672.0,0.17701168187583485,0.18310335602921746,3612672.0,0.004036029815324582,0.004043153545353562
3624960.0,0.003344932820861383,0.003352817987979506,3624960.0,0.18145197986935577,0.1827031629780928,3624960.0,0.004094636836574257,0.004050197479470322
3637248.0,0.00340357036475325,0.0033501464576450716,3637248.0,0.1819442824150125,0.1824442976464828,3637248.0,0.004054540181338477,0.004051056634974277
3649536.0,0.0034908535987293967,0.0033693869172566338,3649536.0,0.18130624022645256,0.1818575788056478,3649536.0,0.004137824515055399,0.00406518015806796
3661824.0,0.0034909530004370026,0.003387874017425929,3661824.0,0.18003355835874876,0.1811565023148432,3661824.0,0.004096820433915127,0.004069913818239001
3674112.0,0.00337974276044406,0.0033910188701459744,3674112.0,0.18369559478014708,0.1808802150733148,3674112.0,0.004056969718173302,0.004072004179276215
3686400.0,0.003443647794483695,0.00339848101636259,3686400.0,0.1806815582482765,0.1806891347592076,3686400.0,0.004052702536379608,0.004074354335898533
3698688.0,0.003498279802442994,0.003422529431312189,3698688.0,0.18029447450923422,0.18019170224821818,3698688.0,0.004111592032131739,0.004077946682809852
3710976.0,0.003462988587367969,0.003419790827077425,3710976.0,0.17969683154175678,0.18032865647692234,3710976.0,0.004063475733952752,0.004075247813064683
3723264.0,0.0034266905349795707,0.0034223620500900623,3723264.0,0.18060567292074362,0.1806721874745563,3723264.0,0.0040802755077796364,0.004078486731062488
3735552.0,0.0033566047641215846,0.0034298264028620904,3735552.0,0.17924438735159734,0.18089545802213253,3735552.0,0.0040868269934435375,0.004083566448874384
3747840.0,0.0034128535335185006,0.003436618474127802,3747840.0,0.18003292746531466,0.18075355278172842,3747840.0,0.00403035062966713,0.004077137828183671
3760128.0,0.0033210826222784817,0.0034283696998803253,3760128.0,0.17884916385325292,0.18044404092555247,3760128.0,0.004023250595006782,0.0040740088695505015
3772416.0,0.0033546874353002445,0.00341475308353741,3772416.0,0.17886206585293016,0.18019962348820023,3772416.0,0.004083433249131001,0.004068569742958062
3784704.0,0.0032787274540169165,0.003393530528895401,3784704.0,0.18177675820576647,0.18037394347290198,3784704.0,0.004131912122829817,0.00407207891184953
3796992.0,0.0032708449798519723,0.0033826407508361924,3796992.0,0.18316278777395686,0.18032066277228295,3796992.0,0.004033132247665587,0.004069695164798758
3809280.0,0.003292993310121043,0.003367575302399928,3809280.0,0.18099530460312963,0.18035203740776826,3809280.0,0.004073591277119704,0.004071784038872769
3821568.0,0.003111433589462346,0.0033288906811018626,3821568.0,0.17403211716252068,0.1797258016730969,3821568.0,0.004006871943905328,0.004061312030050127
3833856.0,0.003260445228079334,0.0033086363451729993,3833856.0,0.16218281459684172,0.17797439997860542,3833856.0,0.004029862657868459,0.004057950722441699
3846144.0,0.0031763716712400005,0.003283604458799042,3846144.0,0.15351451265936097,0.17526528395246715,3846144.0,0.004035040003752026,0.004053427172038936
3858432.0,0.003113494982244447,0.0032592934806113293,3858432.0,0.15668643871322274,0.17300948908862968,3858432.0,0.004009805462070896,0.004045725018901673
3870720.0,0.0030572989465629994,0.0032237380219157785,3870720.0,0.15633550627777973,0.1706397469698762,3870720.0,0.004049395060671183,0.004047629462002078
3883008.0,0.003189028323201152,0.0032105325920080453,3883008.0,0.15915993104378381,0.1686708236889293,3883008.0,0.004059064017686372,0.004051210804270037
3895296.0,0.0031049566132423934,0.0031855595098022604,3895296.0,0.15564348548650742,0.16634896565228702,3895296.0,0.004048461463147153,0.004047713625671653
3907584.0,0.0032000641549529973,0.0031776931798958687,3907584.0,0.14669438102282584,0.16284072793399296,3907584.0,0.0040683378974790685,0.004041356203136578
3919872.0,0.0032305858233788363,0.003173667264248555,3919872.0,0.145511379543071,0.15907558711090436,3919872.0,0.004099251813992548,0.004047968159769273
3932160.0,0.0031449490816157777,0.003158862841398028,3932160.0,0.15007695734190443,0.15598375238478185,3932160.0,0.0040913516422733665,0.0040497441962846405
3944448.0,0.0031243184118162994,0.0031601513236334234,3944448.0,0.15293007444900772,0.1538735481134305,3944448.0,0.004092595569090918,0.004058316558803199
3956736.0,0.00306473007973788,0.0031405798087992785,3956736.0,0.15614165365695953,0.15326943201944232,3956736.0,0.00410116590258743,0.004065446883275097
3969024.0,0.0031060861013732697,0.003133551251812605,3969024.0,0.16260785702615976,0.1541787664561222,3969024.0,0.004126609875432526,0.004074603870443147
3981312.0,0.0029766521244406854,0.0031198669660322293,3981312.0,0.16467090649530292,0.1549772132343302,3981312.0,0.004131888999836519,0.004086812224219708
3993600.0,0.0030526842153146085,0.00311940549290739,3993600.0,0.16895238449797034,0.15623890105634927,3993600.0,0.004131750140610772,0.004095047732213667
4005888.0,0.003074383635976119,0.0031079410241848866,4005888.0,0.17414228043829402,0.1577371359958003,4005888.0,0.004085353304011126,0.004097676660846142
4018176.0,0.002984643342642812,0.0030959096971249285,4018176.0,0.17501130870853862,0.15967391831800343,4018176.0,0.004047720993791397,0.004097602613910567
4030464.0,0.0028778444708829434,0.0030636877287179235,4030464.0,0.17406682157889009,0.16241116237360984,4030464.0,0.0040508924090924365,0.004095858065071903
4042752.0,0.0028338659273382896,0.0030240157391138688,4042752.0,0.1771020630840212,0.16557023072770488,4042752.0,0.00410776350084537,0.004096709233757186
4055040.0,0.0027877526639106995,0.0029882960973433605,4055040.0,0.17892068826283017,0.16845460381979743,4055040.0,0.004106590863860522,0.004098233155915902
4067328.0,0.0028793257503518057,0.002963796831196911,4067328.0,0.17622645338997245,0.17078424171389392,4067328.0,0.004023382789455354,0.004091311877952346
4079616.0,0.002810007669419671,0.0029383245901650904,4079616.0,0.1761833142178754,0.17278840776998552,4079616.0,0.004051086708689884,0.004086303958562591
4091904.0,0.0029244548774537784,0.0029201614677731415,4091904.0,0.17605163188030323,0.17413278525539985,4091904.0,0.00399036909705804,0.004072679880725143
4104192.0,0.002913475710859833,0.002913843826415056,4104192.0,0.17739069003922245,0.1754047636097918,4104192.0,0.004030268387092899,0.0040625178194507805
4116480.0,0.003148648247588426,0.0029234402296424373,4116480.0,0.18145019801643988,0.17665454496163874,4116480.0,0.0040208999562310055,0.004051432801012804
4128768.0,0.003199162313345975,0.0029359180973794236,4128768.0,0.16739791949900487,0.17598010886770982,4128768.0,0.004014172428772629,0.004044314713488954
4141056.0,0.0031845696539676283,0.0029559107285119053,4141056.0,0.17111935885623097,0.1755909138824791,4141056.0,0.0040487230629272135,0.004044414920402537
4153344.0,0.0032291578536387533,0.002991042066787486,4153344.0,0.16847992797071734,0.1750322245216618,4153344.0,0.003997721646252709,0.0040390978441185625
4165632.0,0.0033324096269401102,0.003040896436747668,4165632.0,0.17302470731859407,0.1746244889451191,4165632.0,0.004089767954913744,0.0040372982895254
4177920.0,0.003438044763849272,0.003105925646741525,4177920.0,0.17021777496362725,0.17375419761519878,4177920.0,0.0040278451682146015,0.004029423719960809
4190208.0,0.003391546805990705,0.003157147752305416,4190208.0,0.17589468765072525,0.1737210210412741,4190208.0,0.004069895857052567,0.004034075026720529
4202496.0,0.0034239710948895663,0.003218544094852405,4202496.0,0.17670837106804052,0.1737735267262906,4202496.0,0.0041136982520887004,0.004040336181060411
4214784.0,0.003430354110605549,0.003269134018167582,4214784.0,0.1733483849093318,0.17350320202919345,4214784.0,0.004081864176744905,0.004049485689029098
4227072.0,0.0035424270730194016,0.0033320291543835387,4227072.0,0.17518147150985897,0.17328228017625708,4227072.0,0.004110438596399035,0.004057502709959712
4239360.0,0.0037361818031058647,0.003390782509935282,4239360.0,0.17204744438640773,0.17234200481325387,4239360.0,0.004066844448971096,0.00406209715923372
4251648.0,0.0037099950980821936,0.0034418657884089042,4251648.0,0.17276763652140895,0.17287897651549428,4251648.0,0.004119788522075396,0.004072658768563997
4263936.0,0.003688196447910741,0.0034922284678032154,4263936.0,0.17649506234253445,0.17341654686412464,4263936.0,0.004086674649443012,0.004076453927215577
4276224.0,0.0037693775545146004,0.0035462504378908,4276224.0,0.17444272494564453,0.17401282656161737,4276224.0,0.004132947430965335,0.00408997650568684
4288512.0,0.00378370177350007,0.0035913796525467966,4288512.0,0.17321835667826235,0.17403219149758417,4288512.0,0.00413822136761155,0.00409482184695662
4300800.0,0.003939867150620557,0.003641561891223925,4300800.0,0.17340281512588263,0.17435069551380972,4300800.0,0.004108062118272453,0.004102843541962405
4313088.0,0.00401617850244899,0.0037040250608697534,4313088.0,0.17304595521030328,0.1740658222697675,4313088.0,0.004123353231989313,0.00410818927945608
4325376.0,0.004059748561606587,0.0037676028075414557,4325376.0,0.17703162599354982,0.17409814776231844,4325376.0,0.004056814114543765,0.004102500865701585
4337664.0,0.004088582546197965,0.003833425651100697,4337664.0,0.1758980688173324,0.1743531161531185,4337664.0,0.004044901269177596,0.004098804574944855
4349952.0,0.004131543978777093,0.0038923373416764663,4349952.0,0.1756443384413918,0.1743994028462718,4349952.0,0.004121993183313559,0.004099960033636307
4362240.0,0.004033480300374019,0.003922067191403282,4362240.0,0.17013575501429537,0.17420823390906057,4362240.0,0.004097628511469035,0.0041030384398861005
4374528.0,0.00401616191084031,0.003952683872679092,4374528.0,0.1672176072218766,0.17365323097910731,4374528.0,0.004111714013561141,0.0041022309890346755
4386816.0,0.004333326888930363,0.004017196916781056,4386816.0,0.16880384250544012,0.17288410899539788,4386816.0,0.004126039093534928,0.004106167433443868
4399104.0,0.004357746149859547,0.004076033776315551,4399104.0,0.16722107088814178,0.17216194358964762,4399104.0,0.0040607442885326845,0.004098947119200602
4411392.0,0.004108485736651346,0.004108512172630677,4411392.0,0.16992402876106402,0.17183251079792777,4411392.0,0.004122710532101337,0.004097396035649581
4423680.0,0.004076631960439651,0.004122188653612587,4423680.0,0.16838924462596574,0.17133115374793612,4423680.0,0.004073395570837117,0.004093929380906048
4435968.0,0.004232514196094901,0.0041438222229771785,4435968.0,0.16574012379472455,0.17060057060637823,4435968.0,0.004108343722085313,0.004092428429915648
4448256.0,0.004095962256542407,0.004147443592470761,4448256.0,0.16296673309989274,0.1691940813170125,4448256.0,0.004116198448173236,0.004098366863278595
4460544.0,0.004038645473580497,0.004142449885209013,4460544.0,0.1669138944707811,0.1682956638823574,4460544.0,0.004090280960857247,0.00410290483244656
4472832.0,0.004016175662400201,0.004130913053571324,4472832.0,0.1559361252002418,0.16632484255824237,4472832.0,0.004111954064380067,0.00410190092055321
4485120.0,0.004079151253487605,0.004135480148882683,4485120.0,0.1595485572082301,0.16526612277763586,4485120.0,0.004110563611902762,0.004103194430596583
4497408.0,0.0041417318740665605,0.004148037145205308,4497408.0,0.15165206083717445,0.16370956813916565,4497408.0,0.004175797558370202,0.0041096027850774895
4509696.0,0.004099879273174641,0.004124692383629736,4509696.0,0.14977954242688915,0.16180713813131056,4509696.0,0.004116690574543706,0.004108667933178367
4521984.0,0.003918204606937555,0.004080738229337537,4521984.0,0.14545620093122125,0.1596306511356185,4521984.0,0.00407787583390018,0.004110381087715117
4534272.0,0.003940296376337453,0.004063919293306148,4534272.0,0.1483210181662192,0.15747035007613402,4534272.0,0.004014110532201205,0.004099521087725103
4546560.0,0.00388206341934468,0.00404446243919665,4546560.0,0.14207569346763194,0.15483899496030062,4546560.0,0.004027206460402037,0.004094902176681596
4558848.0,0.003841266540500025,0.004005337673637163,4558848.0,0.13350883141780892,0.15161586572260907,4558848.0,0.004083428143834074,0.004092410618856472
4571136.0,0.0038353152631316334,0.003979272974296085,4571136.0,0.13011473207734525,0.14833066562035432,4571136.0,0.004063129214046057,0.004087103695443755
4583424.0,0.003810254633814717,0.003956433890319507,4583424.0,0.12014444327602784,0.14365372050087902,4583424.0,0.0041163167722212774,0.004089707276580156
4595712.0,0.0036776692722924054,0.003922583251308727,4595712.0,0.11890217110825081,0.1399503250916799,4595712.0,0.004082926325888063,0.004086804502730956
4608000.0,0.0036951282503044545,0.0038841809509904124,4608000.0,0.11162811665174861,0.13515828103603172,4608000.0,0.004093405118813583,0.004085088653422038
4620288.0,0.0037921728847625977,0.003849225052060016,4620288.0,0.11276026768609881,0.13126910172092418,4620288.0,0.004067606081662234,0.004074269505751241
4632576.0,0.0036196863341804906,0.0038012057581606013,4632576.0,0.11557906377129257,0.12784905385536455,4632576.0,0.004084518492163625,0.004071052297513233
4644864.0,0.0035769448635013155,0.0037670797838169775,4644864.0,0.11353209925194581,0.12465664368743697,4644864.0,0.004079206337337382,0.004071185347856954
4657152.0,0.0035812721883606478,0.003731177365019297,4657152.0,0.11728770720462005,0.12155331259127707,4657152.0,0.004076530312886462,0.00407742732592548
4669440.0,0.0035893522823850312,0.0037019062513233315,4669440.0,0.12184616077380876,0.11953035932189475,4669440.0,0.0040926326789000695,0.0040839699477752825
4681728.0,0.00363705631995496,0.0036814852292688252,4681728.0,0.12360232517433663,0.11853970869754751,4681728.0,0.004090760691421262,0.004084703202534001
4694016.0,0.0036233934539874704,0.0036602930483544084,4694016.0,0.1317535537139823,0.11870359086121121,4694016.0,0.00414244022249477,0.004092634303378872
4706304.0,0.0035590399153685817,0.003635171576509795,4706304.0,0.14100866772544882,0.12079001330615331,4706304.0,0.004107624156555782,0.004091765041812323
4718592.0,0.0035773546139049963,0.0036251401106710537,4718592.0,0.14399537506202856,0.1232993337015311,4718592.0,0.004083303108927794,0.004091802720116297
4730880.0,0.003727694415526154,0.003628396727193224,4730880.0,0.14815714629366994,0.12695223666572325,4730880.0,0.004031109252537135,0.004085573133488651
4743168.0,0.003577987513078066,0.0036069781900247714,4743168.0,0.14842480172713599,0.13051869006982694,4743168.0,0.0041077660910862806,0.004089589134431056
4755456.0,0.003502532532972206,0.003595262809903942,4755456.0,0.14772566105239093,0.13373334979793677,4755456.0,0.004034662286964401,0.004084603513911133
4767744.0,0.0035324300964324116,0.0035908113331970526,4767744.0,0.1470160661265254,0.13708174648539476,4767744.0,0.004155205744609702,0.004092203454638366
4780032.0,0.0034847714438607604,0.0035811612587470635,4780032.0,0.14967523142695427,0.14032049890762816,4780032.0,0.004098041191658315,0.004094354542515551
4792320.0,0.0037268358646542765,0.0035949096169739883,4792320.0,0.14938781464782855,0.14307466429503013,4792320.0,0.004087792966553631,0.0040938705712809074
4804608.0,0.003628540932065031,0.003594058078184995,4804608.0,0.1562595865689218,0.14634039043448863,4804608.0,0.0040925143427254325,0.004094045936411324
4816896.0,0.0034637034720314355,0.003578089079989392,4816896.0,0.15991468261927366,0.1491565033250178,4816896.0,0.004033832653173401,0.004083185179479187
4829184.0,0.0034944671861012466,0.0035716318070626585,4829184.0,0.16488069381254414,0.15154370593372735,4829184.0,0.004076751065440476,0.004080097870367656
4841472.0,0.0035766032378887758,0.003571556669461036,4841472.0,0.16550807072781026,0.1536949755003055,4841472.0,0.0041253520612372085,0.004084302765598598
4853760.0,0.003621961790486239,0.0035609834069570447,4853760.0,0.16589127900078893,0.1554683887710174,4853760.0,0.004071650548818677,0.004088356895226752
4866048.0,0.0037081258390874914,0.003573997239557988,4866048.0,0.16433483952035507,0.1570593925503393,4866048.0,0.004096328351200403,0.004087213121238165
4878336.0,0.003956642661554118,0.0036194082524161784,4878336.0,0.16460029307442406,0.1587468557525426,4878336.0,0.004111018810363021,0.004094848773578027
4890624.0,0.004083263117839427,0.0036744915545568807,4890624.0,0.16633660377313694,0.1606789095172038,4890624.0,0.004116398381787197,0.004090968037295776
4902912.0,0.004182868950010743,0.0037443013051718784,4902912.0,0.16518471630600592,0.16222985800510892,4902912.0,0.004134612104583842,0.004094625128588329
4915200.0,0.004058633099096672,0.003777481028616118,4915200.0,0.16750092975174388,0.16404116951550046,4915200.0,0.00409402082489881,0.004095247914422848
4927488.0,0.004066646111217172,0.0038212915465313324,4927488.0,0.16902721168783805,0.1653179320273921,4927488.0,0.004062236543783608,0.004092220134528665
4939776.0,0.004090285942462894,0.003883949793574478,4939776.0,0.16906821820884943,0.16623328558634967,4939776.0,0.004080142263167848,0.004096851095528109
4952064.0,0.004075381611376845,0.0039420412361020375,4952064.0,0.16967273922637105,0.16671249012773237,4952064.0,0.00412616732501192,0.004101792721485253
4964352.0,0.004038834566017613,0.003988264368914921,4964352.0,0.1602815999649465,0.166189843051446,4964352.0,0.004105380382194805,0.0040997955535810125
4976640.0,0.004026760349612839,0.004028744224827581,4976640.0,0.1633180493178467,0.1659325200831518,4976640.0,0.004081213007642266,0.004100751799463372
4988928.0,0.00425132177042542,0.004083063817961374,4988928.0,0.1585277810227126,0.16535181423338752,4988928.0,0.00414344661354941,0.004105463625698273
5001216.0,0.004114636695400502,0.004098863221346013,5001216.0,0.1575347144777576,0.16464525637372088,5001216.0,0.004107129631544619,0.004105074707816432
5013504.0,0.004178307950496674,0.004108367704611737,5013504.0,0.15169385370487967,0.16318098136689513,5013504.0,0.004071581759490073,0.00410059304558672
5025792.0,0.004038671106779172,0.00409394792028858,5025792.0,0.1544030540777991,0.16210281514407449,5025792.0,0.004082409795955755,0.0040953728147239115
5038080.0,0.004197064947220497,0.004107791105100963,5038080.0,0.1537152995200207,0.16072425212090216,5038080.0,0.004071482086146716,0.0040931189408487025
5050368.0,0.004234216452459805,0.0041245481392252255,5050368.0,0.16054929552289346,0.15987646050440768,5050368.0,0.004123910885634056,0.004099286375033747
5062656.0,0.004229717759396105,0.004138491320918547,5062656.0,0.16406334579611817,0.15937597326313457,5062656.0,0.0040764569445552,0.004098917843172482
5074944.0,0.004107161364421093,0.004141669296222972,5074944.0,0.16396555886603892,0.15880525522710134,5074944.0,0.004154805642125818,0.0041017816748838715
5087232.0,0.004088999659870751,0.0041466858056082865,5087232.0,0.17053760425187647,0.15983085565579433,5087232.0,0.0040427842031931505,0.004095522056983706
5099520.0,0.004091007605893537,0.004153110531236356,5099520.0,0.17186146089807153,0.16068519681381682,5099520.0,0.004045883926058498,0.0040919891488253295
5111808.0,0.004083841796576356,0.004136362533851449,5111808.0,0.17688264946142832,0.1625206836576884,5111808.0,0.00409806243502923,0.004087450730973312
5124096.0,0.004017229504825082,0.004126621814793908,5124096.0,0.17683373632219931,0.16445058584213257,5124096.0,0.004053187869430985,0.004082056554761947
5136384.0,0.004081121109872281,0.004116903130731467,5136384.0,0.17611683633488914,0.1668928841051335,5136384.0,0.004097754666872788,0.00408467384550022
5148672.0,0.004206242733440983,0.004133660293397648,5148672.0,0.1747226087221255,0.1689248395695661,5148672.0,0.004093135100750563,0.004085746375979701
5160960.0,0.00413016572080475,0.004126970370756074,5160960.0,0.17738516900377968,0.17129182651794203,5160960.0,0.004040942132026733,0.004082692380567703
5173248.0,0.004179405455943197,0.004121489271104413,5173248.0,0.17676860024221241,0.17291375698987396,5173248.0,0.004121443504118361,0.004082445642416133
5185536.0,0.004242490375569711,0.004122766532721774,5185536.0,0.17878438827271262,0.1743858612375334,5185536.0,0.004095303452534911,0.004084330293214104
5197824.0,0.004283936439605895,0.004140444040240254,5197824.0,0.17795492871664464,0.17578479822259396,5197824.0,0.004120277876306015,0.0040808775166321235
5210112.0,0.004377928851075315,0.004169336959360711,5210112.0,0.1820689025335014,0.17693792805075645,5210112.0,0.0041748134802522445,0.004094080444338033
5222400.0,0.004448176667210646,0.004205053865492422,5222400.0,0.180375565852349,0.1777893385461842,5222400.0,0.004039911633299198,0.004093483215062103
5234688.0,0.004363602279530217,0.004233029913787808,5234688.0,0.17785062671949467,0.17788613627199085,5234688.0,0.0041506811952179605,0.004098745091080976
5246976.0,0.004445464447295914,0.004275853408034891,5246976.0,0.17944593215361238,0.17814735585513214,5246976.0,0.00413377195703409,0.004106803499841287
5259264.0,0.004556810075882822,0.0043234223046359445,5259264.0,0.18056058837100863,0.1785917310587441,5259264.0,0.004111589701399983,0.004108187003294006
5271552.0,0.004501356551675902,0.004352933686459438,5271552.0,0.1836729816471537,0.1794867683512469,5271552.0,0.004085452630533837,0.004107418756272333
5283840.0,0.004493038936440523,0.004389221008023014,5283840.0,0.18123194249346852,0.1798714457002158,5283840.0,0.004111973580923707,0.004114521901162031
5296128.0,0.004609311113502675,0.004432211573778962,5296128.0,0.1799566646416982,0.18019025214016438,5296128.0,0.004049400973599404,0.004107317648110135
5308416.0,0.004703983390451564,0.004478360875267147,5308416.0,0.1776993595995009,0.1800817492728432,5308416.0,0.004086536154015145,0.004106440918258158
5320704.0,0.004528953216019242,0.004502862552908481,5320704.0,0.18434037687256932,0.18072029408843568,5320704.0,0.004101789161116661,0.0041045920467392225
5332992.0,0.00459084984807608,0.004524154652608558,5332992.0,0.18348555701474348,0.1808619595365599,5332992.0,0.004130968959846844,0.004100207594698683
5345280.0,0.004649540176615119,0.004544291003549006,5345280.0,0.18236302863806486,0.18106070581513148,5345280.0,0.004133872326444059,0.004109603664013169
5357568.0,0.004461075763780779,0.004554038351974063,5357568.0,0.18267731073622903,0.18154337421680491,5357568.0,0.004098253909129805,0.004104360935404353
5369856.0,0.00461823953325317,0.004571315860569787,5369856.0,0.18525517514596382,0.18212429851604006,5369856.0,0.0041203856211116845,0.004103022301812113
5382144.0,0.004643073089634224,0.004579942161944928,5382144.0,0.18449919748430452,0.18251815942736965,5382144.0,0.004107483589905314,0.004102611690662646
5394432.0,0.004569842695976452,0.004586790776374983,5394432.0,0.1824353253468871,0.18239439379734296,5394432.0,0.004089566561257622,0.004103023083735024
5406720.0,0.004605909945288052,0.004598077877259736,5406720.0,0.18492743590225777,0.18276394313822192,5406720.0,0.004155465062164391,0.0041073722318590924
5419008.0,0.004657466915280868,0.004602893457437555,5419008.0,0.18251959638049206,0.18302023631210126,5419008.0,0.004101965025862834,0.004112628637085436
5431296.0,0.004778184011229314,0.0046103135195153305,5431296.0,0.18522745603695512,0.1837730459558467,5431296.0,0.004096458828522979,0.004113620904536219
5443584.0,0.004810697685267466,0.004638487966440152,5443584.0,0.18513156970342,0.18385216523893175,5443584.0,0.004136041185120121,0.004117046106936565
5455872.0,0.004791902407305315,0.004658593222363076,5455872.0,0.18611298284182945,0.18411490782164036,5455872.0,0.00405063390887032,0.0041090126018389125
5468160.0,0.004718160649645142,0.004665455269666078,5468160.0,0.1841510597926875,0.18429371093710264,5468160.0,0.004102211016288493,0.004105846470823357
5480448.0,0.0046939224387945915,0.00468873993716746,5480448.0,0.183357413392514,0.18436172120273114,5480448.0,0.004115306005890791,0.004107551680499455
5492736.0,0.004727190547176481,0.0046996350385597905,5492736.0,0.18333546444773674,0.18416975013290843,5492736.0,0.004043165924182783,0.004099829710806565
5505024.0,0.004754429442982655,0.004710770673894634,5505024.0,0.18330243338520327,0.1840500737229983,5505024.0,0.004137563754435784,0.004102837727259612
5517312.0,0.004747353928299465,0.004728521797126935,5517312.0,0.18774349025140205,0.1845808902134498,5517312.0,0.004107154636585619,0.004104596534792412
5529600.0,0.004773143797744221,0.0047452451823725515,5529600.0,0.1831781566143036,0.1844059622846544,5529600.0,0.004116538436695312,0.004100703872245504
5541888.0,0.004698829616245348,0.004749381452469,5541888.0,0.18530408137788376,0.18468441078439352,5541888.0,0.004049922029177348,0.004095499572576955
5554176.0,0.004703903883637395,0.004741953439709808,5554176.0,0.1850821804255247,0.18466988322325048,5554176.0,0.004090362293936778,0.004094889919118334
5566464.0,0.0047300194564741105,0.004733885616830472,5566464.0,0.18519186694175005,0.18467591294708352,5566464.0,0.004142154311315001,0.004095501231737823
5578752.0,0.004741268610814586,0.004728822237181399,5578752.0,0.18605142707626024,0.1846697573705266,5578752.0,0.004085150777730935,0.004098952918623885
5591040.0,0.0047162148912320845,0.004728627661340095,5591040.0,0.18719668748478094,0.18497432013973594,5591040.0,0.004166944187697179,0.004105426235764753
5603328.0,0.004811313289489287,0.004740366746409563,5603328.0,0.18533734154577056,0.1851723129550616,5603328.0,0.004132362548261881,0.004107131890001862
5615616.0,0.004783578076361057,0.004746005499328021,5615616.0,0.18628986024608216,0.18546775253489614,5615616.0,0.004123306156543549,0.004115145913237939
5627904.0,0.004811408742777227,0.004751703429307479,5627904.0,0.18649005594973764,0.18578651479134956,5627904.0,0.00409206555923447,0.004110596093717807
5640192.0,0.004724188261510183,0.004749386862628551,5640192.0,0.18287117104046047,0.18529928287025538,5640192.0,0.004061869379559842,0.004106067568015229
5652480.0,0.004865641788152668,0.004758636661669395,5652480.0,0.1852435713323454,0.1855058243420596,5652480.0,0.004092007984581869,0.0041036145228038855
5664768.0,0.004847981503795988,0.004773551850424458,5664768.0,0.18511772699033222,0.18548718890330443,5664768.0,0.004126038678805344,0.004111226187766685
5677056.0,0.004768949336721562,0.004780056395732876,5677056.0,0.1851442827222248,0.1854933991329744,5677056.0,0.004134469396376517,0.0041156368980106595
5689344.0,0.004812108799039076,0.004788265329989372,5689344.0,0.18391181016340852,0.18536539345514028,5689344.0,0.004143312874172504,0.004115752754296409
5701632.0,0.004836363514186814,0.004797774820326594,5701632.0,0.18543648331736526,0.18530389907925077,5701632.0,0.004103343271708582,0.004117572003694173
5713920.0,0.004851729873432002,0.004811326318546586,5713920.0,0.1859235535375774,0.18517658568453044,5713920.0,0.004034687646102005,0.0041043463495346565
5726208.0,0.004785790721750042,0.004808774061772662,5726208.0,0.18439922109246254,0.18508277363919962,5726208.0,0.004088742200110573,0.004099984314719526
5738496.0,0.0048500912986734574,0.0048154253840039015,5738496.0,0.18611775462826094,0.1850655630774175,5738496.0,0.004086358751616596,0.00409628957422683
5750784.0,0.004777067675604485,0.0048119912772866275,5750784.0,0.1864010210459431,0.18505665958703804,5750784.0,0.004048829929767332,0.0040919660112801156
5763072.0,0.004805278966766006,0.0048201003478122095,5763072.0,0.18489311231921116,0.18525885371491313,5763072.0,0.004084047951134077,0.00409418386843754
5775360.0,0.004910111415180533,0.004824547310514996,5775360.0,0.18294950279717645,0.18502944686139625,5775360.0,0.004066043111379258,0.004091587381117278
5787648.0,0.004851933035145824,0.00482494246364998,5787648.0,0.18270570303623876,0.18478824446598688,5787648.0,0.0040799863102923455,0.004086982144265979
5799936.0,0.004841099929763004,0.004832157522954125,5799936.0,0.18319492554292083,0.1845933087480565,5799936.0,0.004134571706041849,0.004086992375232512
5812224.0,0.004929088104593878,0.004843855453509605,5812224.0,0.18189681057507792,0.18439180878922345,5812224.0,0.004105131891265046,0.004083174276941766
5824512.0,0.004829349195157799,0.004843154021606703,5824512.0,0.17949078270855048,0.18379723872834197,5824512.0,0.004051070204392697,0.004077946970210177
5836800.0,0.004736207993119024,0.0048316018335754045,5836800.0,0.17892573851471147,0.18309745722605536,5836800.0,0.0040510387213241,0.0040795820777323865
5849088.0,0.004800450112573647,0.004833067772657766,5849088.0,0.18124112548927465,0.1827816476657366,5849088.0,0.00410516450938303,0.004081224308659633
5861376.0,0.004804397700354457,0.004828498412825866,5861376.0,0.18339482291291156,0.18250935449420166,5861376.0,0.004091847656430521,0.004081773199141025
5873664.0,0.004795477204121805,0.004830339365677597,5873664.0,0.1838004815702637,0.18224930054663369,5873664.0,0.004105487399404713,0.0040874389461047645
5885952.0,0.004816671442919566,0.004831478613292953,5885952.0,0.1816738194320351,0.18192737125791608,5885952.0,0.004119522178370971,0.0040909863688284535
5898240.0,0.004811037011677399,0.0048215711729426396,5898240.0,0.18293994525447488,0.18192641550364594,5898240.0,0.0041518097690034965,0.0040995630345908775
5910528.0,0.004888926021521911,0.004825270471580248,5910528.0,0.1856874031946063,0.1822245855194827,5910528.0,0.0040978193962170435,0.004101346343183347
5922816.0,0.004838603041813864,0.004825020782785335,5922816.0,0.18779719900339842,0.18268481286553045,5922816.0,0.004067400310304947,0.004094629203609657
5935104.0,0.004860049479854449,0.004818116920311392,5935104.0,0.1868937824231883,0.18318451005034148,5935104.0,0.004113725056716551,0.004095488520154808
5947392.0,0.0048799508197892765,0.00482317708277454,5947392.0,0.1900810350974401,0.18424353528923043,5947392.0,0.004115252132275297,0.004101906712943067
5959680.0,0.0047696412657387555,0.004826520410036513,5959680.0,0.1891333113114039,0.1852642925688997,5959680.0,0.003995345136596977,0.004096337354470354
5971968.0,0.004879059553786647,0.004834381354157813,5971968.0,0.18877580715343356,0.1860177607353156,5971968.0,0.004097464222771426,0.004095567325809195
5984256.0,0.004800593868518869,0.004834000970974254,5984256.0,0.18933117172370353,0.18661139561639478,5984256.0,0.0041549068021898465,0.004101873240385127
5996544.0,0.004856228013522923,0.004840076051914366,5996544.0,0.1887930647159616,0.18711065393096457,5996544.0,0.0040835252560403506,0.004099677026048691
6008832.0,0.004872799428994767,0.004845688850521886,6008832.0,0.18742218660190701,0.18768549064795176,6008832.0,0.004164293650925781,0.004104154173304171
6021120.0,0.004899058672890533,0.0048544910166432,6021120.0,0.1871872435634335,0.18811022047884762,6021120.0,0.004130394241656177,0.004102012620569439
6033408.0,0.00485894512773181,0.004851492927264189,6033408.0,0.1911795761746665,0.18865943777685362,6033408.0,0.004115324741481648,0.0041037631550958995
6045696.0,0.004922063157816107,0.004859838938864413,6045696.0,0.19069767836481333,0.18894948571299514,6045696.0,0.004132567509562553,0.004110279875021662
6057984.0,0.0048482971857689945,0.004858663709455868,6057984.0,0.18913988629356027,0.18917409610003233,6057984.0,0.0041543616316630505,0.00411434353251631
6070272.0,0.0049596669390060315,0.004866635321377544,6070272.0,0.1888297515300413,0.18904896774329244,6070272.0,0.004075498002445481,0.004110368119533329
6082560.0,0.004881255985916748,0.0048777967933953436,6082560.0,0.18436331705500683,0.18857196831765272,6082560.0,0.00409544962652338,0.0041203785685259686
6094848.0,0.004899483603367116,0.00487983919835339,6094848.0,0.18631796073168516,0.1883261836754779,6094848.0,0.004089962067761614,0.004119628353024989
6107136.0,0.004910390006746941,0.004890818812176198,6107136.0,0.18692065759872398,0.18808513226297993,6107136.0,0.004107034103071783,0.004114841083113181
6119424.0,0.004958459370148678,0.004901041947838773,6119424.0,0.18447297190626463,0.18765312298201026,6119424.0,0.0041292721483235555,0.004119415772341503
6131712.0,0.004863148885002981,0.004900076893439594,6131712.0,0.186096988307933,0.18752060315261285,6131712.0,0.0041164721915265545,0.004114633626401579
6144000.0,0.004930974447537058,0.004903268470904247,6144000.0,0.1845351525892814,0.18725539405519764,6144000.0,0.004148447551415302,0.004116438957377492
6156288.0,0.004937805179603553,0.0049111544760914215,6156288.0,0.1855799506107966,0.18669543149881065,6156288.0,0.004202762470716455,0.004125182730300972
6168576.0,0.004781469307393611,0.0048970950910491706,6168576.0,0.18571775080636144,0.1861974387429655,6168576.0,0.004120959975504472,0.004124021976895165
6180864.0,0.0048960072138773585,0.004901866093860008,6180864.0,0.18293105609094104,0.18557655572270354,6180864.0,0.004162037274606216,0.004124789541189481
6193152.0,0.004902597351853426,0.004896159135144748,6193152.0,0.18263390458499393,0.18495697102819877,6193152.0,0.004186030649483048,0.004135842805893237
6205440.0,0.004923569872820129,0.004900390523835086,6205440.0,0.18013130563000837,0.18453376988569897,6205440.0,0.004067341134941671,0.004133031956735067
6217728.0,0.004843003419712962,0.00489474250546967,6217728.0,0.18400348303839564,0.18430232211637002,6217728.0,0.004133817645197269,0.0041374175144786324
6230016.0,0.004999796413661291,0.004903683146161105,6230016.0,0.18273943631599346,0.18388419998809696,6230016.0,0.00408475031387449,0.004135189135558903
6242304.0,0.004829202148054416,0.004890757423951678,6242304.0,0.1806397499361386,0.18350087779108434,6242304.0,0.004150085563499791,0.004137270477076527
6254592.0,0.004965182299201842,0.004900960765371564,6254592.0,0.18252779884884754,0.1831439588451758,6254592.0,0.004174125681553657,0.004143035826079237
6266880.0,0.00490291014284594,0.004898154334902453,6266880.0,0.18289761493603388,0.18298020507985108,6266880.0,0.004091090241369481,0.004137300095074655
6279168.0,0.004881705962664758,0.004892544413208574,6279168.0,0.18434202282999954,0.18285641230177135,6279168.0,0.004089596290820434,0.004125983477085052
6291456.0,0.004936767186639675,0.00490807420113318,6291456.0,0.18103874482524893,0.18238851170366005,6291456.0,0.004146352660124346,0.00412852274554704
6303744.0,0.004971012800524477,0.004915574759797892,6303744.0,0.18319093342870474,0.18241449943743643,6303744.0,0.004094262110205212,0.00412174522910694
6316032.0,0.004892442288110033,0.004914559253423552,6316032.0,0.1829493617794166,0.18244604515687873,6316032.0,0.004160354251022606,0.004119177589260896
6328320.0,0.0048736085106308264,0.0049095631172046215,6328320.0,0.18133671643833318,0.18256658623771121,6328320.0,0.004062324755068403,0.004118675951273568
6340608.0,0.004911527670628857,0.004916415542296211,6340608.0,0.18266098899766803,0.18243233683363844,6340608.0,0.004100521779037081,0.0041153463646575504
6352896.0,0.004970425611342459,0.004913478462064328,6352896.0,0.18492907145991921,0.18265130034803104,6352896.0,0.00414611873808705,0.004121483207078806
6365184.0,0.004936629290265652,0.004924221176285451,6365184.0,0.18532998875404397,0.18312032422982155,6365184.0,0.004066174922627397,0.004113092142991567
6377472.0,0.004888875424512662,0.0049165904888165335,6377472.0,0.1824358218970398,0.1831111265346408,6377472.0,0.00416609774644409,0.00411228934948061
6389760.0,0.00494197650065568,0.004920497124597507,6389760.0,0.18354143730054298,0.1831755087710917,6389760.0,0.004073201474966481,0.00411050047284031
6402048.0,0.005063208520975119,0.004938647380428544,6402048.0,0.1832639117104312,0.18306769765913486,6402048.0,0.004131429598298079,0.004114683803588074
6414336.0,0.004976822613874295,0.004942652923152007,6414336.0,0.1823849861199657,0.18320232178860654,6414336.0,0.00407841431297129,0.0041078899688727685
6426624.0,0.005021953567241629,0.0049477469998237215,6426624.0,0.1805217213307818,0.18293540057881424,6426624.0,0.004097440241215129,0.004108207781973761
6438912.0,0.0049928333998347325,0.004957786110996192,6438912.0,0.17660375917330384,0.18230084031820296,6438912.0,0.004056694572985482,0.004097841814170049
6451200.0,0.004992534025708058,0.0049696786625039145,6451200.0,0.17610218018914262,0.18177738669328392,6451200.0,0.004136614503901607,0.004105270789053369
6463488.0,0.004995480693954353,0.004978073964836465,6463488.0,0.17686333678041896,0.18119762147155902,6463488.0,0.0040547349757010425,0.004100692108719765
6475776.0,0.004988989492024605,0.004979930352904679,6475776.0,0.17327655758708715,0.1800323700842758,6475776.0,0.004159895785657379,0.004102069813476798
6488064.0,0.005041102102647225,0.004990377634142835,6488064.0,0.17363359631660083,0.17886273084053148,6488064.0,0.004106440256388548,0.004106096346852913
6500352.0,0.005011169290810358,0.005002607020772605,6500352.0,0.16694987448863685,0.1773141360996912,6500352.0,0.004068417527984518,0.004096328325006955
6512640.0,0.0050314073378103785,0.005011550104488075,6512640.0,0.16604408427762488,0.17556440079739938,6512640.0,0.004149696680542547,0.004103977845564563
6524928.0,0.0050221381631369395,0.005007443068704257,6524928.0,0.16409300733357668,0.17364731035971392,6524928.0,0.004074873189286639,0.004098322204663419
6537216.0,0.004953546803638649,0.005005115487680693,6537216.0,0.16701311944052577,0.17211012369176992,6537216.0,0.004165694595333965,0.004107050232899686
6549504.0,0.005062618258913669,0.005009181956847897,6549504.0,0.16691248095594347,0.1707491996542861,6549504.0,0.004156662890939818,0.004112972497872154
6561792.0,0.00497196517244447,0.00500709513410887,6561792.0,0.17508321666779617,0.17059714540373533,6561792.0,0.004125301047073056,0.004119833145280913
6574080.0,0.005070482249720953,0.00501488995651016,6574080.0,0.16863380054322383,0.16985030743914345,6574080.0,0.004128097624440367,0.004118981457334788
6586368.0,0.0050368523904277636,0.005019027126157502,6586368.0,0.16885803438102207,0.16904977719920375,6586368.0,0.004135401235544123,0.004127048083319095
6598656.0,0.005018544177194902,0.005021982594674531,6598656.0,0.17047191915723184,0.16876931335621823,6598656.0,0.004105482371718002,0.004121606741925158
6610944.0,0.005060705205930087,0.0050239429050028175,6610944.0,0.17301094881258905,0.16870704860581706,6610944.0,0.004134572516098463,0.004124419967896151
6623232.0,0.00503635435840503,0.005026461411762284,6623232.0,0.17759673429342607,0.16977173458629596,6623232.0,0.0041533451464298805,0.004132912729740685
6635520.0,0.005069068834321418,0.005030227561413388,6635520.0,0.17440293752588332,0.17060761991112183,6635520.0,0.004123331547210303,0.004130276216407462
6647808.0,0.0049722243469053256,0.005025236179790228,6647808.0,0.17366309844267866,0.171564629022032,6647808.0,0.00414647249757157,0.004137436147235956
6660096.0,0.005027879041639001,0.005032669403590263,6660096.0,0.1745930468508353,0.17232262176306296,6660096.0,0.004118682430998888,0.004132734930802447
6672384.0,0.005009027789734925,0.005027310356672388,6672384.0,0.17518129060044885,0.1731495027275135,6672384.0,0.004105801451563214,0.004127648786864787
6684672.0,0.00498081037949305,0.005028194877377245,6684672.0,0.17973881113963822,0.17361506217469772,6684672.0,0.004112703463761136,0.004126389028533595
6696960.0,0.00498146895794586,0.005019293548199736,6696960.0,0.1789075491639475,0.17464243703677013,6696960.0,0.0041073172057319125,0.004124310986662749
6709248.0,0.005003795107768383,0.005015987819933798,6709248.0,0.1799678401245425,0.17575341761112212,6709248.0,0.004056331769485648,0.004116404040056901
6721536.0,0.005065879432853156,0.005020721345499624,6721536.0,0.1816136941779405,0.176867595113193,6721536.0,0.004139147652798177,0.004119770568164919
6733824.0,0.005040896062079507,0.005018740431114566,6733824.0,0.18364812076712647,0.17793131230864673,6733824.0,0.004108890330826398,0.004117202349637713
6746112.0,0.0050260040879948065,0.005017705404073543,6746112.0,0.18205593526363373,0.17837723240566752,6746112.0,0.00410688336463257,0.004112556171457982
6758400.0,0.005045215068093967,0.005015320027450798,6758400.0,0.18139788943032423,0.1790767275961116,6758400.0,0.004121772433184863,0.004112400260055438
6770688.0,0.005013146185471366,0.005019412211307402,6770688.0,0.17918192952250442,0.17962861070409417,6770688.0,0.004132932316376052,0.0041110462419358855
6782976.0,0.005067580195221429,0.005023382326665645,6782976.0,0.17977783689275384,0.18014708970828602,6782976.0,0.004055650041361029,0.004104743002972099
6795264.0,0.0050603384685625015,0.005028513394548403,6795264.0,0.1821975284256041,0.18084871349080153,6795264.0,0.004110632403656685,0.004105226098181447
6807552.0,0.005021877586841583,0.005032620115283256,6807552.0,0.17642161645926535,0.18051699402276428,6807552.0,0.004126557527342811,0.0041066115045396145
6819840.0,0.005097026997342861,0.005044175919222956,6819840.0,0.17810037941671908,0.1804362770480414,6819840.0,0.004085310860925044,0.004104410870058927
6832128.0,0.005064656875523117,0.0050502620959984295,6832128.0,0.17540217416050533,0.1799797104516377,6832128.0,0.004088621242165876,0.004107639817326951
6844416.0,0.005050934159953613,0.005048767568708475,6844416.0,0.1719517350041618,0.17901351453425982,6844416.0,0.004103071199400195,0.0041040321719871525
6856704.0,0.005031411865881334,0.005047819149088658,6856704.0,0.1711922484294822,0.17776792730049537,6856704.0,0.004103666251467075,0.00410350976405122
6868992.0,0.0050715008449818315,0.005052368824787361,6868992.0,0.16880822593035796,0.17644315636716784,6868992.0,0.004162467409817812,0.0041090681685697445
6881280.0,0.0049754818925672835,0.005045395507234692,6881280.0,0.16181170234146217,0.17448453765828162,6881280.0,0.004107395727866485,0.004107630498037906
6893568.0,0.005055259078896294,0.005049606796577184,6893568.0,0.16055091695549586,0.17262143640158079,6893568.0,0.004037733109726105,0.004098110577372912
6905856.0,0.004977643712967013,0.005040613148351743,6905856.0,0.15498388543104133,0.1701420412554095,6905856.0,0.004066640288025762,0.004099209602039385
6918144.0,0.005089534107052411,0.005043532712200734,6918144.0,0.15248671422402063,0.16717095983525115,6918144.0,0.004074992056606182,0.004095645567334335
6930432.0,0.005088838343605555,0.005050228787877131,6930432.0,0.15141506811293462,0.1646703050006181,6930432.0,0.004079777774071165,0.004090967592007171
6942720.0,0.0050956765553564765,0.005050093743678493,6942720.0,0.1515599177995076,0.16201625883889695,6942720.0,0.004081085222424008,0.004090545028157067
6955008.0,0.004950807461379251,0.005038708802264106,6955008.0,0.15375590844390294,0.1598516322672367,6955008.0,0.004090835063834675,0.004090766410323947
6967296.0,0.005032212422520388,0.005036836628520783,6967296.0,0.15457410900853574,0.1581138696676741,6967296.0,0.0041195460022815196,0.0040924138906120785
6979584.0,0.005006597486499231,0.005034355190582573,6979584.0,0.15730854713668427,0.1567254995383943,6979584.0,0.004104762473919739,0.004092523512857345
6991872.0,0.005086513224038451,0.005035856428488235,6991872.0,0.15740641571270922,0.15558531851662943,6991872.0,0.004142204318971683,0.004090497203772733
7004160.0,0.005031840730225667,0.005041492312254073,7004160.0,0.16375611148153743,0.15577975943063696,7004160.0,0.00410689056297997,0.004090446687284081
7016448.0,0.005016408518713433,0.005037607256235787,7016448.0,0.16833587960960963,0.15655825569604837,7016448.0,0.004200271886171929,0.004106700564928663
7028736.0,0.0049674668577305665,0.0050365895707121435,7028736.0,0.1679793132158617,0.1578577984745304,7028736.0,0.004135309801010105,0.004113567516227097
7041024.0,0.005039354829932563,0.005031571643000158,7041024.0,0.17013582998576263,0.1596227100507046,7041024.0,0.004183229852060322,0.004124391295772511
7053312.0,0.005040460258896928,0.005026733834529296,7053312.0,0.1692449514133235,0.16140569838074345,7053312.0,0.004109871927842808,0.004127400711149675
7065600.0,0.005033423954349321,0.00502050857442858,7065600.0,0.17194244894199073,0.16344395149499175,7065600.0,0.0041119839540139464,0.00413049058430867
7077888.0,0.005082425164194622,0.005033670344710118,7077888.0,0.17190434310274819,0.1652587949608763,7077888.0,0.004112291530570171,0.004132636230982219
7090176.0,0.005053404325735755,0.005035789535031655,7090176.0,0.1671243244005988,0.16651381650008262,7090176.0,0.004105956548301037,0.004131277285584171
7102464.0,0.0050253481361626955,0.005037664599998001,7102464.0,0.16361788931923607,0.16714475071833781,7102464.0,0.004158427769046587,0.004136643815096855
7114752.0,0.004920317449432332,0.005021045022537389,7114752.0,0.17482966145810983,0.16888707529287786,7114752.0,0.004153588488406967,0.004137782232040385
7127040.0,0.0050809482466623495,0.005025955774181057,7127040.0,0.17761265113949776,0.17027272925867387,7127040.0,0.004088492302495676,0.004135942405991954
7139328.0,0.005117107832726712,0.005036025705582385,7139328.0,0.17428838810883462,0.17086798010859638,7139328.0,0.004162044834326177,0.004132119700807379
7151616.0,0.005112978649170448,0.005050576884726372,7151616.0,0.17356265615671873,0.1714263144026821,7151616.0,0.00420100886306803,0.004138689607013172
7163904.0,0.005068255353156322,0.005053466937048749,7163904.0,0.16648381669074297,0.17106111307318012,7163904.0,0.004182895255022838,0.0041386561473094234
7176192.0,0.0050912083048994345,0.005058541741648999,7176192.0,0.16652720755276582,0.17078933868712437,7176192.0,0.004112749314420701,0.004138943885967213
7188480.0,0.005069993053136083,0.005062198651527674,7188480.0,0.16817776331057152,0.1704128701239824,7188480.0,0.004148680891375989,0.004142613579703418
7200768.0,0.005093584559896651,0.005063314591097877,7200768.0,0.16181594443817934,0.16940403025752554,7200768.0,0.00415163117092258,0.004146547543738658
7213056.0,0.005161397913373851,0.0050741139498616875,7213056.0,0.1608368115654836,0.16877527897401404,7213056.0,0.004163283287198283,0.004152280217628383
7225344.0,0.005144966550384804,0.005086075791283899,7225344.0,0.16301148307199279,0.16871463834928974,7225344.0,0.004156865327483199,0.004152123973472044
7237632.0,0.005010579899438501,0.005095102036284516,7237632.0,0.16502664626265565,0.1677343368297443,7237632.0,0.0041753598634386435,0.004154301110975212
7249920.0,0.0050413304779795,0.005091140259416231,7249920.0,0.17141690050872663,0.1671147617666672,7249920.0,0.004114013587241061,0.00415685323944975
7262208.0,0.005010415836295579,0.0050804710597731175,7262208.0,0.17175982783858976,0.16686190573964269,7262208.0,0.0041444551752647385,0.004155094273543607
7274496.0,0.005081635555446458,0.005077336750400719,7274496.0,0.17272749015440544,0.16677838913941131,7274496.0,0.004130955545406323,0.004148088941777436
7286784.0,0.0049474172507567955,0.005065252940160766,7286784.0,0.17032800995123884,0.16716280846546092,7286784.0,0.0041640152776381,0.0041462009440389625
7299072.0,0.005094587240212907,0.005065590833692113,7299072.0,0.1697381385602057,0.1674839015662049,7299072.0,0.00414408838454013,0.004149334851050905
7311360.0,0.005030060300972157,0.005061597558475721,7311360.0,0.17179082776419818,0.1678452080115676,7311360.0,0.004129755737570425,0.004147442335670349
7323648.0,0.005051509554808338,0.005057390057966889,7323648.0,0.16911761866261563,0.1685753754340112,7323648.0,0.004150180371652823,0.004147297255743373
7335936.0,0.005094225137630322,0.005050672780392536,7335936.0,0.16747730838445327,0.16923942511590817,7335936.0,0.004119405321641049,0.004142909459187648
7348224.0,0.0050397625818732195,0.0050401523835413775,7348224.0,0.16828415573885044,0.16976669238259395,7348224.0,0.0041886939070536755,0.0041460923171446964
7360512.0,0.005058534981799312,0.0050449478917774584,7360512.0,0.1688247456525763,0.170146502321586,7360512.0,0.004111408382110919,0.004139697169011925
7372800.0,0.005048647666020163,0.005045679610581525,7372800.0,0.17055112736610076,0.17005992500732342,7372800.0,0.004154661437496543,0.0041437619540374716
7385088.0,0.005042359097084652,0.005048873936660432,7385088.0,0.166596689959988,0.16954361121946324,7385088.0,0.004160089452246514,0.00414532538173565
7397376.0,0.005101330883917399,0.005050843469507526,7397376.0,0.1666473242609451,0.16893559463011723,7397376.0,0.00410366626601899,0.004142596453796917
7409664.0,0.005077789387238833,0.00506388068315573,7409664.0,0.17276263842359185,0.16917905747735254,7409664.0,0.004109235140883054,0.004137118440121412
7421952.0,0.005165991693502292,0.005071021128484668,7421952.0,0.1726849286351353,0.16947373648484548,7421952.0,0.004175665104412474,0.004140276112108646
7434240.0,0.005076833416145139,0.005075698440001967,7434240.0,0.1712215387572845,0.16941680758415412,7434240.0,0.004173665841032441,0.004144667122454848
7446528.0,0.00508978186553577,0.00507952567107471,7446528.0,0.17452231794595718,0.16995727751248826,7446528.0,0.00417036277455433,0.004146685362744999
7458816.0,0.005074226673362621,0.0050775258246479405,7458816.0,0.17445464882378778,0.1706550115564217,7458816.0,0.004106199611366416,0.004145364791717536
7471104.0,0.005060956134305646,0.005079645179891183,7471104.0,0.17516068633024892,0.17134266461556152,7471104.0,0.00418739253655076,0.004145234654667243
7483392.0,0.005096585543166536,0.0050834502360279045,7483392.0,0.16769095797402164,0.17122928584770608,7483392.0,0.00413416835363023,0.004147510651819175
7495680.0,0.005079403786415544,0.005086525848067443,7495680.0,0.17127188427063325,0.17130136153815934,7495680.0,0.004150521177507471,0.004147096625820268
7507968.0,0.0050985443813260645,0.005092144376491584,7507968.0,0.17342869370865324,0.17198456191302589,7507968.0,0.0041832462714713374,0.004149412307742751
7520256.0,0.005025968481883562,0.0050846081362882,7520256.0,0.1752822269530346,0.1728480521822348,7520256.0,0.004150634093093686,0.004154109090450221
7532544.0,0.005057027073538241,0.005082531904918142,7532544.0,0.1768536496286591,0.17325715330274155,7532544.0,0.0041890903254776886,0.004162094608909683
7544832.0,0.005075177917509184,0.005073450527318832,7544832.0,0.17245803074911237,0.17323446351413924,7544832.0,0.004147741089885433,0.004159302207456979
7557120.0,0.00509760744413749,0.005075527930118066,7557120.0,0.17272632320721945,0.17338494195913273,7557120.0,0.0041368399615748785,0.004155619619511224
7569408.0,0.0050507545747677796,0.005071625201041267,7569408.0,0.17402618176614246,0.17333532834115126,7569408.0,0.004091880837222561,0.004147771425778046
7581696.0,0.005030966936222588,0.005067299227327264,7581696.0,0.17345882082978883,0.1732357455417514,7581696.0,0.004128315551497508,0.004149983019791155
7593984.0,0.005056369557375244,0.005066840569634223,7593984.0,0.1681796039144198,0.1725376373001685,7593984.0,0.004159722518428073,0.004147216017978886
7606272.0,0.005036628877860494,0.005060844903103619,7606272.0,0.16673929694419107,0.17244247119718542,7606272.0,0.004086691500560846,0.004142468332671948
7618560.0,0.005057727602737335,0.0050586772847357984,7618560.0,0.1658585018788775,0.17190113295800985,7618560.0,0.004133699163503479,0.004140786131271549
7630848.0,0.00507062178318544,0.005055885024921736,7630848.0,0.1735926540568471,0.17191752899282922,7630848.0,0.004114894424371111,0.004133950946561526
7643136.0,0.0051149676097945,0.005064784937712829,7643136.0,0.17518930323421955,0.17190823662094773,7643136.0,0.004131390674350162,0.004132026604687174
7655424.0,0.005118533723968237,0.005070935602755828,7655424.0,0.17542603216134012,0.17176547487421584,7655424.0,0.004107522217964288,0.004123869793935834
7667712.0,0.005079427198021828,0.005071360530807092,7667712.0,0.1759771207192292,0.1721173838712275,7667712.0,0.0040761219812945155,0.004116707883076742
7680000.0,0.005097140463476535,0.005071313832740998,7680000.0,0.17412163022284707,0.17225691457279027,7680000.0,0.004137640006471581,0.004116787887566411
7692288.0,0.005035721221550678,0.005069810497419288,7692288.0,0.17349761414031187,0.17220405781020723,7692288.0,0.004123811168634954,0.004119980920707651
7704576.0,0.005057667697352978,0.005072480573532327,7704576.0,0.17862652987241745,0.1727208287144701,7704576.0,0.004093212339891276,0.004116470599547028
7716864.0,0.005053679412715913,0.005072211559066393,7716864.0,0.17941731967342398,0.17384460029037047,7716864.0,0.004166295259589485,0.0041171278736631695
7729152.0,0.00507255923973086,0.0050758045952534305,7729152.0,0.17162851484802863,0.1743335220807542,7729152.0,0.004135774058037593,0.004122036129410844
7741440.0,0.005074966992348588,0.005077528534214555,7741440.0,0.17430375198212764,0.17517804709107926,7741440.0,0.0041985490679508075,0.004128521119855577
7753728.0,0.005159863173806419,0.005086452673276653,7753728.0,0.17733700713142753,0.1755524823985373,7753728.0,0.0041360282072370564,0.004130634498142171
7766016.0,0.0050809399399440736,0.005083049906291611,7766016.0,0.17742767192733785,0.17577631926784915,7766016.0,0.0040765766001034836,0.004125153090717504
7778304.0,0.0051280384917239035,0.005084000383067179,7778304.0,0.17191762601335844,0.17542547865305094,7778304.0,0.004133722924355728,0.004127773161356649
7790592.0,0.0050992425506895716,0.005085981918333952,7790592.0,0.17231720957594612,0.17505948753872266,7790592.0,0.004098674789323316,0.004130028442159529
7802880.0,0.005026385156573572,0.005078906387643656,7802880.0,0.17918519722297788,0.17556584423873572,7802880.0,0.00413671671897949,0.004129936113410319
7815168.0,0.005119937634541809,0.005087328028942769,7815168.0,0.17595924499134222,0.17581200732383878,7815168.0,0.00411924374687563,0.004129479371234387
7827456.0,0.0051069278924842365,0.005092254048455895,7827456.0,0.17686059108624855,0.17563541344522188,7827456.0,0.004090557199864027,0.004129213857231662
7839744.0,0.005055837912853652,0.005092469898469668,7839744.0,0.1770948584501942,0.1754031673228989,7839744.0,0.0041534290940035135,0.004127927240673065
7852032.0,0.005069317577484374,0.005092145732245021,7852032.0,0.17595592040258148,0.17583590787835418,7852032.0,0.004171385985197655,0.004131488433389071
7864320.0,0.00508747097531644,0.005093396130541805,7864320.0,0.17909818763534227,0.17631535144367566,7864320.0,0.004102091821550857,0.004121842708749076
7876608.0,0.005100515115676292,0.005087461324728793,7876608.0,0.177493383254235,0.1763309890559564,7876608.0,0.004174034887303908,0.004125643376755762
7888896.0,0.0050710496968046454,0.005086472300414849,7888896.0,0.1810113862156868,0.17668936048479128,7888896.0,0.004131682255926232,0.004131153942338035
7901184.0,0.005130645249058337,0.005086732976148293,7901184.0,0.17851641153295836,0.1773492390367513,7901184.0,0.004050235853355844,0.004122805235238046
7913472.0,0.005113645134163865,0.005088173234495723,7913472.0,0.1815948827813069,0.17827700635728738,7913472.0,0.004123552886691566,0.004125293044974872
7925760.0,0.005119981721994312,0.005097532891037797,7925760.0,0.1836827302662035,0.17872675966160992,7925760.0,0.004157022100116592,0.004127323583088582
7938048.0,0.005181599762484741,0.00510369910383209,7938048.0,0.18165085503521064,0.17929592066599676,7938048.0,0.004090541697223671,0.004124453378123387
7950336.0,0.005103478356128714,0.0051033541501965375,7950336.0,0.1849485308242341,0.18010471463979533,7950336.0,0.004137015438269979,0.004129099201963982
7962624.0,0.005170412575049947,0.005114811616416167,7962624.0,0.1843873974867165,0.18083396854344755,7962624.0,0.004139721944132664,0.004127728486976897
7974912.0,0.0050230363801044104,0.00511018349667817,7974912.0,0.18464677672212323,0.18170305417540172,7974912.0,0.004133068522302589,0.00412389674068739
7987200.0,0.005133966114954092,0.005114833010641935,7987200.0,0.1845118124037981,0.1822444166522473,7987200.0,0.004119395295371457,0.00412562708806945
7999488.0,0.0051142379743396305,0.00511620529650827,7999488.0,0.18536507027844587,0.1830315853546684,7999488.0,0.004133907071566985,0.004121614306495758
8011776.0,0.00508055004805404,0.005117155331633209,8011776.0,0.18627818409974375,0.1835582651430741,8011776.0,0.00410372021481938,0.004118818102385073
8024064.0,0.005098151176449998,0.005113905924372375,8024064.0,0.18438939920937022,0.1841455639107153,8024064.0,0.004167542288390298,0.004130548745888519
8036352.0,0.005120981613193483,0.005114639572275337,8036352.0,0.18174416346785924,0.1841604919793705,8036352.0,0.004090576578164473,0.004127251115035809
8048640.0,0.005152415399303815,0.005117882940006287,8048640.0,0.18396305510153374,0.1841885244629035,8048640.0,0.00418690840160707,0.0041302397451848565
8060928.0,0.005162012566870544,0.005115924220444866,8060928.0,0.18311078054830432,0.1843345170142129,8060928.0,0.004101203337389355,0.004131305909201426
8073216.0,0.005083564838666159,0.005113932868698612,8073216.0,0.18316544809689125,0.18415620874147862,8073216.0,0.004102778805342193,0.004127882245908646
8085504.0,0.0051356654342574375,0.005110458154619362,8085504.0,0.18610952949772278,0.18432842194257926,8085504.0,0.004197328191366978,0.004133642870632078
8097792.0,0.005154853541171178,0.005123639870726038,8097792.0,0.1864144493204852,0.18450518920241543,8097792.0,0.00414339483055907,0.004134675501457725
8110080.0,0.00509428241639398,0.005119671500870027,8110080.0,0.1848143545600275,0.1845354434180384,8110080.0,0.004157007982333501,0.004138436770153931
8122368.0,0.0051401425904866,0.005122261962484723,8122368.0,0.18438139697536826,0.18443707608773063,8122368.0,0.00415004921524087,0.004140050984521319
8134656.0,0.0051442552770216326,0.005128632485381483,8134656.0,0.18455169054990014,0.18426442673274626,8134656.0,0.004138947457249742,0.004143573708764355
8146944.0,0.005203146395312312,0.0051391320072677145,8146944.0,0.18664152439062795,0.184489639250872,8146944.0,0.004142963194074885,0.004141115799332814
8159232.0,0.0050685865377696855,0.005133892499725334,8159232.0,0.18575917013610402,0.1848911399176965,8159232.0,0.004119128384142338,0.0041439709799306005
8171520.0,0.005120149151480291,0.005130665874942982,8171520.0,0.18921101139858365,0.1854159355474015,8171520.0,0.00416791163055071,0.004142071302824964
8183808.0,0.005083199316383495,0.005122784549894277,8183808.0,0.18450991359228888,0.1855558488518,8183808.0,0.004112704285944346,0.004143221397680464
8196096.0,0.0050773858577789115,0.005122166651805553,8196096.0,0.18852679679791132,0.186091983721902,8196096.0,0.004165891570058496,0.004149532674152094
8208384.0,0.005148491630582915,0.005123449271438101,8208384.0,0.1861882582306862,0.18609985659519832,8208384.0,0.004159377191778428,0.004145737574193238
8220672.0,0.005049318322562613,0.005112895749577244,8220672.0,0.18735965884601077,0.18619437754775087,8220672.0,0.004163457461496971,0.0041477438372870285
8232960.0,0.005077899203267104,0.005111257428264556,8232960.0,0.1873176603888472,0.1864447081306328,8232960.0,0.004137253172909065,0.004145768356344584
8245248.0,0.005120808573944184,0.005109324026610314,8245248.0,0.1889859427077075,0.18690516270386676,8245248.0,0.004120808829611633,0.004142844317781661
8257536.0,0.005074475637229625,0.005102346062631114,8257536.0,0.18879836549361548,0.1873298301982383,8257536.0,0.004136215531616472,0.004142571125218335
8269824.0,0.005058430208009668,0.005087874443900848,8269824.0,0.18953269440680742,0.18761894719985622,8269824.0,0.004159996569796931,0.004144274462790538
8282112.0,0.005041171408568819,0.005085132930980763,8282112.0,0.18940841251363358,0.18798387143760917,8282112.0,0.004113177536055446,0.00414367937798185
8294400.0,0.005078822903063458,0.00508100030613908,8294400.0,0.1875320941520234,0.18781597971295316,8294400.0,0.004113696420972701,0.004138257857024048
8306688.0,0.005115725119442989,0.005084252886445029,8306688.0,0.18859359715133905,0.18822434806885818,8306688.0,0.004119800246068432,0.004138967453036458
8318976.0,0.0050829961376924375,0.005084813914436381,8318976.0,0.18943501248334846,0.18831516963740189,8318976.0,0.004125162743245407,0.004134894570355148
8331264.0,0.005111278311233036,0.005081092582501394,8331264.0,0.18725411764656505,0.18842175557898977,8331264.0,0.004152015535510145,0.00413415840472832
8343552.0,0.005133855275441117,0.005089546277789244,8343552.0,0.18767496276025972,0.18845328597041466,8343552.0,0.004112684592352404,0.004129081117813863
8355840.0,0.005089694777173766,0.00509072583517991,8355840.0,0.18846915926163396,0.18856843585769334,8355840.0,0.0040717354107376496,0.004122529341596722
8368128.0,0.005058858594566118,0.005084530837242104,8368128.0,0.18778874461228648,0.18844871604815125,8368128.0,0.004173789112731659,0.004127827369908725
8380416.0,0.00518712129026729,0.00509579540254587,8380416.0,0.18834196388100585,0.1884030758868903,8380416.0,0.004170053616689984,0.004131211178416076
8392704.0,0.005127338733776317,0.005102686255122535,8392704.0,0.18708698156600198,0.18815850460280975,8392704.0,0.004155514875795537,0.004130763009015937
8404992.0,0.0050827802454781095,0.005106847138813464,8404992.0,0.19080800035347542,0.18829846338679393,8404992.0,0.004104946575049932,0.004129939912915386
8417280.0,0.005076594902978589,0.005106624338804978,8417280.0,0.1908013396896422,0.1886253879405558,8417280.0,0.004146110072421531,0.004133181278060267
8429568.0,0.005135882468797111,0.005108640073740389,8429568.0,0.18856971229737005,0.1886229994551589,8429568.0,0.0041676230951755615,0.004137963562970981
8441856.0,0.0051481726647277055,0.005115157726443916,8441856.0,0.18976143281906843,0.1886556414887309,8441856.0,0.004125712308450602,0.0041380185194915
8454144.0,0.0051653808817112195,0.005120567983491734,8454144.0,0.18837571640809378,0.18876780136488377,8454144.0,0.004156264794194915,0.0041384434453599775
8466432.0,0.005127298109679638,0.005119912266915586,8466432.0,0.18972678187613687,0.1889729832764715,8466432.0,0.004139215991017409,0.004141096585226478
8478720.0,0.005078890147463729,0.005118831803944583,8478720.0,0.19001385398829976,0.1891274527491381,8478720.0,0.004145250813356445,0.0041484481254883574
8491008.0,0.0051009541130042635,0.005123041355788397,8491008.0,0.19092226276795068,0.18944080456470452,8491008.0,0.004112254304345697,0.004142294644649761
8503296.0,0.005088098742514073,0.005113139101013075,8503296.0,0.19202701871593794,0.18980931004819773,8503296.0,0.0041274480560484035,0.004138034088585603
8515584.0,0.0050942280649906024,0.005109828034134504,8515584.0,0.18968807874868313,0.19006941976646582,8515584.0,0.004126987255100782,0.0041351813265161266
8527872.0,0.0050607418864577385,0.005107624198232467,8527872.0,0.189450659789145,0.1899336857100328,8527872.0,0.004130854766117409,0.0041377721456228745
8540160.0,0.005082027113530785,0.005108167419287686,8540160.0,0.19041185888151327,0.18989473762921988,8540160.0,0.0041414291627006605,0.004137304054650788
8552448.0,0.0051105347884004,0.005105632651248015,8552448.0,0.19175163485730687,0.1902129298852136,8552448.0,0.004124523717716026,0.004132994116904835
8564736.0,0.005064867419908599,0.005097302126766104,8564736.0,0.1900329526203374,0.19024008186534047,8564736.0,0.004173736054023418,0.004137796491462116
8577024.0,0.005083579017082229,0.005089121940303206,8577024.0,0.19112482915321985,0.1905149931398531,8577024.0,0.004074148634875503,0.004129584875530176
8589312.0,0.005155531553706775,0.005091945284705919,8589312.0,0.18963647866621614,0.190505962818861,8589312.0,0.004101080468293124,0.004125771323257747
8601600.0,0.005122885694921327,0.005096344839451679,8601600.0,0.18955505980799595,0.19046008340083062,8601600.0,0.004167191116721369,0.00412796535359424
8613888.0,0.0051039849980346235,0.005096647927954716,8613888.0,0.18717190980290374,0.19008504810432592,8613888.0,0.00418490912852576,0.004135230836012246
8626176.0,0.005136939888567819,0.00510153204256009,8626176.0,0.1879297768076261,0.18967532391349473,8626176.0,0.004112705551960971,0.004133756585603503
8638464.0,0.005151518123360195,0.0051072610483970495,8638464.0,0.18927308078855276,0.1896338241174817,8638464.0,0.004158735224336851,0.004136931382527109
8650752.0,0.005160751638565368,0.005117262023607812,8650752.0,0.1882930447657903,0.18951806261514623,8650752.0,0.00410918196575949,0.0041347641024913175
8663040.0,0.005140482532927611,0.005123107565547494,8663040.0,0.1882259560128053,0.18929947232827543,8663040.0,0.004151040280703455,0.0041357252142915964
8675328.0,0.005162900927340767,0.005128344179441531,8675328.0,0.18758463797469935,0.18888277264001468,8675328.0,0.004139740221338191,0.004137246864653813
8687616.0,0.005154212155806211,0.0051372786530312926,8687616.0,0.18506347713992,0.18838582509197294,8687616.0,0.004157500618021004,0.004135623321053572
8699904.0,0.005155338149052113,0.005144454566228281,8699904.0,0.1860918840393424,0.18788253058058518,8699904.0,0.004081508421222679,0.004136359299688289
8712192.0,0.005170409688920093,0.0051459423797496125,8712192.0,0.18564189551398158,0.18748307226536176,8712192.0,0.004153364565960753,0.0041415877094550515
8724480.0,0.00513395645248238,0.005147049455505718,8724480.0,0.1828321673286458,0.18681078301742673,8724480.0,0.004130902113198924,0.004137958809102807
8736768.0,0.005130729245138355,0.005149723880216091,8736768.0,0.18241559520053366,0.18633515155718974,8736768.0,0.004098204037290998,0.004129288299979331
8749056.0,0.005193206978826008,0.00515535058924191,8749056.0,0.18246916898836693,0.18578909077526382,8749056.0,0.004185775057218659,0.004136595250505101
8761344.0,0.0051057162175614694,0.005150770398662037,8761344.0,0.180915591151764,0.1849533418115849,8761344.0,0.004088424476018797,0.004129564175673295
8773632.0,0.005095807796654602,0.005144276014470961,8773632.0,0.18165765019754568,0.18428980235476047,8773632.0,0.0041349517584118685,0.004132141154938531
8785920.0,0.005135403463403539,0.005143768107518554,8785920.0,0.18118403145732978,0.18358560989921294,8785920.0,0.004193277156446129,0.0041363648425128
8798208.0,0.0052369893819559366,0.005151176952980071,8798208.0,0.1817957766664525,0.18300672376838825,8798208.0,0.004139293610933237,0.004136320181472305
8810496.0,0.005164484716563796,0.00515220420905583,8810496.0,0.1823777601433297,0.18273815206872918,8810496.0,0.004145027029153425,0.004135072822585547
8822784.0,0.005142475424994093,0.005150917936650028,8822784.0,0.18184132361784577,0.18231309602657955,8822784.0,0.004150586845450259,0.0041419806650083045
8835072.0,0.005110877612120627,0.005144964728970081,8835072.0,0.1833849341298143,0.18208739988816283,8835072.0,0.004149997958544797,0.004141644004266709
8847360.0,0.00508968473392694,0.0051405375571145365,8847360.0,0.18242396817853054,0.1820465799731513,8847360.0,0.004101279002497904,0.004138681693196608
8859648.0,0.005130369131317518,0.005140501545732453,8859648.0,0.18429199730356535,0.18223422018345442,8859648.0,0.004167600937459308,0.004145621383213438
8871936.0,0.005133410658648548,0.005134521913714707,8871936.0,0.18204290412055948,0.18219159369667373,8871936.0,0.004153219607057205,0.004142365838197293
8884224.0,0.005108923959293558,0.005134842687887916,8884224.0,0.1825689598917961,0.18235693057067692,8884224.0,0.004124414195151378,0.004145964810110552
8896512.0,0.005116953723093805,0.005136957280531837,8896512.0,0.18134942712883154,0.18232610826380552,8896512.0,0.004224373539424657,0.00415490698821183
8908800.0,0.005114862649255277,0.005134903199117011,8908800.0,0.18180959454427162,0.1823886645724997,8908800.0,0.004097683551663067,0.004145347627733524
8921088.0,0.005124601603408034,0.0051236644212622195,8921088.0,0.1786572402343154,0.18207481092928599,8921088.0,0.00412620233691996,0.004144038500332197
8933376.0,0.005147187456410999,0.00512193469524694,8933376.0,0.1806625210059186,0.18190328701554487,8933376.0,0.0041549090334835155,0.004145026700765205
8945664.0,0.005133325432931694,0.0051210196960407,8945664.0,0.1814527491418024,0.18186442956794052,8945664.0,0.004122912207094487,0.0041422592369296275
8957952.0,0.00514417340309592,0.005124349275138229,8957952.0,0.1809796590047578,0.18162390205543488,8957952.0,0.004160633531379669,0.004143322794213115
8970240.0,0.005096769084047992,0.005125057710150335,8970240.0,0.17886781917574504,0.18126828715515636,8970240.0,0.0041674749736557715,0.004149942391328902
8982528.0,0.005103784482344054,0.005122399245252988,8982528.0,0.17940923183535537,0.18078001060833535,8982528.0,0.004104148851183709,0.004143597182701342
8994816.0,0.005113871268501195,0.005120445306238253,8994816.0,0.17817008301305273,0.18039272849758464,8994816.0,0.004132509731183139,0.004141526195113936
9007104.0,0.005145715881856934,0.005124124498494591,9007104.0,0.1766228450772663,0.1797981170161317,9007104.0,0.004070022048836108,0.0041360869804824086
9019392.0,0.005119318933187363,0.005124361019503946,9019392.0,0.17656956256056824,0.17932013055930535,9019392.0,0.004117429659042197,0.004125392592444163
9031680.0,0.005186197219397097,0.005131494476518128,9031680.0,0.17627389154707393,0.1787665602595856,9031680.0,0.004117369799738905,0.004127361217251746
9043968.0,0.005163882449172282,0.005135422561094553,9043968.0,0.1756440713070333,0.17846524336685737,9043968.0,0.004150812514126301,0.00412982223497238
9056256.0,0.005202669301070273,0.005140970745560481,9056256.0,0.17575152730569243,0.17797414399683475,9056256.0,0.004082331732206512,0.0041225645048446795
9068544.0,0.00514104690713187,0.005141742892980498,9068544.0,0.17467841731073955,0.17729671081372847,9068544.0,0.0040880776844763505,0.004119081052582867
9080832.0,0.005150981266827633,0.005142423679353669,9080832.0,0.17173063211763898,0.1763718081250166,9080832.0,0.004105206894261452,0.004113538388871045
9093120.0,0.005201117935939692,0.00515285856454284,9093120.0,0.1720194952407231,0.1756869757315144,9093120.0,0.004109143066064765,0.004107705198111944
9105408.0,0.005219917499440878,0.0051644718662525214,9105408.0,0.1726257341603438,0.17500862596401323,9105408.0,0.004088915712297118,0.004106181884223284
9117696.0,0.005128588711765285,0.0051659436105789295,9117696.0,0.17530786393520734,0.1747224040562287,9117696.0,0.0041123742824614356,0.004104168339351115
9129984.0,0.005155873307861232,0.005166959353179361,9129984.0,0.17331991453344622,0.17439211100184668,9129984.0,0.004044447016591827,0.0041016108361266864
9142272.0,0.005133236661398162,0.005168351126000441,9142272.0,0.17189419091058275,0.17392457383684815,9142272.0,0.004106091420302012,0.004100477012252668
9154560.0,0.005105244165558058,0.005160255820616537,9154560.0,0.1730526874307543,0.17360245342521616,9154560.0,0.004111755823638911,0.004099915614642668
9166848.0,0.005153403105699302,0.005159207886269238,9166848.0,0.1706169880926609,0.17309974510377893,9166848.0,0.004064635167499849,0.004091297879980023
9179136.0,0.0051078970354865305,0.005149730659710865,9179136.0,0.17177635245025158,0.17270222761823484,9179136.0,0.004162260236626025,0.004099290730421975
9191424.0,0.005059185515468319,0.005141544520544509,9191424.0,0.17250565129021803,0.17248495101618272,9191424.0,0.004113464468294599,0.004101829408803799
9203712.0,0.005149945643400618,0.005141440958201808,9203712.0,0.17681041608254114,0.17299292941267294,9203712.0,0.00412960619481358,0.004104269338859013
9216000.0,0.00516909275756916,0.005138238440364754,9216000.0,0.18014436416948834,0.17380541630554944,9216000.0,0.004089386607423269,0.004102293692994863
9228288.0,0.0051537522886064835,0.005131621919281315,9228288.0,0.17876616748981178,0.17441945963849623,9228288.0,0.004063779849578471,0.004099780106722998
9240576.0,0.005171925348501342,0.00513595558295492,9240576.0,0.17473566043190658,0.17436223928816616,9240576.0,0.004121393171468905,0.004100681995623745
9252864.0,0.005181385776571308,0.005138506829825929,9252864.0,0.17483918772389492,0.17451416660721103,9252864.0,0.004106779085608044,0.004106915202525366
9265152.0,0.005184670691960491,0.005143650232882161,9265152.0,0.1762473543640226,0.17494948295255502,9265152.0,0.004134488735871855,0.004109754934082352
9277440.0,0.005148688622284681,0.005147994678554824,9277440.0,0.17715082791013023,0.1753592970004926,9277440.0,0.004092244070003896,0.004107803758718849
9289728.0,0.005163335253503949,0.005148987893335288,9289728.0,0.1759861649479717,0.1758962146860237,9289728.0,0.004085339319620592,0.004109874173930923
9302016.0,0.005108116153375401,0.005149009805124175,9302016.0,0.17806547887933752,0.17652512732893227,9302016.0,0.0041214912295496715,0.004105797273223288
9314304.0,0.00518383999345436,0.0051614752529227795,9314304.0,0.17755360792701444,0.17702992299261192,9314304.0,0.004078780439158436,0.004102328870309672
9326592.0,0.005145705690665636,0.005161051257649282,9326592.0,0.17908457480370998,0.1772573388647288,9326592.0,0.004147042629483622,0.004104072513776676
9338880.0,0.005172089069674257,0.005161350888859791,9338880.0,0.17942673425811032,0.17718557587359102,9338880.0,0.004166436313729112,0.0041117774844072605
9351168.0,0.00516675085479316,0.005162650745478458,9351168.0,0.17718922075194618,0.17702788119980445,9351168.0,0.0041258774751137635,0.00411798724696079
9363456.0,0.005083125235008386,0.005153770734129163,9363456.0,0.18028116684096554,0.17758243184071035,9363456.0,0.00412738624921379,0.004118586554735277
9375744.0,0.005229773033837167,0.00515860945985575,9375744.0,0.17942019551992416,0.17804053262031327,9375744.0,0.004119922314809325,0.004119900877655407
9388032.0,0.005137295032909606,0.00515387189395066,9388032.0,0.1796840902728339,0.17838420621119438,9388032.0,0.004135362820913239,0.004119988286159544
9400320.0,0.005170826768638411,0.005156085708586034,9400320.0,0.17989363661035895,0.1786584870812173,9400320.0,0.0041400268116073375,0.004124766560319888
9412608.0,0.005223828855378088,0.005162135068773447,9412608.0,0.18189395405352116,0.1792492659917722,9412608.0,0.004161666033420867,0.004132399231699916
9424896.0,0.0052045307093067095,0.005171776524366578,9424896.0,0.18108315005277595,0.17955103310911608,9424896.0,0.004148663465457503,0.0041351164552906996
9437184.0,0.005164972179045435,0.005169889742925685,9437184.0,0.1833540485240519,0.1801310771688198,9437184.0,0.004143526341067627,0.0041415910454816185
9449472.0,0.0051880165095402235,0.005174120824813145,9449472.0,0.18257012482111654,0.18047963217056046,9449472.0,0.004161154892547832,0.00414300227178804
9461760.0,0.005236523182247765,0.005180564236070495,9461760.0,0.18129119106257954,0.18066607785100738,9461760.0,0.004166009806795046,0.004142959621094634
9474048.0,0.005172858024404074,0.005181174953031586,9474048.0,0.18098469528680047,0.1810456253044928,9474048.0,0.004135043248728228,0.00414387619845608
9486336.0,0.005219820860171846,0.005194844515547932,9486336.0,0.18374832238381109,0.18139234085877737,9486336.0,0.004189291217092735,0.004150066695243974
9498624.0,0.005103059265820775,0.005182173138746292,9498624.0,0.183298827537025,0.18178020406048745,9498624.0,0.004174527935295676,0.004155527257292609
9510912.0,0.0051166339762858115,0.005180107033083914,9510912.0,0.18253725736091533,0.1820655207692956,9510912.0,0.004154667146697951,0.004157457689871081
9523200.0,0.005156563376658596,0.005178680693885933,9523200.0,0.18231874673316875,0.1823080317815766,9523200.0,0.004121910443548889,0.004155646053065236
9535488.0,0.005168663813189293,0.005173164189667053,9535488.0,0.18155637538681427,0.18227427391490592,9535488.0,0.004135357019549701,0.004153015151678119
9547776.0,0.0051420239979051985,0.005166913518526902,9547776.0,0.1821956712131699,0.18238552603094527,9547776.0,0.004142575538329159,0.0041524063589652846
9560064.0,0.005196309779421426,0.0051700472785645,9560064.0,0.18049242114648223,0.18209936329318832,9560064.0,0.004151283891890974,0.0041531821140476195
9572352.0,0.00514682137145428,0.005165927764755907,9572352.0,0.17587423914422592,0.18142977472549923,9572352.0,0.004129061419613815,0.0041499727667542174
9584640.0,0.005192760887439363,0.005161551535275066,9584640.0,0.17743090400472283,0.18104374601971357,9584640.0,0.00414760816541578,0.004148132602616291
9596928.0,0.005261246294442874,0.005170390362278947,9596928.0,0.18048876617103815,0.18099415310813732,9596928.0,0.00409232606277025,0.004143860884020493
9609216.0,0.005224111848898853,0.005170819461151647,9609216.0,0.18216031681125364,0.18083535255088162,9609216.0,0.004198745829247248,0.004144806345235944
9621504.0,0.005169136845021664,0.005177427219071736,9621504.0,0.18522775080054998,0.18102824487723407,9621504.0,0.0041220489535286715,0.004139558447059244
9633792.0,0.005191760353530602,0.005184939856796215,9633792.0,0.18190741150950393,0.18096526029209298,9633792.0,0.004103295449264503,0.004134421277315899
9646080.0,0.005135811921112084,0.005182864711241564,9646080.0,0.18060252644742528,0.18079363826351863,9646080.0,0.004117200332984794,0.004133950266259489
9658368.0,0.005202578773605637,0.005186256207283199,9658368.0,0.18196495870749155,0.18083449659558637,9658368.0,0.0041624617103176815,0.004136660735336287
9670656.0,0.005194841459645734,0.005191537953457252,9670656.0,0.17922624674004814,0.18053755414827416,9670656.0,0.0041068395172866685,0.004133087133232039
9682944.0,0.005189395116758533,0.005190846487190962,9682944.0,0.1702702083469679,0.17951533286832272,9682944.0,0.00412324949138565,0.0041302836931815055
9695232.0,0.005190707556418299,0.005195235105687364,9695232.0,0.1708854427561164,0.1790164532295118,9695232.0,0.004108376114648611,0.004128215162684986
9707520.0,0.005152537087269593,0.005191212725670387,9707520.0,0.1801693201996386,0.17929029484900336,9707520.0,0.004061196244341166,0.004119573970577525
9719808.0,0.005194472105358727,0.005184535306761972,9719808.0,0.17927550190749267,0.17916896842264882,9719808.0,0.004064709314358576,0.0041168122957363565
9732096.0,0.005132279038662091,0.005175352025738296,9732096.0,0.1742410690834125,0.1783770436498647,9732096.0,0.004106743974261917,0.004107612110237824
9744384.0,0.0051873004679994965,0.00517716838803608,9744384.0,0.1753412556524078,0.17738839413505048,9744384.0,0.004110527484347888,0.004106459963319745
9756672.0,0.005133028229465708,0.00517129517562959,9756672.0,0.17511601567578813,0.1767092545516789,9756672.0,0.004097921519132797,0.004105922570306576
9768960.0,0.005145297553099226,0.005172243738828304,9768960.0,0.17834170504162708,0.17648317241109907,9768960.0,0.004180544798146002,0.004112257016822695
9781248.0,0.005166929498955142,0.005168678811363255,9781248.0,0.17568276279295483,0.17585495281964542,9781248.0,0.004143284861735689,0.004110339331964497
9793536.0,0.005195417812501546,0.005168736446648836,9793536.0,0.1717885290272534,0.17511118104836593,9793536.0,0.004161022717501813,0.004115757651986011
9805824.0,0.0051833678856686065,0.005168133723539844,9805824.0,0.1707825397606939,0.17516241418973852,9805824.0,0.0041446030445513315,0.00411789300730258
9818112.0,0.005158679028681945,0.005164930870766208,9818112.0,0.1711527806861947,0.17518914798274637,9818112.0,0.00416035671029628,0.004123091066867346
9830400.0,0.0051211311656516045,0.005161790278604409,9830400.0,0.17592290276661515,0.174764506239444,9830400.0,0.004144277695255975,0.004131399211958826
9842688.0,0.005178220895080206,0.005160165157576557,9842688.0,0.1789213748803983,0.17472909353673458,9842688.0,0.004142697607070052,0.0041391980412299745
9854976.0,0.005175543529427766,0.005164491606653125,9854976.0,0.17947839891227582,0.17525282651962093,9854976.0,0.004163414305367041,0.004144865074340487
9867264.0,0.005137125051987823,0.005159474065051957,9867264.0,0.17673327572022876,0.175392028526403,9867264.0,0.004106779442129967,0.0041444902701186954
9879552.0,0.005220635988128682,0.005168234840918254,9879552.0,0.17800858244299889,0.17568128520312407,9879552.0,0.004160379767805959,0.004150736094986011
9891840.0,0.00520305070191777,0.005174010155800109,9891840.0,0.1793684771594902,0.1757839624149104,9891840.0,0.004153076923103072,0.0041479893074817175
9904128.0,0.00518349827810501,0.005175667033715096,9904128.0,0.17782411794178188,0.1759980979297931,9904128.0,0.004187766285516166,0.004152437449859766
9916416.0,0.00513191485030499,0.00516931673749544,9916416.0,0.17837405173728862,0.17665665020079663,9916416.0,0.004168591270475493,0.004153194305157135
9928704.0,0.005127847922267392,0.005163764741155318,9928704.0,0.1772006000392139,0.17729845622864865,9928704.0,0.004180140153039247,0.004156748016005926
9940992.0,0.0051685323026807355,0.005164750068555198,9940992.0,0.1759660639024029,0.17777978455026944,9940992.0,0.004131467734017254,0.004153859118378024
9953280.0,0.005100125354753497,0.0051626494874653876,9953280.0,0.1786818103864789,0.17805567531225583,9953280.0,0.004119736006638656,0.004151404949516291
9965568.0,0.005157729203347117,0.005160600318292078,9965568.0,0.17622185537281135,0.17778572336149712,9965568.0,0.004178492737992201,0.004154984462608506
9977856.0,0.005145504655956756,0.005157596430944977,9977856.0,0.17468040040694177,0.17730592351096372,9977856.0,0.004208908959602316,0.004159533928032033
9990144.0,0.005207926044628645,0.005164676530209059,9990144.0,0.17428993356103697,0.17706158929504454,9990144.0,0.0041413659758594195,0.004162992581404979
10002432.0,0.005120128366494707,0.005154625768045662,10002432.0,0.1772070248456051,0.17698143353530515,10002432.0,0.004142724642103228,0.004161227068834705
10014720.0,0.005205828728018484,0.005154903570655733,10014720.0,0.18115000488857427,0.17715958630821355,10014720.0,0.004194219926527391,0.004165341369177137
10027008.0,0.005112693817257726,0.005147823124571005,10027008.0,0.17926507932133973,0.17730368244616937,10027008.0,0.004210881859762594,0.00416765292660178
10039296.0,0.0052163808068144135,0.005156269720221948,10039296.0,0.17971715905393162,0.17743799317783365,10039296.0,0.004155817533804414,0.004166375552934672
10051584.0,0.005195821497181896,0.005163067077713398,10051584.0,0.17763797007501125,0.1774817301814134,10051584.0,0.00410205985341842,0.004158567522972589
10063872.0,0.005157738186729451,0.00516198766611827,10063872.0,0.17882291018031538,0.17776741480920463,10063872.0,0.004184359961072914,0.004163856745678155
10076160.0,0.005172341569656662,0.0051692092876085855,10076160.0,0.17121118865907192,0.17702035263646393,10076160.0,0.0041667309633339755,0.004168556241347687
10088448.0,0.005186325494529835,0.005172068916726857,10088448.0,0.1721845018522193,0.17661661728440473,10088448.0,0.0041444731032243,0.004165154277870897
10100736.0,0.005142587392280499,0.005171777190359232,10100736.0,0.17541645312060913,0.17669022255577144,10100736.0,0.004152722135283208,0.004159535595438987
10113024.0,0.0052133509379928,0.005172319679695647,10113024.0,0.1788477828570952,0.1771460074853773,10113024.0,0.00413981412081436,0.0041593804099344794
10125312.0,0.00515909590224813,0.00517621643327099,10125312.0,0.18171637831255794,0.17759694283207256,10125312.0,0.004126853872245799,0.004157793332948737
10137600.0,0.0051128927783186855,0.00516692283830101,10137600.0,0.17616048105992377,0.17709799044920752,10137600.0,0.004102976114760774,0.0041486689517720755
10149888.0,0.005183076886169147,0.005173961145192152,10149888.0,0.17504166082168618,0.17667564859924217,10149888.0,0.004122217830930215,0.004139802548888838
10162176.0,0.005149852297715067,0.005167308294282217,10162176.0,0.17977714903342226,0.17668164759719124,10162176.0,0.004138532669458073,0.004138074062454204
10174464.0,0.00518840544585449,0.005166566689149476,10174464.0,0.17219419847242534,0.17613727043693267,10174464.0,0.00413444395235274,0.004141312472347636
10186752.0,0.005175418118597008,0.005168334682336233,10186752.0,0.1770883792390426,0.17596381734280536,10186752.0,0.0041629457991803065,0.004139171056158375
10199040.0,0.005183651223584699,0.005169465647729036,10199040.0,0.17507959490952393,0.17635065796785054,10199040.0,0.00411941443841594,0.004134439403666571
10211328.0,0.005180887104264305,0.005168921808702483,10211328.0,0.18048451219995817,0.17718065900262445,10211328.0,0.004173422127981515,0.004137334306142293
10223616.0,0.005219093038855742,0.005176572373360007,10223616.0,0.1796054757821063,0.17759956126877416,10223616.0,0.0041102425384451635,0.004133086346458489
10235904.0,0.005230715796642471,0.0051783088592249745,10235904.0,0.18528180196881294,0.17824296317994595,10235904.0,0.004139776353743703,0.004133082569751423
10248192.0,0.0051533010409912094,0.005177729373099282,10248192.0,0.18630882368112603,0.17870220771680276,10248192.0,0.004137694954503483,0.004134166677977192
10260480.0,0.005110938329986918,0.005177533928266106,10260480.0,0.17846585779140392,0.1789327453899508,10260480.0,0.0040812431276814705,0.0041319933792692606
10272768.0,0.0052178065840659356,0.005181006898055784,10272768.0,0.17928476794622838,0.179357056102405,10272768.0,0.004120462780216864,0.004131817874197925
10285056.0,0.005179516313849793,0.005183973299669258,10285056.0,0.1826803149500241,0.17964737269406517,10285056.0,0.0041065701564851525,0.004128621622900634
10297344.0,0.005199592102144379,0.005185091965298246,10297344.0,0.1843222080885122,0.18086017365567386,10297344.0,0.00413623965869192,0.004128801193534553
10309632.0,0.005205138938132829,0.005188064047251828,10309632.0,0.18356017706294855,0.18150735343806446,10309632.0,0.0041640474494973505,0.004128911358566257
10321920.0,0.005260554908697183,0.005195754415763075,10321920.0,0.17900552546295026,0.18189994649340707,10321920.0,0.004048789417235336,0.004121848856448196
10334208.0,0.0051662925858787885,0.005194294963924524,10334208.0,0.1817482248879969,0.18202631776221098,10334208.0,0.0041189598171816515,0.004116402625368209
10346496.0,0.00525999887274035,0.005198385547312985,10346496.0,0.18455507544179758,0.18252127772818008,10346496.0,0.004148716698788728,0.004120250041402566
10358784.0,0.0051717203969019465,0.005192486007338933,10358784.0,0.18251526914536953,0.18224462444583575,10358784.0,0.004156610324571375,0.0041219334384853335
10371072.0,0.005143780991299233,0.005191534002369735,10371072.0,0.18235913633058468,0.18184965571078163,10371072.0,0.004140257891170525,0.004122189732152037
10383360.0,0.005116515846263307,0.005192091753997374,10383360.0,0.18162856142347059,0.1821659260739883,10383360.0,0.004172881359409075,0.004131353555324798
10395648.0,0.005160236478938411,0.005186334743484621,10395648.0,0.1800710002426058,0.18224454930362602,10395648.0,0.004129046030963461,0.004132211880399457
10407936.0,0.005186763308302034,0.0051870594429298455,10407936.0,0.18310501830031475,0.18228701963865507,10407936.0,0.004111047138091332,0.004132659578560074
10420224.0,0.005155554734907734,0.005182655706206182,10420224.0,0.1785562695004046,0.18171042577984434,10420224.0,0.004037540296849329,0.004122789642375816
10432512.0,0.005119189641845878,0.005174060776577486,10432512.0,0.18484875241604945,0.18183928331515442,10432512.0,0.0040946980225271545,0.004115854699678796
10444800.0,0.005167784867808223,0.0051647837724885905,10444800.0,0.18175113441733023,0.1821138442105924,10444800.0,0.00415674800266667,0.00412665055822193
10457088.0,0.005163445360570525,0.005164499049957765,10457088.0,0.18121507422377667,0.18206052914417037,10457088.0,0.00404843957706665,0.00411959853421043
10469376.0,0.005216464737410813,0.005160145636424811,10469376.0,0.1820950434387972,0.18181452594387032,10469376.0,0.004125072843938445,0.004117234148725403
10481664.0,0.005164940613515985,0.005159467658086214,10481664.0,0.18387485357622305,0.1819504843869557,10481664.0,0.00414870967748963,0.004116444084017227
10493952.0,0.005186789710326896,0.005163768529988981,10493952.0,0.1817616046561549,0.18189073121951274,10493952.0,0.00408319863830305,0.00411073815873048
10506240.0,0.00516430315716813,0.0051685472610794635,10506240.0,0.18557593148822585,0.1822854682259883,10506240.0,0.004200319019825353,0.004113481924772107
10518528.0,0.0052290833021591725,0.005175431943401539,10518528.0,0.18794244527816772,0.18307261272954445,10518528.0,0.004100826316668342,0.004110659953342595
10530816.0,0.005169017951023609,0.005173657407673697,10530816.0,0.18668573225537935,0.1834306841250509,10530816.0,0.004092153399445427,0.004108770579478005
10543104.0,0.00515981690841727,0.00517408362502465,10543104.0,0.18783266531924406,0.1843583237069349,10543104.0,0.0041192125985010835,0.004116937809643182
10555392.0,0.0052214127499610186,0.005184305935836164,10555392.0,0.18525831354781985,0.1843992798201119,10555392.0,0.004110404649206127,0.004118508472311077
10567680.0,0.0051550049635504065,0.0051830279454103826,10567680.0,0.18604099672908583,0.18482826605128747,10567680.0,0.004132158709884,0.004116049543032811
10579968.0,0.005205113588696501,0.005187194768222979,10579968.0,0.1866194011333088,0.18536869874224066,10579968.0,0.004111994552658871,0.004122405040592033
10592256.0,0.005150517150468659,0.0051806000095287645,10592256.0,0.186459227775534,0.18580511717591436,10592256.0,0.004178935324792595,0.004127791288677448
10604544.0,0.005171741810045205,0.005181280129181687,10604544.0,0.18834964046254754,0.1862525958645468,10604544.0,0.00411032766472393,0.004123953087400878
10616832.0,0.005196934277288771,0.0051822945858778745,10616832.0,0.18692474315563837,0.18676890971449514,10616832.0,0.004168934838768716,0.004132526707447444
10629120.0,0.0052154547059520455,0.005187409740756266,10629120.0,0.19040367007255554,0.18725168357292812,10629120.0,0.00413322862732457,0.004125817668197366
10641408.0,0.005209009114575262,0.005185402321997875,10641408.0,0.19039339137574038,0.18749677818268534,10641408.0,0.004108781019264522,0.004126613138456984
10653696.0,0.005247470161217886,0.005193247543017302,10653696.0,0.18707250772664943,0.1875354557298124,10653696.0,0.004116230535146315,0.004129020852027073
10665984.0,0.005177044530379741,0.005194970305213549,10665984.0,0.1866546985693276,0.18741765905482072,10665984.0,0.004093579458033976,0.0041264575379803626
10678272.0,0.005225202231182872,0.0051953492533357345,10678272.0,0.18883404430622855,0.18777523213066163,10678272.0,0.004094346729592265,0.004124851746018976
10690560.0,0.005163393866193171,0.005196188143600011,10690560.0,0.18896554814030728,0.18806768727178375,10690560.0,0.004073561882250942,0.00411899206325567
10702848.0,0.0052312129506996525,0.005198798079800326,10702848.0,0.18775685845563808,0.18818143300401666,10702848.0,0.004098397871227159,0.0041176323951124996
10715136.0,0.005255247068513806,0.005209271071604841,10715136.0,0.1880379947833717,0.18833930970480045,10715136.0,0.004121018806472421,0.004111840743280481
10727424.0,0.005218884946467976,0.005213985385247118,10727424.0,0.190698627072076,0.18857420836575328,10727424.0,0.004092877883522306,0.00411009576516032
10739712.0,0.005234336611465551,0.005217725618664796,10739712.0,0.18841010673592487,0.18872274472378195,10739712.0,0.004016292279023522,0.0040948315091858
10752000.0,0.005163116028901034,0.005212491750959695,10752000.0,0.19051242371400198,0.18873362008792657,10752000.0,0.004145619233895559,0.004096070569842899
10764288.0,0.005249174479104113,0.005216508287412581,10764288.0,0.19020995358005166,0.1887152763083577,10764288.0,0.0040941031741870875,0.0040946027853351556
10776576.0,0.005190684792372243,0.005210829750528016,10776576.0,0.18551882325361171,0.18855990786105395,10776576.0,0.004102832569818323,0.004093262988802357
10788864.0,0.005214282420638483,0.0052145535395538905,10788864.0,0.1903902521977822,0.18893346322389942,10788864.0,0.004135162174255432,0.004097421260424502
10801152.0,0.005189274915513427,0.005210960807986945,10801152.0,0.18958615139126778,0.18900867393240334,10801152.0,0.0041382578274351545,0.004101812370208791
10813440.0,0.005277007629047148,0.005222322184272344,10813440.0,0.1894713258370757,0.18905925170208018,10813440.0,0.004141060247396429,0.0041085622067233395
10825728.0,0.0051894587207546765,0.005218146761277845,10825728.0,0.18957390155022344,0.1892409560115387,10825728.0,0.0041081585780678625,0.00410953827740741
10838016.0,0.005197677174389052,0.00521238977186537,10838016.0,0.18943505237499872,0.1893806617707014,10838016.0,0.00414766428002622,0.00411220282476279
10850304.0,0.005189161924742318,0.005209417469692804,10850304.0,0.19123079100002846,0.18943387816349663,10850304.0,0.004146644547290634,0.004117579491139623
10862592.0,0.005214459495618939,0.0052074297581081435,10862592.0,0.19148866863300404,0.18974173435320457,10862592.0,0.004136806705597944,0.004129630933797064
10874880.0,0.005186648008627041,0.005209782956080744,10874880.0,0.19054055136318007,0.18974454711812236,10874880.0,0.004071727746728963,0.004122241785080404
10887168.0,0.0052187539913575165,0.005206740907306084,10887168.0,0.19148782873526216,0.18987233463364345,10887168.0,0.004081601245464602,0.004120991592208157
10899456.0,0.005241663318884093,0.005211838759957269,10899456.0,0.19141437485814095,0.19046188979409634,10899456.0,0.004148662053921726,0.004125574540618497
10911744.0,0.005226541931430499,0.005213064711036471,10911744.0,0.19022286171093583,0.1904451507454117,10911744.0,0.004076751972509858,0.004119733520443939
10924032.0,0.005181556780977796,0.005212292897582907,10924032.0,0.1914855424935619,0.19063508985564115,10924032.0,0.004041335424214291,0.004110041280121853
10936320.0,0.005166522615278761,0.005201244396206069,10936320.0,0.19014678336679935,0.1907026356086135,10936320.0,0.00409430535849727,0.0041053657912319364
10948608.0,0.005253898869947686,0.00520768841112537,10948608.0,0.1916484326745073,0.19091008872104187,10948608.0,0.004145355330062254,0.004109085466431376
10960896.0,0.005213272677792702,0.005209247961465735,10960896.0,0.19255039313187203,0.19122162279672922,10960896.0,0.004075804419699125,0.004101899480398666
10973184.0,0.005203880587941967,0.0052107198277857,10973184.0,0.19178204828252396,0.19127674852497872,10973184.0,0.004076685036125127,0.004094903529282116
10985472.0,0.0051378962355859885,0.0052030635017824055,10985472.0,0.1916530130741497,0.1912931829690933,10985472.0,0.004104792797685756,0.004091702138490897
10997760.0,0.005124348123596671,0.005196833513279368,10997760.0,0.19266785634681582,0.19150591346745688,10997760.0,0.004075206893806656,0.004092050053198666
11010048.0,0.005157163895394963,0.005190674503683113,11010048.0,0.19091614537561932,0.19144874513149263,11010048.0,0.004104283509756594,0.0040943182796278664
11022336.0,0.005136544864702349,0.005180162658264939,11022336.0,0.19204460177570581,0.1915117678232491,11022336.0,0.00408497699390864,0.004087949773626557
11034624.0,0.005163197672421423,0.005173828232364031,11034624.0,0.19157611159607768,0.1916470928117633,11034624.0,0.004086664863280021,0.004088941062703574
11046912.0,0.0051638978645011475,0.0051720623407163656,11046912.0,0.19200974268217882,0.19169951283062497,11046912.0,0.004104477346118074,0.004095255254893952
11059200.0,0.005175158063745282,0.005172925885563017,11059200.0,0.19129608447353044,0.1918144429412981,11059200.0,0.004051120925093225,0.004090936811553547
11071488.0,0.005221006703019763,0.005169636668870225,11071488.0,0.1928954664617777,0.19193914632002512,11071488.0,0.004035620831321769,0.0040799633616794995
11083776.0,0.005158750827831682,0.005164184483874123,11083776.0,0.19156156480312347,0.19184026348715028,11083776.0,0.004134396673180163,0.004085822587027603
11096064.0,0.005188721675949637,0.0051626685926748905,11096064.0,0.19164439430460334,0.1918264980893582,11096064.0,0.004109684671372331,0.004089122550552323
11108352.0,0.005234414279887763,0.005172320397105068,11108352.0,0.19167349766939878,0.1918285465488831,11108352.0,0.004036249607452191,0.004082268231528966
11120640.0,0.005211520195492388,0.00518103760429464,11120640.0,0.1917559402063489,0.1917373549348364,11120640.0,0.004039790318832577,0.004078726574031559
11132928.0,0.005222097798347629,0.005187530994589906,11132928.0,0.19261199639489254,0.19190694003676373,11132928.0,0.004045901453840391,0.004072888368439939
11145216.0,0.005130685293503727,0.005186945037470044,11145216.0,0.19195237259070078,0.19189771711826326,11145216.0,0.004068081914738286,0.004071198860522903
11157504.0,0.00521212216456964,0.0051918374866848655,11157504.0,0.19159679440781474,0.19189978539943697,11157504.0,0.004056180301025354,0.004068150404297437
11169792.0,0.005181618665422623,0.005193609566777014,11169792.0,0.1918092385555307,0.19187973498677213,11169792.0,0.0040803407318890095,0.00406573674287453
11182080.0,0.005227142850344535,0.005198808045436939,11182080.0,0.19233152053008476,0.1919832785924276,11182080.0,0.004067817006822831,0.0040674063510474905
11194368.0,0.005165587698381084,0.00519326614497307,11194368.0,0.1906486190855503,0.19175859385480482,11194368.0,0.004060704042785801,0.004069914672193893
11206656.0,0.00525298920062293,0.0052026899822521944,11206656.0,0.18997653496141234,0.19160009087063373,11206656.0,0.004053512794295481,0.004061826284305426
11218944.0,0.005132972837600391,0.005197115098417271,11218944.0,0.19063859541590014,0.1914995109817634,11218944.0,0.004019815719705851,0.0040528393891387775
11231232.0,0.005251330886191378,0.005198806759047632,11231232.0,0.19127106418212256,0.19145926763303578,11231232.0,0.004099986676010303,0.004059213095994589
11243520.0,0.005269312712092263,0.00520458601070762,11243520.0,0.19109376783793172,0.19139305039619403,11243520.0,0.004091460803465452,0.004064380144457876
11255808.0,0.005164625833761723,0.005198838814249029,11255808.0,0.19239827804267406,0.1913716785609722,11255808.0,0.004031960803937788,0.004062986079467616
11268096.0,0.005238008964321732,0.00520957118133083,11268096.0,0.19193892367184162,0.1913703336690863,11268096.0,0.004091611782011266,0.0040653390661949135
11280384.0,0.005188756074251917,0.005207234572299058,11280384.0,0.19229121257861456,0.19143977548616628,11280384.0,0.004077927170631786,0.004067513753155557
11292672.0,0.005246703146743433,0.005213743020431139,11292672.0,0.190965054401507,0.1913553570707639,11292672.0,0.004050379674784684,0.0040645176474451246
11304960.0,0.005243069635374316,0.005215335698934117,11304960.0,0.19085248078530034,0.19120745309628545,11304960.0,0.004011821363140673,0.00405891808307691
11317248.0,0.005186649652993462,0.005217441894395354,11317248.0,0.19276249098281065,0.1914188402860115,11317248.0,0.004074090330201822,0.00406025671181851
11329536.0,0.005258291431042987,0.00521797211743736,11329536.0,0.1911945741934081,0.19154064420921108,11329536.0,0.004097006378287915,0.004064606070217754
11341824.0,0.0052202378161988845,0.005226698615297209,11341824.0,0.19210050022229552,0.19168683468985062,11341824.0,0.004082946249885329,0.004070919123235702
11354112.0,0.005191710736350312,0.005220736600313102,11354112.0,0.19068708317354321,0.1916284365889927,11354112.0,0.004066940600750968,0.004067614515709769
11366400.0,0.005195767082720219,0.005213382037375898,11366400.0,0.1922129630111158,0.19174035610631107,11366400.0,0.004012532454604904,0.004059721680823713
11378688.0,0.005178460528744229,0.005214765506874148,11378688.0,0.19155693209419647,0.19165622151146333,11378688.0,0.004043421620735899,0.004060867762503524
11390976.0,0.005234645274564779,0.0052144291378984535,11390976.0,0.19261365352819362,0.19172369449709853,11390976.0,0.004023084159901676,0.004054015000292566
11403264.0,0.005192551834625192,0.005214808713935782,11403264.0,0.19151350855827332,0.19164592409506442,11403264.0,0.004044156662227276,0.004050637949452115
11415552.0,0.005200827193524067,0.005210221118613845,11415552.0,0.19019502277175585,0.19156892093208927,11415552.0,0.004069388286249402,0.004052538810598585
11427840.0,0.005159548105439171,0.00520186896562033,11427840.0,0.19038061269869408,0.19152173412342866,11427840.0,0.004023435011428471,0.004053700175427366
11440128.0,0.005218196289206389,0.005205023629241623,11440128.0,0.19162679184228182,0.1914081642093758,11440128.0,0.004039626617062216,0.004050253804113405
11452416.0,0.005206503660398691,0.005199844852177194,11452416.0,0.19203726155683398,0.19149243294571835,11452416.0,0.004050162523829688,0.004045569418667584
11464704.0,0.005207048299780581,0.005198525900535363,11464704.0,0.19060793363799652,0.19134317628728845,11464704.0,0.0040163620506064035,0.0040389109987396905
11476992.0,0.005245092094507224,0.005203864036351055,11476992.0,0.19064852983380356,0.1913393209533145,11476992.0,0.004019626355632984,0.004034179574227892
11489280.0,0.005193044538221632,0.005203591781901195,11489280.0,0.19061671492333213,0.19117969614453617,11489280.0,0.003985685669855836,0.004031494895752985
11501568.0,0.0052199636556906626,0.005207742094595839,11501568.0,0.19010058712835112,0.19103406164795161,11501568.0,0.004044780561040777,0.004031630789783473
11513856.0,0.005189230328445167,0.005203200599983878,11513856.0,0.19047709445779523,0.19082040574091177,11513856.0,0.0040759840606673,0.004036920779860035
11526144.0,0.005227513359083484,0.005206696752429707,11526144.0,0.18886720994487405,0.19055577587957181,11526144.0,0.004031430944451131,0.00403564820808242
11538432.0,0.005149969411528825,0.005201610974230182,11538432.0,0.1910828074129919,0.19064455434369545,11538432.0,0.004077804493135773,0.004036489828771058
11550720.0,0.005227144242477759,0.005208370587934041,11550720.0,0.19131914572790265,0.19073840764661631,11550720.0,0.0040384126744659925,0.0040379875950748104
11563008.0,0.005195306521879199,0.005206081611201322,11563008.0,0.1899985500300924,0.19057558346539738,11563008.0,0.004012539728137199,0.004035278906182308
11575296.0,0.005266084304215231,0.005212039675582977,11575296.0,0.18980034564932188,0.19035189187464613,11575296.0,0.003991700638531863,0.004029432717652525
11587584.0,0.005199672011561536,0.005211302046761073,11587584.0,0.18851552763953805,0.1901426512748003,11587584.0,0.004038896455313079,0.004031686158123193
11599872.0,0.0051769970208018394,0.005204492539390535,11599872.0,0.189244678709656,0.19000226616238555,11599872.0,0.004046748406835832,0.004034398363243478
11612160.0,0.0052439919745665975,0.00520958728302503,11612160.0,0.18866605777293444,0.18980720044734575,11612160.0,0.004003241003374569,0.004036153896595352
11624448.0,0.005171559067093767,0.005204746824165341,11624448.0,0.190268789883703,0.18982402072288096,11624448.0,0.004076216641503076,0.004039297504641581
11636736.0,0.005249998180564337,0.005210823609377259,11636736.0,0.19044824099789062,0.1898211353768905,11636736.0,0.00402692542411387,0.004034391640986238
11649024.0,0.005155332316159426,0.005203605505084852,11649024.0,0.1914204515827199,0.19007645954067506,11649024.0,0.0040813265392595595,0.004039381200467081
11661312.0,0.005250181187875569,0.005213626682719526,11661312.0,0.19041461885596314,0.1900096406849722,11661312.0,0.0040516431763535365,0.004036765068788858
11673600.0,0.005190211729010723,0.005209933431372822,11673600.0,0.1888610270495216,0.1897638288171341,11673600.0,0.004011120702974343,0.004034035871639693
11685888.0,0.005225972294283565,0.005213000008613259,11685888.0,0.18952717880407968,0.18971669169453284,11685888.0,0.0040452720907827215,0.004037309107904246
11698176.0,0.00520771364972461,0.0052071629431641965,11698176.0,0.1897085434757173,0.18970751147717238,11698176.0,0.0040470785000555525,0.0040428468940566144
11710464.0,0.005148678186136142,0.005202063560621658,11710464.0,0.1895473290545245,0.189810691618671,11710464.0,0.004033497027800574,0.004042306951305363
11722752.0,0.005222281409563341,0.005206591999497809,11722752.0,0.18897149028877416,0.18978337277658283,11722752.0,0.004071376417414285,0.004044769752363208
11735040.0,0.005171998275424509,0.005199392629583599,11735040.0,0.18949432422717413,0.18986619942200683,11735040.0,0.004059837730892468,0.004050429425114998
11747328.0,0.005208332865246727,0.005203070009398894,11747328.0,0.1895981269578139,0.1897991331294179,11747328.0,0.004010921426621887,0.00404389990362688
11759616.0,0.00515938790825506,0.005194008982167968,11759616.0,0.1883118002054592,0.18958548905017475,11759616.0,0.004041631531435996,0.004045370514359092
11771904.0,0.005258067705047627,0.005204282521056788,11771904.0,0.18809708611418804,0.18925315250332156,11771904.0,0.004089121473953128,0.00404615000782845
11784192.0,0.005216583388876946,0.005200922741156926,11784192.0,0.18583656707778573,0.18879534732550382,11784192.0,0.003981330545987778,0.0040391187447918735
11796480.0,0.005258108748724529,0.005207712443128306,11796480.0,0.1903795232065022,0.1889471969412019,11796480.0,0.004053298963602477,0.004043336570854687
11808768.0,0.005231013536104001,0.00520821656731035,11808768.0,0.1899909108566741,0.18899357014646134,11808768.0,0.00407301023369655,0.00404611038514607
11821056.0,0.0052529898554591154,0.005212744187883799,11821056.0,0.19230212659264603,0.18925292845815422,11821056.0,0.004009749706407699,0.004042377505781284
11833344.0,0.005283297995144191,0.005226206168784604,11833344.0,0.18941731409480175,0.18923992696218192,11833344.0,0.004084484886940724,0.0040474762916952985
11845632.0,0.005240985277244666,0.005228076555552737,11845632.0,0.18735093312958875,0.18907787124626338,11845632.0,0.0040498740078570945,0.004045326050739579
11857920.0,0.005281665750468771,0.005239043303057163,11857920.0,0.19009282005329928,0.1891377208288759,11857920.0,0.0040765553785604425,0.004046997815506377
11870208.0,0.005236094451295988,0.00524181946166209,11870208.0,0.18817289204647145,0.18899519733774164,11870208.0,0.004076384284417145,0.004053544101285903
11882496.0,0.005266332264000084,0.005252513897236593,11882496.0,0.18762303500746688,0.18892632081794242,11882496.0,0.004046164363292822,0.004053997384471586
11894784.0,0.005277426724205725,0.005254449799152402,11894784.0,0.1883223463470737,0.18894884684123098,11894784.0,0.004002964327810332,0.0040453816698573074
11907072.0,0.005272092368007482,0.005260000697065456,11907072.0,0.18855387748529515,0.18922057788198193,11907072.0,0.004087880683073308,0.004056036683565859
11919360.0,0.005317370062887979,0.005265926828481801,11919360.0,0.18905202656363448,0.18908782821769515,11919360.0,0.00404554473789176,0.0040552612609947875
11931648.0,0.005246673472962963,0.005267492822167696,11931648.0,0.19031234132125974,0.18911997126415372,11931648.0,0.004018321167677641,0.004049792354392896
11943936.0,0.005289485222116734,0.005271142358833457,11943936.0,0.19016948233669004,0.18890670683855812,11943936.0,0.004054028676667561,0.004054220251418884
11956224.0,0.005308576102834195,0.005273670169602458,11956224.0,0.1898765292329093,0.18895262835236887,11956224.0,0.004023641005915124,0.004048135863316323
11968512.0,0.005298825747255857,0.005279454216603577,11968512.0,0.18885447224602103,0.1891029822640121,11968512.0,0.004039835340032975,0.004047131996533911
11980800.0,0.005281989186187275,0.005279486560175428,11980800.0,0.18831885668138662,0.18892558592682085,11980800.0,0.004072412441018969,0.004046717702779763
11993088.0,0.005284577782731503,0.0052843348933189795,11993088.0,0.18791323760524392,0.1888996204826981,11993088.0,0.004053139746247325,0.004044393248962781
12005376.0,0.0053218328636527685,0.005289884953284248,12005376.0,0.18875243018070856,0.18901256000002226,12005376.0,0.0040395298444006284,0.004043729797073562
12017664.0,0.0053199082079421105,0.005294133101657887,12017664.0,0.18738933528463045,0.18891925889377795,12017664.0,0.004024112507371076,0.004045844615029636
12029952.0,0.005316728856996633,0.005298596750556802,12029952.0,0.18871151097118855,0.18893502224236727,12029952.0,0.00398903239450495,0.004035959786172802
12042240.0,0.005316362221492454,0.0052984959664172495,12042240.0,0.1902557184609274,0.18905539143209657,12042240.0,0.004058575815482375,0.004037262893931863
12054528.0,0.0052932836406398565,0.005303156983184939,12054528.0,0.18907202842334905,0.1889313601423055,12054528.0,0.004038267327511373,0.004039257509915236
12066816.0,0.00539354079713424,0.00531356254068669,12066816.0,0.19057135563343763,0.18897154747198025,12066816.0,0.004070073412246226,0.004040861983473101
12079104.0,0.005253170163390071,0.005308021946742278,12079104.0,0.18977441747362414,0.18896133629605175,12079104.0,0.004031232543638907,0.00404162113724548
12091392.0,0.005328366285539232,0.005310976000570614,12091392.0,0.18903314710284272,0.1889792037817339,12091392.0,0.004023272083334935,0.0040399648115756765
12103680.0,0.005368790147864881,0.005319656096738375,12103680.0,0.18733805107573667,0.18888112322116893,12103680.0,0.004032553801759302,0.0040359789476497095
12115968.0,0.005274666812814151,0.0053186649997466395,12115968.0,0.18964465552320084,0.1890542650129646,12115968.0,0.004005029278535706,0.0040311679008785475
12128256.0,0.005278432787842273,0.005314324992165591,12128256.0,0.19086255660901466,0.1892652776557952,12128256.0,0.004012147061681996,0.004028429622606684
12140544.0,0.005275421632783643,0.005309876334649743,12140544.0,0.18759619925792018,0.1892859640531242,12140544.0,0.003989275937783532,0.00402494596564793
12152832.0,0.005315749833243899,0.005309778432274469,12152832.0,0.18657264191036424,0.18907207714704174,12152832.0,0.004035005598173787,0.004029543286014814
12165120.0,0.005368131884703568,0.005314955398595582,12165120.0,0.18291339355831346,0.18833784465678033,12165120.0,0.004035563246967892,0.004027242029163365
12177408.0,0.005272511795434791,0.0053128782140750746,12177408.0,0.18740265490487218,0.18817090730493266,12177408.0,0.004029751956598678,0.004026390492072096
12189696.0,0.005325716352672316,0.005306095769628882,12189696.0,0.1836176970973611,0.187475541451325,12189696.0,0.0039887595509450575,0.004018259105941979
12201984.0,0.005345833798249562,0.005315362133114832,12201984.0,0.18775239385043582,0.18727333908900617,12201984.0,0.004022987021016888,0.004017434553679777
12214272.0,0.00537383073727445,0.005319908578288355,12214272.0,0.18896010673294464,0.1872660350520164,12214272.0,0.004087613602071845,0.004023868705553469
12226560.0,0.005321037434138513,0.0053151333069157165,12226560.0,0.18553084383408228,0.18708531432785097,12226560.0,0.004114042453390236,0.004032017570716561
12238848.0,0.005263013457200334,0.005313967971354335,12238848.0,0.18573474511504173,0.18669432328703503,12238848.0,0.004065284444853508,0.004038043087348342
12251136.0,0.0053479092312045395,0.005320915615690562,12251136.0,0.18687766153986254,0.18629583378011982,12251136.0,0.0041538729807750014,0.004052215679257643
12263424.0,0.005305063440270412,0.0053238797964392385,12263424.0,0.1867291177622974,0.18620912563055755,12263424.0,0.004090505589071351,0.004062338644386423
12275712.0,0.005344649946588713,0.00532676980777372,12275712.0,0.18126038927584887,0.18567790036710602,12275712.0,0.004118444288906176,0.004070682513459664
12288000.0,0.005296169021069848,0.005319573521410348,12288000.0,0.1787962232871602,0.18526618333999068,12288000.0,0.004101389230830439,0.004077265111845919
