v2_latent_discrepancy_timesteps,v2_latent_discrepancy_score,v2_latent_discrepancy_score_mean,v3_latent_plus_clamped_eme_timesteps,v3_latent_plus_clamped_eme_score,v3_latent_plus_clamped_eme_score_mean,v4_latent_plus_normalised_eme_timesteps,v4_latent_plus_normalised_eme_score,v4_latent_plus_normalised_eme_score_mean
12288.0,2.3518148673077426,2.3518148673077426,12288.0,2.3518148673077426,2.3518148673077426,12288.0,2.225139827777942,2.225139827777942
24576.0,0.19822646134222546,1.275020664324984,24576.0,0.19822646134222546,1.275020664324984,24576.0,0.1807527996134013,1.2029463136956717
36864.0,0.09138369967695326,0.880475009442307,36864.0,0.09138369967695326,0.880475009442307,36864.0,0.24833436232681075,0.8847423299060514
49152.0,0.05269326739168415,0.6735295739296513,49152.0,0.05269326739168415,0.6735295739296513,49152.0,0.021898462990066037,0.669031363177055
61440.0,0.022451837159072358,0.5433140265755355,61440.0,0.022451837159072358,0.5433140265755355,61440.0,0.008927144309078964,0.5370105194034598
73728.0,0.01295178526682624,0.4549203196907507,73728.0,0.01295178526682624,0.4549203196907507,73728.0,0.007233978879715626,0.4487144293161691
86016.0,0.00885634976051127,0.3911968954150022,86016.0,0.00885634976051127,0.3911968954150022,86016.0,0.012541410881870737,0.38640399811126935
98304.0,0.007305884845360803,0.34321051909379696,98304.0,0.007305884845360803,0.34321051909379696,98304.0,0.018753973747758817,0.34044774506583053
110592.0,0.0029467611942285052,0.3054034348827338,110592.0,0.0029467611942285052,0.3054034348827338,110592.0,0.006273245669338697,0.303317245132887
122880.0,0.0031155525054297564,0.2751746466450034,122880.0,0.0031155525054297564,0.2751746466450034,122880.0,0.0008339724272445892,0.2730689178623228
135168.0,0.002802065101908132,0.04027336642441999,135168.0,0.002802065101908132,0.04027336642441999,135168.0,0.00526213851965925,0.05108114893649448
147456.0,0.001915471379106748,0.02064226742810812,147456.0,0.001915471379106748,0.02064226742810812,147456.0,0.0033766790220397525,0.03334353687735832
159744.0,0.00260305624154474,0.01176420308456727,159744.0,0.00260305624154474,0.01176420308456727,159744.0,0.0020835698287555715,0.008718457627552804
172032.0,0.0012144664348549365,0.0066163229888843485,172032.0,0.001275542677224924,0.0066224306131213466,172032.0,0.0069234286626548664,0.007220954194811687
184320.0,0.0015391674387501553,0.004525056016852129,184320.0,0.005096071243315237,0.004886854021545636,184320.0,0.002252026807279132,0.006553442444631704
196608.0,0.0018044144750698858,0.003410318937676493,196608.0,0.007346147550075936,0.004326290249870605,196608.0,0.001567228238248693,0.00598676738048501
208896.0,0.0015532619969841714,0.0026800101613237834,208896.0,0.002305852273517909,0.003671240501171269,208896.0,0.0028779830354324076,0.0050204245958411775
221184.0,0.0015568822964269202,0.002105109906430395,221184.0,0.0022328278494872698,0.003163934801583916,221184.0,0.0022587837605290892,0.0033709055971182047
233472.0,0.0018036655395311147,0.001990800340960656,233472.0,0.0017766054049085749,0.0030469192226519224,233472.0,0.004988990509446012,0.003242480081128936
245760.0,0.0016946532165699562,0.001848710412074676,245760.0,0.0015876797751843696,0.002894131949627384,245760.0,0.0017809131410710204,0.0033371741525115794
258048.0,0.00179494642058368,0.001747998543942231,258048.0,0.0016696032453182852,0.0027808857639683993,258048.0,0.000666356397838778,0.0028775959403295323
270336.0,0.0010997534800480935,0.0016664267540363654,270336.0,0.00411340451197854,0.0030006790772555787,270336.0,0.0010470843765991351,0.0026446364757854706
282624.0,0.0017410600636746192,0.0015802271362493532,282624.0,0.005065472860830293,0.0032469207391841335,282624.0,0.0007664325636748496,0.0025129227492773987
294912.0,0.0010272602500360033,0.0015615065177674598,294912.0,0.0026615537196145547,0.003385521843423097,294912.0,0.001455115626110152,0.001966091445622927
307200.0,0.0019852852825958203,0.0016061183021520264,307200.0,0.006580930280809601,0.0035340077471725335,307200.0,0.002793580045060177,0.0020202467694010314
319488.0,0.0015735981232865015,0.0015830366669736882,319488.0,0.004667133399683128,0.0032661063321332527,319488.0,0.004135019858949818,0.0022770259314711444
331776.0,0.0009672093674453208,0.001524431404019803,331776.0,0.004240673761766327,0.0034595884809580945,331776.0,0.00015495127407424056,0.002004722755335327
344064.0,0.000705334631978379,0.001439276637574949,344064.0,0.006556943490674409,0.003892000045076808,344064.0,0.000518809813002008,0.001830725360582619
356352.0,0.000593052785158458,0.001318215362137683,356352.0,0.0024496383375662845,0.003959303338342579,356352.0,0.001374624554349187,0.0014692887650729367
368640.0,0.0008478313978533455,0.0012335331802660221,368640.0,0.0016262362320655181,0.003963158984030693,368640.0,0.00025976316601372673,0.001317173767567207
380928.0,0.0007007460987248729,0.0011241131480801414,380928.0,0.0014537240446467574,0.003941571063963541,380928.0,0.0019359950365469558,0.001444137631438025
393216.0,0.0003498445419912362,0.0010491222542744556,393216.0,0.0010361864090858337,0.0036338492536742706,393216.0,4.211108827097132e-10,0.0013394292358891997
405504.0,0.00026377694030088605,0.0009013939419370823,405504.0,0.001055725009185456,0.0032328744685097876,405504.0,2.805510404430926e-10,0.0012627860075768188
417792.0,0.00023617532277360928,0.0008222854492108431,417792.0,0.0010164353777023887,0.0030683626343185706,417792.0,2.3168735101738078e-10,0.0011172744681345386
430080.0,0.00016984156733694059,0.0006407410776849549,430080.0,0.0011274481967120664,0.002523014425908817,430080.0,2.9161535874145755e-10,0.0008379164927900569
442368.0,0.00016720273106329842,0.0005001015384626347,442368.0,0.000953007743495012,0.002151601860290005,442368.0,3.98890737714902e-10,0.0004244145467841489
454656.0,0.00013862749013545303,0.00041724335073164786,454656.0,0.0009708546834493367,0.0018246199524583062,454656.0,5.914850987470688e-10,0.0004089194785252347
466944.0,0.00012352252914145842,0.0003590621404479559,466944.0,0.0010579373683867743,0.0012747193402295428,466944.0,1.0098087635176944e-09,0.00035703859820591027
479232.0,0.00011676234892850819,0.0003114330968249609,479232.0,0.0008908483226453731,0.0011188403387374518,479232.0,5.052150039465408e-10,0.00021957619329249193
491520.0,0.00011075756651734991,0.00023772571369136134,491520.0,0.0010233052853436675,0.0010585472440652667,491520.0,6.38047340887719e-08,0.00019360625716452815
503808.0,9.45575389247703e-05,0.00017710685771135103,503808.0,0.0009835907876549754,0.0010115339183660885,503808.0,6.093008232214518e-09,7.362810655782427e-09
516096.0,9.97392546272143e-05,0.00015209632897494885,516096.0,0.0010703443725409063,0.0010149497147115957,516096.0,2.5872153715707686e-08,9.907914939082224e-09
528384.0,9.890616350579269e-05,0.0001356092512954395,528384.0,0.0010329533288313542,0.0010126725466761857,528384.0,1.09397725253646e-08,1.0973837087574375e-08
540672.0,9.21522732066175e-05,0.00012120694633874031,540672.0,0.0010873150598248078,0.0010197605148884272,540672.0,1.3330839742272301e-08,1.2283752326699868e-08
552960.0,8.276191817913059e-05,0.00011249898142295933,552960.0,0.000918773048700435,0.0009988930000872642,552960.0,6.442353028361196e-09,1.2898826093661839e-08
565248.0,7.734836026429548e-05,0.00010351354434305904,565248.0,0.0010211097560386406,0.0010057032013416271,565248.0,4.153725643244362e-10,1.2900474276322792e-08
577536.0,8.12064854850784e-05,9.777144387802159e-05,577536.0,0.0009532515280928541,0.001003942885805979,577536.0,1.0730544823197869e-11,1.2842398820930409e-08
589824.0,8.380420145689034e-05,9.379961110956477e-05,589824.0,0.000838680477803185,0.0009820171967476199,589824.0,4.5882327879319383e-14,1.2741422532811425e-08
602112.0,8.828494674162357e-05,9.095187089087632e-05,602112.0,0.0009224243325055189,0.0009851747977336345,602112.0,1.328548341646181e-19,1.2690901032430057e-08
614400.0,0.00010308810639495884,9.01849248786372e-05,614400.0,0.0009323450697896382,0.0009760787761782316,614400.0,9.67146493103017e-19,6.310427623649582e-09
626688.0,9.88969773440355e-05,9.061886872056371e-05,626688.0,0.0008979555135132008,0.0009675152487640542,626688.0,3.873694700087371e-22,5.7011268004281685e-09
638976.0,8.144442267621343e-05,8.878938552546364e-05,638976.0,0.0008660863453163378,0.0009470894460415973,638976.0,1.9942609449315275e-23,3.113911428857402e-09
651264.0,8.439706474897928e-05,8.73384756497823e-05,651264.0,0.0009941789706620814,0.0009432120102246701,651264.0,0.000740329006172639,7.403492055144023e-05
663552.0,8.182903074308949e-05,8.630615140342949e-05,663552.0,0.000879140449493813,0.0009223945491915705,663552.0,0.0007829922187738703,0.00015233280934485302
675840.0,7.277261071673517e-05,8.530722065718994e-05,675840.0,0.0009192317462899761,0.0009224404189505245,675840.0,0.0007505456484674747,0.00022738672995629766
688128.0,6.827293433768015e-05,8.439967806452841e-05,688128.0,0.0008448446988040814,0.0009048139132270686,688128.0,0.0007851501723052934,0.00030590170564957054
700416.0,6.21483417262425e-05,8.249386368864483e-05,700416.0,0.0010295575460380253,0.0009124445150215859,700416.0,0.0007640251093713838,0.0003823042155136544
712704.0,5.975565541878799e-05,8.00890090848346e-05,712704.0,0.000923380788663053,0.0009209145461075727,712704.0,0.0007396197682586111,0.00045626619233492727
724992.0,6.5261413586389e-05,7.778665576931114e-05,724992.0,0.0009722370432427851,0.0009258958171812992,724992.0,0.000751197499994305,0.0005313859423343578
737280.0,6.224345490106013e-05,7.370219061992128e-05,737280.0,0.000999990274673716,0.0009326603376697071,737280.0,0.0007659064397860978,0.0006079765863129674
749568.0,6.461708320178634e-05,7.027420120569635e-05,749568.0,0.0010267510448708588,0.0009455398908054727,749568.0,0.0007527810036359975,0.0006832546866765673
761856.0,6.786377286971401e-05,6.891613622504641e-05,761856.0,0.0010434215225056203,0.0009632734085244009,761856.0,0.000752202134814676,0.0007584749001580349
774144.0,5.671620393362294e-05,6.614805014351077e-05,774144.0,0.0009411130807469211,0.000957966819532885,774144.0,0.00074006875941753,0.0007584488754825239
786432.0,5.501409244364671e-05,6.346655631356651e-05,786432.0,0.0009705293562850178,0.0009671057102120055,786432.0,0.0007701444901613286,0.0007571641026212698
798720.0,5.554020852590232e-05,6.174331609448322e-05,798720.0,0.0009994293971734198,0.0009751254753003499,798720.0,0.0007169607297328184,0.0007538056107478042
811008.0,5.8513206151170984e-05,6.0767343275832296e-05,811008.0,0.0009441345773666399,0.0009850544631566057,811008.0,0.0007790377831042861,0.0007531943718277034
823296.0,5.04591004073518e-05,5.9598419143943214e-05,823296.0,0.0009415383753245502,0.0009762525460852581,823296.0,0.0007723037406321964,0.0007540222349537848
835584.0,4.9677716522940805e-05,5.859062525435851e-05,835584.0,0.0008672942694829544,0.0009706438941672483,835584.0,0.0007439736797702304,0.0007544576261049467
847872.0,4.92109583092315e-05,5.698557972664275e-05,847872.0,0.0008472238869217108,0.000958142578535141,847872.0,0.0007538267749017299,0.0007547205535956891
860160.0,4.965660777619026e-05,5.5726895014155774e-05,860160.0,0.0008998248604257242,0.0009481260371103417,860160.0,0.000760706736703772,0.0007542005832874565
872448.0,4.855317380740113e-05,5.4120504074717246e-05,872448.0,0.000866959776734196,0.0009321469102966754,872448.0,0.0007856402301816464,0.0007574865059420214
884736.0,4.817412334053491e-05,5.215153912179934e-05,884736.0,0.0008742636634148463,0.000915231124387598,884736.0,0.0007469951391006665,0.0007569658063706203
897024.0,4.8576400596781845e-05,5.1337558788115226e-05,897024.0,0.00089875324889969,0.0009109951412028748,897024.0,0.0007959935843852387,0.0007625582888673914
909312.0,5.609175148417004e-05,5.144532469216756e-05,909312.0,0.0009528138416499132,0.0009092235897393645,909312.0,0.0007371362920215082,0.0007592574690534093
921600.0,5.155276295454314e-05,5.1046580135031647e-05,921600.0,0.0008685465588011235,0.0008961353059021348,921600.0,0.0007778107683407143,0.0007653424729141989
933888.0,4.7745420469406476e-05,4.996980156685519e-05,933888.0,0.0007969498610691517,0.0008814168342723861,933888.0,0.000759613063261592,0.0007634000009299295
946176.0,4.5606647347540274e-05,4.948455626087405e-05,946176.0,0.0008215257172802618,0.0008694155684679572,946176.0,0.0007399354405303408,0.000760163170919744
958464.0,4.51026116744894e-05,4.90270457760289e-05,958464.0,0.0008057799811164538,0.000863264139631307,958464.0,0.0007394461375345903,0.0007597104166961799
970752.0,5.172255248453439e-05,4.927820519355919e-05,970752.0,0.0008346618445405815,0.0008620079353931942,970752.0,0.0007340333058891702,0.000757731069794924
983040.0,5.732142240807055e-05,5.004468665674722e-05,983040.0,0.0007693753702066412,0.0008489629863712858,983040.0,0.0007180807451732107,0.0007534684706418679
995328.0,5.917538874200545e-05,5.1106908150207645e-05,995328.0,0.0007285286956175696,0.0008351198782596232,995328.0,0.0007270139379519,0.0007476058414188931
1007616.0,6.277542790182149e-05,5.25670386063363e-05,1007616.0,0.0006626520207646536,0.0008139587139946039,1007616.0,0.0007576010266348021,0.0007486664301723067
1019904.0,6.587444992571061e-05,5.429684353922918e-05,1019904.0,0.0007355221935843778,0.0007976356084630728,1019904.0,0.0007410199599083475,0.0007431690677246176
1032192.0,6.778177491166086e-05,5.546584588197826e-05,1032192.0,0.0005484027362096336,0.0007571944979190448,1032192.0,0.0007037648832313911,0.0007398319268456058
1044480.0,8.026341693797197e-05,5.8336911280321146e-05,1044480.0,0.0007867214659806147,0.0007490119886369939,1044480.0,0.0007022147780541369,0.0007322723278169482
1056768.0,7.71240584829987e-05,6.127477508168038e-05,1056768.0,0.0005867427835255512,0.0007279912808826339,1056768.0,0.0007530608014955457,0.0007316171016403435
1069056.0,7.708569493540078e-05,6.442267984046642e-05,1069056.0,0.000614243056588748,0.0007072630148134825,1069056.0,0.0007461614750354784,0.0007322397050908573
1081344.0,7.470513727033297e-05,6.738293240005078e-05,1081344.0,0.0005481440454483769,0.0006814994212466748,1081344.0,0.0007596974398135595,0.0007342648353187543
1093632.0,6.810799569241983e-05,6.902147672083933e-05,1093632.0,0.0005750743375756429,0.000655540670550181,1093632.0,0.0007219856282366285,0.0007330600675535001
1105920.0,5.759661614016901e-05,6.904899609404917e-05,1105920.0,0.000635042824796983,0.0006421074160092151,1105920.0,0.0007345725856187831,0.0007347092515980572
1118208.0,6.189967825775966e-05,6.932142504562459e-05,1118208.0,0.0005496905650943518,0.0006242236029568934,1118208.0,0.0007433393460208512,0.0007363417924049524
1130496.0,7.439699993483373e-05,7.048358224892581e-05,1130496.0,0.00053597117979128,0.000611555518859556,1130496.0,0.0007415918468420083,0.0007347408744256729
1142784.0,0.00011087345766706373,7.498348302306112e-05,1142784.0,0.0005623276597361837,0.0005942360654747366,1142784.0,0.0007326297348602869,0.000733901851920867
1155072.0,0.00010369985807301418,7.857529133919645e-05,1155072.0,0.0005924040127259408,0.0005986361931263672,1155072.0,0.0007597544141996574,0.0007395008050176936
1167360.0,0.00010945569863451965,8.149451950885122e-05,1167360.0,0.0006081552775564584,0.0005807795742839517,1167360.0,0.0007028067263187646,0.0007395599998441565
1179648.0,0.00012429147166888774,8.621126082744014e-05,1179648.0,0.0007292801349952546,0.0005950333094309221,1179648.0,0.0007488005291331016,0.000739133972607912
1191936.0,0.00013879869004540524,9.238256033844058e-05,1191936.0,0.0007317177499620205,0.0006067807787682492,1191936.0,0.0007064856775590064,0.0007351663928602647
1204224.0,0.00015603402395451363,0.00010051544900685865,1204224.0,0.0008013169115959803,0.0006320980653830095,1204224.0,0.000714724803098458,0.0007306691291887546
1216512.0,0.00013069578903923684,0.00010677422834154036,1216512.0,0.0010044481038373003,0.0006750354420091753,1216512.0,0.0007516506857427885,0.0007336356349393707
1228800.0,0.0001141926874197452,0.00011243383546949797,1228800.0,0.0009721837144146169,0.0007087495309709387,1228800.0,0.0007078430323114541,0.0007309626796086377
1241088.0,0.00012083278329555469,0.00011832714597327747,1241088.0,0.0011502319982052238,0.0007688036742820259,1241088.0,0.0007849757957956172,0.0007351263245861143
1253376.0,0.0001138230305741672,0.0001222697490372108,1253376.0,0.0019160815393964488,0.0009068147102425428,1253376.0,0.0007187431889785026,0.0007328414587997637
1265664.0,0.00011379329555438744,0.0001225617328259432,1265664.0,0.0024589324051097114,0.0010964751847798956,1265664.0,0.0007548331107803582,0.0007350617963917709
1277952.0,9.907956583295648e-05,0.0001220997036019374,1277952.0,0.002952502854289681,0.00133248506893627,1277952.0,0.000697318258365461,0.0007288181808083511
1290240.0,0.00011102449874063798,0.00012225658361254924,1290240.0,0.0032967880057791867,0.0016013483417585427,1290240.0,0.00073246580571625,0.0007317840887480997
1302528.0,0.00010962836703735472,0.00012079027314939594,1302528.0,0.0038956007823192826,0.0019179804064909454,1302528.0,0.0007487748898711288,0.0007317815248219024
1314816.0,0.00012210285990477132,0.00011912069013533255,1314816.0,0.00460901479164022,0.002305710110658765,1314816.0,0.0007478646102754283,0.0007359194180935446
1327104.0,0.00012871891033228167,0.00011638917877310935,1327104.0,0.005600320941690977,0.002785610513668265,1327104.0,0.0007281413842671706,0.0007372610762104159
1339392.0,0.00011101740130925464,0.00011442134000011115,1339392.0,0.007349227855835731,0.0034200884888681083,1339392.0,0.0007665010740917447,0.0007387461150453117
1351680.0,9.459107316918865e-05,0.00011246117857505547,1351680.0,0.008425210384302773,0.004165391155856924,1351680.0,0.0007616328381724694,0.0007441250956314132
1363968.0,0.00010135533754388841,0.00011051343399988885,1363968.0,0.009329643653472885,0.00498333232138369,1363968.0,0.0007435692741637467,0.0007399844434682261
1376256.0,9.996221759441444e-05,0.00010912735270191356,1376256.0,0.009209022474048348,0.005712626414848879,1376256.0,0.0007585791912182079,0.0007439680436921966
1388544.0,9.961831771458189e-05,0.00010770985491793303,1388544.0,0.009526042442303151,0.006419337418568224,1388544.0,0.0007347542605202761,0.0007419601586661883
1400832.0,9.227321083926654e-05,0.00010702921941856403,1400832.0,0.008664158386333535,0.006990502971772609,1400832.0,0.0007867538903762276,0.0007509037218672651
1413120.0,7.59042750360095e-05,0.00010351719704810119,1413120.0,0.009229271022680527,0.007583751273462743,1413120.0,0.0007198780992136259,0.0007496449512170027
1425408.0,7.419918498878057e-05,9.997427884324377e-05,1425408.0,0.008309736144534932,0.008025164809684307,1425408.0,0.0007343259821936954,0.0007482000604492593
1437696.0,7.381722275567881e-05,9.51457151283345e-05,1437696.0,0.008119600470915126,0.0083762233776118,1437696.0,0.0007613665108389492,0.0007495502505056115
1449984.0,8.237062248402556e-05,9.051088634350891e-05,1449984.0,0.007688929331682933,0.008585084216610995,1449984.0,0.0007728553537162952,0.0007540216474505239
1462272.0,7.659551825630236e-05,8.706869803821368e-05,1462272.0,0.007990991357170666,0.008649260566744487,1462272.0,0.0007303364591280115,0.0007504051859541505
1474560.0,7.984705086983013e-05,8.559429580827784e-05,1474560.0,0.007222987900604494,0.00852903831837466,1474560.0,0.000800174436638675,0.000754259345800771
1486848.0,8.089788912002405e-05,8.35485509658914e-05,1486848.0,0.006916391527435432,0.008287713105770915,1486848.0,0.0007084301466117419,0.0007507454330455707
1499136.0,9.194547953939036e-05,8.274687716038897e-05,1499136.0,0.006909748257991548,0.008057785684165234,1499136.0,0.0007264298358980644,0.0007475304975135562
1511424.0,9.269580042807017e-05,8.20546254317378e-05,1511424.0,0.006850614779978059,0.007790242917932726,1511424.0,0.0007756938530292246,0.000751624456764451
1523712.0,9.718285768182493e-05,8.254559011599363e-05,1523712.0,0.006802282339776866,0.007604055313277058,1523712.0,0.0006978741060568913,0.0007427364783325174
1536000.0,9.008126907398643e-05,8.396328951979133e-05,1536000.0,0.006489910466674094,0.007330119257676414,1536000.0,0.0007311204368913119,0.000743860712100286
1548288.0,7.957162195756003e-05,8.450053321666929e-05,1548288.0,0.006318716987152584,0.00713101734193818,1548288.0,0.0007549635483883321,0.0007459244687197498
1560576.0,6.989776632811602e-05,8.4108587573913e-05,1560576.0,0.006043719656493825,0.00692342926049605,1560576.0,0.0007058848874900528,0.0007403763063848601
1572864.0,6.759106956148268e-05,8.263063228165872e-05,1572864.0,0.006018547705025412,0.006756391097830297,1572864.0,0.0007277967718740305,0.0007358704482006336
1585152.0,6.744654372899579e-05,8.171573482892807e-05,1585152.0,0.005922903471703951,0.0065495823092836265,1585152.0,0.0007259194771904731,0.0007354287500068797
1597440.0,5.964615104403492e-05,7.969564484634855e-05,1597440.0,0.005749718640193653,0.006402255383242543,1597440.0,0.0007531769918690164,0.0007307290055299138
1609728.0,5.871197913620563e-05,7.74770538479667e-05,1609728.0,0.005629652759428912,0.0062735815064418905,1609728.0,0.0006987460161932783,0.0007297605924880676
1622016.0,7.081758383264969e-05,7.536426427729264e-05,1622016.0,0.005665223553175262,0.006149129035960261,1622016.0,0.0007488717016409888,0.00073200477906236
1634304.0,6.698083399214738e-05,7.279276763370036e-05,1634304.0,0.005449551349253549,0.006009022692887811,1634304.0,0.0007178673704402172,0.0007262221308034593
1646592.0,5.938292527692587e-05,6.901277439321044e-05,1646592.0,0.005250598849670496,0.005853854343877174,1646592.0,0.0007192746682752235,0.0007283621870252925
1658880.0,6.295565564566157e-05,6.630021305037796e-05,1658880.0,0.0052795012258381275,0.0057328134197935764,1658880.0,0.0007749468932161108,0.0007327448326577723
1671168.0,7.503072417118044e-05,6.584612327174e-05,1671168.0,0.005522562219994143,0.0056531979430777335,1671168.0,0.0007146108985883378,0.0007287095676777729
1683456.0,7.845147282144656e-05,6.670149392107305e-05,1683456.0,0.005324429677178462,0.005581268945146197,1683456.0,0.000740817334796399,0.0007322028124084076
1695744.0,7.287350892208148e-05,6.722973785713293e-05,1695744.0,0.004861540059209801,0.005465568180564636,1695744.0,0.000659918781517869,0.0007254150133727915
1708032.0,6.515211032365187e-05,6.700029451659853e-05,1708032.0,0.004979701103972427,0.005371247943791483,1708032.0,0.0007502915744529067,0.0007278522230990348
1720320.0,6.11317238584282e-05,6.714885179803788e-05,1720320.0,0.00496735742247741,0.0052930118220198595,1720320.0,0.0007332675665262892,0.0007258612805647621
1732608.0,5.867870815260782e-05,6.71455246996781e-05,1732608.0,0.005511993083928246,0.005281245854469792,1732608.0,0.0007339515177591238,0.0007293818307213466
1744896.0,5.472790902179744e-05,6.553655721859286e-05,1744896.0,0.005174676657285697,0.005232191164880836,1744896.0,0.0007152900510239609,0.0007260236656596437
1757184.0,5.7869190906482494e-05,6.462539291002639e-05,1757184.0,0.004971689260855783,0.005184404956041059,1757184.0,0.0007330777798415511,0.0007275447065997772
1769472.0,7.477841393210838e-05,6.616494177554463e-05,1769472.0,0.004761872917394309,0.005135532362813441,1769472.0,0.0007071090843358737,0.0007263281482058422
1781760.0,9.317356792356198e-05,6.918673300333468e-05,1781760.0,0.004594369852081097,0.005067019225437737,1781760.0,0.0007555379046001084,0.0007243872493442419
1794048.0,0.00010901464240002194,7.258512482621882e-05,1794048.0,0.004563951903643708,0.004971158193802694,1794048.0,0.0007492061213270063,0.0007278467716181088
1806336.0,9.946304650535846e-05,7.468628219461e-05,1806336.0,0.004753379185179559,0.0049140531446028035,1806336.0,0.000715450481645045,0.0007253100863029734
1818624.0,9.088090977608469e-05,7.648702228001032e-05,1818624.0,0.004958492017370493,0.004923748340418874,1818624.0,0.000718447186955018,0.0007311629268466883
1830912.0,9.08208301477013e-05,7.905389426241526e-05,1830912.0,0.005030650458744883,0.004928843275896119,1830912.0,0.0007291429765245994,0.0007290480670538575
1843200.0,8.695827868147414e-05,8.163654974471986e-05,1843200.0,0.00510666826206337,0.004942774359854714,1843200.0,0.0007004719803565725,0.0007257685084368859
1855488.0,7.563610408093761e-05,8.333228933755284e-05,1855488.0,0.004778172473985857,0.004869392298860476,1855488.0,0.0007229154361994006,0.0007246649002809135
1867776.0,9.421187693684867e-05,8.728068612905795e-05,1867776.0,0.004836766294223101,0.0048356012625542155,1867776.0,0.0007532304101308304,0.0007284589361916006
1880064.0,8.57550001758985e-05,9.006926705599956e-05,1880064.0,0.004769249501502297,0.004815357286618868,1880064.0,0.000721685752372044,0.0007273197334446497
1892352.0,8.651250656536529e-05,9.124267631932526e-05,1892352.0,0.004697140429925639,0.004808884037872,1892352.0,0.0007291727524716407,0.0007295261002582265
1904640.0,0.00012813076307338633,9.473839583430769e-05,1904640.0,0.00456715176308838,0.004806162228972729,1904640.0,0.0007742636192536642,0.000731398671723582
1916928.0,0.0001224968989390618,9.608662148821167e-05,1916928.0,0.004554498642391991,0.0048052169028475564,1916928.0,0.0007171789256972261,0.0007281959521606041
1929216.0,0.00011609722256859338,9.775003909453516e-05,1929216.0,0.004548421915387735,0.004784721175868374,1929216.0,0.0007244169946716283,0.0007290926034632624
1941504.0,0.00011497423596059282,0.000100159371712986,1941504.0,0.00445122184464708,0.004733994158596033,1941504.0,0.0007455505832088724,0.0007318029430886479
1953792.0,0.00011817632404624116,0.00010289492110283998,1953792.0,0.004406705467166224,0.0046715996594381675,1953792.0,0.0007253282280241061,0.0007314214682385986
1966080.0,0.0001245551643478393,0.00010665460966947648,1966080.0,0.004374873523678009,0.004598420185599632,1966080.0,0.0007579397430769556,0.000737168244510637
1978368.0,0.00013722760733495912,0.00011281375999487865,1978368.0,0.004339087410092664,0.004554511679210312,1978368.0,0.0007586912446034452,0.0007407458253510413
1990656.0,0.00014157002499359805,0.00011754957480055359,1990656.0,0.004308110360094967,0.004501646085797498,1990656.0,0.0007527884320855568,0.000740701627546514
2002944.0,0.00012300183974881898,0.00012127425875784563,2002944.0,0.004295685343095101,0.004454289669956779,2002944.0,0.0007541838682906624,0.0007439514391383758
2015232.0,0.0001542645284189348,0.00012804946094320259,2015232.0,0.004260445171288059,0.004410620144093021,2015232.0,0.0007544031507980739,0.0007464744789710191
2027520.0,0.00013157645609377747,0.00012839403024524169,2027520.0,0.004420637381069052,0.004395968705891089,2027520.0,0.0007573821922051138,0.000744786336266164
2039808.0,0.00015529886089401165,0.00013167422644073669,2039808.0,0.004457731107928946,0.004386291952444783,2039808.0,0.000773880870535019,0.0007504565307499434
2052096.0,0.00013662095739164215,0.00013372659992304156,2052096.0,0.004229379934258759,0.004354387754331886,2052096.0,0.0007463578112947289,0.0007526506124122535
2064384.0,0.00012540133297989087,0.00013476930962497136,2064384.0,0.00415849525112814,0.004325115094979992,2064384.0,0.0007523415212441856,0.0007533297062157847
2076672.0,0.00012121085876515281,0.00013507276309686252,2076672.0,0.0041583057803412276,0.0043002751262974925,2076672.0,0.0007355034971017934,0.0007543472331235535
2088960.0,0.00012890339333656206,0.00013550758599573478,2088960.0,0.004030919687162775,0.004265879742645968,2088960.0,0.000755049863679839,0.0007540582451838418
2101248.0,0.00012981586367762551,0.0001347664116300014,2101248.0,0.0040117175376508385,0.004233142755401787,2101248.0,0.0007714691182627575,0.0007553360325497731
2113536.0,0.0001440832024854899,0.00013501772937919062,2113536.0,0.003946902230381966,0.004197021942430486,2113536.0,0.0007602157659979033,0.0007560787659410076
2125824.0,0.00014097541308425812,0.00013681508671273455,2125824.0,0.0039102211376302876,0.004158475521884005,2125824.0,0.0007416296742424796,0.0007548233465361892
2138112.0,0.0001124346392013346,0.00013263209779097452,2138112.0,0.003847743726510089,0.0041172053774062075,2138112.0,0.00075600131246271,0.000754983162702653
2150400.0,0.00011667065314213687,0.00013114151749581046,2150400.0,0.0037962234685740746,0.00405476398615671,2150400.0,0.0007628743754442743,0.0007555323810265691
2162688.0,0.00013395672256895827,0.0001290073036633051,2162688.0,0.00416055054423244,0.00402504592978706,2162688.0,0.0007812032918081968,0.0007562646231538868
2174976.0,0.00014599935442068576,0.00012994514336620946,2174976.0,0.003918174794913891,0.003993925415852573,2174976.0,0.0007823918964883584,0.0007598680316732499
2187264.0,0.00014963627260537274,0.00013236863732875767,2187264.0,0.003875787411137329,0.003965654631853491,2187264.0,0.0007687611223445856,0.0007615099917832899
2199552.0,0.00014707176448306805,0.0001349547279005492,2199552.0,0.00371646846421451,0.00392147090024082,2199552.0,0.0007771337253264695,0.0007656730146057574
2211840.0,0.00016457793200667462,0.00013852218176756045,2211840.0,0.0037385911030772454,0.003892238041832267,2211840.0,0.0008079943727352656,0.0007709674655113001
2224128.0,0.00015162412046265672,0.00014070300744606357,2224128.0,0.003565908528495735,0.003847657140916757,2224128.0,0.0007670343217493306,0.0007705239858599574
2236416.0,0.0001441395860031965,0.00014070864579783423,2236416.0,0.0036140168085694313,0.003814368598735503,2236416.0,0.000786814065274181,0.0007731838157875853
2248704.0,0.00014516308412263848,0.00014112741290167228,2248704.0,0.0035980154546753815,0.003783148030440013,2248704.0,0.0007609400169409734,0.0007751148500574345
2260992.0,0.00014960689289485649,0.00014484463827102445,2260992.0,0.003563250441705653,0.003754698701959569,2260992.0,0.000758196829034811,0.0007753344017146448
2273280.0,0.00016917869910078784,0.00015009544286688953,2273280.0,0.003566721684668058,0.003731748523568968,2273280.0,0.0008066147953892747,0.0007797084437091448
2285568.0,0.00017176378931556732,0.00015387614954155042,2285568.0,0.003910530926077627,0.0037067465617534857,2285568.0,0.0007337074745616216,0.0007749588619844871
2297856.0,0.00018813238754470754,0.00015808945285395264,2297856.0,0.0035730603728249357,0.00367223511954459,2297856.0,0.0007777200486695316,0.0007744916772026045
2310144.0,0.00019119442004011944,0.00016224526759742733,2310144.0,0.003604260678306067,0.003645082446261464,2310144.0,0.00075481091880647,0.000773096656848793
2322432.0,0.00017440948431612924,0.00016497903958073343,2322432.0,0.003500844834585829,0.003623520083298596,2322432.0,0.000767159585848276,0.0007720992429009735
2334720.0,0.00018729086309576815,0.00016725033268964276,2334720.0,0.0034918249148176983,0.003598843464472641,2334720.0,0.0007818305663628659,0.0007694828622637335
2347008.0,0.00017686527424605933,0.00016977444806798303,2347008.0,0.0034352390551551557,0.0035857765171385834,2347008.0,0.0007449227108130193,0.0007672717011701025
2359296.0,0.00014065841469346196,0.0001694263309370096,2359296.0,0.003394250675531415,0.003563799903834782,2359296.0,0.0007795336738733264,0.000766543662030017
2371584.0,0.0001770195151493681,0.00017261197403968255,2371584.0,0.003389243322696226,0.0035429226906368663,2371584.0,0.0007367764989491358,0.0007641273102308333
2383872.0,0.00016626868364255643,0.00017427815311445253,2383872.0,0.003351053603788993,0.0035217030068452,2383872.0,0.0007839387147517604,0.0007667014988025281
2396160.0,0.0001415086552848758,0.00017151114873286135,2396160.0,0.0033661445365093337,0.0035016452920293276,2396160.0,0.0007582808263274879,0.0007618681018963494
2408448.0,0.00015534040100343796,0.0001698688099016484,2408448.0,0.0036755662586074322,0.003478148825282308,2408448.0,0.0007359617905725221,0.0007620935334974395
2420736.0,0.00017981227081994197,0.00016903679822917185,2420736.0,0.0035572018071737452,0.0034765629687171897,2420736.0,0.0008258845294524993,0.0007669099815757362
2433024.0,0.0001750182722541164,0.00016741918345057152,2433024.0,0.003436877431037525,0.003459824643990335,2433024.0,0.0007505579360440606,0.0007664846832994953
2445312.0,0.00015984515857780934,0.00016596275087673955,2445312.0,0.0033550470713331984,0.0034452448676650727,2445312.0,0.0007684212738846933,0.0007666108521031371
2457600.0,0.00014120323521638056,0.00016135398808880076,2457600.0,0.0032806182910765833,0.0034241242052909606,2457600.0,0.0007433794329093265,0.0007627657387577832
2469888.0,0.00017305573563438278,0.00016097303422763312,2469888.0,0.0032405410214172057,0.0034046544019171654,2469888.0,0.0007937313051418945,0.0007676465981906706
2482176.0,0.00017244784915722752,0.00016415197767400967,2482176.0,0.003253029615734704,0.003390532295937494,2482176.0,0.0007545601902165799,0.0007651492498249961
2494464.0,0.0001634831754320961,0.00016279834370228245,2494464.0,0.0032202596097098044,0.0033736339246388525,2494464.0,0.0019484754957375117,0.0008863191495038336
2506752.0,0.0001742767104436401,0.00016359914638239083,2506752.0,0.003490976496929458,0.003387626213952899,2506752.0,2.582512288277587e-08,0.000807927860540946
2519040.0,0.00016153172244533684,0.00016560145309843692,2519040.0,0.0033984592785903565,0.003390857688161002,2519040.0,4.668184989971754e-05,0.0007367679628981688
2531328.0,0.00017457334850708625,0.00016752474784880177,2531328.0,0.003210824254589776,0.003344383487759236,2531328.0,0.0019966041909356136,0.000862832202934478
2543616.0,0.000174543181098367,0.0001669978388766443,2543616.0,0.003239129034530682,0.0033125762104949294,2543616.0,0.000824715246684112,0.0008627152746576392
2555904.0,0.00022981815777711745,0.0001724778274289444,2555904.0,0.003178956249030307,0.003286784092294208,2555904.0,8.610921564677909e-08,0.0007876680919747979
2568192.0,0.0002368204062956162,0.0001801753522007251,2568192.0,0.003179398520539204,0.003269219237214808,2568192.0,7.247692302795687e-09,0.0007108266893555589
2580480.0,0.00021408305466745028,0.00018746333414583206,2580480.0,0.003155860717621787,0.0032567434798693286,2580480.0,6.453061292583545e-13,0.0006364887461291568
2592768.0,0.00023588628884378218,0.000193746389466772,2592768.0,0.0033649057174140276,0.003269179949469011,2592768.0,1.4051908368550847e-13,0.0005571156156290192
2605056.0,0.0002348367927424988,0.0001999852838252991,2605056.0,0.003150456022315969,0.0032589225901271377,2605056.0,4.704287921883877e-16,0.0004816595966074082
2617344.0,0.000271836347868278,0.0002108206010689173,2617344.0,0.0030611307859847634,0.003243009707754633,2617344.0,5.3042178151109525e-20,0.00028681204703365714
2629632.0,0.00025444410516684,0.0002188373405412373,2629632.0,0.0032742828965031854,0.0032213403477120055,2629632.0,1.4358017821358985e-20,0.00028680946452136886
2641920.0,0.0002687971521784978,0.00022956388351455339,2641920.0,0.0031475888414812894,0.003196253304001099,2641920.0,0.0001965987063764866,0.0003018011501690457
2654208.0,0.0002650551776544792,0.00023861206642929273,2654208.0,0.003201252273962988,0.0031952961059384206,2654208.0,0.0007150548957118493,0.00017364622064666935
2666496.0,0.0002485592110588186,0.00024601366942533787,2666496.0,0.0030706343071263595,0.0031784466331979885,2666496.0,0.0008162894403843287,0.000172803640016691
2678784.0,0.0002868196320378047,0.0002517138168514066,2678784.0,0.003032333765683385,0.0031637843848632955,2678784.0,0.0006731678534682336,0.0002401118144419497
2691072.0,0.00031151090342973475,0.00025918286656481844,2691072.0,0.003057062741087672,0.003151550806918143,2691072.0,0.0008020374640788456,0.00032031483608060393
2703360.0,0.00029157230210330454,0.0002669317913084039,2703360.0,0.0030882424107403494,0.0031447889762299995,2703360.0,0.000751053664923044,0.00039542020250837775
2715648.0,0.0003155242022027475,0.00027489558264430036,2715648.0,0.0033517316236005477,0.003143471566848651,2715648.0,0.0019948981923031774,0.0005949100217246437
2727936.0,0.0003436773962069613,0.00028577964299074664,2727936.0,0.0034391757920578434,0.0031723435438228377,2727936.0,3.964935253009116e-06,0.0005953065152498974
2740224.0,0.0003310521215098561,0.00029170122035490447,2740224.0,0.0032045814271744653,0.003186688607941809,2740224.0,7.0250287254047805e-09,0.0005953072177527699
2752512.0,0.0003414678729617056,0.000300403597134391,2752512.0,0.0030352300867283097,0.0031627833269643204,2752512.0,1.7068348810422387e-10,0.0005953072348211188
2764800.0,0.00035980229055591434,0.00030950411097213263,2764800.0,0.0030565993486864804,0.00315368437768484,2764800.0,9.34232646798705e-08,0.0005756567065099381
2777088.0,0.00037373493948204367,0.0003203720871548891,2777088.0,0.003297531400069905,0.0031633122902955313,2777088.0,0.0008770121260871141,0.0005918524295474646
2789376.0,0.00041254021334680147,0.00033677018738368736,2789376.0,0.0031653377882321365,0.003172782638406109,2789376.0,0.0019634546485273554,0.0007065689503617672
2801664.0,0.0004101273019235426,0.0003491009543722612,2801664.0,0.0037781867637628843,0.0032473679382140587,2801664.0,1.682363452696715e-06,0.0006394204013602136
2813952.0,0.00042658340817069984,0.00036060820484635776,2813952.0,0.0036630696461846433,0.0033079686287237563,2813952.0,1.2889049476901468e-05,0.0005605055599000191
2826240.0,0.00037826015356282977,0.0003692769899923102,2826240.0,0.0034282977915912247,0.0033419741668088434,2826240.0,1.3623121726998495e-06,0.0004855364246249847
2838528.0,0.000421461543434513,0.0003798707241154867,2838528.0,0.0033004619763232768,0.003336847202081117,2838528.0,2.1861321838438177e-09,0.0002860468240078854
2850816.0,0.0004051937332102777,0.00038602235781581834,2850816.0,0.003199257521676676,0.003312855375043,2850816.0,7.811663990180186e-12,0.00028565033126375084
2863104.0,0.0003714638088846793,0.00039006352655330065,2863104.0,0.003264811404127007,0.0033188783727382543,2863104.0,1.0617690180382681e-13,0.00028564962877149604
2875392.0,0.0003987446651384137,0.0003957912057709715,2875392.0,0.003684308646673647,0.003383786228732788,2875392.0,0.00047014386199733773,0.00033266399790288096
2887680.0,0.0003578897852397252,0.0003955999552393527,2887680.0,0.0034595895413076505,0.0034240852479949053,2887680.0,0.0018797298204541828,0.0005206276376218313
2899968.0,0.00040468751907004236,0.0003986952131981525,2899968.0,0.0033521267153749554,0.00342954477952541,2899968.0,3.0667953758722888e-06,0.00043323310455070706
2912256.0,0.0004249362214068242,0.0003999348140041548,2912256.0,0.0033116401682491414,0.003444175017527111,2912256.0,2.3154784025332848e-08,0.0002368899551763741
2924544.0,0.0004529885932242905,0.0004042209431342295,2924544.0,0.003192821270204149,0.003385638468171237,2924544.0,1.0411930923918493e-10,0.00023672172924303533
2936832.0,0.00044446325500757666,0.00040600892781791724,2936832.0,0.0031480930216882066,0.003334140805721594,2936832.0,0.0018844073917231678,0.000423873563467662
2949120.0,0.00044823135870804737,0.00041300604833243896,2949120.0,0.003269434406926545,0.0033182544672551257,2949120.0,0.00010349629064876353,0.00043408696131526836
2961408.0,0.0004626022919183015,0.0004171201231808178,2961408.0,0.0034282698688912205,0.00333103525651192,2961408.0,0.0018149435448625202,0.0006155810971883019
2973696.0,0.0004459626075004053,0.0004211970106098306,2973696.0,0.0031855309401483587,0.0033296625983590877,2973696.0,0.0004756503615984305,0.0006631461325669786
2985984.0,0.0004292554591908508,0.00042697617564044774,2985984.0,0.0031668472268696255,0.0033198661806333497,2985984.0,7.044687298692527e-06,0.0006638506012862302
2998272.0,0.0004668068915331484,0.0004337823982799212,2998272.0,0.003109195749857463,0.003262354890951731,2998272.0,0.0008708796822247677,0.0007039241833089732
3010560.0,0.0004301556170200153,0.0004410089814579503,3010560.0,0.0030314409874942307,0.0032195400355703894,3010560.0,9.907736826638332e-05,0.0005258589380901932
3022848.0,0.00043789489018308814,0.00044432971856925486,3022848.0,0.0030491434372379445,0.003189241707756689,3022848.0,0.0010556545024276904,0.0006311177087953751
3035136.0,0.0004050639037510943,0.0004423424868036818,3035136.0,0.0030197996917801597,0.0031600576601097897,3035136.0,6.026565025981275e-06,0.0006317180498195706
3047424.0,0.0004399938804150831,0.0004410430155227611,3047424.0,0.0030383515671322434,0.0031446106898026004,3047424.0,1.2308773267849285e-10,0.000631718051716413
3059712.0,0.00039165228175382555,0.00043576191819738597,3059712.0,0.003002812198246829,0.003130082607458462,3059712.0,9.641761112745792e-12,0.00044327731350827235
3072000.0,0.00043590526956904796,0.00043452930928348604,3072000.0,0.002963981178860801,0.003099537284651888,3072000.0,1.2951365941186547e-05,0.0004342228210375147
3084288.0,0.00045543902130399755,0.0004338129822220557,3084288.0,0.0029742319966317154,0.003054133497425937,3084288.0,0.0019316250770013237,0.00044589097425139495
3096576.0,0.0004894049146363008,0.00043815721293564514,3096576.0,0.0028960853475534045,0.0030251889381664415,3096576.0,2.2242298610327302e-06,0.00039854836107765517
3108864.0,0.0004946766615224382,0.00044469933316880386,3108864.0,0.0028910815757020223,0.002997612373049681,3108864.0,0.0018039957861522755,0.0005782434709630135
3121152.0,0.0004112543471516498,0.00043914407873065403,3121152.0,0.0032928599684964865,0.0030159787949135836,3121152.0,0.000551276408865912,0.0005462831436271279
3133440.0,0.00045950452962036553,0.00044207896999068905,3133440.0,0.0027948644371159994,0.0029923211398757603,3133440.0,9.796452917025059e-06,0.0005373550520921921
3145728.0,0.0005000876058147696,0.00044829824155385723,3145728.0,0.002689874231388482,0.0029563942192908144,3145728.0,0.001450357335973725,0.0005768253354467956
3158016.0,0.0004928655695645526,0.00045707840813520313,3158016.0,0.002734352161496645,0.002927849466262463,3158016.0,0.001438077003210007,0.0007200303792651981
3170304.0,0.0004590836939920943,0.0004589873894929042,3170304.0,0.002827394680934958,0.0029067537776427343,3170304.0,1.68376524101177e-05,0.0007217141321974366
3182592.0,0.00047910235707604443,0.0004677323970251261,3182592.0,0.0027999510663600327,0.002886467664454055,3182592.0,1.1271328570483519e-07,0.000721725402561831
3194880.0,0.00046270503298728727,0.00047041237336694996,3194880.0,0.002812279790911513,0.002871297525659126,3194880.0,2.8699420363357633e-09,0.000720430552961916
3207168.0,0.0004526177138662509,0.0004701302426231753,3207168.0,0.0028181009026108463,0.002855684416257039,3207168.0,0.0017686659448372666,0.0007041346397455103
3219456.0,0.00045907368667030823,0.0004670971198265761,3219456.0,0.0028014094944713483,0.0028462168309488335,3219456.0,3.195268403199947e-07,0.0007039441694434391
3231744.0,0.00043305412388387293,0.00046093486606271956,3231744.0,0.003083907389130521,0.002865499412291683,3231744.0,0.001889103037683526,0.0007124548945965641
3244032.0,0.00043947604050723993,0.0004637570353982786,3244032.0,0.0029978324867746173,0.002835996664119496,3244032.0,6.587817839924052e-05,0.000663915071549897
3256320.0,0.0004502829536553084,0.00046283487780177286,3256320.0,0.0028935596007310473,0.002845866180481001,3256320.0,0.0018213257772004,0.0008450680039782344
3268608.0,0.0004131435278698821,0.0004541404700072841,3268608.0,0.002827418590944338,0.002859620616436587,3268608.0,7.338753586309348e-08,0.0007000396091344482
3280896.0,0.00042248905447195284,0.00044710281849802413,3280896.0,0.002779386305822603,0.0028641240308691822,3280896.0,4.1658007853458594e-09,0.0005562323253935261
3293184.0,0.0004170911803763981,0.0004429035671364545,3293184.0,0.0027569334270083345,0.00285707790547652,3293184.0,3.2876460391110623e-07,0.0005545814366129054
3305472.0,0.0004304587757057258,0.0004380392089994227,3305472.0,0.0027273825605031257,0.0028498210548908295,3305472.0,0.00040565158633398823,0.0005951353239177338
3317760.0,0.00041600390750318184,0.0004333690964510121,3317760.0,0.0027089420194291356,0.002839487277742592,3317760.0,0.001633540763577912,0.0007584891132813213
3330048.0,0.00039896427961139125,0.0004280037530255261,3330048.0,0.0026774960448771403,0.002825426791969221,3330048.0,3.062539886400373e-05,0.0005846850586839951
3342336.0,0.00039876897653812193,0.00042197328201230757,3342336.0,0.0026644321563556637,0.0028117290581576525,3342336.0,7.117506927537913e-06,0.0005853648566927168
3354624.0,0.00035271756117557135,0.00041393962574147735,3354624.0,0.0026515391594633306,0.0027684922351909336,3354624.0,0.0007116673444519014,0.0004676212873695543
3366912.0,0.00035356705878560507,0.0004053487275693139,3366912.0,0.0026386559402453713,0.002732574580538009,3366912.0,0.0015514770105558757,0.0006161811705852178
3379200.0,0.0003700254430138254,0.00039732297650516555,3379200.0,0.002613784699254514,0.0027045970903903553,3379200.0,3.556793243338537e-06,0.0004344042721895117
3391488.0,0.00033304790122201666,0.00038931341384037903,3391488.0,0.002964203935941138,0.0027182756248900356,3391488.0,1.679558735145914e-08,0.00043439861299466047
3403776.0,0.00032729298087967135,0.00037979380648115086,3403776.0,0.002955043487114987,0.002735841343019274,3403776.0,2.127676108215626e-10,0.00043439821769134304
3416064.0,0.00037468525715667056,0.0003755532141591781,3416064.0,0.002936660598303812,0.0027538140601488224,3416064.0,0.002056248631561175,0.0006399902043870694
3428352.0,0.000344474342000467,0.00036695477078865226,3428352.0,0.002797633644756085,0.0027608391685741184,3428352.0,2.4288925516202653e-05,0.0006018539383052908
3440640.0,0.000311171538214694,0.00035647153385980345,3440640.0,0.0027420502083259635,0.0027641499874638004,3440640.0,0.0012806778116403923,0.0005665676431115389
3452928.0,0.00030658898049296113,0.0003472340039479604,3452928.0,0.0026166935034173853,0.0027580697333178246,3452928.0,5.7155364762214354e-05,0.0005692206397013599
3465216.0,0.000322273145836031,0.00033958442087775136,3465216.0,0.002649377620400628,0.0027565642797223217,3465216.0,0.0007810090225272385,0.00064660979126133
3477504.0,0.00038552309069928015,0.00034286497383012224,3477504.0,0.0026066588628358054,0.002752076250059569,3477504.0,0.00014299858977058952,0.0005897429157931988
3489792.0,0.0003343571317297271,0.0003409439811245344,3489792.0,0.0025525623010859513,0.0027434668861436268,3489792.0,6.461552909398094e-08,0.0004346016762905206
3502080.0,0.00033401559752140503,0.0003373429965752924,3502080.0,0.0025552887406471805,0.002737617290282894,3502080.0,1.6293673512265034e-08,0.000434247626333538
3514368.0,0.00037736206892683793,0.00034177441334577453,3514368.0,0.0024951779984500413,0.0026907146965337845,3514368.0,0.00017630969659450705,0.0004518769164342536
3526656.0,0.0003650082967396884,0.0003455459449317762,3526656.0,0.0028791471389316334,0.002683125061715449,3526656.0,0.001996732913539745,0.0006515501865114671
3538944.0,0.00033918412646016805,0.000341995831862126,3538944.0,0.0026566107262624428,0.0026551200745113116,3538944.0,1.5074088158262278e-08,0.0004459268307641654
3551232.0,0.00035292616212245775,0.00034284101387432506,3551232.0,0.0026230669888415528,0.0026376634089198586,3551232.0,2.4965417641927463e-05,0.00044599447997673784
3563520.0,0.0003778606240606071,0.0003495099224589164,3563520.0,0.002546909012986968,0.002618149289385959,3563520.0,0.0009157009438543658,0.0004094967931981352
3575808.0,0.0003690123636867308,0.00035575226077829336,3575808.0,0.0027388500772455395,0.002630364946768775,3575808.0,0.001210738181725901,0.0005248550748945039
3588096.0,0.0003858678220846438,0.00036211172840315455,3588096.0,0.0026214050473451302,0.0026275676894632247,3588096.0,4.819994893582683e-07,0.000446802372590716
3600384.0,0.0003828088310910971,0.0003618403024423363,3600384.0,0.002566530055143327,0.002623554808693977,3600384.0,1.2807729904418252e-08,0.0004325037943866474
3612672.0,0.00035063482073383057,0.00036346807134274664,3612672.0,0.002548168036203909,0.0026231153822057728,3612672.0,3.22392989312182e-11,0.0004324973360576678
3624960.0,0.0003715524036730737,0.0003672217519579135,3624960.0,0.0026242137707110182,0.0026300078852121564,3624960.0,9.198989006873696e-10,0.0004324957986802068
3637248.0,0.00035177584171227255,0.00036466312923645703,3637248.0,0.002993318893762383,0.0026798219747433904,3637248.0,0.0018776669136665685,0.0006026315203874129
3649536.0,0.0003997728498082627,0.00036813958454331443,3649536.0,0.0027718573777140896,0.0026690929986216355,3649536.0,0.0015619013665855164,0.00055914836569199
3661824.0,0.00040269158732068416,0.000374490330629366,3661824.0,0.002768222207426637,0.002680254146738055,3661824.0,0.0002793729816706521,0.0005870841564502394
3674112.0,0.00035997269030000706,0.0003751949834471209,3674112.0,0.0026807901243349383,0.002686026460287394,3674112.0,0.0015201584592432482,0.0007366034606103714
3686400.0,0.00037771258257635054,0.00037518017929869527,3686400.0,0.0026313821981602814,0.0026944737788047253,3686400.0,5.201173363111877e-07,0.000645085377958566
3698688.0,0.00038096552513403975,0.00037637549544342617,3698688.0,0.0031533774029715764,0.0027359265113773286,3698688.0,2.421931339739262e-08,0.0005240139817173156
3710976.0,0.0003958578953036825,0.0003773745027653301,3710976.0,0.0029279364741038685,0.002766579654053203,3710976.0,1.6797457048709172e-10,0.0005239657985658369
3723264.0,0.0004077305141739392,0.0003798666710736143,3723264.0,0.002908018490415998,0.00280072849758047,3723264.0,5.439066610601515e-13,0.0005239645178472371
3735552.0,0.0003837878580270626,0.0003831819748029375,3735552.0,0.0029284075050478955,0.0028387524444648685,3735552.0,0.0020733572206760678,0.0007313002366909139
3747840.0,0.00038815802236058516,0.00038484253667168863,3747840.0,0.003081014884325365,0.0028844325558263035,3747840.0,0.0015004173919805908,0.0008813418838990829
3760128.0,0.0003814318935534781,0.0003878081418558092,3760128.0,0.0029423791165754665,0.0028793385781076116,3760128.0,6.446413715366361e-05,0.0007000216062477924
3772416.0,0.00038494916073735414,0.0003863257729487183,3772416.0,0.00283665817551082,0.0028858186578872846,3772416.0,0.0007050955361288894,0.0006143410232021297
3784704.0,0.00038021050265039474,0.00038407766448168943,3784704.0,0.0027627839420650466,0.0028852748313511253,3784704.0,1.7137439585942123e-06,0.000586575099430924
3796992.0,0.0003566553455129906,0.0003837459300029877,3796992.0,0.003073906752736851,0.0029245864941913166,3796992.0,2.3119726839012276e-09,0.0004345594847038675
3809280.0,0.00039458420754575246,0.00038543309249992793,3809280.0,0.0029000785822669664,0.0029514561326019853,3809280.0,4.210176277703523e-11,0.0004345074771804127
3821568.0,0.0003185029963788111,0.00037918683962440505,3821568.0,0.0027621827745557916,0.0029123366697604075,3821568.0,1.4922253628335885e-13,0.00043450505526399527
3833856.0,0.00034808956343113095,0.0003744100064371499,3833856.0,0.003049983613891527,0.0029245413837391725,3833856.0,4.4721275922180816e-05,0.00043897716605875627
3846144.0,0.00037234094649344723,0.0003708710496691007,3846144.0,0.0037812413174833637,0.0030118636664459093,3846144.0,0.0019768684045023597,0.0006366640064546016
3858432.0,0.0003248576407107369,0.00036497802793746816,3858432.0,0.004840140412852634,0.003203036957226383,3858432.0,2.221021507864407e-05,0.0004315493058948592
3870720.0,0.00031000180357902235,0.0003571624060593119,3870720.0,0.005383925444524114,0.0034333280132462585,3870720.0,4.1169308081142235e-06,0.0002819192597776115
3883008.0,0.0003427615264020763,0.00035329536934417167,3883008.0,0.005312647173316994,0.0036703548189204113,3883008.0,2.836783580188277e-06,0.000275756524420264
3895296.0,0.000311400281892323,0.0003459404814596686,3895296.0,0.005929353028477635,0.003979624304217092,3895296.0,1.0848711454643686e-08,0.0002052480556785205
3907584.0,0.0003161486880950785,0.00033953430000413694,3907584.0,0.006138309792731889,0.004317176889283776,3907584.0,6.407573614492651e-11,0.0002050766876902347
3919872.0,0.00033925239949894603,0.00033779400540273245,3919872.0,0.00742022931323542,0.004751809145333633,3919872.0,1.0214801375267359e-10,0.00020507646670776765
3932160.0,0.0003268356601135262,0.0003310191506595098,3932160.0,0.009180467779515311,0.005379848065058467,3932160.0,0.002062623542466705,0.000411338816744262
3944448.0,0.0003025237982304437,0.0003294212308446731,3944448.0,0.00948510350038608,0.006052140137641496,3944448.0,0.0018828528742839505,0.0005996241041577347
3956736.0,0.0002999739413098723,0.0003246096686325473,3956736.0,0.009705551429457651,0.006717696919198109,3956736.0,2.6755610321060885e-05,0.0005978275375976228
3969024.0,0.0003370069213512276,0.00032107626611832524,3969024.0,0.009124575992852138,0.0072520303867349865,3969024.0,7.688451400629977e-05,0.0004078291485480167
3981312.0,0.00030758672573938384,0.00031934917462119,3981312.0,0.0087335587159032,0.0076413722170400435,3981312.0,6.851285348311957e-08,0.00040561497832550063
3993600.0,0.0003066756504874017,0.0003190165593120279,3993600.0,0.008891374241405478,0.00799211709672818,3993600.0,1.5691451136131314e-09,0.00040520344215920056
4005888.0,0.00031700531447616714,0.00031644093811943703,4005888.0,0.008929199112268785,0.008353772290623358,4005888.0,7.89600040670173e-12,0.00040491976459078175
4018176.0,0.00029003480055204517,0.0003143043899854092,4018176.0,0.00796340248780325,0.008557177236555922,4018176.0,0.0019113972994091455,0.0005960584096605509
4030464.0,0.0002852202865142317,0.00031121154982732455,4030464.0,0.007788195468795796,0.008722165804162312,4030464.0,3.0760065078775747e-06,0.0005963660039037651
4042752.0,0.00025689161414751044,0.000302975471292181,4042752.0,0.007610149240160051,0.008741157796854774,4042752.0,0.0005852114139391537,0.000654887135082879
4055040.0,0.00023352051031603574,0.000293643956312432,4055040.0,0.0075933474727207795,0.008582445766175322,4055040.0,0.00103588764432061,0.0005522135452682695
4067328.0,0.0002658886832402156,0.0002899804448134091,4067328.0,0.006970081783947535,0.008330943594531468,4067328.0,7.468123002970136e-07,0.0003640029390699042
4079616.0,0.0002551161400485095,0.00028549466468727285,4079616.0,0.006694789728499018,0.008029867424435603,4079616.0,9.805968400241245e-08,0.00036133718400619834
4091904.0,0.00025391717478366144,0.0002771856900305162,4091904.0,0.006334860687881398,0.00775089589393853,4091904.0,4.354804039076454e-10,0.00035364877615360875
4104192.0,0.0002561171247634775,0.00027203872993292557,4104192.0,0.006307853179653951,0.007508325340313604,4104192.0,0.0018380640540271997,0.0005374483302709804
4116480.0,0.00028043079942108307,0.0002694142448262937,4116480.0,0.006234415612804393,0.007242629477453496,4116480.0,4.414699945224735e-05,0.0005418628733016938
4128768.0,0.00034414972227144364,0.0002721286856058214,4128768.0,0.005556662222564531,0.0069053757884830706,4128768.0,0.0017731196736955706,0.0007191748398816508
4141056.0,0.000338152587270694,0.00027694046427768627,4141056.0,0.005559155913942959,0.006664951131097041,4141056.0,2.8501634036596593e-06,0.0005283201262811022
4153344.0,0.00031844561969289015,0.0002802629975955521,4153344.0,0.005450774685111052,0.006431209052728567,4153344.0,0.001961776962464986,0.000724190221876813
4165632.0,0.0003902475353546227,0.00029359858971626335,4165632.0,0.006289840775328533,0.006299178206245415,4165632.0,6.587421704414472e-07,0.0006657349546999417
4177920.0,0.0003902839448528539,0.00030927493316994513,4177920.0,0.006462713764146126,0.00618611483538795,4177920.0,5.82964749043513e-09,0.0005621467732326299
4190208.0,0.0003924350263938929,0.00032192956748531285,4190208.0,0.007164442795328796,0.006205550936526075,4190208.0,1.5605611945196617e-11,0.0005620720935631614
4202496.0,0.0003939396416778133,0.0003358119176482432,4202496.0,0.007064991747029126,0.0062425711383790865,4202496.0,0.001465201223254553,0.0007085824099202165
4214784.0,0.00037982421827109647,0.0003484026219969868,4214784.0,0.006904671963032645,0.006299552265894211,4214784.0,3.951574277868038e-06,0.0007089775237999628
4227072.0,0.00046452797399372986,0.000369243706920012,4227072.0,0.0068512626506465795,0.006353893212993475,4227072.0,0.0013459500623866916,0.0006597661246359119
4239360.0,0.0005349487534355527,0.00039469550232145903,4239360.0,0.006374478864017874,0.006367899538114822,4239360.0,4.3793902631724295e-06,0.0006557893637170045
4251648.0,0.0004885401155358219,0.00040913454164789674,4251648.0,0.006322107374823342,0.006444444053340703,4251648.0,0.0019284425306977937,0.0006713216494172267
4263936.0,0.0005319234945394177,0.0004285116323747691,4263936.0,0.00666235060392258,0.006554763522338665,4263936.0,0.0006581458349804356,0.0007368512165749043
4276224.0,0.0005351410166743639,0.0004501811720729164,4276224.0,0.006580106264057879,0.006667696680233348,4276224.0,1.3049823695728453e-06,0.000540804018565363
4288512.0,0.0005258410277140987,0.0004637405213088641,4288512.0,0.006312121433438733,0.006669924746044368,4288512.0,5.261238343138667e-09,0.0005407386704721533
4300800.0,0.0006080649663999793,0.00048551862346357666,4300800.0,0.006598449865123257,0.0066834983561420815,4300800.0,0.0002801214707233157,0.0005687502345797359
4313088.0,0.000587622577768343,0.0005050373786010217,4313088.0,0.006396463863590422,0.0066067004629682445,4313088.0,4.017182762735179e-07,0.0005687904048468019
4325376.0,0.0005712652715980463,0.0005227699415930449,4325376.0,0.006582572129749072,0.006558458501240238,4325376.0,0.0013656945660234971,0.0005588397391236963
4337664.0,0.0006293029588656888,0.0005477178156525043,4337664.0,0.006151618043077178,0.006483153109244691,4337664.0,0.0015433376314225218,0.0007127783448381617
4349952.0,0.0006265821105747212,0.0005639232293106033,4349952.0,0.005931216204771772,0.006391148464657212,4349952.0,0.0017714124890820433,0.0007553245875076968
4362240.0,0.0006301651322549636,0.0005734448671925443,4362240.0,0.00553723136302627,0.006307423714558049,4362240.0,2.4457506378657476e-06,0.0007551312235451662
4374528.0,0.0005796783813517928,0.0005825586937741415,4374528.0,0.00527753570592419,0.0062029665476681355,4374528.0,0.0004063147283280462,0.0006029184433081914
4386816.0,0.0006548630150670457,0.0005948526458269044,4386816.0,0.005535095794281612,0.006090241066704038,4386816.0,2.468795883222204e-05,0.00053957265569337
4399104.0,0.000721056961992872,0.0006134442403587551,4399104.0,0.005653095101782431,0.005997539950476494,4399104.0,7.5531816345157194e-06,0.0005401974756198644
4411392.0,0.0006436438846625,0.0006252245260535952,4411392.0,0.005829995556268841,0.005949327362759505,4411392.0,4.5648851276780533e-07,0.0005402425983473069
4423680.0,0.0006294088298091083,0.0006273589123945081,4423680.0,0.005807848926148533,0.005870267268862032,4423680.0,0.000828178377863272,0.0005950482890613025
4435968.0,0.0006854607487791023,0.0006371427294955842,4435968.0,0.0052697710173864225,0.0057575979842416315,4435968.0,0.0020837508848975026,0.0008033832057234253
4448256.0,0.0006190767656638249,0.000641923878902162,4448256.0,0.005340723558523071,0.005633413127119033,4448256.0,0.00036327013246288214,0.000703140762367364
4460544.0,0.0006304117262819394,0.000642034755643787,4460544.0,0.00534794890457609,0.005553046213268924,4460544.0,3.960416162610928e-08,0.0005488109596412744
4472832.0,0.0006082571441462884,0.0006402022590009437,4472832.0,0.004980510432991044,0.005457975636090851,4472832.0,0.0009666949172242312,0.0004683392024554931
4485120.0,0.0006436434596253093,0.0006415500917379784,4485120.0,0.005206777027827532,0.005424930202570977,4485120.0,0.000513003652789242,0.0005193949926706308
4497408.0,0.000664093672639865,0.0006499916208667855,4497408.0,0.004793874824827071,0.0053765641144612655,4497408.0,5.654217090977909e-06,0.00047932894154692387
4509696.0,0.0006437012440680215,0.0006488754437668831,4509696.0,0.004984812886201932,0.005321535823653296,4509696.0,9.57657946128639e-07,0.0004769559114583146
4521984.0,0.0005972937991221746,0.0006364991274798134,4521984.0,0.0059446962986839935,0.005350695943343453,4521984.0,0.0004523455368143914,0.0005214351469763022
4534272.0,0.0005688209002983058,0.0006290168290433939,4534272.0,0.005754586056961368,0.0053431549934127055,4534272.0,5.713785103959405e-05,0.0005271032832289849
4546560.0,0.0006102341203586548,0.0006270993580983486,4546560.0,0.005274512572214007,0.005289821358019252,4546560.0,0.0012141406223236118,0.0005656995076750188
4558848.0,0.0005607579350908054,0.0006146290767295189,4558848.0,0.004984910107547573,0.0052613352670353684,4558848.0,1.9200422713083753e-05,0.00035924446145657693
4571136.0,0.000553942773573605,0.000608115677520497,4571136.0,0.005619646542375752,0.005289227565420636,4571136.0,0.0015199119303967261,0.0004749086412499613
4583424.0,0.0005798091648709184,0.0006030554213793948,4583424.0,0.005631758244514155,0.0053176084994144435,4583424.0,0.0005198233779992734,0.000526887018633726
4595712.0,0.0004989691712277514,0.0005921266240875411,4595712.0,0.006950380933024765,0.005514595549417816,4595712.0,1.6047316468241017e-06,0.0004303780000759853
4608000.0,0.0005472513100054736,0.0005824874091255576,4608000.0,0.006379695822640012,0.0056318874288990625,4608000.0,0.0019647257704491494,0.0005755502118419761
4620288.0,0.000555255029212276,0.0005716035447827987,4620288.0,0.006438160819622378,0.005796316028378593,4620288.0,2.4369368974615685e-07,0.0005750091595018529
4632576.0,0.0004854911864337434,0.0005557825390193709,4632576.0,0.007639115799975116,0.006061746319755912,4632576.0,0.0015222376259771409,0.0007271371563049541
4644864.0,0.0004994708533558878,0.0005460002444427421,4644864.0,0.0075391790984819336,0.006221194599735706,4644864.0,4.466686178261625e-05,0.0006863692888017766
4657152.0,0.0004830394239737264,0.0005374220968102841,4657152.0,0.007325517983796696,0.0063782877924192394,4657152.0,3.5303944219874e-07,0.0006806908076420371
4669440.0,0.0004997010035670731,0.000526368785131126,4669440.0,0.007597723005649944,0.006610608835762833,4669440.0,0.0009509231222182279,0.0006543690576314987
4681728.0,0.000498034274338958,0.0005200964190559413,4681728.0,0.007403655045588191,0.006852483329566894,4681728.0,2.0393314059674594e-06,0.000652652948500787
4694016.0,0.0004942279177460781,0.0005141249334731886,4694016.0,0.007475717982742935,0.007038090473603613,4694016.0,8.026125629593631e-06,0.0005014643680240739
4706304.0,0.0004934576809318969,0.0005054897850792864,4706304.0,0.007726123929993871,0.0072475270421515844,4706304.0,0.000676146475901381,0.0005170966778142845
4718592.0,0.0005048413180096153,0.0005060769997574728,4718592.0,0.007164022734893176,0.007268891222338427,4718592.0,3.488579961204626e-06,0.0005172850626457226
4730880.0,0.000519016583893972,0.0005032535271463227,4730880.0,0.006799578176772532,0.007310879457751678,4730880.0,0.0019084222591724636,0.0005116547115180541
4743168.0,0.0004980850397563094,0.000497536528200726,4743168.0,0.0065697794634616,0.007324041322135599,4743168.0,3.499580303323313e-07,0.0005116653379521127
4755456.0,0.00047379889959605254,0.0004963672995169569,4755456.0,0.006319406243468014,0.0071920703664848885,4755456.0,0.0011808008518225204,0.00047752166053665056
4767744.0,0.000480496069030778,0.000494469821084446,4767744.0,0.006273213170061354,0.00706547377364283,4767744.0,1.2708178056541897e-06,0.0004731820561389544
4780032.0,0.00046575189132151235,0.0004927410678192246,4780032.0,0.006152793088403996,0.006948201284103561,4780032.0,2.542629774319553e-08,0.00047314929482450885
4792320.0,0.0005299505604246709,0.0004957660235049843,4792320.0,0.005823625758542524,0.006770791559392819,4792320.0,0.0009145272536746537,0.0004695097079701514
4804608.0,0.000477143461163602,0.0004936769421874487,4804608.0,0.006231606918542336,0.006653586746688233,4804608.0,2.5958062052448363e-06,0.00046956535545007917
4816896.0,0.0004769395713992708,0.000491948107552768,4816896.0,0.006542535867386808,0.00656026853515262,4816896.0,3.358696844951714e-09,0.00046876307875680427
4829184.0,0.00048434042021957185,0.0004910363814815355,4829184.0,0.006789595102115224,0.006466615652364756,4829184.0,0.0018434331153306023,0.0005854917426997264
4841472.0,0.0004852145640749465,0.0004890737060880687,4841472.0,0.006479338083105783,0.0063981471871860165,4841472.0,5.9303389221554426e-06,0.0005857359185958215
4853760.0,0.0005136007627394671,0.0004885321239726182,4853760.0,0.006078605122941856,0.006326049881802949,4853760.0,2.651708133309209e-05,0.0003975454008118843
4866048.0,0.0005382255285439896,0.0004925461728513862,4866048.0,0.005770011201093439,0.006246073055566134,4866048.0,0.00025112368545402813,0.000422622773554254
4878336.0,0.0005749873659321262,0.0005026650194849936,4878336.0,0.005720590859709773,0.006186191517190309,4878336.0,0.0019672680112610883,0.0005012694894981106
4890624.0,0.000645901703137497,0.0005192055828956655,4890624.0,0.005864398100432784,0.006145310010227453,4890624.0,2.4192300092096275e-06,0.0005013843307184662
4902912.0,0.0006627687077222314,0.0005389072645357373,4902912.0,0.005638281322414211,0.006093858833628474,4902912.0,4.766316916380668e-09,0.0005013822647203836
4915200.0,0.0006488580153624449,0.0005507980100295148,4915200.0,0.005631588304822799,0.006074655088256501,4915200.0,2.652154293514286e-05,0.00041258169364643253
4927488.0,0.0006603856118090334,0.0005691222250940579,4927488.0,0.0060379348215064965,0.006055287878552917,4927488.0,0.00181418789785918,0.000593740902811826
4939776.0,0.0006353010585371521,0.000584958373807846,4939776.0,0.006101601303574474,0.006011194422171684,4939776.0,0.0009908604530816472,0.0006928266122503062
4952064.0,0.0006505531282527954,0.0006015796446111684,4952064.0,0.0057723905677751946,0.005909473968737681,4952064.0,1.3432970004482552e-06,0.0005086176304172909
4964352.0,0.0006437431608598369,0.0006174325042896573,4964352.0,0.005269943472133794,0.005788534507640482,4964352.0,0.002027685383533632,0.0007107931348784384
4976640.0,0.0006280485282938267,0.0006288772808450934,4976640.0,0.005552762595470995,0.005735950254893396,4976640.0,1.596865854066228e-06,0.0007083011133305358
4988928.0,0.0006895432015880942,0.0006440090481495038,4988928.0,0.005132689361441105,0.005672218070928162,4988928.0,5.840256591417107e-10,0.0006831888031876989
5001216.0,0.0006333344817903708,0.0006498437597353282,5001216.0,0.005256441829260439,0.0056258031678832286,5001216.0,6.148554670684762e-11,0.0004864620082101449
5013504.0,0.0007043761467381652,0.0006556912040953951,5013504.0,0.00506484280776931,0.005545847638616882,5013504.0,5.3050147243993706e-05,0.0004915250999336233
5025792.0,0.0006288690162061054,0.0006523012349437826,5025792.0,0.0053444322547875345,0.005516462731854214,5025792.0,0.0018520929588703439,0.0006767339191889659
5038080.0,0.0006832918237099269,0.0006557446157785307,5038080.0,0.005356420847723105,0.0054889459861442455,5038080.0,7.250532754217905e-05,0.0006813322976496695
5050368.0,0.000701464759913506,0.0006598525305889779,5050368.0,0.005374129439587705,0.005422565447952366,5050368.0,0.0019613791367495046,0.000696051421538702
5062656.0,0.000699242524812386,0.0006662466772165014,5062656.0,0.005150581666384824,0.005327463484233401,5062656.0,0.00014034648143024242,0.0006110000243735615
5074944.0,0.000675134179800807,0.0006687047823713025,5074944.0,0.005287353839473023,0.005278959811403182,5074944.0,4.691809582328214e-07,0.0006109126127693402
5087232.0,0.0006567873100114715,0.000670009197286466,5087232.0,0.005707240634365007,0.005322689527626304,5087232.0,7.727640029611682e-10,0.0004081441516923772
5099520.0,0.0006845727411928237,0.0006756616185763656,5099520.0,0.005781413960600427,0.005345554664139248,5099520.0,0.001800087627392107,0.0005879932278461811
5111808.0,0.0006443313523050165,0.0006711404336480579,5111808.0,0.00571356967217677,0.005403642695212814,5111808.0,2.4680104004914938e-06,0.0005882399704836645
5124096.0,0.0006525903615208032,0.0006730660216211012,5124096.0,0.005372175117372535,0.0054152160240240246,5124096.0,0.001097644349404921,0.0006980043992756018
5136384.0,0.0006381605365580375,0.0006664444606030884,5136384.0,0.005123041984916199,0.0054210359417387124,5136384.0,0.001644634292460978,0.0008571628137973002
5148672.0,0.0006995645238324263,0.0006735140113657204,5148672.0,0.0050508237109170295,0.005391675087351663,5148672.0,9.32334475696924e-07,0.0006720467513578356
5160960.0,0.0006927487911525532,0.0006744597081099831,5160960.0,0.005551868976908736,0.005411219900270226,5160960.0,0.0003155083936690062,0.0006963470579705183
5173248.0,0.0006942377367522568,0.0006737370057938581,5173248.0,0.005104684673521358,0.00538427542366359,5173248.0,2.0482638074525994e-06,0.0005004139706763132
5185536.0,0.0007137111424526665,0.0006751838675578862,5185536.0,0.005327474558725953,0.005401964712897703,5185536.0,0.0019695063692779513,0.000683329959461084
5197824.0,0.000753211097617168,0.0006829915593395224,5197824.0,0.005212400094023906,0.005394469338352792,5197824.0,6.908467356699551e-06,0.0006839738881009306
5210112.0,0.0007574357565924098,0.0006930564039976162,5210112.0,0.004990916083139989,0.00532283688323029,5210112.0,0.0012796861768341234,0.0008119424285079427
5222400.0,0.0007924955834823777,0.0007038486882265715,5222400.0,0.00475665047512545,0.005220360534682792,5222400.0,0.0015262009346770355,0.0007845537592364356
5234688.0,0.000758468432953426,0.0007152623962914125,5234688.0,0.004494821936532389,0.005098485761118354,5234688.0,6.202144096449184e-08,0.0007843131603404828
5246976.0,0.0008008014616886309,0.0007300835063081953,5246976.0,0.004716076179950808,0.005032875867376182,5246976.0,6.326061193403139e-09,0.0006745493580061101
5259264.0,0.0008039028522640971,0.0007466577378788013,5259264.0,0.00472694401590464,0.0049932660704750265,5259264.0,0.0006302384475323682,0.000573109773513249
5271552.0,0.0008260317878618176,0.0007593044642817404,5271552.0,0.004936058542322523,0.004981789553615575,5271552.0,5.48578118042542e-06,0.000573565118183722
5283840.0,0.0007991763717048647,0.0007699472223369715,5283840.0,0.004698509823356289,0.00489645363826033,5283840.0,2.107410990011734e-06,0.0005422250199158226
5296128.0,0.0008494528874507523,0.0007854687374068209,5296128.0,0.0044760705034908215,0.0048335922212572775,5296128.0,0.001978967333343462,0.0007399169268694234
5308416.0,0.0008611522104426209,0.0008002128442058165,5308416.0,0.004260389973448279,0.00472688376272951,5308416.0,0.0012955855127074756,0.0006725248412123759
5320704.0,0.0008225416058849078,0.0008071458950325905,5320704.0,0.004763686163641978,0.004682012369691317,5320704.0,1.1766895499458012e-06,0.0006719516634317006
5332992.0,0.0008069271464895186,0.0008120950340223015,5332992.0,0.004829343093054679,0.004665855070682786,5332992.0,1.7115903480404333e-09,0.0005439832169073231
5345280.0,0.0008474221140204463,0.0008175876870761082,5345280.0,0.0045199476517154835,0.004642184788341789,5345280.0,4.655677733163393e-11,0.00039136312809529716
5357568.0,0.0008062624422867278,0.0008223670880094383,5357568.0,0.004310475446497246,0.004623750139338275,5357568.0,0.0017093473137113808,0.0005622916573223388
5369856.0,0.0008373747814403032,0.0008260244199846057,5369856.0,0.00429482872520263,0.004581625393863456,5369856.0,0.000643078972340542,0.0006265989219502737
5382144.0,0.0008224172737148668,0.0008278758621296827,5382144.0,0.004266722275739691,0.004535603219846962,5382144.0,3.376697524259953e-06,0.0005639127469494629
5394432.0,0.0008594762651531104,0.0008312203098588119,5394432.0,0.00416613754593224,0.004458611120207933,5394432.0,0.0018483516687410884,0.0007481993357055292
5406720.0,0.0008183376955154623,0.0008331364422398716,5406720.0,0.004185021915570057,0.00440726232942931,5406720.0,9.398604433386026e-06,0.0007489284550498667
5419008.0,0.0008575836206243063,0.0008339495155572271,5419008.0,0.004038477144301093,0.004363502993510337,5419008.0,4.737994048949664e-08,0.0005510364597095693
5431296.0,0.0008760938295987822,0.0008354436774728432,5431296.0,0.004060469402854021,0.004343510936450912,5431296.0,3.148883848981543e-10,0.0004214779399276603
5443584.0,0.0008925661247000486,0.0008424461293543573,5443584.0,0.004160839055354397,0.004283226225622152,5443584.0,2.5457058437986218e-12,0.0004213602712272362
5455872.0,0.0008832302355585853,0.000850076438261264,5455872.0,0.004112037395922623,0.004211495655908948,5455872.0,0.001849794652419708,0.0006063395653101722
5468160.0,0.0008849050442828835,0.0008538247312875075,5468160.0,0.004164796392918409,0.00417598053002924,5468160.0,0.00041706170046988217,0.0006480457307014828
5480448.0,0.0008858044226750886,0.0008617789293263439,5480448.0,0.00407027830563796,0.004151960815943313,5480448.0,0.00016095543393627546,0.0004932065427239723
5492736.0,0.0008976175155718616,0.0008678032027394997,5492736.0,0.00393106624687789,0.004115584568110838,5492736.0,1.5060369046674774e-05,0.00043040468239458556
5505024.0,0.0008822171193969552,0.0008737831873077085,5505024.0,0.0038388406707478375,0.004072796407611653,5505024.0,1.2601689258910179e-05,0.00043132718156805054
5517312.0,0.000901950482329994,0.0008780306090253968,5517312.0,0.004442799572037377,0.004100462610222166,5517312.0,1.8458763318777532e-08,0.00024649386057027354
5529600.0,0.0008612001295963031,0.000882316852433481,5529600.0,0.003940008949333181,0.004075961313598479,5529600.0,0.00029500905080362465,0.0002750549052072974
5541888.0,0.0008726732655001493,0.0008838258169210651,5541888.0,0.0039464032161049545,0.004066753920778866,5541888.0,0.0007529177446485846,0.0003503419416781069
5554176.0,0.0008749097942200024,0.0008837074133831871,5554176.0,0.0038620399427600205,0.004046910974769465,5554176.0,0.0019929103982576635,0.0005496329500150347
5566464.0,0.0008530722592089054,0.000879758026834073,5566464.0,0.003941017612911916,0.004024928830525217,5566464.0,0.0008702810973773012,0.0006366610594981944
5578752.0,0.0009130145005353066,0.000882736453331745,5578752.0,0.0038568211821257137,0.0039994072091455255,5578752.0,0.0013908256696595345,0.000590764161222177
5591040.0,0.0009000247500807745,0.0008842484239115339,5591040.0,0.003771878985086611,0.003960115468362346,5591040.0,7.106408925020939e-06,0.0005497686320676909
5603328.0,0.0008799128281680169,0.0008836592644608269,5603328.0,0.003713315265486017,0.0039244191643471515,5603328.0,8.87152888766803e-11,0.0005336730975455922
5615616.0,0.000905875952715481,0.0008844851081751889,5615616.0,0.00362553633749485,0.0038938661734088478,5615616.0,1.3930563722962946e-10,0.0005321670745714885
5627904.0,0.0009010277838873056,0.000886366174624224,5627904.0,0.003660399122357679,0.003876022018569832,5627904.0,2.830182468574184e-13,0.0005309069056738992
5640192.0,0.0009134145839198027,0.0008875125847832048,5640192.0,0.003508743245523268,0.0037826163859184213,5640192.0,1.8598498700690048e-14,0.0005309050597994273
5652480.0,0.0009006952686831937,0.0008914620986918938,5652480.0,0.0036188640539573194,0.003750501896380835,5652480.0,0.001958380325959297,0.0006972421873149945
5664768.0,0.0009483982160721401,0.000899034593749093,5664768.0,0.0035522066924992637,0.0037110822440202655,5664768.0,0.00011370838031628712,0.0006333212508817647
5677056.0,0.0009004174923272027,0.0009015853635598129,5677056.0,0.0034554998613505936,0.003670428235879323,5677056.0,0.0003544476083637467,0.00046947497189237295
5689344.0,0.0009349073695072244,0.0009097688745896449,5689344.0,0.0033944798803228573,0.0036157744626204172,5689344.0,5.048669509714425e-06,0.0003829517291056144
5701632.0,0.0008844972013927569,0.0009069171446753899,5701632.0,0.0034989502770865024,0.003579987372116496,5701632.0,2.5132187627304365e-08,0.0002438716753584236
5713920.0,0.0009469160243800919,0.0009116062721053217,5713920.0,0.00356125767333045,0.00355892524094088,5713920.0,8.984526270386141e-11,0.00024316104345044781
5726208.0,0.0008842723830942608,0.0009120422275979461,5726208.0,0.0034440247424451322,0.0035319961886367914,5726208.0,5.482943649952787e-13,0.00024316103463374833
5738496.0,0.0009354725607408909,0.000915001888400487,5738496.0,0.0034438159491401166,0.003513824149801318,5738496.0,0.000375785910025744,0.0002807396117057591
5750784.0,0.0008857130342221353,0.00091347041343397,5750784.0,0.003555926443368662,0.003503376881902416,5750784.0,0.0016695536930152837,0.0004476949809789856
5763072.0,0.0009275649517803686,0.0009148854502200266,5763072.0,0.0035155517155847824,0.003504057728908568,5763072.0,0.001723813120406703,0.000620076293017796
5775360.0,0.0009222889918116076,0.0009170448225328679,5775360.0,0.003374760133738164,0.003479647336886652,5775360.0,0.0010853859554723992,0.0005327768559691064
5787648.0,0.0009151844254423244,0.0009137234434698863,5787648.0,0.003310190217841106,0.0034554456894208365,5787648.0,3.3694817140883515e-06,0.0005217429661088864
5799936.0,0.0009150267954585919,0.0009151843737830253,5799936.0,0.003256881345199266,0.0034355838378057036,5799936.0,9.78103622632324e-09,0.0004862991833761344
5812224.0,0.0009453353589681986,0.0009162271727291228,5812224.0,0.0031438885198440403,0.0034105247017578223,5812224.0,5.23945063134913e-11,0.00048579432166461357
5824512.0,0.0009193864855963815,0.0009197161011494853,5824512.0,0.0030865577743194685,0.0033692854514811186,5824512.0,0.0005413913262777078,0.0005399309410736216
5836800.0,0.0008564412931567252,0.0009106686280271486,5836800.0,0.003039290202044261,0.0033170887043525,5836800.0,0.0018307563101795192,0.0007230065631070473
5849088.0,0.0008904391167258533,0.0009112853013903077,5849088.0,0.0031781330059554116,0.0032904995307035277,5849088.0,0.001521118844417894,0.0008751184474940072
5861376.0,0.0008904387544437972,0.0009067819207605984,5861376.0,0.003966533816613567,0.0033427713174508733,5861376.0,0.000875424335996892,0.0009250822900911219
5873664.0,0.0008910998388576749,0.0009073206012241524,5873664.0,0.003879057643644046,0.0033750844374784107,5873664.0,2.7211630708734447e-05,0.0007608480838604671
5885952.0,0.0009194012003111615,0.0009065042260772317,5885952.0,0.003445322266391789,0.0033680614925591123,5885952.0,4.7526169488776304e-07,0.0005885142979892855
5898240.0,0.0009197309558051833,0.0009062484224765892,5898240.0,0.003243221535133974,0.0033549076326986928,5898240.0,5.766818761525813e-10,0.0004799757601102332
5910528.0,0.0009243893937309622,0.000907168919305453,5910528.0,0.0033179213908927827,0.003355680750003861,5910528.0,2.372771525882151e-12,0.0004796388121761015
5922816.0,0.0008782051017988124,0.000903486749939475,5922816.0,0.0032615272890931615,0.00335614534439325,5922816.0,6.83426011637879e-11,0.0004796378409067391
5935104.0,0.000940167576118256,0.0009029699716544808,5935104.0,0.0032111150333851888,0.003362867995747365,5935104.0,0.001926961511344416,0.0006723339868017302
5947392.0,0.0008910521346479072,0.0009001365365596334,5947392.0,0.0032005542501186333,0.0033742676433272814,5947392.0,9.994883456935592e-05,0.0006281897376308949
5959680.0,0.0009102016544299355,0.0009055125726869543,5959680.0,0.003166119585027142,0.0033869505816255694,5959680.0,0.0018046850770285043,0.0006255826143157934
5971968.0,0.0009154438812402077,0.0009080130491383898,5971968.0,0.003078087017153545,0.003376945982745383,5971968.0,8.308317959896765e-05,0.0004817790478339007
5984256.0,0.000898802129086107,0.0009088493866026207,5984256.0,0.0031076713882309073,0.003291059739907117,5984256.0,2.3867198128968425e-07,0.00039426048143234045
5996544.0,0.0009247400254632036,0.0009122134052631736,5996544.0,0.003041413176106289,0.0032072952931533416,5996544.0,1.1646910013397387e-09,0.00039153943483056716
6008832.0,0.0009516230335672541,0.0009154355885887828,6008832.0,0.0029688700669794343,0.0031596500732121056,6008832.0,9.672061204698782e-13,0.00039149190875779904
6021120.0,0.0009338626108122602,0.0009168487540894907,6021120.0,0.002955581046990119,0.0031308860243977206,6021120.0,0.0019651425821696953,0.0005880061093065809
6033408.0,0.0009326461119295951,0.0009176744259093538,6033408.0,0.003234526959810561,0.0031225465812894982,6033408.0,1.3242753993836232e-05,0.0005893303844686874
6045696.0,0.0009130937044877404,0.0009211632861782467,6045696.0,0.003123154558124952,0.003108709308192677,6045696.0,0.0006356028310013547,0.0006528906607345627
6057984.0,0.0009591270463715773,0.0009230592332035789,6057984.0,0.003014028877563154,0.0030890006926104735,6057984.0,0.0012594731754992001,0.000586141827150041
6070272.0,0.0009355310251824752,0.0009275071222570356,6070272.0,0.0028879172629482732,0.0030577369938934373,6070272.0,1.996293061967691e-07,0.0005761669066237252
6082560.0,0.0009638054110231072,0.0009328674979163529,6082560.0,0.002926904515334172,0.003033815486924141,6082560.0,1.4599320659799039e-08,0.0003956998588529407
6094848.0,0.0009159888577414677,0.0009329219955664788,6094848.0,0.002840497121117854,0.0030100564973205715,6094848.0,1.8716227840557403e-11,0.00038739154276466677
6107136.0,0.0009577850566226213,0.0009388202883201301,6107136.0,0.0028477968480729032,0.002984069043304771,6107136.0,1.9660816401437025e-12,0.000387367675763146
6119424.0,0.0009264793522258211,0.0009389942209963919,6119424.0,0.002770279189765764,0.0029569556446707185,6119424.0,0.0020197019136200347,0.0005893377506560494
6131712.0,0.0009618107275552271,0.0009400129903951891,6131712.0,0.003018127687634357,0.002961881406736211,6131712.0,0.0009279011352797776,0.0006821278640873065
6144000.0,0.0009589954333932837,0.0009425262726532916,6144000.0,0.003008159801538568,0.0029671392821910563,6144000.0,6.178554084357302e-06,0.0004862314612787727
6156288.0,0.0009355302690892131,0.0009428146883692535,6156288.0,0.003179108198916462,0.002961597406101646,6156288.0,0.0005900654553746184,0.0005439137314168508
6168576.0,0.0009108863553895693,0.0009425939534594364,6168576.0,0.0032816739828073573,0.002977449348569887,6168576.0,2.040677265687426e-06,0.0004805575160432841
6180864.0,0.0009235488093205882,0.0009390361297543373,6180864.0,0.003074379653601985,0.0029834844261737692,6180864.0,1.0623068973092398e-08,0.00035461126080026144
6193152.0,0.0009414379646841553,0.0009396268237045055,6193152.0,0.0029212394062293847,0.002986816640501881,6193152.0,3.7316592208146725e-11,0.00035459130160130103
6205440.0,0.0009238305638064048,0.0009356293389828352,6205440.0,0.0026720633043926987,0.0029613325194077335,6205440.0,0.0016238882465889521,0.0005169786663281302
6217728.0,0.0009288239662055275,0.0009369128498292412,6217728.0,0.0028220760311038853,0.0029594904104063365,6217728.0,0.0013400585776253138,0.0006509845222190389
6230016.0,0.0009480660325304294,0.0009359409474200218,6230016.0,0.0027493833816455058,0.0029496490637635963,6230016.0,0.0003435550232400904,0.0006853400243464397
6242304.0,0.0009175239962739093,0.0009350454118248307,6242304.0,0.002736738218421427,0.002946294966629163,6242304.0,3.221896810146063e-05,0.0004865917297945823
6254592.0,0.0009726464068080531,0.0009361289797501133,6254592.0,0.002814463422206851,0.002925928540086412,6254592.0,0.0019475553484274617,0.0005885571511093507
6266880.0,0.0009279730763106878,0.0009330267440418536,6266880.0,0.002917437715950655,0.002916856331527621,6266880.0,4.1547919676550764e-06,0.0005883547748976804
6279168.0,0.0009650679730839329,0.0009359805144413258,6279168.0,0.0034569093731988687,0.0029446364489558617,6279168.0,2.7285042593361286e-09,0.0005293485022106445
6291456.0,0.0009426503029317246,0.0009391569091955412,6291456.0,0.003181136004665556,0.0029345826511416816,6291456.0,0.0019951501665976443,0.0007286594511438403
6303744.0,0.0009354488383905846,0.000940346912102541,6303744.0,0.00308938191907752,0.0029360828776892355,6303744.0,3.2703575598702628e-06,0.00072898542459293
6316032.0,0.0009674723842181265,0.0009429503540559381,6316032.0,0.003198521522184213,0.002963811089284718,6316032.0,0.00027242013349374855,0.0007562274342106456
6328320.0,0.0009014238706489172,0.0009407096847401893,6328320.0,0.0030146350824603965,0.002998068267091488,6328320.0,0.00017641595309214608,0.000611480204860965
6340608.0,0.0009526055079428867,0.0009430878389139252,6340608.0,0.0029352963902056217,0.0030093903030016618,6340608.0,0.0017488619857128167,0.0006523605456697153
6352896.0,0.000941812684989903,0.0009424625041598725,6352896.0,0.0029232515638189702,0.0030267771212190075,6352896.0,0.0009819140110873075,0.000716196444454437
6365184.0,0.0009340555322220704,0.0009441156577546886,6365184.0,0.0028083413283942114,0.003033937432216286,6365184.0,2.19247533017608e-06,0.0007131937951773086
6377472.0,0.0009363249137095409,0.0009404835084448374,6377472.0,0.0027304872346576303,0.003025539813461364,6377472.0,1.4629612849148543e-05,0.0005199012216194772
6389760.0,0.000967418339617628,0.0009444280347755315,6389760.0,0.0027008041446000184,0.0030038764563263005,6389760.0,0.00025487901166343363,0.0005449736435890551
6402048.0,0.0009820096856856253,0.0009461222060357007,6402048.0,0.0026743199183935453,0.002925617510845768,6402048.0,0.0019896133065534136,0.0007439347013939706
6414336.0,0.0009566001093238204,0.0009475171866749104,6414336.0,0.0026842834922717884,0.0028759322596063914,6414336.0,2.003829417655349e-05,0.0005464235141518615
6426624.0,0.0009975110060622683,0.0009537234034420788,6426624.0,0.002638461085249825,0.0028308401762236223,6426624.0,3.4223296391170756e-05,0.0005495188080349916
6438912.0,0.0009509366497392572,0.0009520698299941918,6438912.0,0.0028936654186206092,0.0028003545658672616,6438912.0,0.00016939085306451793,0.0005392158799920685
6451200.0,0.000992083664035211,0.0009611358093328211,6451200.0,0.002935506865469506,0.002792441744168173,6451200.0,0.0010235951922368258,0.0006239338039065363
6463488.0,0.0009743100260190355,0.000963306261140436,6463488.0,0.0033396982677610745,0.002832881931923718,6463488.0,1.4201969923040755e-05,0.0004504678023275588
6475776.0,0.0009810901222711739,0.0009672340048685632,6475776.0,0.003090184326235127,0.0028495752081653335,6475776.0,0.001830409965502137,0.0005353173977690418
6488064.0,0.0009589381400777105,0.0009697222656541271,6488064.0,0.003749023991986178,0.0029436434745245305,6488064.0,2.496540204788289e-06,0.000535347804256503
6500352.0,0.0009607414625255236,0.0009721639205357254,6500352.0,0.003945417280192487,0.0030651364790780155,6500352.0,6.29788421235844e-06,0.0005345146313928239
6512640.0,0.00101365074867014,0.0009767871614409765,6512640.0,0.004188781199142492,0.0032139341845322635,6512640.0,0.0016388043034870254,0.0006729071605751831
6524928.0,0.000990208543347156,0.0009776070472071296,6524928.0,0.004426972176588606,0.003389199410351769,6524928.0,0.0011206630812618339,0.0005860121380460253
6537216.0,0.0009811948621063493,0.0009800665224853826,6537216.0,0.0047602067328019375,0.0035967917344047846,6537216.0,1.2600811053845953e-07,0.0005840209094394237
6549504.0,0.0009644688755846195,0.0009767623094376178,6549504.0,0.004976001999845418,0.0038305458258643434,6549504.0,0.0003684171485171343,0.00061744029465202
6561792.0,0.0010054886527844549,0.0009822175097421375,6561792.0,0.004918348543772784,0.004033014138379561,6561792.0,0.0009873531622967373,0.0006992365255752421
6574080.0,0.0009918115326096693,0.0009821902965995832,6574080.0,0.004268628603313118,0.004166326312163923,6574080.0,2.3067932166516886e-05,0.0005991837995682111
6586368.0,0.0009889158142565673,0.0009836508754233362,6586368.0,0.004305923646218919,0.004262948850009707,6586368.0,0.001950069585897533,0.0007927705611656602
6598656.0,0.0009597225465161804,0.0009815141178478371,6598656.0,0.004398424372387429,0.0043937728546249374,6598656.0,3.6611425298834397e-06,0.0006100956788684349
6610944.0,0.0010133852216919574,0.0009869588260092617,6610944.0,0.004715135917649604,0.00449038404719128,6610944.0,2.676574813638884e-05,0.0006125225996615949
6623232.0,0.0009601616511645261,0.000986900844873162,6623232.0,0.004742130751158887,0.00457005539428792,6623232.0,2.2893842147671723e-05,0.0006141821954551263
6635520.0,0.0010194052016837911,0.0009874762901745271,6635520.0,0.004279938921778618,0.004579171166551532,6635520.0,0.0019521419101996191,0.0006455159561263857
6647808.0,0.0009348318268772952,0.000981938618527541,6647808.0,0.004343767565539262,0.0045708507054465965,6647808.0,1.2304686492825567e-05,0.0005346801166494848
6660096.0,0.0009964131474286357,0.0009834604470597696,6660096.0,0.004321136332388657,0.004526943665405269,6660096.0,0.0009522408745397115,0.0006298916032924021
6672384.0,0.000985627722911886,0.0009855763317924962,6672384.0,0.004380548591143452,0.0044673983245350725,6672384.0,0.0002499939955669106,0.0006180492879973798
6684672.0,0.0009716725013883357,0.0009821947166528844,6684672.0,0.004540181599926048,0.0044295816301504,6684672.0,0.00012112608616613822,0.0005314265803843199
6696960.0,0.0009552081016105755,0.000978534373552975,6696960.0,0.004213668456941377,0.004424085615513226,6696960.0,0.0019526168016454903,0.0007243814673322173
6709248.0,0.0009766408096159769,0.000977306873088916,6709248.0,0.0041250524106241455,0.004405998491953748,6709248.0,0.00043168420446212014,0.000572542929188676
6721536.0,0.0010027428024841356,0.0009816088986857115,6721536.0,0.003915953600274709,0.004357751414742476,6721536.0,8.594354564313752e-07,0.0005722627584813306
6733824.0,0.001009841653285548,0.0009812545418450705,6733824.0,0.004152980000071693,0.004301535822984685,6733824.0,3.91522363714832e-07,0.0005696253359040633
6746112.0,0.0009778766210123042,0.0009830260388298483,6746112.0,0.0042784552012259764,0.004255168267991393,6746112.0,9.756411847305912e-07,0.0005674335158077691
6758400.0,0.0009805190675251652,0.0009791374254139859,6758400.0,0.004098619770957157,0.004237036352909247,6758400.0,0.0014595581057316547,0.0005181751353609728
6770688.0,0.0009906939928138552,0.0009847236420076418,6770688.0,0.003935839932334299,0.004196243589588752,6770688.0,0.0007299877433979418,0.0005899434410514844
6782976.0,0.0009979615939907187,0.00098487848666385,6782976.0,0.003815248164755758,0.004145654772825461,6782976.0,1.0735612896439761e-06,0.0004948267097264778
6795264.0,0.0009913704052451067,0.000985452754897172,6795264.0,0.003994930814466595,0.004107092995157776,6795264.0,0.0019220499040481325,0.0006620323005745999
6807552.0,0.0010325766358315984,0.0009915431683414984,6807552.0,0.004115060376837694,0.004064580872848941,6807552.0,9.189013008873795e-06,0.0006508385932588735
6819840.0,0.0009919853515990933,0.00099522089334035,6819840.0,0.003873939504652905,0.004030607977620093,6819840.0,0.0007018526321189711,0.0005257621763062215
6832128.0,0.0010328082814036559,0.0010008376405191179,6832128.0,0.003719069551152643,0.003990009691672943,6832128.0,1.37006972552219e-06,0.00048273076283256167
6844416.0,0.0009565347008901881,0.0009962168303597233,6844416.0,0.0036164428456686437,0.003960058616212336,6844416.0,0.001854106421887991,0.0006680554614757176
6856704.0,0.001010740486284097,0.0009963067136595782,6856704.0,0.0038545042746894373,0.003930211043674111,6856704.0,0.00010393378484726175,0.0006784096877240724
6868992.0,0.0009685375583406616,0.0009953728073924142,6868992.0,0.003683984905364923,0.003870764014088006,6868992.0,1.8339906802111727e-06,0.0006784955226736204
6881280.0,0.000998247024350955,0.0009971456030749928,6881280.0,0.0036075905300094746,0.0038216610899932378,6881280.0,0.0010569283810279255,0.0006382325502032475
6893568.0,0.0009705944094093866,0.000995135644734546,6893568.0,0.003686803623471254,0.003796757459106933,6893568.0,0.00025597452910612145,0.0005908312287740654
6905856.0,0.000998191562757711,0.0009951586416112451,6905856.0,0.003451802095999786,0.003760412852231336,6905856.0,2.941557362134972e-06,0.0005910180283813146
6918144.0,0.0010037724332505604,0.0009963988444117908,6918144.0,0.003349067354671812,0.003695826506251857,6918144.0,0.0005962267835760334,0.00045843571633410465
6930432.0,0.0010177250881800621,0.0009949136896466372,6930432.0,0.003322730840106184,0.0036165935525787063,6930432.0,0.00013673250767472686,0.0004711900658006899
6942720.0,0.0009981363731033828,0.0009955287917970661,6942720.0,0.0033830893589765765,0.0035675085380110737,6942720.0,0.0012717778111740092,0.0005281825837061937
6955008.0,0.000981794678712807,0.0009904274315279812,6955008.0,0.0038662560376299857,0.003582227186658808,6955008.0,0.0009072637227897454,0.0006187719490126162
6967296.0,0.0009820792426277574,0.000992981885701738,6967296.0,0.00414400869825234,0.0036349837719171782,6967296.0,0.0019222044829803053,0.0006255817551218476
6979584.0,0.0010065157496986406,0.0009925594120431924,6979584.0,0.0041562814731150866,0.003665161491759743,6979584.0,6.220229892051066e-05,0.0006214086065291724
6991872.0,0.0009970871954768274,0.000995414375756809,6991872.0,0.0046024748153286055,0.00375701048275611,6991872.0,4.456892270983855e-08,0.0006212296643534223
7004160.0,0.001000248782474955,0.000995614551569209,7004160.0,0.005583060650678817,0.0039545574948230446,7004160.0,0.0010369176179665374,0.0006192285880472835
7016448.0,0.0009751249156882599,0.0009960676021970962,7016448.0,0.005839515341601024,0.004169828666636021,7016448.0,6.572328670036616e-06,0.000594288368003675
7028736.0,0.0009653610595705686,0.000992784551878382,7028736.0,0.006059251805709209,0.004430573637606964,7028736.0,0.001796757892104021,0.0007736700014778636
7041024.0,0.0009705776252909951,0.0009894650710824255,7041024.0,0.005819136245312014,0.004677580526670984,7041024.0,0.0001746188033848739,0.0007315092034587477
7053312.0,0.0010020008885476273,0.000987892651119182,7053312.0,0.006032457839561782,0.004948553226616545,7053312.0,1.162098040315603e-06,0.0007179521624953065
7065600.0,0.000998722150446459,0.0009879512288534897,7065600.0,0.005999427174780673,0.005210187008196953,7065600.0,0.0018543498263170477,0.0007762093640096104
7077888.0,0.0010282371774034498,0.000992595478722554,7077888.0,0.005844648939576776,0.005408026298391632,7077888.0,3.952423392424483e-06,0.0006858782340698782
7090176.0,0.0009950034121478286,0.0009938878956745612,7090176.0,0.005390509300923441,0.005532676358658743,7090176.0,7.750570023290493e-05,0.0005014083557951381
7102464.0,0.0009880630702051956,0.0009920426277252165,7102464.0,0.005447672830390123,0.005661815494386247,7102464.0,3.0517369680183037e-05,0.0004982398628711054
7114752.0,0.0009899044459113309,0.0009913243527686667,7114752.0,0.006942280529377361,0.005895796065791123,7114752.0,5.104528090290235e-06,0.0004987458587878634
7127040.0,0.000988606926208983,0.0009901601671420696,7127040.0,0.007032174553993779,0.006040707456122618,7127040.0,0.001901546559262594,0.0005852087529174691
7139328.0,0.0010136141542413195,0.0009940090909973756,7139328.0,0.0061706983591041835,0.006073825757872934,7139328.0,1.323861621808457e-06,0.0005846839062126464
7151616.0,0.0010348193864047062,0.0010009549236807895,7151616.0,0.006474499263276812,0.006115350503629694,7151616.0,0.00024303932885535082,0.00042931204988777924
7163904.0,0.0010081100062961923,0.0010047081617813093,7163904.0,0.0057172167241030065,0.006105158551508793,7163904.0,0.0020021218800441907,0.0006120623575537109
7176192.0,0.0010164174606567637,0.0010061498189922228,7176192.0,0.006634129007579759,0.006165325668310591,7176192.0,2.5850336768939997e-06,0.0006122046511173688
7188480.0,0.001030703860427214,0.0010093479899902984,7188480.0,0.006535331708922361,0.006218916121724761,7188480.0,0.00019046036724527463,0.0004458157052101916
7200768.0,0.0010187932642414428,0.0010084035986740979,7200768.0,0.005959666547520707,0.006230417882519153,7200768.0,6.986302394373922e-07,0.0004454903258948929
7213056.0,0.001060804551646773,0.0010149837126239923,7213056.0,0.00676885039138142,0.006368251991564951,7213056.0,0.002078662703449178,0.00064560602621652
7225344.0,0.0010071882085564237,0.001016896226459115,7225344.0,0.0073281070120477425,0.006556295409730713,7225344.0,1.8953217217898555e-06,0.0006427438214206807
7237632.0,0.0010198594967126458,0.0010198917315392465,7237632.0,0.007310290743286411,0.006593096431121619,7237632.0,1.292039302399258e-08,0.0006422346606509541
7249920.0,0.0009755236411971661,0.0010185834030380647,7249920.0,0.007273922805325128,0.006617271256254753,7249920.0,0.00029037036483714473,0.00048111704120840917
7262208.0,0.0010065357370573718,0.0010178755613196697,7262208.0,0.0068002890329808,0.0066802303236424155,7262208.0,0.0017388624055456603,0.0006548708956007945
7274496.0,0.0009799917267325025,0.0010123927953524495,7274496.0,0.006546617325511761,0.00668744212986591,7274496.0,1.636018724108605e-05,0.000632202981439368
7286784.0,0.000962205227248584,0.0010078023174476887,7286784.0,0.0066245735458020745,0.006778177812035817,7286784.0,1.8621960952221645e-05,0.000433852989530171
7299072.0,0.0010103327555649837,0.0010071938469385106,7299072.0,0.006727820242910336,0.0067875469355688734,7299072.0,0.0008070053809206001,0.0005142950242545416
7311360.0,0.0009980196900869487,0.001003925429904484,7311360.0,0.006802842127702509,0.006814297977446889,7311360.0,0.00046227164117832825,0.0005414761516478471
7323648.0,0.0010043342639013038,0.0010024795298704705,7323648.0,0.006369875380187295,0.006855318860713548,7323648.0,2.378160886736443e-08,0.0005414086667847901
7335936.0,0.0009643741996114841,0.0009928364946669415,7335936.0,0.006588590428388367,0.006837292864414243,7335936.0,0.0019470690391851047,0.0005282493003583826
7348224.0,0.001041838935028257,0.0009963015673141247,7348224.0,0.006610148838565995,0.006765497047066067,7348224.0,2.5303297708963632e-06,0.0005283128011632933
7360512.0,0.000980708675342612,0.0009923864851771216,7360512.0,0.007016233284957707,0.006736091301233198,7360512.0,0.0012883702960001149,0.0006571485387240025
7372800.0,0.0009912695889700747,0.0009939610799544123,7372800.0,0.007280905017978512,0.006736789522498536,7372800.0,1.5477380434466188e-05,0.0006296592402837345
7385088.0,0.0010033735979959602,0.000993644866048271,7385088.0,0.006737584704145168,0.0067305190896149725,7385088.0,2.6678340832771613e-07,0.00045579967807000125
7397376.0,0.0010071537665983972,0.0009963610700348606,7397376.0,0.006685095829501127,0.006744366940013909,7397376.0,0.0019405300845392048,0.0006482166677998131
7409664.0,0.001009715150454819,0.001001112062355484,7409664.0,0.007660625424856941,0.0068479721279193955,7409664.0,3.4102920688875806e-06,0.0006466955009114798
7421952.0,0.0010570702337039013,0.0010057858101693757,7421952.0,0.007135595811026481,0.00688874968473101,7421952.0,0.0018143547282913157,0.0007474304356485514
7434240.0,0.0010201056938967668,0.0010079944105503577,7434240.0,0.006646925437962636,0.006873158015757022,7434240.0,5.761129805807267e-07,0.0007012608828287767
7446528.0,0.0009870964501412043,0.0010062706291743477,7446528.0,0.007000698271440342,0.006936240304882327,7446528.0,4.2332163685890323e-10,0.0007012585470000537
7458816.0,0.0010114104237194017,0.0010109742515851394,7458816.0,0.007057884877819258,0.006983169749825417,7458816.0,0.0012682134401984513,0.0006333729871013883
7471104.0,0.0010225245417435265,0.0010090428122566664,7471104.0,0.006933961970692811,0.007015551063038097,7471104.0,0.00013083767180432915,0.0006462037213047316
7483392.0,0.0010045416123224034,0.0010114261059546456,7483392.0,0.006642638822086155,0.006978191616750942,7483392.0,3.4592981168479753e-07,0.0005174012846858886
7495680.0,0.0010283758823182627,0.0010151367352894645,7495680.0,0.007157498155720532,0.006965850930525144,7495680.0,0.0004155065265270726,0.0005574041992951491
7507968.0,0.0010201856154405202,0.0010168179370339202,7507968.0,0.007075417059240863,0.006999634166034714,7507968.0,0.0006474850112378286,0.0006221260220780992
7520256.0,0.0009939427003094654,0.0010154968304050271,7520256.0,0.006702490238239989,0.007001373606908601,7520256.0,0.00011783710836728763,0.0004398567244609075
7532544.0,0.0010143817150189232,0.0010159634868614376,7532544.0,0.006477713677062032,0.006883082432129109,7532544.0,1.766373228425285e-07,0.00043953335898630296
7544832.0,0.0009739495890244143,0.0010076514223934887,7544832.0,0.0062299787799323285,0.006792520729019695,7544832.0,0.001969531316717621,0.0004550510178289335
7557120.0,0.0010415288276514427,0.0010097937357689563,7557120.0,0.006111275598717232,0.0067389557450951544,7557120.0,9.066554987668951e-06,0.00045590006202964235
7569408.0,0.0009655947296778322,0.0010076435637226193,7569408.0,0.00641778055675483,0.006680663973626604,7569408.0,0.0009649450903452816,0.0005523945287320069
7581696.0,0.0009899007194083727,0.0010054925932915164,7581696.0,0.006157247635807532,0.006590600249425429,7581696.0,2.1924373250215012e-06,0.0004257924284446638
7593984.0,0.0009753065129795383,0.0010007707904151175,7593984.0,0.006281682190698727,0.006525372271426022,7593984.0,0.0013290250244608615,0.0005456111637103171
7606272.0,0.0010019671305296167,0.0010005133422358388,7606272.0,0.0061476178986292025,0.006475870179080326,7606272.0,2.8481179763654534e-05,0.0005484246887055141
7618560.0,0.000984380321824574,0.00099611378618647,7618560.0,0.006053633405826986,0.006365483704090971,7618560.0,4.5772626222628787e-07,0.0005069198086790295
7630848.0,0.0010102059659402585,0.0009951158212364436,7630848.0,0.0060818714943404,0.006266129147600927,7630848.0,8.735329541191087e-07,0.00044225866085065854
7643136.0,0.0010185804500603506,0.0009975795962115321,7643136.0,0.0058990581358860554,0.0061857859373655325,7643136.0,0.0006443560187108233,0.0004949105518850121
7655424.0,0.0010177005154522096,0.000997911476254861,7655424.0,0.0056504186407740535,0.006103056433736735,7655424.0,1.0088647208306156e-05,0.0004959017528735584
7667712.0,0.0009903154532366898,0.0009995480626760886,7667712.0,0.005734361409849953,0.006053494696728497,7667712.0,0.002051026166858113,0.0005040512378876076
7680000.0,0.0010157573754743983,0.000996970917458384,7680000.0,0.005677001436803645,0.006010067280537138,7680000.0,0.001851912344742838,0.0006883358168631245
7692288.0,0.0009991617765384337,0.0010003276221444445,7692288.0,0.005505298271600623,0.005918819052021717,7692288.0,0.0011440598624782676,0.0007062472940764232
7704576.0,0.0010065292529664778,0.001001990475500255,7704576.0,0.005893219303591953,0.00589241621880016,7704576.0,6.915040819954754e-07,0.0007060972007521206
7716864.0,0.000996278594660301,0.0010040876836683312,7716864.0,0.00567037475896844,0.005831285475627132,7716864.0,1.2081562708599058e-08,0.0005731959064623051
7729152.0,0.0009890076089504873,0.001002791731510418,7729152.0,0.005179156942176633,0.005734439379981875,7729152.0,0.0007226150434386606,0.0006426092928298059
7741440.0,0.0009995068045706528,0.0010043043797850258,7741440.0,0.00580658017861424,0.0057097340572606,7741440.0,3.293580466875075e-07,0.0006425964560082519
7753728.0,0.001020062006621932,0.0010052899838531933,7753728.0,0.0055687243778569,0.00565841934561225,7753728.0,2.8149275001017788e-05,0.0006453240302129418
7766016.0,0.0010337980250672747,0.0010068117413538859,7766016.0,0.0056786775118477335,0.005636381283208417,7766016.0,6.691881494210368e-05,0.0005875803098360698
7778304.0,0.0009989413432170597,0.0010049358241303707,7778304.0,0.00558841647580266,0.005630181066711278,7778304.0,0.001920013215567451,0.0007785727666719843
7790592.0,0.001042201846454797,0.0010101244634521816,7790592.0,0.005502780108751419,0.005607022936601425,7790592.0,0.00023283881531218262,0.0005967540315173912
7802880.0,0.0009845665827015182,0.0010070053841748933,7802880.0,0.00573457821883494,0.005612780614804554,7802880.0,1.4785573966946686e-05,0.00041304135443980217
7815168.0,0.0010315125497678916,0.0010102404614978392,7815168.0,0.005776364048263834,0.005639887192470875,7815168.0,0.001967923391930526,0.000495427707385028
7827456.0,0.0010181395591644105,0.0010114014921176325,7827456.0,0.005426172998947247,0.0055931825620064044,7827456.0,3.603819851131599e-06,0.0004957189389619416
7839744.0,0.0010091944562494366,0.0010126930782765461,7839744.0,0.00569113854241247,0.005595258940350807,7839744.0,3.669202484439064e-08,0.0004957214000081554
7852032.0,0.001010115489407326,0.00101480386632223,7852032.0,0.0055239973128967295,0.005629742977422818,7852032.0,0.001633803922838221,0.0005868402879481112
7864320.0,0.0010441643971716985,0.0010192696255823344,7864320.0,0.005668776265035073,0.0056159625860649,7864320.0,0.0018833662143151741,0.00077514397357496
7876608.0,0.0010121914019691758,0.0010184825651170589,7876608.0,0.0053251304852892645,0.005591603196808137,7876608.0,0.00011868475401873486,0.0007841975214767316
7888896.0,0.0009987701657034147,0.0010149797791806727,7888896.0,0.005260028262758472,0.005549738271899212,7888896.0,4.3678584497423384e-07,0.0007775493185670187
7901184.0,0.0010275279443400602,0.001017838439292973,7901184.0,0.005018139502984316,0.005492710574617378,7901184.0,4.597916797299817e-08,0.000585552594927071
7913472.0,0.0010325138515933456,0.0010168696398068278,7913472.0,0.005006678150190662,0.005443100378761301,7913472.0,0.00018948806359730952,0.0005812175197555836
7925760.0,0.0010162514226976782,0.0010200381238064439,7925760.0,0.004859234017203562,0.005355565958598163,7925760.0,2.2174178487451477e-06,0.0005799607041437634
7938048.0,0.0010043489255622262,0.0010173217613858772,7938048.0,0.004744441318810762,0.005252373685652857,7938048.0,5.078699345332597e-08,0.00038317344365005614
7950336.0,0.001053259132580327,0.0010208337187274689,7950336.0,0.004735194760238907,0.005183275861782022,7950336.0,0.00037494402052592096,0.0004203074637175351
7962624.0,0.0009825866557851743,0.0010181729386810427,7962624.0,0.0045782021528187515,0.00507198222282265,7962624.0,0.0019002644664093775,0.0006103302411559884
7974912.0,0.001044164066721957,0.001021577796412506,7974912.0,0.0045942673095851205,0.004979009222491489,7974912.0,4.0823173729146824e-05,0.000451032166245081
7987200.0,0.0010030945468315622,0.001017470811378492,7987200.0,0.004567947355099022,0.004868926331497884,7987200.0,3.7261025709334206e-08,0.00026269927091613444
7999488.0,0.0010711415258507866,0.001023365823766653,7999488.0,0.004476684276596643,0.004784081710628623,7999488.0,0.0017717072914820164,0.0004280015246624627
8011776.0,0.0010010015072718186,0.0010235889579234935,8011776.0,0.004395476321709187,0.0046976265165236935,8011776.0,1.7669649701919827e-06,0.00042813454257498434
8024064.0,0.0010279533792830382,0.0010236315014177915,8024064.0,0.004247033141534,0.004620515880378662,8024064.0,1.296241377198489e-08,0.0004281312408995643
8036352.0,0.0010234051842417102,0.0010227206346826278,8036352.0,0.004105071917971752,0.00453035525715677,8036352.0,0.0005638553557218984,0.00046556797011202317
8048640.0,0.0010271375152418234,0.0010238092439370425,8048640.0,0.004098761656981272,0.004454308021134541,8048640.0,0.0008976295809285754,0.0005551091864200062
8060928.0,0.0010268080932291923,0.001026055160703739,8060928.0,0.004058090715261642,0.00438567296077963,8060928.0,0.001601220368684153,0.0007152261445890762
8073216.0,0.0010562259658399853,0.0010263518440297049,8073216.0,0.004088750186686714,0.00432102850342441,8073216.0,2.0275381480416854e-06,0.0006779344963512882
8085504.0,0.0009745698152983095,0.0010255501599810183,8085504.0,0.004089467993859823,0.004272155087528517,8085504.0,4.1261269634181495e-05,0.0004920341766737686
8097792.0,0.0010975615314237075,0.0010308899064511933,8097792.0,0.00408822169265477,0.004221550525835482,8097792.0,0.00041609562049416127,0.00052956142135027
8110080.0,0.000991817223621183,0.0010297621741301554,8110080.0,0.003953782324970234,0.004160134022822603,8110080.0,1.7648496117569797e-11,0.0005295576970125488
8122368.0,0.0010537968216037068,0.0010280277037054474,8122368.0,0.003928233486173364,0.004105288943780276,8122368.0,2.406080960628184e-09,0.0003523872084724432
8134656.0,0.001016686873602642,0.0010295962403385297,8134656.0,0.003927848658349831,0.004058526177444339,8134656.0,0.0006513547556702785,0.00041734598754245185
8146944.0,0.001048239785329012,0.0010316248809431271,8146944.0,0.003901960398555578,0.004024018903146498,8146944.0,0.0019708722247742116,0.0006144319137784958
8159232.0,0.0010323132294918953,0.0010325156854681457,8159232.0,0.004131492200637392,0.004026660931413062,8159232.0,2.872545858068065e-06,0.0005583336327921128
8171520.0,0.0009986962049879367,0.0010296715544427571,8171520.0,0.004143260104077247,0.004031110776122659,8171520.0,9.199419300405983e-09,0.00046857159464118523
8183808.0,0.0010299518792938518,0.0010299859330492231,8183808.0,0.0038749021841795184,0.004012791923014448,8183808.0,4.929542819572437e-06,0.00030894251205472727
8196096.0,0.0010082730113936123,0.0010251906376045857,8196096.0,0.004054753340218061,0.004009392238367582,8196096.0,3.370310915536597e-07,0.00030877346134907844
8208384.0,0.001009958956274204,0.001028729551702175,8208384.0,0.0039177349002178135,0.003992218929003382,8208384.0,3.7756149965743426e-08,0.0003046511100006568
8220672.0,0.0010109465868784657,0.001020068057247651,8220672.0,0.003890409061568789,0.0039724376658947826,8220672.0,8.579073881853638e-09,0.0002630424058586289
8232960.0,0.0010484124195500044,0.001025727576840533,8232960.0,0.003804620976249377,0.0039575215310226975,8232960.0,0.0019294579772880145,0.00045598820182258073
8245248.0,0.0010195465735402347,0.0010223025520341858,8245248.0,0.0038833060971228406,0.003953028792117645,8245248.0,5.629249031358086e-06,0.00045655088611762053
8257536.0,0.0010301431945360189,0.0010236481841275234,8257536.0,0.003816985309337421,0.003941942457216403,8257536.0,3.3741730233923427e-08,0.000391418784723616
8269824.0,0.0010251341451900469,0.0010213376201136269,8269824.0,0.0037381165214659027,0.003925558069507435,8269824.0,0.0012277718166539369,0.00031710874391158855
8282112.0,0.000996787823169143,0.0010177850794813518,8282112.0,0.00370205431196761,0.0038826142806404574,8282112.0,1.4873225211431418e-06,0.0003169702215778961
8294400.0,0.0010239246427469577,0.0010203079232572539,8294400.0,0.0036117577668240606,0.0038294640469151387,8294400.0,3.201533360641662e-08,0.0003169725031693266
8306688.0,0.0010012141604723486,0.0010174341513751034,8306688.0,0.0036224282545542033,0.003804216653952608,8306688.0,1.7458205230138726e-10,0.00031647956634557465
8318976.0,0.0010122029513392288,0.0010178271453696653,8318976.0,0.0035477920609991997,0.0037535205260307214,8318976.0,0.0020331237525776182,0.0005197582384941812
8331264.0,0.0010342530664881149,0.001020256556391056,8331264.0,0.003441495001122045,0.003705896536121144,8331264.0,0.00029393345069668914,0.0005491478079488534
8343552.0,0.0010274603006716159,0.0010219079277703712,8343552.0,0.003400006467321267,0.003656856276696393,8343552.0,2.2003770533037445e-06,0.0005493669877467955
8355840.0,0.0010494432165918017,0.0010220110074745511,8355840.0,0.0033891055112083754,0.0036153047301922927,8355840.0,0.0009080154365316654,0.00044722273367116077
8368128.0,0.0009982006916591974,0.0010198764192864474,8368128.0,0.003340647686854936,0.003561038889165502,8368128.0,2.2676654358140997e-05,0.00044892747420383896
8380416.0,0.0010684852253082984,0.0010237106223636755,8380416.0,0.0033336668687600954,0.0035127070451077694,8380416.0,1.2424720700436134e-07,0.00044893652475151604
8392704.0,0.0010065248752653133,0.001021849695371202,8392704.0,0.003308081233020251,0.0034697035162632047,8392704.0,1.7791694195747979e-10,0.0003261593608778166
8404992.0,0.0010181036644401804,0.0010239812794983058,8404992.0,0.0033059116273458735,0.0034300892478010304,8404992.0,0.0012867061341239605,0.00045468124203809835
8417280.0,0.0010211162334599067,0.0010237004385696008,8417280.0,0.00327506484851862,0.0033964199559704867,8417280.0,0.0018274308070734453,0.0006374211212120821
8429568.0,0.001032970013814823,0.0010268760239038482,8429568.0,0.003253074384701904,0.0033594845689852563,8429568.0,0.00021729975029908624,0.0006591510787837856
8441856.0,0.0010354242755662806,0.001029198156326553,8441856.0,0.0032472442010960854,0.003329429782994946,8441856.0,3.1472604751966077e-07,0.00045587017613077564
8454144.0,0.0010278954123350559,0.0010285623909112472,8454144.0,0.003181135803364062,0.0033033938632191463,8454144.0,0.0010497885335401709,0.0005314556844151239
8466432.0,0.0010312486053104901,0.0010289412213751346,8466432.0,0.0034148741857886003,0.00330488063506588,8466432.0,2.5713384458706895e-07,0.0005312613600942523
8478720.0,0.0010204623777099187,0.0010260431374869464,8478720.0,0.0033019770295747244,0.0032961677869025154,8478720.0,1.2843891092466826e-09,0.00044045994487999665
8491008.0,0.001051903764164308,0.0010314134447374575,8491008.0,0.00328611149113082,0.003290714167330104,8491008.0,0.0019166495743168828,0.0006298572368758707
8503296.0,0.0010307365573680727,0.0010276385779434349,8503296.0,0.0032392674814521647,0.0032812742285993103,8503296.0,0.0018438113608378142,0.0008142259482389518
8515584.0,0.0009993014376353433,0.001026916234180438,8515584.0,0.0032044639568387843,0.0032709125009811636,8515584.0,3.31171489733606e-05,0.0008175376453445935
8527872.0,0.001013812508972478,0.001026487118633668,8527872.0,0.0031216509305522777,0.0032524864313018043,8527872.0,1.7376916054227345e-07,0.0006888844088482519
8540160.0,0.0010160857497491331,0.0010259840702625902,8540160.0,0.0031288522974743196,0.0032378651761973743,8540160.0,5.842013052870243e-06,0.0005067255294461943
8552448.0,0.0010098464984669893,0.0010236717187278072,8552448.0,0.0031320284251705743,0.0032257605802442414,8552448.0,0.00029665670020525187,0.0005146612244368108
8564736.0,0.0010051739075909911,0.0010206466819302784,8564736.0,0.003057574045669753,0.003206793564701608,8564736.0,3.863325071999195e-06,0.0005150160843392589
8577024.0,0.0010033855981722202,0.0010181957005139946,8577024.0,0.0031487556116189808,0.0032035555455270995,8577024.0,0.0019375654810573906,0.0006037937790909808
8589312.0,0.001064431856017715,0.0010215140255847171,8589312.0,0.0030567954017897137,0.003167747667127211,8589312.0,6.84510713047833e-05,0.0006106131728370004
8601600.0,0.0010322374349319337,0.0010226915313069184,8601600.0,0.0030276330071501434,0.003140313264884753,8601600.0,0.001926400588369385,0.0008032531032350279
8613888.0,0.0010542476084083319,0.001022925915731321,8613888.0,0.0029576412246872983,0.0031074662382404006,8613888.0,1.0502824498992425e-07,0.0006115986486278388
8626176.0,0.001014767981056745,0.001021329058100188,8626176.0,0.0029569400491406364,0.0030792334950092482,8626176.0,2.319270805499022e-09,0.0004272177444711379
8638464.0,0.001075082325769472,0.001028907146913601,8638464.0,0.00326001413729197,0.003084788513054567,8638464.0,0.0002965826882549057,0.0004535642983992924
8650752.0,0.0010249030262154217,0.0010300161986378951,8650752.0,0.002995816306793131,0.003072205050678652,8650752.0,0.00012617861610427403,0.0004661647830936654
8663040.0,0.0010450263416714733,0.0010329102578301292,8663040.0,0.002993086728868851,0.003058628493818105,8663040.0,0.0018707023955357727,0.0006526508213419558
8675328.0,0.0010497064649825916,0.0010368962544816895,8675328.0,0.0029029549259576015,0.0030357211438968076,8675328.0,4.569194960168943e-07,0.0006230308432710323
8687616.0,0.0010684671457662869,0.0010432255782992191,8687616.0,0.0028446254679389917,0.003014426286123732,8687616.0,0.0005803999941538981,0.0006806845101792222
8699904.0,0.0010294737488341827,0.0010458343933654154,8699904.0,0.0030037458175987317,0.0029999253067217067,8699904.0,0.0005698914980409123,0.0005439171118775744
8712192.0,0.0010307063609313143,0.0010424618438567754,8712192.0,0.0030497032736699716,0.0029992160939097327,8712192.0,1.952311100931562e-06,0.0005372672358571893
8724480.0,0.001047685534407113,0.0010440066538042934,8724480.0,0.0030512932983886762,0.003001582123033586,8724480.0,9.32874091740613e-11,0.0003446271863489916
8736768.0,0.000997813848395405,0.0010383632778030005,8736768.0,0.0030770289170808005,0.003013520892272936,8736768.0,0.0019137094362425462,0.0005359876271487471
8749056.0,0.0010239433401390368,0.0010392808137112298,8749056.0,0.0030047932547555924,0.0030183062128344316,8749056.0,5.109855648536647e-06,0.0005364983807865203
8761344.0,0.0010412882935876648,0.001035901410493049,8761344.0,0.0029595386804430746,0.0029882586671495424,8761344.0,0.0001976154347479072,0.0005266016554358205
8773632.0,0.0009980163852863673,0.0010332127464001437,8773632.0,0.003055788933124859,0.002994255929782715,8773632.0,0.001967190113646211,0.0007107028051900142
8785920.0,0.001049386501108529,0.0010336487623438491,8785920.0,0.0029252619096951094,0.0029874734478653408,8785920.0,0.00011438853675826977,0.0005350714193122639
8798208.0,0.0010735308709020803,0.0010360312029357981,8798208.0,0.0028931034212291706,0.0029864882973924976,8798208.0,5.224286460029741e-06,0.0005355481560086652
8810496.0,0.0010434838750370545,0.0010335328758628748,8810496.0,0.002895063673349796,0.0029915321179335786,8810496.0,1.1867758805313618e-07,0.00047752002435208073
8822784.0,0.0010417301812897979,0.0010347585191084366,8822784.0,0.002867247997831631,0.002977882335956868,8822784.0,3.778311154671125e-05,0.0004243091857026606
8835072.0,0.0009939182885621751,0.0010310797118715225,8835072.0,0.0029150089127748893,0.00296441289986736,8835072.0,0.0015814778192482966,0.0005822617365173971
8847360.0,0.0010116569665115094,0.001027476855081962,8847360.0,0.002813570996901641,0.002940640669718657,8847360.0,2.8644138344210052e-05,0.0005851261410230772
8859648.0,0.0010409749186995516,0.0010317929621123767,8859648.0,0.003080681141000241,0.0029410058921106002,8859648.0,0.001942432341214347,0.0005879984315202572
8871936.0,0.0010065645565191517,0.0010300550837503883,8871936.0,0.002708759107918013,0.0029114024774268424,8871936.0,4.484316936744411e-05,0.0005919717628921478
8884224.0,0.0010010533969762037,0.001026031594089242,8884224.0,0.0027897487573985322,0.0028944234851223877,8884224.0,0.00042739922249287093,0.0006149501416666443
8896512.0,0.0010165112865555177,0.001027881084216157,8896512.0,0.0027339668692244836,0.0028622412787323503,8896512.0,1.676860973631733e-06,0.0004183988163993864
8908800.0,0.0010032780373876449,0.0010232702378440686,8908800.0,0.0026241866859587995,0.00283213375635872,8908800.0,4.627264175993684e-09,0.00040696042544997705
8921088.0,0.0010405419658733688,0.0010199713473411974,8921088.0,0.0025920678005301547,0.0028020301942888186,8921088.0,0.00013911495598980159,0.00042034949240295417
8933376.0,0.0010325517499344035,0.0010188781348309324,8933376.0,0.00273731362055211,0.0027862551890090502,8933376.0,0.0006461249377025524,0.0004849501184144041
8945664.0,0.001007688947841719,0.0010154740114861247,8945664.0,0.00280557546284399,0.0027800879355102852,8945664.0,0.002027715441727196,0.0006839433514324526
8957952.0,0.00102767615923464,0.001018849798553371,8957952.0,0.00270563832600601,0.0027591508768333973,8957952.0,0.0004098622819886562,0.0005667817977064885
8970240.0,0.00102058141753029,0.0010197422436552489,8970240.0,0.0026341683624195866,0.002741210613385192,8970240.0,0.0018065647824793511,0.0007445738621200028
8982528.0,0.000995142256821661,0.0010151589774674598,8982528.0,0.0026532072079135105,0.002698463220076519,8982528.0,2.558213377431192e-06,0.000550586449336311
8994816.0,0.0010024149723903975,0.0010147440190545844,8994816.0,0.002632786474957053,0.0026908659567804233,8994816.0,4.356470532697794e-09,0.00054610256804662
9007104.0,0.0010076019892342931,0.0010153988782803938,9007104.0,0.0025909210550404773,0.0026709831865446175,9007104.0,0.0017697750590741634,0.0006803401517047492
9019392.0,0.001048293971507519,0.0010185771467755937,9019392.0,0.0026766986993607134,0.0026652563695582403,9019392.0,0.00010464267741857232,0.0006906367333492432
9031680.0,0.0010240197965079763,0.0010206513226876269,9031680.0,0.002740668753782908,0.0026769045763406513,9031680.0,0.0009144376923965561,0.0007820800398624813
9043968.0,0.0010417379568631684,0.0010207709217866067,9043968.0,0.002524868537875591,0.002670184650075195,9043968.0,0.0005470978485391242,0.0008228783291174136
9056256.0,0.0010310022401730141,0.001020615970810468,9056256.0,0.002511927976835674,0.0026476460857035515,9056256.0,0.0018425582426668068,0.000942521659613839
9068544.0,0.0010598897727807828,0.0010258360533043742,9068544.0,0.0025544661924262377,0.002622535158661776,9068544.0,3.2516739535045267e-06,0.0007400752828364698
9080832.0,0.00100730508286991,0.0010237989456679014,9080832.0,0.002593777397123631,0.002611349065773538,9080832.0,7.0035110488753105e-09,0.0006990897549887091
9093120.0,0.0010438093971364044,0.0010261217436285128,9093120.0,0.002701706097771724,0.002618102839308752,9093120.0,4.29439968493058e-08,0.0005184375711404589
9105408.0,0.0010596033826004714,0.0010325678562063936,9105408.0,0.002933833409770159,0.0026461654594944167,9105408.0,0.0007659750084106539,0.0005947792506437813
9117696.0,0.0010295437347546492,0.0010352807324428188,9117696.0,0.0027863867411118313,0.002661525486109894,9117696.0,0.0019227948802533017,0.000787058303022058
9129984.0,0.0010685721063055098,0.0010413777441499405,9129984.0,0.002561209703950832,0.00265855435100093,9129984.0,0.00010135487631638777,0.0006202162847462806
9142272.0,0.0010293093940466254,0.0010394792864038512,9142272.0,0.002454102683259407,0.0026362947493908,9142272.0,1.3330045092629916e-05,0.0006110850215136864
9154560.0,0.0009812107158116608,0.0010351983783342196,9154560.0,0.0025045780566870235,0.0026126856796812115,9154560.0,0.0005414715894100178,0.0005737884112150325
9166848.0,0.001032045346922435,0.0010342291173401463,9166848.0,0.002463385079560491,0.0026065373338497013,9166848.0,8.987353788588356e-07,0.000519168499899006
9179136.0,0.0010323866038864555,0.0010343675537114907,9179136.0,0.002514572717094173,0.002606801807875551,9179136.0,7.752739496676616e-09,0.00033491345090627493
9191424.0,0.0010127640031593426,0.0010296549767493464,9191424.0,0.002807526889228029,0.00263210787755573,9191424.0,0.0019979544858870213,0.0005343837320996266
9203712.0,0.0010215017100563273,0.001031074639467988,9203712.0,0.0033662917509597414,0.0027093593129393417,9203712.0,1.648110951180115e-05,0.0005360311426997018
9216000.0,0.000998840478132479,0.0010265777475675956,9216000.0,0.003094424228038406,0.0027486311259660094,9216000.0,0.0018472593195231941,0.0007207527802523363
9228288.0,0.0010482390771358041,0.001025441317021129,9228288.0,0.002895700508815935,0.002744817835870587,9228288.0,0.00041183272242051316,0.0006853385516533222
9240576.0,0.001051194514730014,0.0010276063950186653,9240576.0,0.002873673876213919,0.0027535465493807956,9240576.0,8.864191762825158e-06,0.0004939454828042746
9252864.0,0.001014009715921323,0.0010221501559802468,9252864.0,0.0030148832677999358,0.0027989139057657056,9252864.0,0.00013770382042821439,0.0004975803772154572
9265152.0,0.0010487212881950352,0.0010240913453950875,9265152.0,0.0032698197622570055,0.0028804856136654656,9265152.0,2.2436167142897423e-09,0.0004962475970678656
9277440.0,0.001004388126602862,0.0010264090864742078,9277440.0,0.003125127527406827,0.0029425405607374465,9277440.0,8.471431935201205e-05,0.0004505718700620651
9289728.0,0.0010491730287564376,0.001028121854657608,9289728.0,0.0030198626373021398,0.0029981883165116113,9289728.0,0.0017070951877637224,0.0006211915153005516
9302016.0,0.0010180744181222205,0.0010266906360811845,9302016.0,0.003284039206240171,0.003075134965426211,9302016.0,1.6044807627698294e-05,0.0006227952207893716
9314304.0,0.0010511749120875418,0.0010305317269740043,9314304.0,0.0030533157696481794,0.003099713853468226,9314304.0,0.0016201815791040037,0.0005850179301110697
9326592.0,0.0010198688723903615,0.0010303684432074077,9326592.0,0.0032623927072563674,0.0030893239490978885,9326592.0,0.0019615419587353244,0.0007795240150334222
9338880.0,0.0010672433199943043,0.0010372087273935904,9338880.0,0.003119870033212161,0.003091868529615264,9338880.0,1.4213959597479212e-05,0.0005962194790408508
9351168.0,0.0010247089242814884,0.0010348557121081588,9351168.0,0.002935742394280775,0.0030958727181617483,9351168.0,5.8026088140650245e-05,0.0005608388156128645
9363456.0,0.0010244531670953922,0.0010321815773446969,9363456.0,0.003198431312436393,0.003128348461783995,9363456.0,3.043663632240623e-06,0.0005602567627998059
9375744.0,0.0010528151293935177,0.001036062118691916,9375744.0,0.0030600855376784843,0.0031328686887718503,9375744.0,0.0019546045556732374,0.0007419468363243081
9388032.0,0.0010407796162326122,0.0010352679514956738,9388032.0,0.0030203802283115997,0.00310792473537731,9388032.0,7.2658733737777465e-06,0.0007426731993000145
9400320.0,0.0010454444809511187,0.0010393735869304993,9400320.0,0.0031730544991053953,0.0031127174325471666,9400320.0,0.0003999862471270414,0.0007742003920775175
9412608.0,0.0010502931675849443,0.0010394856008133504,9412608.0,0.0033220417026313953,0.003142935339080092,9412608.0,0.00011634143659951708,0.000615125016961097
9424896.0,0.0010562491719004659,0.0010433030761911749,9424896.0,0.0035003248340217397,0.0031645639018582487,9424896.0,6.325836214848835e-07,0.0006135837945604757
9437184.0,0.0010533188381790144,0.001043517468800322,9437184.0,0.003524406325595919,0.003211672957453023,9437184.0,0.0020409282872909293,0.0006556584653791683
9449472.0,0.001032505363279294,0.0010447811178892152,9449472.0,0.0033671253695501946,0.003222146223682406,9449472.0,0.00017186605115663647,0.00047669087462129953
9461760.0,0.001048159148316093,0.0010428727007213941,9461760.0,0.003265382576500997,0.003236697478011289,9461760.0,0.0009968559703944873,0.0005749550757010002
9474048.0,0.0010546171124588,0.0010458635195391252,9474048.0,0.003375998576908993,0.003280723096274111,9474048.0,4.0827034240464855e-05,0.0005732351703109817
9486336.0,0.0010513099866026703,0.001048549201489853,9486336.0,0.003337081254964384,0.003294588090526911,9486336.0,1.2073334002919248e-07,0.0005729428772817606
9498624.0,0.0010401985430992984,0.0010472875428604311,9498624.0,0.003180455751135014,0.003306625111872563,9498624.0,0.00037763285808978253,0.00041524570752341503
9510912.0,0.0010086760406314472,0.0010440771853003148,9510912.0,0.003107173128228169,0.0033153044018642197,9510912.0,2.8326339206093585e-06,0.00041480238357809824
9523200.0,0.0010131395056305337,0.0010408466877682562,9523200.0,0.003310273665798983,0.003329026318533579,9523200.0,2.2090202289604122e-07,0.00037482584906768375
9535488.0,0.0010459710380625136,0.001040414474816013,9535488.0,0.0034572386866784655,0.003342546016938286,9535488.0,0.0020011412683137073,0.0005633058322391027
9547776.0,0.001046459981201527,0.001039435555746119,9547776.0,0.0032995990841300227,0.0033224734419491143,9547776.0,0.0013447928898434232,0.0006977218628612965
9560064.0,0.0010560588434600504,0.0010397095562742229,9560064.0,0.0032094107640053457,0.003290973885790057,9560064.0,0.0011081343209298211,0.0006044424662251857
9572352.0,0.0010419376158097293,0.0010406527815272663,9572352.0,0.0030523079658451024,0.003259492145419547,9572352.0,2.097992213142182e-06,0.0005874656603308364
9584640.0,0.0010602219275218279,0.00104185905944784,9584640.0,0.0037622430148379258,0.00330917818925324,9584640.0,3.5694759752125105e-09,0.000487780420238985
9596928.0,0.0010592654992554647,0.0010423238981275063,9596928.0,0.003970269467875672,0.003368605278349908,9596928.0,0.002038216824682119,0.0006875193992831504
9609216.0,0.0010548531912111987,0.0010426782185883592,9609216.0,0.00425702962820651,0.0034606001156741216,9609216.0,5.5017712626466895e-08,0.0006875128277204102
9621504.0,0.0010656718532118248,0.0010452255495996118,9621504.0,0.004230553919721085,0.0035656099325327277,9621504.0,4.951254808926997e-09,0.0006497500370369129
9633792.0,0.001058399324998997,0.0010501978780363666,9633792.0,0.004057081952244819,0.003660600814934393,9633792.0,0.0014244366945301106,0.0007919104430978629
9646080.0,0.0010196802813879913,0.0010508519556121124,9646080.0,0.004162611245798568,0.003745834572934352,9646080.0,0.0013444687695785735,0.0009263352298534307
9658368.0,0.0010573210208046173,0.0010519869538863228,9658368.0,0.004217782140282604,0.0038218889182947647,9658368.0,3.1859883857047557e-06,0.0007265397018606306
9670656.0,0.0010866171669476898,0.001056002672460939,9670656.0,0.0038220712449401617,0.0038741361343757794,9670656.0,1.2759056607543803e-08,0.000592061688781949
9682944.0,0.001048287631419953,0.0010552255512569293,9682944.0,0.0041059671954523464,0.003963791777520479,9682944.0,7.150155371934396e-11,0.0004812482638391222
9695232.0,0.001037112959844914,0.0010547430856604478,9695232.0,0.004933006768017852,0.004151861657737755,9695232.0,0.0014887337074469542,0.0006299118353625034
9707520.0,0.001050597196808667,0.0010537806125891316,9707520.0,0.0059822758606363395,0.004373864942317595,9707520.0,3.595601616742291e-06,0.00063027103857658
9719808.0,0.0010368448526302625,0.0010515385479266115,9719808.0,0.005111196153544976,0.004487957610884526,9719808.0,0.0016089464237059776,0.0005873439984789659
9732096.0,0.0010507373390282737,0.001051126962708319,9732096.0,0.004896842496236786,0.004551938897687554,9732096.0,0.0016737181031203363,0.0007547103070197369
9744384.0,0.0010419137537004037,0.001048751152757177,9744384.0,0.005478653680863014,0.004676748873801747,9744384.0,1.3125390381674151e-05,0.0007560223509324235
9756672.0,0.00101041196709654,0.0010439524169669312,9756672.0,0.005725487678622206,0.004843589446439486,9756672.0,1.4808849618797026e-08,0.0006135801623643742
9768960.0,0.0010595861507075217,0.0010479430038988842,9768960.0,0.006243395774314801,0.005051667899291109,9768960.0,6.381359519217386e-10,0.0004791333492201122
9781248.0,0.001000744695678198,0.0010422853713862425,9781248.0,0.006130236576912769,0.005242913342954125,9781248.0,3.0082032841013035e-05,0.0004818229536656429
9793536.0,0.001065550893448138,0.0010401787440362873,9793536.0,0.005867820771527477,0.0054474882956128574,9793536.0,0.0011988067126367241,0.0006017023490236546
9805824.0,0.0010469609284579444,0.0010400460737400863,9805824.0,0.006512399629476325,0.005688131539015255,9805824.0,0.0018668295275953521,0.0007883852946330344
9818112.0,0.0010479675656824838,0.0010411315343238432,9818112.0,0.00697886518901214,0.005892717381114684,9818112.0,0.0019373782712743075,0.0008332497510157699
9830400.0,0.0010338373976992443,0.001039455554412901,9830400.0,0.007371581979289961,0.006031647992980046,9830400.0,0.00011960099125947939,0.0008448502899800435
9842688.0,0.001068863657565089,0.0010426574349063837,9842688.0,0.006999780137751562,0.006220506391400704,9842688.0,6.387240666742381e-07,0.0006840195200161132
9854976.0,0.001050973206171572,0.0010426810216207134,9854976.0,0.006822848726490823,0.006413107014426107,9854976.0,1.5453201131915284e-09,0.0005166478642360909
9867264.0,0.0010602085888725317,0.001044510505137926,9867264.0,0.006146674752623464,0.006479909121602153,9867264.0,8.693707639363928e-12,0.0005153353260672942
9879552.0,0.00104276441015827,0.0010477457494440993,9879552.0,0.00680042065505404,0.006587402419245336,9879552.0,0.0001688943937476021,0.0005322232845570925
9891840.0,0.0010831077731078647,0.0010500979116841336,9891840.0,0.006629362571402453,0.006625999098954101,9891840.0,0.0016949627879512263,0.0007017194995386201
9904128.0,0.001022962726589564,0.0010523197147752701,9904128.0,0.006483400107147948,0.006661315451977619,9904128.0,1.3669230497725948e-05,0.0007000782193042913
9916416.0,0.0010325962454468633,0.0010490242499751425,9916416.0,0.0063257582757311566,0.006707109202397987,9916416.0,0.0020369182081291606,0.000783889368853535
9928704.0,0.0010234238476793205,0.00104667054189728,9928704.0,0.0060919203533558175,0.006665061274785935,9928704.0,0.0004747659177155583,0.0006446830078655555
9940992.0,0.0010489681678033473,0.0010467706021093665,9940992.0,0.006904542431584559,0.006657628999043178,9940992.0,6.46202885423719e-07,0.0004510098010266672
9953280.0,0.0010363217091556483,0.0010470190332550072,9953280.0,0.007031949610488179,0.006623665762163,9953280.0,7.1185204258972234e-09,0.0004390504137527618
9965568.0,0.0010369995598011883,0.001043832623478617,9965568.0,0.006824515468906611,0.006606139295278504,9965568.0,0.00018881329939783123,0.0004578678712858776
9977856.0,0.0010771877747780916,0.001046454080339269,9977856.0,0.006345943237344424,0.006558448746363865,9977856.0,0.00204978062841595,0.0006628457795954612
9990144.0,0.001035839694547273,0.0010440171909067428,9990144.0,0.0070382097134521855,0.006647602242446737,9990144.0,2.7401461188958365e-06,0.00066311979333798
10002432.0,0.001048755240238582,0.0010446162739147743,10002432.0,0.006699678240693174,0.006637528001010651,10002432.0,0.0018059921973569242,0.0008268295736989121
10014720.0,0.0010634988102538045,0.0010426553776293683,10014720.0,0.006724623235641047,0.0066470540674345106,10014720.0,6.0535006790966385e-05,0.0006633867955828862
10027008.0,0.0010293359109709854,0.0010432926960675104,10027008.0,0.006476044938608538,0.00664631855058057,10027008.0,8.526949803429791e-05,0.0006705468223365434
10039296.0,0.0010974030307503806,0.001049773374597862,10039296.0,0.006781874942438056,0.006691930217251259,10039296.0,4.8561670296098924e-08,0.00046685985769065696
10051584.0,0.0010317627175027155,0.0010506072615802018,10051584.0,0.006728010024138105,0.006755539184329489,10051584.0,7.542426655749354e-10,0.0004193833413433677
10063872.0,0.0010354365513194352,0.0010492540999318103,10063872.0,0.006620219593363193,0.006727106900507351,10063872.0,0.0019068178044108208,0.0006100005014959074
10076160.0,0.0010500007262332172,0.0010506220016395674,10076160.0,0.006241327777388506,0.006648044717197385,10076160.0,6.81319531755283e-06,0.0006106811091756201
10088448.0,0.0010299429480558804,0.0010499163404650365,10088448.0,0.006486277872075637,0.006614220957514287,10088448.0,0.0005741069796082835,0.0006492104771966653
10100736.0,0.001029588620440336,0.001045156425031261,10100736.0,0.006583142336846019,0.006637940867464447,10100736.0,0.0004669561238491345,0.0004909280267399838
10113024.0,0.00107323462664984,0.0010488959182415178,10113024.0,0.006977011405979283,0.006631821036717156,10113024.0,0.00039150003794929944,0.0005298040159230241
10125312.0,0.00100205428013093,0.0010442258222307526,10125312.0,0.006813023816600132,0.0066431555943078525,10125312.0,0.00015466306835302626,0.0003646711030226343
10137600.0,0.0010800616998191497,0.001045882111187287,10137600.0,0.006386774582400297,0.006609370728983777,10137600.0,8.703409141534261e-07,0.00035870463643495297
10149888.0,0.0010167406495990388,0.0010446225850500924,10149888.0,0.006443410796540168,0.006606107314776941,10149888.0,0.001989009516667769,0.0005490786382983
10162176.0,0.0010590017573122168,0.0010407824577062757,10162176.0,0.00633814941587237,0.006561734762120372,10162176.0,0.0005280985833451268,0.0006018836404657832
10174464.0,0.001087096806562234,0.0010463158666122279,10174464.0,0.006068721137125976,0.0064958058734191585,10174464.0,3.7082665318063e-08,0.0006018872733080485
10186752.0,0.001038095448166132,0.0010465817562968975,10186752.0,0.007024856643207992,0.006536269578403637,10186752.0,0.0019565370773004056,0.000606859200597007
10199040.0,0.0010759078832052182,0.0010491724719940976,10199040.0,0.006482423656658891,0.0065603791663306765,10199040.0,1.926764174579413e-06,0.0006063705574827096
10211328.0,0.0010459114837431116,0.0010507693255628206,10211328.0,0.00680765463039279,0.006592516842162391,10211328.0,0.0019586589023674605,0.0007448257497586273
10223616.0,0.0010815714000879477,0.001055967603527582,10223616.0,0.006542035819923815,0.006588406190470171,10223616.0,2.406928981309638e-07,0.0006981542066635269
10235904.0,0.0010599896722851554,0.0010546431080911132,10235904.0,0.0067567145500409724,0.006566376504876341,10235904.0,0.0001376971273051216,0.0006727739155991091
10248192.0,0.0010352159818770208,0.0010579592782657223,10248192.0,0.0062599750914766146,0.0065110716323639895,10248192.0,1.2495635260734161e-05,0.0006585571722898799
10260480.0,0.0010279101910176298,0.0010527441273855708,10260480.0,0.005975746581195078,0.006469968832243466,10260480.0,0.0001315002940979563,0.0006716201676082603
10272768.0,0.001091693623190319,0.0010602394247446983,10272768.0,0.006529873198208709,0.006478615072410321,10272768.0,0.001964249241306485,0.000669144140072132
10285056.0,0.00105506321839736,0.0010598455708532128,10285056.0,0.006278067225745569,0.006472606853397641,10285056.0,0.00026617479587306053,0.0006429517613249252
10297344.0,0.0010640337344132906,0.0010575392636383186,10297344.0,0.00603888877958525,0.006469623617643567,10297344.0,5.306974929138638e-07,0.0006430011228076846
10309632.0,0.0010757046378178832,0.0010613001826034938,10309632.0,0.005844098295104534,0.006351547782833223,10309632.0,0.0006031806915416382,0.0005076654842318081
10321920.0,0.0010542204927332932,0.0010591314435563011,10321920.0,0.005888675414704873,0.0062921729586378206,10321920.0,0.00022486065669606128,0.0005299588734839563
10334208.0,0.0010527690107361802,0.001059817196255608,10334208.0,0.005997223486095511,0.0062111298442080925,10334208.0,9.863819585120837e-06,0.00033507936520572233
10346496.0,0.0010574113715241158,0.0010574011933992247,10346496.0,0.00594698149022103,0.006151624411237814,10346496.0,9.528317543564905e-06,0.0003360081276702657
10358784.0,0.0010583209589943483,0.0010572343220701442,10358784.0,0.00565622461726889,0.006041575417960606,10358784.0,0.0014940670516807586,0.00047164512010782936
10371072.0,0.001058490787121021,0.001059561802594544,10371072.0,0.005979570303073463,0.006013534939120291,10371072.0,0.0019095169773208909,0.000661347254313845
10383360.0,0.0010236979457355726,0.0010591405780663384,10383360.0,0.005758884794583234,0.005991848760459106,10383360.0,7.838795158932044e-05,0.0006560360200629815
10395648.0,0.001055974081585494,0.001055568623905856,10395648.0,0.005945915268966928,0.005933452967534928,10395648.0,7.426598682321502e-08,0.00045961852253101527
10407936.0,0.0010283326222027729,0.0010528955642863974,10407936.0,0.005907754615085044,0.005896421706468876,10407936.0,0.0008570021424626854,0.0005187012571899777
10420224.0,0.0010827177593455417,0.0010547639667796223,10420224.0,0.005645218542971027,0.005857054682807454,10420224.0,6.253287532231866e-07,0.0005187107203160088
10432512.0,0.001017045109620085,0.0010488980139598425,10432512.0,0.006125261839770246,0.005885171037274025,10432512.0,2.665881529417824e-08,0.00045839531704337436
10444800.0,0.0010576233620061732,0.0010492383008871306,10444800.0,0.005613508117676247,0.0058576543075711624,10444800.0,1.619759246729302e-07,0.0004359254489662354
10457088.0,0.0010750203097510773,0.0010514634307886201,10457088.0,0.005350603086602253,0.005792992267621836,10457088.0,0.0018482041972068448,0.0006197594867284079
10469376.0,0.0010411329464356338,0.0010498355882797717,10469376.0,0.005324330944858957,0.005730727213085629,10469376.0,0.0017635084671686248,0.0007951575016909138
10481664.0,0.0010723734218724228,0.0010512408345675793,10481664.0,0.005414029680347691,0.005706507719393509,10481664.0,9.337202211412432e-07,0.0006458441685449521
10493952.0,0.0010347602737965644,0.0010488677832351336,10493952.0,0.005141686703912758,0.005622719359477439,10493952.0,0.0019104990393922587,0.0006459423747520889
10506240.0,0.0010639854644978186,0.0010528965351113584,10506240.0,0.005390027436078526,0.005585833623626968,10506240.0,1.8974332238741454e-06,0.0006382933229155442
10518528.0,0.001068914903953555,0.0010541906173481643,10518528.0,0.005201781129774948,0.00551142020970777,10518528.0,1.1679458876886114e-08,0.0006382870642627496
10530816.0,0.0010501085889700335,0.0010563682140248905,10530816.0,0.005076232868304942,0.0054282680350297595,10530816.0,1.3874563188169078e-10,0.0005525868638910443
10543104.0,0.0010509816268798506,0.0010531946007783213,10543104.0,0.005037444034921161,0.005367490584224773,10543104.0,7.876748515656118e-07,0.0005526030985008785
10555392.0,0.0010844189346244093,0.001059931983278754,10555392.0,0.004763728356920183,0.005231337235939766,10555392.0,0.0019508233581291279,0.0007476827684322619
10567680.0,0.0010548704449320212,0.0010596566915713386,10567680.0,0.004860041556336607,0.0051559905798058015,10567680.0,0.0004038503961965034,0.0007880516104594448
10579968.0,0.001012380404669481,0.001053392701063179,10579968.0,0.0047986834712598165,0.005100798618271558,10579968.0,1.7305202248962814e-06,0.0006034042427612501
10592256.0,0.0010732809550972888,0.0010566075019293444,10592256.0,0.004718675751064438,0.005040233098892107,10592256.0,0.001908740944903305,0.000617927490534718
10604544.0,0.0010500440791171666,0.0010543745676538188,10604544.0,0.004774228679404284,0.0049762529987977654,10604544.0,2.8104118846942565e-08,0.0006178369289244887
10616832.0,0.0010754752353629253,0.001058446063810455,10616832.0,0.004612313729012385,0.004923315701307729,10616832.0,5.494762705023544e-09,0.0004267875744615333
10629120.0,0.001060739987830554,0.0010581215161437284,10629120.0,0.0046174399127873285,0.004846056948978609,10629120.0,2.2886780153705846e-11,0.0004265978334278239
10641408.0,0.0010859756372762301,0.0010598275894759957,10641408.0,0.004511104700213764,0.004776989306022491,10641408.0,6.050608690003993e-09,0.00042659727054280525
10653696.0,0.001046373644991642,0.0010594540950781568,10653696.0,0.00431914311775472,0.004701280330967469,10653696.0,0.0017957998000686832,0.0006061772366751103
10665984.0,0.001102327560147387,0.0010645886884049105,10665984.0,0.00430581791200287,0.00462811771867564,10665984.0,2.5930922381197283e-06,0.0006063577784137657
10678272.0,0.0010583812527329428,0.0010619849202157638,10678272.0,0.004382113116056037,0.004589956194589226,10678272.0,0.001882726176821355,0.0005995480602829884
10690560.0,0.0010916443134192377,0.0010656623070644856,10690560.0,0.004298179919715039,0.0045337700309270685,10690560.0,0.0004830915756125857,0.0006074721782245967
10702848.0,0.0010297729174150543,0.001067401558339043,10702848.0,0.004134432926851635,0.00446734497648625,10702848.0,6.659182097597712e-07,0.0006073657180230831
10715136.0,0.0010815549497541117,0.0010682289578047251,10715136.0,0.0041249128577571055,0.0044079686871555165,10715136.0,2.0515885200180404e-09,0.0004164918286916045
10727424.0,0.0010443398744731287,0.0010676585373403215,10727424.0,0.004138674429365589,0.004344413262151648,10727424.0,3.5649595047177484e-11,0.00041648902184467936
10739712.0,0.0010995743111076688,0.0010700684449147957,10739712.0,0.0040003913939775275,0.004283221028648161,10739712.0,0.001771103128703544,0.0005935987852387633
10752000.0,0.0010260259956946054,0.001066597045701201,10752000.0,0.0040307014908952015,0.004224547186458949,10752000.0,0.00043780293981399154,0.0006373790769314844
10764288.0,0.0010658280395243007,0.0010645822859260078,10764288.0,0.004019948581117205,0.004175431574549293,10764288.0,0.002023799229088278,0.0008397583947794432
10776576.0,0.0010787926221382804,0.0010678241836406719,10776576.0,0.0038787167529032254,0.0041313889380641435,10776576.0,2.1456815921065222e-06,0.0006603929829317854
10788864.0,0.0010493029628075117,0.0010625217239066842,10788864.0,0.00410275837930385,0.004111082984794241,10788864.0,3.336768040185234e-05,0.0006634704417481589
10801152.0,0.0010826101012450333,0.0010649446087578932,10801152.0,0.003958309695008211,0.004068702642689459,10801152.0,1.636717169573032e-07,0.000475214191237719
10813440.0,0.0010598775631175765,0.001061767933727727,10813440.0,0.0038910208847179697,0.004027986739189752,10813440.0,3.1518588260170954e-10,0.0004269050651950487
10825728.0,0.001053831568545623,0.001064173798840784,10825728.0,0.0038481750549787344,0.003999360952002462,10825728.0,7.76053789564024e-08,0.00042684623391196834
10838016.0,0.0010503138413090103,0.001061049687996274,10838016.0,0.0038466606153330454,0.003971535727760055,10838016.0,0.0019736818418702264,0.0006242142129401389
10850304.0,0.001073227298547863,0.0010639384304037473,10850304.0,0.0038599953113589436,0.003943667815959391,10850304.0,8.099596807179902e-06,0.0006250241690558976
10862592.0,0.0010345713092950366,0.0010574381302224842,10862592.0,0.0037654998304788023,0.003920178659609519,10862592.0,3.5671611466151867e-06,0.0004482705723002047
10874880.0,0.0010887882569174205,0.0010637143563447654,10874880.0,0.00371271514207668,0.003888380024727667,10874880.0,0.001271558586874259,0.0005316461370062314
10887168.0,0.0010568153866188368,0.0010628130910542192,10887168.0,0.0036809550947509706,0.0038544806760910434,10887168.0,1.2896687081228226e-06,0.00032939518096821585
10899456.0,0.0010503052587106747,0.0010599643547114586,10899456.0,0.0036533478535905792,0.0038319437861597783,10899456.0,1.116013899811937e-08,0.000329181728822905
10911744.0,0.0010844780099432683,0.0010634818594250342,10911744.0,0.0035719652951229364,0.0037788644777416876,10911744.0,4.736947459897262e-11,0.00032584496551966725
10924032.0,0.001068888005950915,0.0010621096498956224,10924032.0,0.003539535609888844,0.003736987069229751,10924032.0,0.000605988589389502,0.0003864274572869217
10936320.0,0.0010590412881962645,0.0010620260224034914,10936320.0,0.0035215775254376545,0.0037000427333017194,10936320.0,0.0017561932193833247,0.000562046747706666
10948608.0,0.0010390571533207549,0.0010605485808810042,10948608.0,0.0035042668556949743,0.0036656519133733433,10948608.0,0.0013581261179448727,0.0006978515989632576
10960896.0,0.001107663729878065,0.00106628356973791,10960896.0,0.0034794322612773008,0.0036289290779677684,10960896.0,1.4144077833104044e-05,0.0005018978225595453
10973184.0,0.001029833185990962,0.0010619441584822197,10973184.0,0.0034347348628216423,0.0035864030331140386,10973184.0,0.0010506616090424359,0.0006061540237830709
10985472.0,0.0010546355885405017,0.0010639505864067662,10985472.0,0.0034115446154222204,0.0035510075116083803,10985472.0,7.205825676888841e-07,0.0006058693659251782
10997760.0,0.0010348568478851423,0.0010585574455035385,10997760.0,0.003375516513187904,0.0035172876487195026,10997760.0,1.1377029341767356e-08,0.00047871464494068656
11010048.0,0.0010517075661482522,0.0010580466634564803,11010048.0,0.00334233511966886,0.0034834256512112916,11010048.0,3.130808211242927e-11,0.0004785856812006825
11022336.0,0.0010646915191803903,0.0010594852895034518,11022336.0,0.003322907958742386,0.0034503816617264724,11022336.0,0.001943988750402544,0.000672983440227037
11034624.0,0.0010319148465593269,0.0010542289731650574,11034624.0,0.003299530447596529,0.003423138176973832,11034624.0,4.971910457859015e-06,0.0006734806265358754
11046912.0,0.0010439493526064325,0.001051735107830609,11046912.0,0.003275316955599313,0.0033967163115448786,11046912.0,7.852024519176364e-05,0.0006207337921161017
11059200.0,0.0010347590596211376,0.0010493068849730964,11059200.0,0.0032493386970600113,0.0033694924287071145,11059200.0,0.0008522888692823472,0.0005303433571060039
11071488.0,0.001085600866645109,0.0010539612563055319,11071488.0,0.0032445382967125624,0.003343519572808873,11071488.0,2.4199150066313752e-05,0.000396950660318148
11083776.0,0.0010366451321412267,0.001046859396531848,11083776.0,0.0032202745254229135,0.003317603799223434,11083776.0,1.604472881870193e-08,0.00039553785700771946
11096064.0,0.001074629708455177,0.0010513390487782695,11096064.0,0.0031803484986691424,0.003292165162808184,11096064.0,1.8213650408484736e-10,0.00029047171431712633
11108352.0,0.0010376331410952844,0.0010496388040337479,11108352.0,0.0031440223513830765,0.00326541293640427,11108352.0,7.758331436550728e-07,0.00029047723937472293
11120640.0,0.0010523310647840844,0.0010513862257236421,11120640.0,0.0031227429547773986,0.0032401355805632194,11120640.0,0.001980917633166731,0.0004885678649884618
11132928.0,0.00107416540201181,0.001053632009309998,11132928.0,0.003134422280709259,0.003219344296667259,11132928.0,2.824778598290815e-06,0.0004888503397174828
11145216.0,0.0010528721619872765,0.0010524500735906864,11145216.0,0.00309167146042455,0.003196220646835476,11145216.0,0.001749383130421241,0.00046938977771935237
11157504.0,0.0010693622489270638,0.0010561948138274602,11157504.0,0.003073448264331091,0.0031736124285089316,11157504.0,0.00042916624443023466,0.0005118092111165899
11169792.0,0.0010590353073591057,0.0010577034093027275,11169792.0,0.0030570085412667445,0.0031517815870756747,11169792.0,6.788736649869046e-07,0.0005040250739639123
11182080.0,0.0010762282023885443,0.001061850323579468,11182080.0,0.0030457232787739486,0.0031314200452470685,11182080.0,7.021478236797958e-09,0.0004187968891835012
11194368.0,0.001046445947091949,0.001057934831624152,11194368.0,0.0030161166408409676,0.003108577879659909,11194368.0,2.2685335367470492e-11,0.0004163769764454034
11206656.0,0.0010769514604665649,0.001061965464456686,11206656.0,0.0029909496321730935,0.0030856453903349273,11206656.0,5.48741213416785e-06,0.0004169241131859383
11218944.0,0.0010523756852004833,0.0010597400621312166,11218944.0,0.0032865663694489435,0.003096267177412908,11218944.0,0.00187522958064316,0.000604447053036604
11231232.0,0.0011053757704454863,0.0010665143250662367,11231232.0,0.003217184928265245,0.0031035834351011244,11231232.0,5.085962291317969e-07,0.0006044203293451517
11243520.0,0.0011010778574321496,0.0010713890043310434,11243520.0,0.003119637563941069,0.003103272896017491,11243520.0,0.0019064727475779364,0.0005969758407862721
11255808.0,0.0010512479924121483,0.0010690972633710773,11255808.0,0.003069091513073848,0.00309673981925395,11255808.0,1.4352946299330446e-05,0.0005981286575563762
11268096.0,0.001092246945821292,0.0010730347417544789,11268096.0,0.003034821267647203,0.0030910547999762157,11268096.0,7.578234839655806e-08,0.0004231979227490916
11280384.0,0.0010832949950175437,0.001074428016363527,11280384.0,0.0030277610470269187,0.003086486078245798,11280384.0,2.0384713484619213e-10,0.00038028131869078166
11292672.0,0.0010718182957134559,0.0010757063151989618,11292672.0,0.0029894488470745273,0.0030797301088265764,11292672.0,3.236111199071285e-12,0.0003802134316478941
11304960.0,0.0010476821589691099,0.0010728517108570183,11304960.0,0.0029652105489124856,0.0030716788358404303,11304960.0,0.002010262139568416,0.000581238943456912
11317248.0,0.0010716765918914462,0.001075374775336968,11317248.0,0.00331652556390812,0.003101719728147145,11317248.0,2.009683054401042e-05,0.0005832486242427795
11329536.0,0.0010754701100571158,0.001075226640296023,11329536.0,0.003110780283653488,0.0031137027932951846,11329536.0,5.245423873034838e-08,0.0005827051284532358
11341824.0,0.0010627806429207947,0.0010762671360680543,11341824.0,0.0030571036853264863,0.003090756524882939,11341824.0,0.0013341418277074506,0.0005285963531596649
11354112.0,0.0010525534307816997,0.0010709849021016756,11354112.0,0.003001017217078091,0.0030691397537642236,11354112.0,5.280542461072457e-07,0.0005285982989613624
11366400.0,0.0010753286708980643,0.001068409983448267,11366400.0,0.0029780447512166575,0.0030549804724917824,11366400.0,3.4679939591349593e-09,0.00033795137100296475
11378688.0,0.001088485758373281,0.0010721337600443804,11378688.0,0.0029431095924034403,0.0030423822804247417,11378688.0,6.195133627739009e-11,0.0003365160825681653
11390976.0,0.0010764196680005018,0.0010705510322623012,11390976.0,0.002893305235678175,0.0030282306772278387,11390976.0,0.0019981688104356485,0.0005363253853768905
11403264.0,0.0010560653487724874,0.0010678280676377956,11403264.0,0.0028731914741608002,0.003012773719941227,11403264.0,0.0006964621985995715,0.0006059715848521341
11415552.0,0.001054486519327232,0.0010660948899991732,11415552.0,0.0028014785893901717,0.002993976694172792,11415552.0,2.162079207816229e-06,0.0006061877924493047
11427840.0,0.0010610725615454915,0.0010674339302568115,11427840.0,0.0028126259834001153,0.0029787182376215544,11427840.0,0.0003289220746106973,0.00043805378595353277
11440128.0,0.0010950158636357326,0.00106976785743124,11440128.0,0.0028149369900347665,0.002928559380234219,11440128.0,0.00037148006928570493,0.00047319210982770226
11452416.0,0.0010367853835001977,0.0010658993847755482,11452416.0,0.002794392881090365,0.0028969206399779065,11452416.0,1.7397903733969617e-06,0.00047336084344116894
11464704.0,0.0010649729307867044,0.001066118613562139,11464704.0,0.002759677062082725,0.002867177977653531,11464704.0,6.954920227693802e-09,0.0003399473561624466
11476992.0,0.0010655105870682746,0.0010674143291907966,11476992.0,0.0027461617816394814,0.0028416924341096703,11476992.0,0.0012590229095318743,0.0004657968416910233
11489280.0,0.0010449426918057725,0.0010643757312815676,11489280.0,0.0027295965204151194,0.002816847611029516,11489280.0,0.0018548262354064111,0.0006512791184322685
11501568.0,0.0010529440181320144,0.001060821557257441,11501568.0,0.0027087027483503334,0.0027934069266242053,11501568.0,1.110695910474154e-05,0.000652389808147609
11513856.0,0.0010745051252645983,0.0010606301029838507,11513856.0,0.00267568069830304,0.002771644472886692,11513856.0,0.0016779866273282096,0.0006203715898368651
11526144.0,0.0010817184556799475,0.0010631954136745966,11526144.0,0.0026724109460095256,0.0027515664200715643,11526144.0,2.7773848216838815e-06,0.0005510031084590764
11538432.0,0.0010754293264956989,0.0010652896943914433,11538432.0,0.002682700192963239,0.0027396885804288713,11538432.0,2.687003105468951e-05,0.0005534739036437636
11550720.0,0.0010592135616510252,0.0010651037944019966,11550720.0,0.002646157246393462,0.0027230417067282057,11550720.0,1.292784246764711e-06,0.0005207109746073704
11563008.0,0.001068501145709888,0.0010624523226094122,11563008.0,0.002626326627553984,0.0027041806704801276,11563008.0,3.411150359400317e-08,0.0004835663788291593
11575296.0,0.0010341550387238385,0.0010621892881317763,11575296.0,0.0026070335540377223,0.0026854447377748633,11575296.0,0.0018560099342721514,0.0006689933932190348
11587584.0,0.0011080722773234204,0.001066499222785448,11587584.0,0.00259074044636994,0.0026685510762035846,11587584.0,9.983734969409852e-05,0.0006789764326964219
11599872.0,0.001033457104616294,0.0010632938745402498,11599872.0,0.0025747358158696443,0.0026514084796266007,11599872.0,0.0016576262535939652,0.0007188367671026309
11612160.0,0.0011235122444001415,0.0010711508297996867,11612160.0,0.0025401646283474597,0.002632465290419835,11612160.0,6.128904065742328e-07,0.0005334154326026473
11624448.0,0.0010410283033100616,0.0010699592583174914,11624448.0,0.0025756009187413533,0.002619155107458937,11624448.0,6.47602128867053e-09,0.000532305384294302
11636736.0,0.0010802362224543078,0.0010705323680364625,11636736.0,0.0025914070332267634,0.0026107277409513096,11636736.0,0.0014977998077180625,0.0005142867023332873
11649024.0,0.0010518339898529423,0.0010675439214537618,11649024.0,0.0025963672997022513,0.002603123376320582,11649024.0,7.170383839275966e-07,0.0005140806676895116
11661312.0,0.0011066621555073652,0.0010706672043549284,11661312.0,0.002598485642617258,0.0025947019212859837,11661312.0,1.667331268606631e-05,0.0005130609958526493
11673600.0,0.0010550166740965021,0.001070247515599476,11673600.0,0.00254837309330469,0.002584923505977107,11673600.0,0.0019957105238669706,0.00071250276981467
11685888.0,0.0010816191406775033,0.0010715593150962374,11685888.0,0.0028079117231148607,0.002603082015533194,11685888.0,2.929207697140631e-06,0.0007127922794340246
11698176.0,0.0010916381531084578,0.0010773076265346996,11698176.0,0.0025907682453786642,0.002601455484667289,11698176.0,0.00012178028555354103,0.0005393693145621635
11710464.0,0.0010596217634883942,0.0010724625751511968,11710464.0,0.0026288830413250253,0.0026052697441627973,11710464.0,1.6751018314664634e-06,0.0005295530897759004
11722752.0,0.0010620847048509556,0.001075325335174663,11722752.0,0.0026009455432358664,0.002607890716899419,11722752.0,0.0003305798736619181,0.0003968484517826956
11735040.0,0.0010930083863058826,0.0010722749493652373,11735040.0,0.0025835139228244466,0.002612225646347118,11735040.0,0.0012607693897734862,0.0005228641017193869
11747328.0,0.0010767824921155504,0.0010758503682457862,11747328.0,0.0025703492404621406,0.0026117004785191967,11747328.0,2.9075154306390516e-07,0.0005228925292715644
11759616.0,0.0010409219867142383,0.0010719189446717792,11759616.0,0.0026778380185229858,0.0026203435770488187,11759616.0,0.001845529683123459,0.0005576655168121039
11771904.0,0.0010825091018584014,0.0010749864558723251,11771904.0,0.0028399654729582835,0.002644703394374422,11771904.0,0.00040007562483879155,0.0005976013754575904
11784192.0,0.0010819691451615654,0.001072517154837745,11784192.0,0.002795429503748892,0.0026643977804875854,11784192.0,0.0007556116152045433,0.0006714952057094381
11796480.0,0.0011173853987808495,0.0010787540273061798,11796480.0,0.0033725690130571215,0.0027468173724628283,11796480.0,9.018631554151094e-07,0.00047201433963828254
11808768.0,0.0010609364138266149,0.001076685754621091,11808768.0,0.0030277105627950127,0.0027687972564308435,11808768.0,1.0308349414807813e-08,0.00047172244970350994
11821056.0,0.0010939168435773656,0.001076913623667982,11821056.0,0.002954456749042341,0.0028051661067972113,11821056.0,0.0019066122470879539,0.0006502056458569511
11833344.0,0.0010580199711209086,0.0010767534444312333,11833344.0,0.00287218270508068,0.002829496073172777,11833344.0,2.6371123536724403e-06,0.0006503018469091717
11845632.0,0.0011120408538166278,0.0010817490593278006,11845632.0,0.002970970096309126,0.002866498528480103,11845632.0,0.0012540169203324087,0.0007426455515762208
11857920.0,0.0011025667099602288,0.0010827048916932352,11857920.0,0.00328177223612632,0.0029363243598102906,11857920.0,0.001140669287754766,0.0007306355413743488
11870208.0,0.0010904314040089957,0.0010840697828825795,11870208.0,0.0030445402868887563,0.002983743464452952,11870208.0,0.0005543769842309606,0.0007860441646431385
11882496.0,0.0010991443844735234,0.0010898920226585082,11882496.0,0.0030283853448054288,0.0030187981970811965,11882496.0,3.061053223489078e-07,0.0006015218068630275
11894784.0,0.001080766361459003,0.0010897177486185684,11894784.0,0.003084748619585298,0.0030432765117438974,11894784.0,3.511555238255859e-08,0.0005615177559343866
11907072.0,0.001117621880742566,0.0010932830221766685,11907072.0,0.0029926108739649258,0.003062994648765501,11907072.0,0.0019354864501413733,0.0006795052394280696
11919360.0,0.001088090932777656,0.0010903535755763488,11919360.0,0.0032540889963759887,0.0030511466470973876,11919360.0,1.7780997758620742e-06,0.0006795928630901143
11931648.0,0.001096583552377221,0.0010939182894314093,11931648.0,0.003113053523217483,0.003059680943139635,11931648.0,0.0015233370316612611,0.000831925535421299
11943936.0,0.001083910872087775,0.0010929176922824504,11943936.0,0.0029834082524757832,0.003062576093482979,11943936.0,1.475865928431593e-06,0.0006414118973053467
11956224.0,0.0011121206959311773,0.0010983277647634774,11956224.0,0.0028811557531298604,0.003063473398287897,11956224.0,0.0004003150917621194,0.0006811796952461914
11968512.0,0.001097612608646159,0.0010968849402464304,11968512.0,0.0028304498373472597,0.0030494213723917104,11968512.0,0.00013439623239719367,0.0005692176264526699
11980800.0,0.001091484912346156,0.0010957767604850232,11980800.0,0.0027740594632632565,0.002998650095105404,11980800.0,5.708429049455788e-07,0.0004552077819676878
11993088.0,0.001103371786181621,0.0010970707987022856,11993088.0,0.0028010773409429626,0.002974303800510825,11993088.0,0.00012174027926903364,0.00041194411147149515
12005376.0,0.001107482346924371,0.0010979045949473707,12005376.0,0.0030536033288323474,0.002976825598913517,12005376.0,0.00032021694293386344,0.00044393519523264663
12017664.0,0.001100706305199613,0.0010998985893214317,12017664.0,0.002988229646386268,0.002967173701593614,12017664.0,2.4786009351629446e-06,0.0004441795437709247
12029952.0,0.0010990462069457863,0.0010980410219417537,12029952.0,0.0031250628671841696,0.002980418900915538,12029952.0,4.382476260881655e-05,0.000255013375017669
12042240.0,0.0011170991516943711,0.0011009418438334248,12042240.0,0.0030911245145640955,0.0029641224527343487,12042240.0,0.0019848723622999387,0.0004533228012700766
12054528.0,0.0010926685990853002,0.0011005503485042331,12054528.0,0.0029495349360028436,0.002947770594012885,12054528.0,0.001213006619461036,0.00042228976005005415
12066816.0,0.0011514648449519882,0.0011073057457906543,12066816.0,0.003045694829779677,0.002953999251743274,12066816.0,2.796467377663703e-06,0.0004224218201949774
12079104.0,0.0010925708508390624,0.0011053507612814428,12079104.0,0.0029147564261317407,0.0029573593190434623,12079104.0,2.082912575288957e-08,0.0003823923939313407
12091392.0,0.0011261760622195045,0.0011082071066387772,12091392.0,0.002834799794072751,0.002957794314716011,12091392.0,0.0004945693549416319,0.00041840970618578445
12103680.0,0.0011183645923059278,0.0011108950746347547,12103680.0,0.002772875154429736,0.0029576758838326593,12103680.0,4.499491075430721e-06,0.0004188025710028331
12115968.0,0.001107746951674926,0.0011113325911840852,12115968.0,0.003206061399396276,0.0029981742896779905,12115968.0,9.096356693068705e-07,0.0004067195066428603
12128256.0,0.0011134802595430908,0.001111932382445957,12128256.0,0.0032492513419128954,0.0030177390909860453,12128256.0,0.0017885191458238598,0.00055354972693186
12140544.0,0.0010800776569036923,0.0011098695176163648,12140544.0,0.002995519679340456,0.003018468094281464,12140544.0,9.439950148741143e-05,0.0005627418169870848
12152832.0,0.0011108957181325725,0.0011110544687350436,12152832.0,0.003061437678600972,0.003012105575423144,12152832.0,0.0019755459440299696,0.0007559139351292002
12165120.0,0.0011124086868221639,0.001110585422247823,12165120.0,0.003214905969798565,0.003024483720946591,12165120.0,9.849437721716943e-07,0.0005575251932764234
12177408.0,0.0011134807294486866,0.0011126666352841617,12177408.0,0.003898265495081432,0.00311935677685445,12177408.0,1.8641045348507152e-05,0.0004380886358651705
12189696.0,0.001096432059663736,0.0011071633567553362,12189696.0,0.003542171439524585,0.0031690044378289406,12189696.0,0.00015925710283681838,0.0004537346994110861
12201984.0,0.0011100900173914852,0.0011089152734105787,12201984.0,0.004289626711397432,0.00330649146635551,12201984.0,9.060276025725974e-07,0.0004538232192587679
12214272.0,0.0011161488479653296,0.001107912551985161,12214272.0,0.003910102595303518,0.003414021746478587,12214272.0,4.7513797824194626e-05,0.00040911766354702437
12226560.0,0.0011206432379064306,0.0011081404165452114,12226560.0,0.0037619289578287862,0.0035129271268184922,12226560.0,0.0012050015666318359,0.0005291678711026648
12238848.0,0.0010969540793060635,0.001107061129308325,12238848.0,0.003771234068456882,0.0035694443937245523,12238848.0,0.001865363657392057,0.0007156132732749398
12251136.0,0.0011167948863051909,0.0011073925919845352,12251136.0,0.004056891016565108,0.0036502083611897737,12251136.0,0.0003185221115321231,0.0005686135698457661
12263424.0,0.001116186381599012,0.0011110034644540672,12263424.0,0.004030587202578317,0.0037537151135135596,12263424.0,9.09152549392426e-06,0.0005600827722464175
12275712.0,0.0010853518591223594,0.0011084490785530459,12275712.0,0.0040482974000042304,0.003852401085653886,12275712.0,0.0017996705106876714,0.0005424952289121876
12288000.0,0.0011406449745360685,0.0011112727073244362,12288000.0,0.004515719927439932,0.003982482481418022,12288000.0,2.3390953011552065e-07,0.0005424201254879819
