v1_adventurer_(bigan_novelty)_timesteps,v1_adventurer_(bigan_novelty)_score,v1_adventurer_(bigan_novelty)_score_mean,v2_latent_discrepancy_timesteps,v2_latent_discrepancy_score,v2_latent_discrepancy_score_mean,v3_latent_plus_clamped_eme_timesteps,v3_latent_plus_clamped_eme_score,v3_latent_plus_clamped_eme_score_mean,v4_latent_plus_normalised_eme_timesteps,v4_latent_plus_normalised_eme_score,v4_latent_plus_normalised_eme_score_mean
12288.0,0.10577342286705971,0.10577342286705971,12288.0,-0.10421432099731949,-0.10421432099731949,12288.0,-0.10421432099731949,-0.10421432099731949,12288.0,-0.02243071601454479,-0.02243071601454479
24576.0,0.07483894956142952,0.0903061862142446,24576.0,-1.4221213447550933,-0.7631678328762064,24576.0,-1.4221213447550933,-0.7631678328762064,24576.0,-0.938672224059701,-0.4805514700371229
36864.0,-2.218528162688017,-0.6793052634198425,36864.0,-0.8336125295609236,-0.7866493984377788,36864.0,-0.8336125295609236,-0.7866493984377788,36864.0,-0.5865441231677929,-0.5158823544140129
49152.0,-1.989251231153806,-1.0067917553533334,49152.0,-0.6681213692451516,-0.757017391139622,49152.0,-0.6681213692451516,-0.757017391139622,49152.0,-0.6122568864375353,-0.5399759874198935
61440.0,-1.9192178770899773,-1.1892769797006622,61440.0,-0.5871435636654496,-0.7230426256447875,61440.0,-0.5871435636654496,-0.7230426256447875,61440.0,-0.5282089812681079,-0.5376225861895364
73728.0,-1.8020358718931675,-1.2914034617327463,73728.0,-0.5238479860126972,-0.6898435190394391,73728.0,-0.5238479860126972,-0.6898435190394391,73728.0,-0.4674897914131482,-0.5259337870601384
86016.0,-1.7452620553473632,-1.3562404036776916,86016.0,-0.4759868551045656,-0.6592925670487428,86016.0,-0.4759868551045656,-0.6592925670487428,86016.0,-0.4177642560874422,-0.5104809969211818
98304.0,-1.8624683941404026,-1.4195189024855306,98304.0,-0.4381725030640761,-0.6316525590506596,98304.0,-0.4381725030640761,-0.6316525590506596,98304.0,-0.3787737723129491,-0.49401759384515265
110592.0,-1.873377403865258,-1.4699476248610557,110592.0,-0.41214471869170666,-0.607262799010776,110592.0,-0.41214471869170666,-0.607262799010776,110592.0,-0.36574659900118905,-0.47976526108471224
122880.0,-1.7558963745832443,-1.4985424998332746,122880.0,-0.38615806462864083,-0.5851523255725625,122880.0,-0.38615806462864083,-0.5851523255725625,122880.0,-0.349569911758105,-0.4667457261520515
135168.0,-1.7767592358092468,-1.6867957657009054,135168.0,-0.36511215784897405,-0.6112421092577278,135168.0,-0.36511215784897405,-0.6112421092577278,135168.0,-0.32544729315365356,-0.4970473838659625
147456.0,-1.8378064955274265,-1.878060310209791,147456.0,-0.33971985553701717,-0.5030019603359202,147456.0,-0.33971985553701717,-0.5030019603359202,147456.0,-0.31178699728722375,-0.43435886118871475
159744.0,-1.908516267935435,-1.8470591207345328,159744.0,-0.33026162907481194,-0.452666870287309,159744.0,-0.33026162907481194,-0.452666870287309,159744.0,-0.2995615480467677,-0.4056606036766121
172032.0,-1.9136582625408967,-1.8394998238732416,172032.0,-0.3185904591033856,-0.4177137792731325,172032.0,-0.318499487824738,-0.41770468214526774,172032.0,-0.28084356042866904,-0.3725192710757256
184320.0,-1.8849487490952015,-1.8360729110737641,184320.0,-0.30582222482189536,-0.38958164538877704,184320.0,-0.30033903988078237,-0.389024229766801,184320.0,-0.27671487381060916,-0.3473698603299757
196608.0,-1.8895826824009418,-1.8448275921245418,196608.0,-0.2944642681007584,-0.3666432735975832,196608.0,-0.28602486988529563,-0.3652419181540608,196608.0,-0.26795288765182096,-0.327416169953843
208896.0,-1.868193730711937,-1.8571207596609987,208896.0,-0.28506484907120466,-0.34755107299424715,208896.0,-0.2848446639254689,-0.34612769903615115,208896.0,-0.2571943181877335,-0.31135917616387215
221184.0,-1.8318454523881276,-1.8540584654857715,221184.0,-0.26786556498457986,-0.3305203791862975,221184.0,-0.2760705213683347,-0.329917500866577,221184.0,-0.250192993786186,-0.2985010983111958
233472.0,-1.7656536288559437,-1.8432860879848398,233472.0,-0.25818718612814945,-0.3151246259299417,233472.0,-0.259958493988961,-0.3146988783963024,233472.0,-0.23866136651486158,-0.285792575062563
245760.0,-1.73556179429094,-1.8412526299556098,245760.0,-0.25880445539951324,-0.30238926500702895,245760.0,-0.2608416407989959,-0.30216723601333795,245760.0,-0.23729538870975375,-0.2745651227577279
258048.0,-1.7593972347676754,-1.8395164298514526,258048.0,-0.25180677355577546,-0.2910587265777091,258048.0,-0.25382333854213357,-0.2910383540826539,258048.0,-0.23299030602599183,-0.2653194240449617
270336.0,-1.7691994806130726,-1.8326557283600171,270336.0,-0.24682523496448994,-0.2817692645204564,270336.0,-0.2428499849823614,-0.2813513670271884,270336.0,-0.2265655342489481,-0.25679727774113414
282624.0,-1.773355394601822,-1.8191396410266556,282624.0,-0.2397044215661784,-0.272713543769593,282624.0,-0.23525273070360223,-0.2718504771900674,282624.0,-0.22171558005114397,-0.2490126809415718
294912.0,-1.8019360974431038,-1.8079674245168764,294912.0,-0.23566822474822402,-0.2644213203340769,294912.0,-0.23465295555070043,-0.2634658239626636,294912.0,-0.215476107938836,-0.24247593569258846
307200.0,-1.8049213228126366,-1.79996468188862,307200.0,-0.22860243078321218,-0.2566993409302086,307200.0,-0.22163705558826527,-0.2555956255334119,307200.0,-0.20839532387132445,-0.23564398069865997
319488.0,-1.7848593878249328,-1.7894923524310191,319488.0,-0.2246930731150011,-0.24972222143163286,319488.0,-0.22099525931601724,-0.2490926644764841,319488.0,-0.20162015416038534,-0.22901070734951645
331776.0,-1.742837696025769,-1.7769567489624023,331776.0,-0.2214736814300219,-0.2433631046675145,331776.0,-0.21747866474712887,-0.24235606455865008,331776.0,-0.20518543059006333,-0.22380981858974947
344064.0,-1.684817060828209,-1.7622539098064103,344064.0,-0.2177728620978693,-0.23835383437884347,344064.0,-0.20835282932966948,-0.23558429535478354,344064.0,-0.20055598936354121,-0.21884611814748495
356352.0,-1.637725729495287,-1.7494611198703445,356352.0,-0.21398194786161184,-0.23393331055218974,356352.0,-0.21343750630815825,-0.23093219658670328,356352.0,-0.19516599643975496,-0.2144965811399743
368640.0,-1.5506110327939193,-1.7309660437206429,368640.0,-0.20959227361405888,-0.22901209237364434,368640.0,-0.2114386803780993,-0.2259919005446136,368640.0,-0.1939592674995462,-0.21016296901895354
380928.0,-1.404689583927393,-1.6954952786366142,380928.0,-0.20630862843245268,-0.22446227786131204,380928.0,-0.20818107590700188,-0.2214276742811004,380928.0,-0.18720963783562183,-0.20558490219991654
393216.0,-1.4140174699326356,-1.659977077568571,393216.0,-0.2036654851399362,-0.22014630287885667,393216.0,-0.20565369927013913,-0.2177080457098782,393216.0,-0.1881395202750961,-0.20174230080253133
405504.0,-1.4587348910669486,-1.6285150272150832,405504.0,-0.20057741397370896,-0.2162336021196097,405504.0,-0.20228456798940897,-0.2144112294384589,405504.0,-0.18512167098621526,-0.1980829098960385
417792.0,-1.503924135118723,-1.5987138309826454,417792.0,-0.19750577940916023,-0.2124173575857033,417792.0,-0.19089868012815714,-0.21003580189620452,417792.0,-0.18224455323070288,-0.19475975442522514
430080.0,-1.5429852182666461,-1.5725202205280462,430080.0,-0.19466959654043117,-0.20902407416142524,430080.0,-0.1870601394524177,-0.2065781102826198,430080.0,-0.17949757367993394,-0.19186997940608613
442368.0,-1.5798338986933231,-1.5520176716148852,442368.0,-0.1918103649901847,-0.2057358033489436,442368.0,-0.18377493089064956,-0.20285607744008302,442368.0,-0.17687108786776662,-0.18939507277682424
454656.0,-1.6011100175480049,-1.537844903767109,454656.0,-0.18913828767836094,-0.20250226397377746,454656.0,-0.1889765621162951,-0.20000586717699967,454656.0,-0.17435652669519186,-0.1863121823873371
466944.0,-1.5721251865228016,-1.5265757163365683,466944.0,-0.18654655199497938,-0.19937963296348848,466944.0,-0.169033023994416,-0.1960738866434743,466944.0,-0.1719464074509839,-0.18345122419608134
479232.0,-1.569853990028302,-1.5197885423898696,479232.0,-0.18404018568495908,-0.19638545674582322,479232.0,-0.1662770948993663,-0.1913578455025951,479232.0,-0.16963354016964635,-0.18089797856907047
491520.0,-1.5778871948520343,-1.5225161585956812,491520.0,-0.1816322224525114,-0.19358945162966848,491520.0,-0.1791250347159803,-0.1881264809363832,491520.0,-0.1674114246852696,-0.17824319428764282
503808.0,-1.5775767018397648,-1.5398048703869185,503808.0,-0.17934359842911363,-0.19089294862933454,503808.0,-0.16826897083471218,-0.18413527042915423,503808.0,-0.16527469572611153,-0.1760497000766918
516096.0,-1.5687866571048896,-1.555281789104144,516096.0,-0.17708596121519804,-0.18823499623686074,516096.0,-0.17396490400036177,-0.1809663909021765,516096.0,-0.1632175334574034,-0.17355750139492251
528384.0,-1.5665848925709724,-1.5660667892545461,528384.0,-0.1749270415554444,-0.1856699589950343,528384.0,-0.17193875089287758,-0.17793180919252333,528384.0,-0.16123548382893205,-0.1711688826791942
540672.0,-1.5670385050276916,-1.5723782262454429,540672.0,-0.17286081068838635,-0.1832054621229569,540672.0,-0.16974185857300958,-0.1758161270370086,540672.0,-0.15932383745287856,-0.16887681110141178
552960.0,-1.517264261841774,-1.5698061306029558,552960.0,-0.17087490344420075,-0.18082599281333386,552960.0,-0.16822988276059428,-0.17393310136782625,552960.0,-0.15747864816027382,-0.16667491854944577
565248.0,-1.438416204104821,-1.5556643611441054,565248.0,-0.16894646656389037,-0.17853960297070443,565248.0,-0.15776205055105189,-0.17133181333386652,565248.0,-0.1556960301628957,-0.1645574127789587
577536.0,-1.3914378409584363,-1.5346971434851489,577536.0,-0.16705699660815299,-0.17633147386368364,577536.0,-0.1556785541276137,-0.16800201253499836,577536.0,-0.15397268999367952,-0.16251902910880747
589824.0,-1.3788645416498184,-1.5153710789978505,589824.0,-0.16523260693065822,-0.1742000793572515,589824.0,-0.16192964433381954,-0.16729167456893873,589824.0,-0.1523053248723348,-0.16055492085094253
602112.0,-1.4099874732395012,-1.4993844273189705,602112.0,-0.16346086406459412,-0.172142147195215,602112.0,-0.1514736955674986,-0.16581133463575196,602112.0,-0.15069101199818155,-0.15866066803379603
614400.0,-1.448197631786267,-1.4864154710123938,614400.0,-0.16171404145037135,-0.170150329095001,614400.0,-0.14088434974352518,-0.16198726613850645,614400.0,-0.1491269386994342,-0.15683221943521253
626688.0,-1.4678932453195255,-1.4754471253603696,626688.0,-0.16007539513520896,-0.16822350876561054,626688.0,-0.14678641664795578,-0.1598390107198308,626688.0,-0.1476105838858833,-0.15506580825118968
638976.0,-1.4801421190301578,-1.4665826715528965,638976.0,-0.15852457052096725,-0.16636736969618748,638976.0,-0.13636329374276102,-0.15607884969407074,638976.0,-0.14613954924667874,-0.15335800983011721
651264.0,-1.4853497905035813,-1.4584591613461573,651264.0,-0.156960479527091,-0.16457071349335212,651264.0,-0.14241571258753538,-0.1531265458635365,651264.0,-0.14270747468496361,-0.15150520891572042
663552.0,-1.492347148557504,-1.4509900256991388,663552.0,-0.15545802020157376,-0.16283043444467088,663552.0,-0.14063206679808596,-0.15021556668604413,663552.0,-0.14122463033224145,-0.14969528820365668
675840.0,-1.5009503203133743,-1.4493586315462987,675840.0,-0.15401776305710277,-0.1611447204059611,675840.0,-0.13863772968761623,-0.14725635137874632,675840.0,-0.13998628136081,-0.14794605152371026
688128.0,-1.5094353184103966,-1.456460542976856,688128.0,-0.15260444247784713,-0.15951051799735677,688128.0,-0.13722372932049134,-0.14520251925569028,688128.0,-0.13859914196655154,-0.14623636270407586
700416.0,-1.5060206229488056,-1.4679188211758931,700416.0,-0.15123503228339055,-0.1579283215648805,700416.0,-0.13457405536125103,-0.143092069379054,700416.0,-0.13740223770340285,-0.1445793174750482
712704.0,-1.5154590147236984,-1.4815782684832812,712704.0,-0.14989133117099604,-0.1563941939889143,712704.0,-0.1417323468097796,-0.14107233962665,712704.0,-0.13624956008667746,-0.14297374099648247
724992.0,-1.5430909569064777,-1.4948886168499786,724992.0,-0.14855861943215132,-0.15490396952567,724992.0,-0.14033473089026907,-0.13995844315892705,724992.0,-0.1350260980737706,-0.14140724960404136
737280.0,-1.353708628565073,-1.4854397165278592,737280.0,-0.147286623949185,-0.15346122777555138,737280.0,-0.13903851131908596,-0.13977385931648315,737280.0,-0.1338227305871745,-0.13987682879281538
749568.0,-1.318680139258504,-1.4705184059217573,749568.0,-0.1460302024303625,-0.15205670850506675,749568.0,-0.13777373948444924,-0.1388725916001325,749568.0,-0.132731444745635,-0.13838891487879054
761856.0,-1.344852026551962,-1.4569893966739378,761856.0,-0.14480223801607886,-0.1506844752545779,761856.0,-0.1194891588917623,-0.1371851781150326,761856.0,-0.1316303783096373,-0.13693799778508645
774144.0,-1.3772731634477775,-1.4461817339683571,774144.0,-0.1436505343299359,-0.14935348073486238,774144.0,-0.13493381130198637,-0.13643698798647774,774144.0,-0.1305909176977972,-0.1357263420863698
786432.0,-1.4123077355325222,-1.4381777926658592,786432.0,-0.1424969124297301,-0.14805736995767801,786432.0,-0.12560120287040868,-0.13493390159371,786432.0,-0.12945132896614572,-0.13454901194976024
798720.0,-1.4921540295084317,-1.437298163585365,798720.0,-0.14136364062627158,-0.1467919577145949,798720.0,-0.09871142528330286,-0.13094127115327864,798720.0,-0.12858751183375716,-0.13340913499705492
811008.0,-1.529574843744437,-1.439312116118769,811008.0,-0.1402489305473864,-0.14555640652154883,811008.0,-0.12119653277720015,-0.12933855149894952,811008.0,-0.1273982673883438,-0.13228904753923415
823296.0,-1.5435564629733562,-1.443065700121224,823296.0,-0.13919622691658637,-0.1443525259848684,823296.0,-0.11991488685210545,-0.12787263464803497,823296.0,-0.1264409169089049,-0.13119291545978437
835584.0,-1.543496236205101,-1.4458694222693642,835584.0,-0.1381438474636525,-0.14317777761413403,835584.0,-0.0855147292992721,-0.12225087289698422,835584.0,-0.1255736455010871,-0.13012532400122534
847872.0,-1.5338491176565487,-1.4449452383443715,847872.0,-0.13711391358325878,-0.1420333070292448,847872.0,-0.07441386037195723,-0.11565878584515306,847872.0,-0.12460890909036,-0.12908360510288425
860160.0,-1.5228608784576256,-1.4618604633336267,860160.0,-0.13610369060188532,-0.14091501369451484,860160.0,-0.10390542020710807,-0.11214547673395525,860160.0,-0.12367348279803991,-0.1280686803239708
872448.0,-1.5098328813910484,-1.480975737546881,872448.0,-0.13512075614805022,-0.13982406906628359,872448.0,-0.052796503684173025,-0.10364775315392763,872448.0,-0.12270139406124751,-0.12706567525553208
884736.0,-1.495064239948988,-1.4959969588865836,884736.0,-0.134156375269716,-0.13875948279164732,884736.0,-0.07324921898543835,-0.09902375916329523,884736.0,-0.1219498827898254,-0.12609762570355088
897024.0,-1.481784824281931,-1.506448124969999,897024.0,-0.13320973484466472,-0.13771540284312017,897024.0,-0.08730619439544778,-0.09426099747264137,897024.0,-0.12093792296946049,-0.12513232623071718
909312.0,-1.4622273010512192,-1.5114400815218687,909312.0,-0.13225783531864485,-0.13669149513201168,909312.0,-0.06843568113011618,-0.08854444529861212,909312.0,-0.12028872633042435,-0.12421606596714507
921600.0,-1.4466672539710999,-1.5068914039681354,921600.0,-0.13136770040728152,-0.13569190111011264,921600.0,-0.09112239303067327,-0.08778554207334917,921600.0,-0.11933687593167026,-0.12329100237693638
933888.0,-1.4348850746949513,-1.497422427063187,933888.0,-0.13049301078232625,-0.13471630913360666,933888.0,-0.04826164913053314,-0.08049205370868245,933888.0,-0.11859066520507137,-0.12241024215860914
946176.0,-1.418507454295953,-1.4849175261954468,946176.0,-0.1296303168249627,-0.13375971812444426,946176.0,-0.0444693760946393,-0.07294750263293584,946176.0,-0.11786687102479239,-0.12155283757019789
958464.0,-1.4083885848522186,-1.4714067610601584,958464.0,-0.12877892252678672,-0.1328232256307577,958464.0,-0.0666116642144819,-0.07105719612445682,958464.0,-0.1170950325516363,-0.12070497627525278
970752.0,-1.3947810356815655,-1.45749995286266,970752.0,-0.1279181300972899,-0.1319036472821608,970752.0,-0.06422963777246575,-0.07003877386450767,970752.0,-0.11635421387230356,-0.11987950675344713
983040.0,-1.381852775812149,-1.4433991425981125,983040.0,-0.12707753937381008,-0.13100103215935327,983040.0,0.037813375781600676,-0.05586689426563679,983040.0,-0.11566358129493892,-0.11907851660313704
995328.0,-1.3663335392872493,-1.4290492083877324,995328.0,-0.12626607258183262,-0.13011556380273154,995328.0,0.04401587679361304,-0.04618565621785819,995328.0,-0.11490424481841426,-0.11829880167885373
1007616.0,-1.352496190617482,-1.4147924034545816,1007616.0,-0.12546335502217212,-0.12924626177797713,1007616.0,0.049621151139338814,-0.033898619205380474,1007616.0,-0.11408386876185735,-0.11751220027605694
1019904.0,-1.3382220721493165,-1.4004361282413202,1019904.0,-0.12467728283566733,-0.1283930165770774,1019904.0,-0.0011822177718083064,-0.025286221543016536,1019904.0,-0.11343783132421474,-0.11676219111153237
1032192.0,-1.3259665158887703,-1.3868100497250755,1032192.0,-0.12390934443101287,-0.1275581674883142,1032192.0,0.08528218527014057,-0.009914434902990855,1032192.0,-0.11287447755845885,-0.11602076623433581
1044480.0,-1.3143108617514372,-1.3735744105031094,1044480.0,-0.12311576888896525,-0.1267329743364826,1044480.0,0.09314983536023647,0.008512787936100118,1044480.0,-0.11220271264513333,-0.1153073499056821
1056768.0,-1.3025508454690378,-1.360340987580518,1056768.0,-0.12239458745655914,-0.12592313200390587,1056768.0,0.09145552284705143,0.022484505133858572,1056768.0,-0.11135978895860414,-0.1145842622810354
1069056.0,-1.2897851473341386,-1.3474687568843362,1069056.0,-0.12167450746831794,-0.1251275510682414,1069056.0,0.04797356579607973,0.03172879932293048,1069056.0,-0.11073109460994601,-0.11387068463955075
1081344.0,-1.276640569170316,-1.3342939553161461,1081344.0,-0.12097572985415657,-0.12434723180097836,1081344.0,0.11920702148927376,0.05031066789330605,1081344.0,-0.1100411689064155,-0.11316529827502868
1093632.0,-1.2644830563416083,-1.3212641573821506,1093632.0,-0.12030590899909537,-0.12358600969115893,1093632.0,0.21737543305304521,0.07847117497585714,1093632.0,-0.1095424498586605,-0.11248412187366437
1105920.0,-1.2511697777857382,-1.3081958575795096,1105920.0,-0.11966253607533872,-0.12284450936131179,1105920.0,0.12140283935392897,0.08683012133308995,1105920.0,-0.10887772357091308,-0.11180553610126179
1118208.0,-1.240672130137682,-1.2956297166645527,1118208.0,-0.11897316489679118,-0.12211521859280763,1118208.0,0.101969661792585,0.09262549983298717,1118208.0,-0.10823595019367833,-0.11113870663878818
1130496.0,-1.2294651915629704,-1.2833266167591015,1130496.0,-0.11826297058723867,-0.1213951801493143,1130496.0,0.19887818233595075,0.10755120295264838,1130496.0,-0.1076421713611732,-0.11049453689871977
1142784.0,-1.2166656628251076,-1.2711709758266807,1142784.0,-0.11746997021449108,-0.12067444888719667,1142784.0,0.10003110664001724,0.11767253539383091,1142784.0,-0.1070844988959531,-0.10985920365589359
1155072.0,-1.2049805944164593,-1.2590723836794497,1155072.0,-0.11685980437323451,-0.11996949488141884,1155072.0,0.19679750680840394,0.12882406754765727,1155072.0,-0.10640528541989625,-0.10921228444203734
1167360.0,-1.189821919426322,-1.2466234894469381,1167360.0,-0.11620802828110754,-0.11927872082063307,1167360.0,0.17237332096798733,0.13674641610843236,1167360.0,-0.10604140115901828,-0.10859615329342583
1179648.0,-1.180034475401044,-1.2343718524401386,1179648.0,-0.11553072355066736,-0.11859233443004388,1179648.0,0.23614047502633184,0.1512149113263604,1179648.0,-0.10531131147096555,-0.10799130554466199
1191936.0,-1.1754568765560787,-1.2229390253623325,1191936.0,-0.11486427035803597,-0.1179113107190157,1191936.0,0.17970611022125618,0.16438816576887805,1191936.0,-0.10491317052704592,-0.10740951313637197
1204224.0,-1.1719232555478811,-1.212467294000089,1204224.0,-0.11419671044374506,-0.11723340877797454,1204224.0,0.14455885799058402,0.16692334941900905,1204224.0,-0.10433815233409405,-0.10683921147913984
1216512.0,-1.1655608943353097,-1.2025750777994593,1216512.0,-0.11371061330040295,-0.11657387920810529,1216512.0,0.20786294989132634,0.16597210110283717,1216512.0,-0.10366370350432892,-0.10625133684370666
1228800.0,-1.1602164451032877,-1.193479744531214,1228800.0,-0.11319696274586022,-0.11592732187515745,1228800.0,0.24823031591949984,0.17865484875939425,1228800.0,-0.10329960263334215,-0.10569352474994957
1241088.0,-1.155118564143777,-1.1849243879318236,1241088.0,-0.11259797153373559,-0.11528980253885188,1241088.0,0.28188993273458135,0.19664687585359392,1241088.0,-0.102490427903831,-0.10511897252096485
1253376.0,-1.1513142331192892,-1.1771092920874557,1253376.0,-0.11206401038604479,-0.1146699065187325,1253376.0,0.41708978758348775,0.2184680363783476,1253376.0,-0.10222730149204533,-0.10457748553405206
1265664.0,-1.144419712945819,-1.1698846970995267,1265664.0,-0.11150913468251626,-0.11407382296553503,1265664.0,0.3763625042435403,0.2461011761386999,1265664.0,-0.10158667791013916,-0.10402770343547066
1277952.0,-1.1411715112626553,-1.1635037887841464,1277952.0,-0.11102353734895587,-0.11349019626310716,1277952.0,0.39076610809812945,0.26549803626767243,1277952.0,-0.10130711970850825,-0.10351788686433187
1290240.0,-1.1355236371358235,-1.1580739605550965,1290240.0,-0.11043412960134447,-0.11291280639513084,1290240.0,0.32941551483236253,0.28120225565410994,1290240.0,-0.10068324611832698,-0.10298207136026272
1302528.0,-1.13216193454961,-1.153286706469953,1302528.0,-0.10990877255486946,-0.11235061129555106,1302528.0,0.5214179103107502,0.30972999918255184,1302528.0,-0.10013702760140102,-0.10246464297330629
1314816.0,-1.1266624418397744,-1.1484072629983229,1314816.0,-0.10933317709714174,-0.11179750196946166,1314816.0,0.42433158385877806,0.33419254654630404,1314816.0,-0.09966503611455362,-0.10193982953205705
1327104.0,-1.1198322537044685,-1.1431981628139813,1327104.0,-0.10878943318190674,-0.11125677424327782,1327104.0,0.4617052563310911,0.36590718638035474,1327104.0,-0.09927180308538179,-0.1014331946071858
1339392.0,-1.1160620575149853,-1.138248279131949,1339392.0,-0.10835645099480946,-0.11072135801271846,1339392.0,0.6318395448227724,0.4083048458734993,1339392.0,-0.09865968325175345,-0.10093279258192826
1351680.0,-1.1105907472471397,-1.1332857093463342,1351680.0,-0.10792465213065346,-0.11019412695119779,1351680.0,0.6024831232304374,0.4437301266045931,1351680.0,-0.09822214154216151,-0.10042504647281021
1363968.0,-1.1082193590700626,-1.1285957888389626,1363968.0,-0.10740044759586453,-0.10967437455741069,1363968.0,0.4402920203283429,0.4595703353639692,1363968.0,-0.09784335782751441,-0.09996033946517854
1376256.0,-1.1059724297374487,-1.1240616085007786,1376256.0,-0.10691788784849147,-0.10915976230365536,1376256.0,0.5132119238066176,0.4691825489862822,1376256.0,-0.09734033700078726,-0.09947164301605274
1388544.0,-1.1046760870764654,-1.1200872459138433,1388544.0,-0.10643735194268326,-0.10865258402967204,1388544.0,0.30925672796244424,0.4624719713581726,1388544.0,-0.09699760338601966,-0.09901273556364079
1400832.0,-1.1014510511110227,-1.11611519989868,1400832.0,-0.10599418838197987,-0.10814964913297445,1400832.0,0.36545221228152514,0.45994058177651215,1400832.0,-0.09635874155598383,-0.09851789774838834
1413120.0,-1.102713344618678,-1.1128341706469655,1413120.0,-0.10559666017070413,-0.10766590218991041,1413120.0,0.4060042349932094,0.4675994537925968,1413120.0,-0.09620012536955376,-0.09806958567351103
1425408.0,-1.0984901854147513,-1.1094669957334797,1425408.0,-0.10514103070211907,-0.10718912800463538,1425408.0,0.2744912076741457,0.44290678352893637,1425408.0,-0.09572089129748444,-0.09762797204311938
1437696.0,-1.0947748528172572,-1.106278236831228,1437696.0,-0.10468553324850897,-0.10672436361977208,1437696.0,0.29121277558927733,0.4295949027019863,1437696.0,-0.09519642242230475,-0.09718111067389448
1449984.0,-1.092476228872935,-1.1035426343480745,1449984.0,-0.10419627379936476,-0.1062650476815179,1449984.0,0.28993622632697225,0.41241799970157444,1449984.0,-0.09473926209223767,-0.09672785657458008
1462272.0,-1.1009977950404088,-1.102036208100617,1462272.0,-0.10377644786300759,-0.10580704736833771,1462272.0,0.23438357065121332,0.37267240228441845,1462272.0,-0.09450907663752635,-0.09631279591315738
1474560.0,-1.0484156316767137,-1.0958186965435743,1474560.0,-0.10332192154601216,-0.10534677430987358,1474560.0,0.22997043871631226,0.33542113383300604,1474560.0,-0.09382369951345026,-0.09587295171028623
1486848.0,-1.0414603352546692,-1.089142794162035,1486848.0,-0.1028825812973082,-0.10489498768001795,1486848.0,0.22763082462673387,0.31415501426284514,1486848.0,-0.09380608121864498,-0.09546922404939931
1499136.0,-1.0545056524376075,-1.0839961164320508,1499136.0,-0.10240436384143929,-0.10444363527931273,1499136.0,0.2600525471692284,0.2888390765991062,1499136.0,-0.09334333256507914,-0.09506952360582847
1511424.0,-1.0759153179824352,-1.081120039522648,1511424.0,-0.10197781887836754,-0.10399768197288117,1511424.0,0.22666326615338525,0.28057973041820033,1511424.0,-0.09275323835512002,-0.09464508710273851
1523712.0,-1.1022275512417157,-1.0811976895357172,1523712.0,-0.10153960669413209,-0.10355222380409639,1523712.0,0.2255166801624,0.26658617720628774,1523712.0,-0.09269734735911091,-0.09427894768305123
1536000.0,-1.1282983012497425,-1.0837561851988238,1536000.0,-0.10115904710255563,-0.10310846249728153,1536000.0,0.22318165733789405,0.24830391944075622,1536000.0,-0.09218269516713917,-0.09387720466280977
1548288.0,-1.1493117554734151,-1.08883834220469,1548288.0,-0.10079936116623382,-0.102674295543693,1548288.0,0.22150272006789842,0.2430050706801315,1548288.0,-0.09171121544204652,-0.09347623707726598
1560576.0,-1.1681697933624189,-1.096177836259206,1560576.0,-0.10044036759063601,-0.10224977897790573,1560576.0,0.21935808394725123,0.2358196015159289,1560576.0,-0.09155174259406824,-0.09311176909444233
1572864.0,-1.1823766846209764,-1.1051678818340103,1572864.0,-0.10005214515452583,-0.10183536611342181,1572864.0,0.2183738419165214,0.22866336307488383,1572864.0,-0.09109552926383913,-0.09274739581160248
1585152.0,-1.1944245391835768,-1.114510556248327,1585152.0,-0.09965878802662094,-0.10142360012978316,1585152.0,0.21707320446148515,0.22693232645591102,1585152.0,-0.09074613032862544,-0.09237110118071237
1597440.0,-1.1996600901087124,-1.1296350020915271,1597440.0,-0.09930540334122877,-0.10102194830930482,1597440.0,0.21542360307648778,0.22547764289192856,1597440.0,-0.09027573380929728,-0.0920163046102971
1609728.0,-1.202713618054986,-1.1457603303715587,1609728.0,-0.09892451351818939,-0.10062614153139293,1609728.0,0.21403086325153708,0.2241176467544089,1609728.0,-0.0901593465047578,-0.09165163113890837
1622016.0,-1.2017496253053348,-1.1604847276583314,1622016.0,-0.09848706680350006,-0.10023441182759903,1622016.0,0.24634380669643482,0.22274677270712956,1622016.0,-0.0895985303601871,-0.09127715091841915
1634304.0,-1.1997345847388108,-1.1728666543339688,1634304.0,-0.09812926299249132,-0.09984955623901139,1634304.0,0.2209254209883511,0.22217298819062611,1634304.0,-0.089389807311818,-0.09094080781408895
1646592.0,-1.19840448970596,-1.1824843481803935,1646592.0,-0.09779354184865952,-0.09947494975446412,1646592.0,0.21125577685112754,0.22074689785949886,1646592.0,-0.08904710186955829,-0.0905757832651337
1658880.0,-1.1950345231841009,-1.189157970373829,1658880.0,-0.09740902359286945,-0.09909994740349551,1658880.0,0.21878127738212547,0.220306859863922,1658880.0,-0.08847072697244585,-0.09020458644566437
1671168.0,-1.192966094861428,-1.1935234043126304,1671168.0,-0.0969881578348577,-0.0987188270703579,1671168.0,0.23627610256274542,0.2217841981134067,1671168.0,-0.08840378172074755,-0.08987384307353447
1683456.0,-1.1898109062264364,-1.195687515599032,1683456.0,-0.09661293549773593,-0.09833608386106789,1683456.0,0.2103855412763854,0.22088694384632013,1683456.0,-0.087962116037185,-0.08951488041784614
1695744.0,-1.1886732690036297,-1.1963171740372975,1695744.0,-0.09628416264119248,-0.09795928560973455,1695744.0,0.20739874072993794,0.21978943372766174,1695744.0,-0.0879938427824527,-0.08920471176970748
1708032.0,-1.1846344874550898,-1.1953381688644489,1708032.0,-0.09596984274685383,-0.09759039108175784,1708032.0,0.24843259916330376,0.22292537319784364,1708032.0,-0.08727559501615663,-0.08885765823846062
1720320.0,-1.1821768873681624,-1.1935898485903942,1720320.0,-0.09564137233731647,-0.09722398798136661,1720320.0,0.24047975971673927,0.2254309888618688,1720320.0,-0.08703446954799195,-0.08853353181233009
1732608.0,-1.1788287336627643,-1.1912013601511717,1732608.0,-0.09530904229419927,-0.0968624408589676,1732608.0,0.23575960658490658,0.22760386319520576,1732608.0,-0.086719309600691,-0.0881895281219234
1744896.0,-1.1762074468036492,-1.1886471423010032,1744896.0,-0.09498762789492805,-0.0965124969681104,1744896.0,0.20927516960849366,0.2238969994864116,1744896.0,-0.08649264128568272,-0.08787893921447296
1757184.0,-1.1714820886651676,-1.1858218926936388,1757184.0,-0.09463516995310783,-0.09616308766417206,1757184.0,0.20754697530840835,0.22255915491841738,1757184.0,-0.08610708359628916,-0.08755066684292008
1769472.0,-1.1682532702883084,-1.1828067707518737,1769472.0,-0.09421905494915943,-0.09580563897422203,1769472.0,0.20578984916210175,0.22201256214951476,1769472.0,-0.08592057647183537,-0.08723801430314779
1781760.0,-1.165415336067478,-1.1798448520402114,1781760.0,-0.0937990778281043,-0.09544464439774551,1781760.0,0.20424961422880492,0.22055939583418271,1781760.0,-0.08540249507253368,-0.08693119111315659
1794048.0,-1.160833138351639,-1.1766315563892324,1794048.0,-0.09339532380302747,-0.09508536099456251,1794048.0,0.21159236428017417,0.21809102200592556,1794048.0,-0.08513526672807832,-0.08660433961388966
1806336.0,-1.1604948764046032,-1.1736999534070491,1806336.0,-0.09312040529524286,-0.0947361079743132,1806336.0,0.21228991961106658,0.2182814598393937,1806336.0,-0.08499506597096722,-0.08630763460726787
1818624.0,-1.155431919420759,-1.170375818448762,1818624.0,-0.09284440350408356,-0.0943921320606023,1818624.0,0.21264060648779073,0.218805646415179,1818624.0,-0.08469139342196286,-0.08597738967121889
1830912.0,-1.1543368933101494,-1.167346059034268,1830912.0,-0.09252920110399525,-0.09404806789631644,1830912.0,0.22931699687615037,0.21689408618646366,1830912.0,-0.08435459163350363,-0.0856852893329536
1843200.0,-1.1502472845216591,-1.1641530987496178,1843200.0,-0.09223579405806959,-0.09370751006839176,1843200.0,0.20493780511120954,0.21333989072591067,1843200.0,-0.08420116217651714,-0.08540195859580613
1855488.0,-1.1485459717611473,-1.161124822559456,1855488.0,-0.09198312841666241,-0.09337491868063807,1855488.0,0.20260804162050286,0.21002473422947027,1855488.0,-0.08381604907723765,-0.08511163254346077
1867776.0,-1.144723318517208,-1.1579764097308118,1867776.0,-0.09158310395044585,-0.09303446628618986,1867776.0,0.20222899255653223,0.20932011652427412,1867776.0,-0.08339857539006819,-0.08480222595389933
1880064.0,-1.141473589465022,-1.1549755598107974,1880064.0,-0.09132248846193154,-0.09270319813707223,1880064.0,0.20122040823722878,0.2086874598171562,1880064.0,-0.08326724858488888,-0.0845182424527593
1892352.0,-1.137173934529225,-1.151867626234889,1892352.0,-0.09101836375581722,-0.09238312901773801,1892352.0,0.2001948288331429,0.2081279577842603,1892352.0,-0.08295999820499371,-0.08422218462607513
1904640.0,-1.134725511694948,-1.1487986437976359,1904640.0,-0.0905096218145142,-0.09205418341637898,1904640.0,0.1988832475617528,0.20759132111755507,1904640.0,-0.08247952993648748,-0.0839298881124705
1916928.0,-1.1311045506348212,-1.1458257850259543,1916928.0,-0.09024453132102887,-0.09173910416817913,1916928.0,0.19817419024184346,0.20624950371372203,1916928.0,-0.08247747520605724,-0.0836641089602684
1929216.0,-1.128455422197779,-1.142621839605272,1929216.0,-0.08998597428823511,-0.09142566106747835,1929216.0,0.1975044864229858,0.20477096039491394,1929216.0,-0.082178077660501,-0.08338241012922178
1941504.0,-1.1266363188624382,-1.1397422795494399,1941504.0,-0.08970318393160899,-0.09111153911023091,1941504.0,0.19637460370237628,0.2031443601163725,1941504.0,-0.08181604739123334,-0.08309487552614883
1953792.0,-1.122744341691335,-1.1365830243875583,1953792.0,-0.08940088120289147,-0.09079870712012053,1953792.0,0.19552168746789297,0.19976482917554678,1953792.0,-0.0816500805473576,-0.08282442441753421
1966080.0,-1.1200182357182105,-1.1335601195072136,1966080.0,-0.08908504946157336,-0.09048363266047091,1966080.0,0.19473974918946624,0.19874502358337243,1966080.0,-0.08123830216936767,-0.08252813841681926
1978368.0,-1.1154396447042625,-1.130249486801525,1978368.0,-0.08873913918311398,-0.09015923373711605,1978368.0,0.1939432849176228,0.1978785479130844,1978368.0,-0.0809796032262966,-0.08224449383172516
1990656.0,-1.1132450451453526,-1.1271016594643395,1990656.0,-0.08843908474470179,-0.08984483181654165,1990656.0,0.19317810252929726,0.19697345891036094,1990656.0,-0.0807549700839445,-0.0819801333011128
2002944.0,-1.108761743331949,-1.123830474851032,2002944.0,-0.08826067585808535,-0.08953865055615703,2002944.0,0.19251319052030644,0.1961027371386687,2002944.0,-0.08049698756076396,-0.0817031071987003
2015232.0,-1.1068622910728056,-1.1207993105053902,2015232.0,-0.08782486881439884,-0.08921930106201521,2015232.0,0.19994037536283335,0.19607729179163771,2015232.0,-0.08024840064657231,-0.08143194744285817
2027520.0,-1.1028549335896969,-1.117612252694865,2027520.0,-0.08767392059477667,-0.08893573094004144,2027520.0,0.21699771548931798,0.19788873858439424,2027520.0,-0.07998902983187388,-0.08118289743239682
2039808.0,-1.0995232984423637,-1.1144541274756192,2039808.0,-0.08728240492443244,-0.08863951830038179,2039808.0,0.1926308961895605,0.19733440917916595,2039808.0,-0.07966534746810794,-0.08090168465860187
2052096.0,-1.0952509753406048,-1.1111336827899019,2052096.0,-0.08711632147120933,-0.08835255301867921,2052096.0,0.1908466510164241,0.1966686256385098,2052096.0,-0.07955767722645153,-0.08063964461519693
2064384.0,-1.0918490557620923,-1.1076549564798672,2064384.0,-0.08691341577408214,-0.08807357620292654,2064384.0,0.18989729850242534,0.19602089511851473,2064384.0,-0.07928979105781764,-0.08038701898185538
2076672.0,-1.0874176770448685,-1.1041222900152206,2076672.0,-0.08667553751729429,-0.08780104183436682,2076672.0,0.18932796300699314,0.19540152267242472,2076672.0,-0.07913360736953716,-0.08013537166407331
2088960.0,-1.085103513052066,-1.1006308177486064,2088960.0,-0.08637690474279225,-0.08753022736248871,2088960.0,0.18808850940937796,0.1947363986944159,2088960.0,-0.0788040100208794,-0.07989194244922448
2101248.0,-1.0816849302500486,-1.0972553463031849,2101248.0,-0.08611632681762178,-0.0872679461259395,2101248.0,0.1874296876291434,0.19408503896556797,2101248.0,-0.07849091136207183,-0.07964307326280202
2113536.0,-1.0789228677749634,-1.093823128566146,2113536.0,-0.08578732175131638,-0.08700276982660096,2113536.0,0.19484118449812135,0.19425134716245035,2113536.0,-0.0783153879068171,-0.07939911504508927
2125824.0,-1.0764745237926643,-1.0905944066122173,2125824.0,-0.08555323475350936,-0.08673202571614336,2125824.0,0.18604424114649495,0.1936044522250692,2125824.0,-0.07817729244319101,-0.079167145533332
2138112.0,-1.073466468602419,-1.0872548243651787,2138112.0,-0.08545800282930334,-0.08649533911763381,2138112.0,0.18516821678106984,0.19212723636689283,2138112.0,-0.0778804262323926,-0.078930348091914
2150400.0,-1.0715251229703426,-1.0841218433032433,2150400.0,-0.08518817042931914,-0.08624676410108804,2150400.0,0.19259931053966284,0.18968739587192734,2150400.0,-0.07762172806542367,-0.07869361791526898
2162688.0,-1.0689158104360104,-1.081061094502608,2162688.0,-0.0848498089859883,-0.08600350450724362,2162688.0,0.21108489328374466,0.19153279558134575,2162688.0,-0.07730852443880092,-0.07845793561233828
2174976.0,-1.0668281596153975,-1.0782188129300874,2174976.0,-0.08454229333437979,-0.08574610169356067,2174976.0,0.18495221575722098,0.19094335205542542,2174976.0,-0.0770817066853245,-0.0782103385582256
2187264.0,-1.0647110690673192,-1.07550501426061,2187264.0,-0.08428207125204305,-0.08548296724135676,2187264.0,0.1841960585055252,0.19037322805573542,2187264.0,-0.07693023657581459,-0.07797438311002527
2199552.0,-1.0632562364141147,-1.0730888701975345,2199552.0,-0.08405794110149145,-0.08522120759977649,2199552.0,0.18280656604717174,0.1897210883597533,2199552.0,-0.07667206375238796,-0.07772822874831035
2211840.0,-1.05986217285196,-1.070564736177524,2211840.0,-0.08372611350690325,-0.0849561284761876,2211840.0,0.18241483174885312,0.18915372059370084,2211840.0,-0.07630210653102647,-0.07747803839932506
2224128.0,-1.0579745589445035,-1.0681936990469694,2224128.0,-0.0835632133918504,-0.08470081713361045,2224128.0,0.18095911558096608,0.18850666338888308,2224128.0,-0.07629480678588152,-0.07725842794170604
2236416.0,-1.0558584245542686,-1.0658872547248996,2236416.0,-0.08337200169141094,-0.0844592851276199,2236416.0,0.1807192382402718,0.18709446876309813,2236416.0,-0.07598333312974621,-0.07702522246399895
2248704.0,-1.0525500246634085,-1.0634948048119743,2248704.0,-0.08313581487163901,-0.08421754313943287,2248704.0,0.18013270183776817,0.18650331483222543,2248704.0,-0.07590397664656241,-0.0767978908843361
2260992.0,-1.05163911357522,-1.0613120693092546,2260992.0,-0.08288279947979997,-0.08396002280448253,2260992.0,0.179444574440519,0.18593095059817039,2260992.0,-0.0757101906541114,-0.07658086732650797
2273280.0,-1.0489374808967113,-1.0590533051018913,2273280.0,-0.08254753258855392,-0.08369595902040601,2273280.0,0.18732614318529764,0.18540363386273387,2273280.0,-0.07525692018680274,-0.07634438653864588
2285568.0,-1.0465206342438858,-1.0568137874826786,2285568.0,-0.08230895521895339,-0.08344187364370252,2285568.0,0.20564160464952388,0.18485930499931177,2285568.0,-0.07542378245852888,-0.07615591234061866
2297856.0,-1.0444561087836821,-1.0545765823995075,2297856.0,-0.08199507677151512,-0.08318715198741605,2297856.0,0.17900451738387346,0.18426453516197702,2297856.0,-0.07499585420979808,-0.07594732709306604
2310144.0,-1.043688112248977,-1.0524742867176733,2310144.0,-0.08175757232432564,-0.0829347020946443,2310144.0,0.1786972756187121,0.18371465687329572,2310144.0,-0.07491108282313992,-0.07574541171779856
2322432.0,-1.0410284033666055,-1.0502515034129223,2322432.0,-0.0816327427746728,-0.08269218226196245,2322432.0,0.17763948626816273,0.1831979488953948,2322432.0,-0.07464822587401916,-0.07554302792996169
2334720.0,-1.0392496921122074,-1.0481902553389468,2334720.0,-0.08134300987391423,-0.08245387189866353,2334720.0,0.17711532628163695,0.1826679983486732,2334720.0,-0.0743737566517666,-0.0753501929420357
2347008.0,-1.0378377692153056,-1.0461765763660273,2347008.0,-0.08118639059830457,-0.08221618961930896,2347008.0,0.17632938036695123,0.1822050248272717,2347008.0,-0.07436756289098412,-0.07515746855254596
2359296.0,-1.0362021482239168,-1.044210948732992,2359296.0,-0.08117657298377405,-0.08199664674854526,2359296.0,0.17563320184126496,0.181696421187371,2359296.0,-0.07399305363651365,-0.0749584406032227
2371584.0,-1.036396029094855,-1.0425955491761365,2371584.0,-0.08075810402321319,-0.08175887566370268,2371584.0,0.1751459880421559,0.18119774980780978,2371584.0,-0.07402076168606679,-0.07477011910717313
2383872.0,-1.0354776189972956,-1.0409793997183443,2383872.0,-0.08060845810299118,-0.0815314415260218,2383872.0,0.18267070626219115,0.181520362989977,2383872.0,-0.07358369665841262,-0.07455746970760324
2396160.0,-1.03359533722202,-1.039445185350875,2396160.0,-0.08054047217592597,-0.08133073548475901,2396160.0,0.1743462959614893,0.18022237826759616,2396160.0,-0.0735260556684807,-0.07438438325577104
2408448.0,-1.0329417306929827,-1.0380872949957847,2408448.0,-0.08025395854686697,-0.08112523581755038,2408448.0,0.20059734086195627,0.17971795188883938,2408448.0,-0.07345427076021831,-0.07418743208594
2420736.0,-1.0326177266736825,-1.036903456784785,2420736.0,-0.0799087022120754,-0.08091659836160639,2420736.0,0.1752488842854897,0.17934238857900103,2420736.0,-0.07279547272870938,-0.07396739393783111
2433024.0,-1.0301107329626877,-1.035545718856156,2433024.0,-0.07973233812178175,-0.08071407494135201,2433024.0,0.17411088896915317,0.17888374991404515,2433024.0,-0.07300515069315831,-0.07377680072483295
2445312.0,-1.0305166331430275,-1.0344945418337983,2445312.0,-0.07961745587332796,-0.08051254625121751,2445312.0,0.17319893542056283,0.17843969482928512,2445312.0,-0.07272671939184268,-0.07358465007661533
2457600.0,-1.0285788128773372,-1.0334274539103112,2457600.0,-0.07952397452512135,-0.08033064271633823,2457600.0,0.17233283181364337,0.17796144538248576,2457600.0,-0.07267548772506416,-0.07341482318394507
2469888.0,-1.0272161085158587,-1.0323652878403664,2469888.0,-0.07914055162109435,-0.08012605881861722,2469888.0,0.17166910134255886,0.17749541748004655,2469888.0,-0.07222638061891,-0.07320070495673767
2482176.0,-1.0266300272196531,-1.03140807573994,2482176.0,-0.07894613038903724,-0.07990301455914353,2482176.0,0.17947996640577912,0.17788009393649795,2482176.0,-0.072253695417506,-0.07302676913483688
2494464.0,-1.0252281352877617,-1.0302912863592308,2494464.0,-0.07880192998951922,-0.07970739715577413,2494464.0,0.17093048943206668,0.17745854407548906,2494464.0,-0.06573775573633611,-0.07219846853986384
2506752.0,-1.022997938717405,-1.0290433183312415,2506752.0,-0.07854444192101558,-0.07950099553757657,2506752.0,0.19699694712956747,0.17889116816222667,2506752.0,-0.07594860915560275,-0.07243495978958284
2519040.0,-1.0220494729777176,-1.0278887319068115,2519040.0,-0.07842526123082887,-0.07928947444306686,2519040.0,0.18003739090636373,0.17946027765671413,2519040.0,-0.07551240676548332,-0.0726335948992831
2531328.0,-1.021160985653599,-1.026710657402873,2531328.0,-0.07815702864900231,-0.0790797814532804,2531328.0,0.17053175174320737,0.17645371874483923,2531328.0,-0.0648959456399704,-0.0717777623872583
2543616.0,-1.0178246106952429,-1.0252313458050293,2543616.0,-0.0779665164494266,-0.07888556287701552,2543616.0,0.17028192539388934,0.1759570228556792,2543616.0,-0.07101871042201917,-0.07160008615658928
2555904.0,-1.016581790521741,-1.0238784515609345,2555904.0,-0.07745278409371774,-0.07865760747420912,2555904.0,0.16951510636135936,0.17549744459489983,2555904.0,-0.07528381969314069,-0.07182795305658753
2568192.0,-1.0153872650116682,-1.0223655147477984,2568192.0,-0.07722486660350114,-0.07841834854722643,2568192.0,0.16910863512506089,0.17508841456534963,2568192.0,-0.07510263895771156,-0.07206554501317441
2580480.0,-1.0139979006101687,-1.0209074235210815,2580480.0,-0.07717338184981297,-0.0781832892796956,2580480.0,0.16856332239694893,0.17471146362368015,2580480.0,-0.07492237332432221,-0.07229023357310022
2592768.0,-1.0127613097429276,-1.0194619436437884,2592768.0,-0.07685970573220402,-0.07795520469080656,2592768.0,0.19410398889643452,0.17695495237906772,2592768.0,-0.07474334437089662,-0.07254192994829886
2605056.0,-1.0114247798919678,-1.01794141891102,2605056.0,-0.076682908150057,-0.07772888246690854,2605056.0,0.1684071448786805,0.1758476702263579,2605056.0,-0.07456559090254207,-0.0727731194968025
2617344.0,-1.011409215008219,-1.0165595268830656,2617344.0,-0.07628151401877403,-0.07747684086983403,2617344.0,0.1756589774352809,0.1763205190266793,2617344.0,-0.07438909456444283,-0.07363825337961317
2629632.0,-1.0093396541972954,-1.0151936984310548,2629632.0,-0.07620481203775853,-0.07724287788150833,2629632.0,0.1934397976535062,0.17596480407907317,2629632.0,-0.07421383071535577,-0.07346477553558847
2641920.0,-1.008534848690033,-1.0138422360022863,2641920.0,-0.07594039077715327,-0.07699439083614076,2641920.0,0.1681101833625386,0.17477208332469069,2641920.0,-0.0729614309578513,-0.07320967795482528
2654208.0,-1.008101402471463,-1.0125362776840725,2654208.0,-0.07578561505458008,-0.07675724947669854,2654208.0,0.16803847478392223,0.17452275562876216,2654208.0,-0.06995101719318579,-0.0737151851101468
2666496.0,-1.0062191635370255,-1.011375732968251,2666496.0,-0.0757081494666636,-0.07653141277842224,2666496.0,0.1668635856670638,0.1741809216560796,2666496.0,-0.06923235487192869,-0.07353654955513775
2678784.0,-1.0055991268406312,-1.01027746660014,2678784.0,-0.07530299352947623,-0.07631643372199809,2678784.0,0.16624714775631824,0.17385412579557546,2678784.0,-0.06986012395160894,-0.07299417998098458
2691072.0,-1.0046097182979186,-1.009199711928765,2691072.0,-0.07498036813922226,-0.0760919838755702,2691072.0,0.16601301132080457,0.17354456341514984,2691072.0,-0.06898859740855794,-0.07238277582606921
2703360.0,-1.0038945265114307,-1.0081893745188912,2703360.0,-0.07492910399256895,-0.0758675560898458,2703360.0,0.2153367034625262,0.17822190152170755,2703360.0,-0.06911150878295302,-0.07180168937193229
2715648.0,-1.00119682153066,-1.0070329256976644,2715648.0,-0.07461263658478856,-0.07564284917510425,2715648.0,0.19290746888145804,0.17810224952020992,2715648.0,-0.0620656015817076,-0.07053391509301339
2727936.0,-1.0007601237545412,-1.0059664600839218,2727936.0,-0.07427230031074335,-0.0754017883911729,2727936.0,0.16920035681687295,0.17818157071402915,2727936.0,-0.07298240360493462,-0.07037559636325265
2740224.0,-0.9993492060651382,-1.0047604591896135,2740224.0,-0.07418091703827183,-0.07519172869312267,2740224.0,0.18381702341139317,0.1789973753116404,2740224.0,-0.07283944465840857,-0.07022063137264922
2752512.0,-1.000647955884536,-1.003891289358338,2752512.0,-0.07395044562872499,-0.0749662920522193,2752512.0,0.191195470901827,0.17877294263647248,2752512.0,-0.07267552284368624,-0.07006680058548227
2764800.0,-0.9981476000199715,-1.0028525644913315,2764800.0,-0.07367247339182843,-0.07473950031368684,2764800.0,0.19963371202660105,0.18192529550287873,2764800.0,-0.07251213560812175,-0.07002187105050932
2777088.0,-0.9966578756769499,-1.0017082118118803,2777088.0,-0.07342243330397953,-0.07450318213862679,2777088.0,0.17699581842559078,0.18282102986704557,2777088.0,-0.06743196623089413,-0.06976996595428014
2789376.0,-0.9952127163608869,-1.0006075670942665,2789376.0,-0.07302124844864011,-0.07423449203682443,2789376.0,0.19269013955878714,0.18540368525621792,2789376.0,-0.06118293680871526,-0.0689650241479588
2801664.0,-0.9936405687282482,-0.9994117112830281,2801664.0,-0.0728743844665587,-0.07399163113053267,2801664.0,0.2629308436686794,0.19507205484745405,2801664.0,-0.07209166868900259,-0.06918817862169817
2813952.0,-0.9942619701226553,-0.9983769364655017,2813952.0,-0.07261252768027286,-0.07375484708463773,2813952.0,0.1732653103147944,0.195797284746853,2813952.0,-0.0718696170176069,-0.06947628058260306
2826240.0,-0.9929383775840203,-0.9972813215727607,2826240.0,-0.07275146436101447,-0.07353708312148227,2826240.0,0.1714362104733785,0.19140723544793822,2826240.0,-0.07177734293509275,-0.06974286399781704
2838528.0,-0.9900899343192577,-0.9961706328516206,2838528.0,-0.07232543337158859,-0.07330836280016227,2838528.0,0.170268550204734,0.18914334358026583,2838528.0,-0.07162837071033816,-0.0706991409106801
2850816.0,-0.9897574993471304,-0.9950703704108793,2850816.0,-0.07226902580199142,-0.0731080353492871,2850816.0,0.17754340350317457,0.189977648248896,2850816.0,-0.07147269928827882,-0.07054817047901452
2863104.0,-0.9874773509800434,-0.9938831849023699,2863104.0,-0.07232185643321525,-0.07292212928878143,2863104.0,0.20227204635739326,0.19182315054349602,2863104.0,-0.0713180167755733,-0.07039602769073097
2875392.0,-0.9875073917210102,-0.9925691284860173,2875392.0,-0.07199618654946487,-0.0727267033808554,2875392.0,0.19759529999767741,0.19246313345308105,2875392.0,-0.06847762044829626,-0.069976237451192
2887680.0,-0.984245091676712,-0.9911788776516914,2887680.0,-0.07209673946878563,-0.07256912998855114,2887680.0,0.17152662699421248,0.1896524249498422,2887680.0,-0.060278281142624714,-0.06875285200464229
2899968.0,-0.9835665641973416,-0.9898697465037305,2899968.0,-0.07164911417445789,-0.07239179807559896,2899968.0,0.17872518440708518,0.18982536154799162,2899968.0,-0.07089979193794231,-0.0690996345753471
2912256.0,-0.9856239731113116,-0.988910872178773,2912256.0,-0.0713698713031287,-0.07222666036104783,2912256.0,0.1700863454801341,0.18756498214012632,2912256.0,-0.07076641882304102,-0.07005798277677969
2924544.0,-0.9826359997193018,-0.9878104152778784,2924544.0,-0.07104238347771268,-0.07204346026216321,2924544.0,0.17721084350099167,0.17899298212335754,2924544.0,-0.07061661321980257,-0.06991047722985969
2936832.0,-0.9808490114907423,-0.986469119414687,2936832.0,-0.0709458173563083,-0.07187678922976679,2936832.0,0.16855541438174745,0.17852199253005283,2936832.0,-0.05960537741581599,-0.06868405326968059
2949120.0,-0.9810353573411703,-0.985278817390402,2949120.0,-0.07077275569705914,-0.07167891836337123,2949120.0,0.2017176866841813,0.18155014015113313,2949120.0,-0.06976672013600667,-0.06848299098977198
2961408.0,-0.9789488483220339,-0.9841647087906796,2961408.0,-0.07053331359444807,-0.0714997063856572,2961408.0,0.17047460672135153,0.1815707458027949,2961408.0,-0.05971502815373242,-0.06729165673411142
2973696.0,-0.9769811841348807,-0.9828870772694547,2973696.0,-0.07049219752661884,-0.07132202355811992,2973696.0,0.16858137810292342,0.1806745432627698,2973696.0,-0.06735703473289807,-0.06688009027857335
2985984.0,-0.9775358283271393,-0.9818929250041644,2985984.0,-0.07045186450704932,-0.07113502436550334,2985984.0,0.16811236777963737,0.1772585754049942,2985984.0,-0.06994318837920825,-0.06674260743893683
2998272.0,-0.9741918873041868,-0.9805613745624819,2998272.0,-0.07006741458705316,-0.07094214716926217,2998272.0,0.1757184200299283,0.17507088740821927,2998272.0,-0.06476498666840295,-0.0663713440609475
3010560.0,-0.9751723998536667,-0.9796541053801775,3010560.0,-0.07015661014399181,-0.07074813423678279,3010560.0,0.16676959302276373,0.17459518401107438,3010560.0,-0.06913789144406716,-0.06725730509109173
3022848.0,-0.9715246347089609,-0.9784499124313395,3022848.0,-0.06996316583051036,-0.07057953940238804,3022848.0,0.16654030156011382,0.17337669572637726,3022848.0,-0.06339957514622559,-0.06650728341192007
3035136.0,-0.971097913881143,-0.9769973065083226,3035136.0,-0.07003050926141441,-0.0704456031982166,3035136.0,0.16601198492571712,0.1729692596709356,3035136.0,-0.06942438512730102,-0.06637308004234607
3047424.0,-0.9699046605577072,-0.975724172592163,3047424.0,-0.06966435680321108,-0.07030780053076645,3047424.0,0.16579306901743016,0.1718274822225794,3047424.0,-0.06931866864518572,-0.06624328558488439
3059712.0,-0.9686255690952142,-0.9745018283526103,3059712.0,-0.06983414175920188,-0.0701966329710558,3059712.0,0.16522824422766766,0.1714947652071714,3059712.0,-0.06917826233742137,-0.06720057407704494
3072000.0,-0.9686154400308927,-0.9732598366215827,3072000.0,-0.06940831321602066,-0.07006018872295197,3072000.0,0.1646444348928829,0.16778744002804158,3072000.0,-0.06896222312934697,-0.06712012437637896
3084288.0,-0.966006870691975,-0.9719656388585767,3084288.0,-0.0691432155823956,-0.06992117892174672,3084288.0,0.17259965635215244,0.16799994499112167,3084288.0,-0.05749082505159701,-0.06689770406616541
3096576.0,-0.9669127259403467,-0.9709587930391234,3096576.0,-0.06878524335722129,-0.06975048350480695,3096576.0,0.16375412473765513,0.16751721965459482,3096576.0,-0.06879510722743969,-0.06704151131561957
3108864.0,-0.9653807617723942,-0.9697432863836488,3108864.0,-0.06861472533394893,-0.06956676958749693,3108864.0,0.18784868142878017,0.16949085101950914,3108864.0,-0.057971346036841474,-0.06584432708138291
3121152.0,-0.9638429110248884,-0.968708388755719,3121152.0,-0.0690200471629699,-0.06946203284508859,3121152.0,0.1663045883178711,0.16854946784830344,3121152.0,-0.06529902503825724,-0.06589773091836833
3133440.0,-0.9651236024995645,-0.9677035090203088,3133440.0,-0.068570130233032,-0.06930338485399262,3133440.0,0.1627359698371341,0.16814610552974044,3133440.0,-0.06839680244835715,-0.06582362201879731
3145728.0,-0.9611513906468948,-0.9666661846141021,3145728.0,-0.06817091132203738,-0.06912415940314531,3145728.0,0.169876977102831,0.16847977308401216,3145728.0,-0.059666341287083924,-0.06545029863288315
3158016.0,-0.9629087802022696,-0.9658472712462147,3158016.0,-0.06808471074327826,-0.0689295795513317,3158016.0,0.16191147927505276,0.16806972251894575,3158016.0,-0.05962294324611624,-0.06447015444476469
3170304.0,-0.9609392490237951,-0.9649507300928235,3170304.0,-0.06817269647338738,-0.06878041351834932,3170304.0,0.16220363229513168,0.16771077884671587,3170304.0,-0.06802031979896128,-0.06434031956014223
3182592.0,-0.9609219462921222,-0.9641803678125145,3182592.0,-0.06790917762555182,-0.06858791710498433,3182592.0,0.1617077422949175,0.16735872865344087,3182592.0,-0.06798838377775003,-0.0642213317041751
3194880.0,-0.9596124241749445,-0.9632800662269195,3194880.0,-0.06788552276945363,-0.06843563806032761,3194880.0,0.1614750506511579,0.1670417902292684,3194880.0,-0.06785714863023411,-0.06411082425426382
3207168.0,-0.9587292863676945,-0.9625523077944914,3207168.0,-0.06782082848561306,-0.06830339935064936,3207168.0,0.16120141659242412,0.16590196625329554,3207168.0,-0.05707195300298432,-0.06406893704940253
3219456.0,-0.9570694093902906,-0.9615679761394859,3219456.0,-0.06764809251762927,-0.06818968426669017,3219456.0,0.16078146283204356,0.1656047000627344,3219456.0,-0.06763500405941159,-0.06395292673259974
3231744.0,-0.9587494463970264,-0.9609048446019491,3231744.0,-0.06769049392702679,-0.06809726112599795,3231744.0,0.187098432953159,0.1655296752151723,3231744.0,-0.05608326072494189,-0.06376411820140977
3244032.0,-0.957055144632856,-0.9602260679627458,3244032.0,-0.06751898951673259,-0.06794715536137422,3244032.0,0.1620753031844894,0.16510674670183412,3244032.0,-0.06702264693255226,-0.06393648039083927
3256320.0,-0.9584400150924921,-0.9595577092220386,3256320.0,-0.06731928213654707,-0.06782207055172573,3256320.0,0.16107544434877732,0.16494069415299845,3256320.0,-0.056238756922539324,-0.0627206758382575
3268608.0,-0.9567347628374895,-0.9591160464410982,3268608.0,-0.06743867190865178,-0.06774884661038716,3268608.0,0.1603310120602449,0.1639860976487398,3268608.0,-0.06720995891373605,-0.06347503760092271
3280896.0,-0.9573131805906693,-0.9585564864799381,3280896.0,-0.0672487950262924,-0.06766525503868859,3280896.0,0.15970902959816158,0.16376585268105068,3280896.0,-0.0670837820507586,-0.06422112148138695
3293184.0,-0.9588525736083587,-0.9583478189383945,3293184.0,-0.06715901192122449,-0.0675638865834723,3293184.0,0.1592593352931241,0.16347142298084993,3293184.0,-0.06695591173289965,-0.06411468067478078
3305472.0,-0.9582724111775557,-0.9580828654269377,3305472.0,-0.06694404524751008,-0.06746737334566812,3305472.0,0.1587640750221908,0.16317705625357729,3305472.0,-0.06434891865743946,-0.06375073416274972
3317760.0,-0.9597076959908009,-0.9580923926085234,3317760.0,-0.06691584185076256,-0.06737040525379902,3317760.0,0.15834454710905752,0.16286400589936723,3317760.0,-0.05670752810935179,-0.06263577211066149
3330048.0,-0.9598969512929519,-0.9582091591010491,3330048.0,-0.06690587964840233,-0.06727891037007795,3330048.0,0.16603951179422438,0.16334781541954724,3330048.0,-0.06644260821243127,-0.06357283763160619
3342336.0,-0.9582090197751919,-0.9583231201395392,3342336.0,-0.06678320234641433,-0.06719242135295644,3342336.0,0.15766164326729873,0.16303583346307277,3342336.0,-0.06646453550395866,-0.06345579077606091
3354624.0,-0.9588912048687538,-0.958337295986712,3354624.0,-0.06697024106203268,-0.06712039606645702,3354624.0,0.1572843574297925,0.16005442591073613,3354624.0,-0.06199806808338811,-0.06404727151190552
3366912.0,-0.9500258676707745,-0.9576343682905039,3366912.0,-0.06684155932938059,-0.06705265304772183,3366912.0,0.15690858336165547,0.1595377539284527,3366912.0,-0.05670074513182044,-0.06301508133183234
3379200.0,-0.9262995924800634,-0.954420326029261,3379200.0,-0.06660750620843221,-0.06698147545491036,3379200.0,0.16478579568987092,0.1599087890625621,3379200.0,-0.06617206742521375,-0.06400841238209978
3391488.0,-0.9141279589384794,-0.95015964563936,3391488.0,-0.06673678491885464,-0.06691128675593064,3391488.0,0.19188951103327176,0.16306463895986475,3391488.0,-0.06607344222720712,-0.06389476071344688
3403776.0,-0.9180448682357868,-0.9462328144038719,3403776.0,-0.06665416931112607,-0.066851824184414,3403776.0,0.1837888511363417,0.1654726211136828,3403776.0,-0.06595357503586759,-0.06378174001195779
3416064.0,-0.9353264148036639,-0.9438801985234022,3416064.0,-0.06621196512908985,-0.06675711950520054,3416064.0,0.15937498801698288,0.16548418638606865,3416064.0,-0.053049458481837064,-0.062391094686851535
3428352.0,-0.9331728667020798,-0.9413702440758547,3428352.0,-0.06629785693561037,-0.06669250067401057,3428352.0,0.1581414225511253,0.1654219211389621,3428352.0,-0.06561014653804402,-0.06251721747491198
3440640.0,-0.9572598735491434,-0.9411254618316889,3440640.0,-0.0664059075449283,-0.06664150724342713,3440640.0,0.15747836620236436,0.1653353030482928,3440640.0,-0.05764981646401187,-0.06261144631037799
3452928.0,-0.9627249843130509,-0.9414082651336987,3452928.0,-0.06631825697453071,-0.06658274497603997,3452928.0,0.15633901938175163,0.16436525380704553,3452928.0,-0.06519740913063288,-0.06248692640219815
3465216.0,-0.9629368266711632,-0.9418810458232958,3465216.0,-0.06609251004798959,-0.0665136757461975,3465216.0,0.1562842602531115,0.1642275155056268,3465216.0,-0.06054493497746686,-0.061894966349548976
3477504.0,-0.9635416027158499,-0.9423460856080055,3477504.0,-0.06554150282560538,-0.06637080192255476,3477504.0,0.15571382207175097,0.16407046196982264,3477504.0,-0.06444241653662175,-0.06213940119487234
3489792.0,-0.970349649588267,-0.9443784637997548,3489792.0,-0.06577684602234513,-0.06626433059185122,3489792.0,0.15506610429535309,0.1638862140631924,3489792.0,-0.0652276435866952,-0.06299209104035981
3502080.0,-0.9745745745797952,-0.949205962009728,3502080.0,-0.0656625108482937,-0.06616983105583737,3502080.0,0.16298748754585782,0.1637063832487911,3502080.0,-0.0651128461662059,-0.06288616891445903
3514368.0,-0.9798919993142287,-0.9557823660473028,3514368.0,-0.06524901344285657,-0.06602105390823756,3514368.0,0.15432133440238735,0.15994956558570267,3514368.0,-0.06388350141545136,-0.06266717483328345
3526656.0,-0.9842300284653902,-0.9624008820702631,3526656.0,-0.06521978687184553,-0.06587761566430951,3526656.0,0.1900067898289611,0.16057135945496456,3526656.0,-0.05227205147578692,-0.06129902247727539
3538944.0,-0.9886904358863831,-0.9677372841785351,3538944.0,-0.06528427339314173,-0.0657848464907147,3538944.0,0.15567271271720529,0.1602011319249868,3538944.0,-0.06481909938156605,-0.06247598656724827
3551232.0,-0.9879990878204504,-0.9732199062903721,3551232.0,-0.0650749341196691,-0.06566255420912057,3551232.0,0.15516909871560833,0.15990389954143513,3551232.0,-0.06454796716570854,-0.062369768630014734
3563520.0,-0.9846421101440986,-0.9759581299498677,3563520.0,-0.06478963276216139,-0.06550092673084389,3563520.0,0.16253538460781178,0.16040960138197988,3563520.0,-0.05877526636080196,-0.06248231361969374
3575808.0,-0.9836349269996086,-0.9780491242185235,3575808.0,-0.06473863951396197,-0.065342964984787,3575808.0,0.18864131711112955,0.16363983115491768,3575808.0,-0.0567980536337321,-0.06164237807000367
3588096.0,-0.9836509507149458,-0.9801205366229017,3588096.0,-0.06450969628834476,-0.06518468360882254,3588096.0,0.15532675432041287,0.16354408056164782,3588096.0,-0.06441558501683176,-0.06202944307394015
3600384.0,-0.9878481725851694,-0.9825511936098336,3600384.0,-0.064420548073637,-0.06507258813362568,3600384.0,0.15467721371290585,0.16344041972576331,3600384.0,-0.06430801194316398,-0.06201600261459437
3612672.0,-0.9930551225940386,-0.9848217409104107,3612672.0,-0.06453499512281269,-0.06494840304367244,3612672.0,0.16246527332502106,0.16418033662873008,3612672.0,-0.06419808433080713,-0.06191304668900557
3624960.0,-0.9992594153930744,-0.9872902249917388,3624960.0,-0.06427855459817995,-0.06481000741866107,3624960.0,0.18757116794586182,0.16663870466873051,3624960.0,-0.06408862812289347,-0.06181062488467433
3637248.0,-1.0077147365858157,-0.9900724987188976,3637248.0,-0.0643075902092581,-0.06471586509530122,3637248.0,0.1826348069589585,0.1694700519243876,3637248.0,-0.0519299961742945,-0.06061527436055865
3649536.0,-1.012871624281009,-0.9929366583004594,3649536.0,-0.063862207888936,-0.06458010719701027,3649536.0,0.15660127725762626,0.16612950066725413,3649536.0,-0.053871124264939375,-0.06077518163947389
3661824.0,-1.0201483648270369,-0.9960824511945248,3661824.0,-0.06373346864711493,-0.0644250267224076,3661824.0,0.15631063499798378,0.16619329289533197,3661824.0,-0.062037786042007305,-0.06049705030551801
3674112.0,-1.0249053332954645,-0.999773075742026,3674112.0,-0.06392702607748409,-0.06431023591818909,3674112.0,0.17188647490305206,0.16786503051407636,3674112.0,-0.05393170877747858,-0.05943542446669501
3686400.0,-1.0287266944845517,-1.0041815341760716,3686400.0,-0.0636946070784082,-0.06420073334981377,3686400.0,0.17978413651386896,0.16958990570468208,3686400.0,-0.06365955741299938,-0.05992385357191475
3698688.0,-1.0310745599369209,-1.0089254974698025,3698688.0,-0.06356518983375281,-0.06408338838179285,3698688.0,0.1841226015239954,0.16913803414596867,3698688.0,-0.06355640781112015,-0.060599688989653566
3710976.0,-1.0313046853989363,-1.0136908709382015,3710976.0,-0.06335405442708482,-0.06396782419566686,3710976.0,0.15792404425640902,0.16939776313956828,3710976.0,-0.06345071026589721,-0.06050320151456011
3723264.0,-1.0332638286054134,-1.018232436540226,3723264.0,-0.06316430505830795,-0.06384219989413395,3723264.0,0.19041067478246987,0.17297110924652465,3723264.0,-0.06334538288259257,-0.06040693860850297
3735552.0,-1.0327488755186398,-1.0222018118326863,3735552.0,-0.06322978914249688,-0.06371167929610237,3735552.0,0.16647292852091292,0.17337187476611388,3735552.0,-0.049757707495397575,-0.058962900924962015
3747840.0,-1.0329497028142214,-1.025570840574801,3747840.0,-0.06309415268090864,-0.06359323910437524,3747840.0,0.183983733644709,0.17301313133599858,3747840.0,-0.053405222366563976,-0.05789456034932906
3760128.0,-1.0322091523557901,-1.0280202821517983,3760128.0,-0.06303865838951121,-0.06346634592240055,3760128.0,0.1666763472991685,0.1714172853700196,3760128.0,-0.0626879771395276,-0.058970358445852376
3772416.0,-1.0306060214837391,-1.0297937218720714,3772416.0,-0.06290985310139756,-0.0633711104436467,3772416.0,0.1576802103469769,0.17152517867895464,3772416.0,-0.05839585524518043,-0.059422831543876474
3784704.0,-1.0302959587424994,-1.0308084812636176,3784704.0,-0.06284119219829638,-0.06328188279876486,3784704.0,0.18132623579973975,0.17402673875913025,3784704.0,-0.06290802642858277,-0.05950985558253402
3796992.0,-1.0285528469830751,-1.0311732326323786,3796992.0,-0.062907436164096,-0.06317992380742604,3796992.0,0.15943589721185467,0.1727816809900105,3796992.0,-0.06281685425589482,-0.06039837013037565
3809280.0,-1.0269322954118252,-1.030993792725106,3809280.0,-0.06253335850002865,-0.06306379894958808,3809280.0,0.15792844623016813,0.17059611196164043,3809280.0,-0.06271495185016344,-0.060303909574092054
3821568.0,-1.0240782635907333,-1.0302941630904872,3821568.0,-0.06297861225903034,-0.06300514119211584,3821568.0,0.18945083410168687,0.17112893521940958,3821568.0,-0.06261353051134695,-0.060209621844114734
3833856.0,-1.0217209433515866,-1.0293357888857524,3833856.0,-0.06266408627076696,-0.06293614437648407,3833856.0,0.16744393071470162,0.17208092386523882,3833856.0,-0.0622176267982771,-0.06008631349735273
3846144.0,-1.018793140227596,-1.0278887200479705,3846144.0,-0.06238873147716125,-0.06285858701836938,3846144.0,0.34559041005559266,0.1875988973925511,3846144.0,-0.049368040810804814,-0.058688579290173945
3858432.0,-1.01661622710526,-1.0262754552066324,3858432.0,-0.06263147993013263,-0.06279875609713297,3858432.0,0.3162531730098029,0.2025769218414401,3858432.0,-0.062207922455854714,-0.05993360078621966
3870720.0,-1.0119345020502806,-1.0241739351302386,3870720.0,-0.0626387638039887,-0.06275321720944096,3870720.0,0.29813932518785197,0.21399248099575438,3870720.0,-0.06222850627576312,-0.060815929177139585
3883008.0,-1.008647161225478,-1.0218177360172072,3883008.0,-0.06230174451290319,-0.06267952582178017,3883008.0,0.25079153400535387,0.22240399966637292,3883008.0,-0.06213798827957362,-0.060760930291144176
3895296.0,-1.0061047542840242,-1.019367609297236,3895296.0,-0.06243018181218455,-0.06263155869285886,3895296.0,0.3634378428881367,0.24297976292048892,3895296.0,-0.06205815794722488,-0.06112716056134863
3907584.0,-1.0019067625204723,-1.0165286896750332,3907584.0,-0.06229676775789509,-0.06257711624881873,3907584.0,0.38463420793414116,0.26331056013392906,3907584.0,-0.061960079707205296,-0.061032365889210884
3919872.0,-0.9999789825330178,-1.0136713032300273,3919872.0,-0.062030828868349396,-0.06248945551924408,3919872.0,0.5204804580037793,0.2994150162131215,3919872.0,-0.06186237027092526,-0.060936917490713914
3932160.0,-0.9951127438495556,-1.0104893480738002,3932160.0,-0.06202354282140732,-0.06243847395138195,3932160.0,0.40089271993686754,0.32371144358379145,3932160.0,-0.04800300789065659,-0.05946572309476324
3944448.0,-0.9928215512384971,-1.0073636768385767,3944448.0,-0.062103600202438734,-0.06235097274572278,3944448.0,0.4234354239888489,0.3471099025725077,3944448.0,-0.049127831550625466,-0.058117153198691096
3956736.0,-0.9894331780572733,-1.0041349003091455,3956736.0,-0.06202498675944904,-0.06228706279459099,3956736.0,0.4457240828002493,0.3749379177810624,3956736.0,-0.061475064721889794,-0.05804289699105236
3969024.0,-0.9867601239432892,-1.0009315986807148,3969024.0,-0.06165743281599134,-0.06221393292847399,3969024.0,0.32969228737056255,0.37334810551255937,3969024.0,-0.06104289216455072,-0.05921038212642695
3981312.0,-0.9856048468500376,-0.9978304606551927,3981312.0,-0.06177740187073747,-0.062128525122534486,3981312.0,0.28741001011803746,0.3704637892233829,3981312.0,-0.061464433752310775,-0.059136033256072564
3993600.0,-0.9823367310067018,-0.9948706835508349,3993600.0,-0.06168827577494085,-0.0620334763196297,3993600.0,0.36330497699479264,0.37698035440407696,3993600.0,-0.06136976648122072,-0.059050159276618316
4005888.0,-0.9804937199999889,-0.9920553394282858,4005888.0,-0.06151710062598189,-0.061955011930937574,4005888.0,0.2678035047526161,0.37868155147880317,4005888.0,-0.06127507130925854,-0.05896386757958681
4018176.0,-0.978262260556221,-0.9892710900555055,4018176.0,-0.06162116575675706,-0.06187411032539482,4018176.0,0.2686900657912095,0.36920677376911043,4018176.0,-0.0482877692168889,-0.05758682870655322
4030464.0,-0.9758617666860422,-0.9866665904720625,4030464.0,-0.061562259254666664,-0.061800659475071976,4030464.0,0.23507319654648504,0.3542506726303449,4030464.0,-0.06110569120695194,-0.057501389856527876
4042752.0,-0.9737083235134681,-0.9840395245701077,4042752.0,-0.061677313526161015,-0.06176530794085313,4042752.0,0.29904700939853984,0.33210732776982094,4042752.0,-0.05707053812996795,-0.05702220664243215
4055040.0,-0.9723480145136515,-0.981763051636517,4055040.0,-0.06175583170261234,-0.06173853682897364,4055040.0,0.23438163520768285,0.3154562192969025,4055040.0,-0.05393021844793111,-0.05761492769815959
4067328.0,-0.9713044421126446,-0.9796113407239317,4067328.0,-0.061421960359439254,-0.06167037284467369,4067328.0,0.2294035271431009,0.2960530296123276,4067328.0,-0.06087569050335636,-0.05878971359343269
4079616.0,-0.9691196214407682,-0.9775799850622814,4079616.0,-0.06140932262254258,-0.06160880643098304,4079616.0,0.22701243792350093,0.27418186512465276,4079616.0,-0.06078787016061445,-0.05872099413730515
4091904.0,-0.9670711842676004,-0.9756110910947126,4091904.0,-0.0613248998997733,-0.061575553139361236,4091904.0,0.23220538021996617,0.26443317440959313,4091904.0,-0.06069672057249894,-0.058686376978099974
4104192.0,-0.9636355750262737,-0.9734141639123362,4104192.0,-0.06121632328722626,-0.061519445281010124,4104192.0,0.24858922588949403,0.2605510959867388,4104192.0,-0.04807370906928554,-0.05734730450979745
4116480.0,-0.9655691894392172,-0.9717374097555875,4116480.0,-0.06094277316393951,-0.06144489501990998,4116480.0,0.22329573426395655,0.24655017171365518,4116480.0,-0.06025016866624355,-0.057235344728299734
4128768.0,-0.9617701185246309,-0.9698650496080518,4128768.0,-0.06037591972077886,-0.06133077692938967,4128768.0,0.21789984746525684,0.24155980598491927,4128768.0,-0.04833802575012669,-0.05594164017238654
4141056.0,-0.9623762480914593,-0.9682764483615756,4141056.0,-0.060330800634498395,-0.06120174041716381,4141056.0,0.2421381645835936,0.23890461586415768,4141056.0,-0.06038852439572414,-0.057151715690270076
4153344.0,-0.9625679260740677,-0.9669470643003782,4153344.0,-0.06038813180445383,-0.06108432767214252,4153344.0,0.2742162471016248,0.24281892091967167,4153344.0,-0.04686479549854994,-0.05572762611942987
4165632.0,-0.9624273863931497,-0.9658189705883464,4165632.0,-0.059759986004792154,-0.06089259492000565,4165632.0,0.29027394764125347,0.241941614743943,4165632.0,-0.060264068810890116,-0.056046979187522085
4177920.0,-0.9631955716758966,-0.964903726304571,4177920.0,-0.059671567364906274,-0.06068416848623505,4177920.0,0.3008854763271908,0.24859199885589378,4177920.0,-0.060179415508173406,-0.05667189889354631
4190208.0,-0.9623088967055082,-0.9640041717638572,4190208.0,-0.059567174214559294,-0.060498689871747044,4190208.0,0.33217140488947433,0.25886878663053114,4190208.0,-0.060090681188739836,-0.056593397962084666
4202496.0,-0.9594239356617132,-0.9630346031859517,4202496.0,-0.05946814272707949,-0.06030457188220073,4202496.0,0.3000476270293196,0.26617230554111304,4202496.0,-0.04989303642651066,-0.055503914588674284
4214784.0,-0.9587680082768202,-0.9622042855868737,4214784.0,-0.059487402982388936,-0.060120822190462296,4214784.0,0.28380117751657963,0.27133188527077434,4214784.0,-0.05991663310366372,-0.05542590584179076
4227072.0,-0.9578022751957178,-0.961620955603818,4227072.0,-0.05875996232498437,-0.05987518609423812,4227072.0,0.2921577920205891,0.27568874188388387,4227072.0,-0.050542283531588815,-0.055672763288021086
4239360.0,-0.9565434282024702,-0.9607183794801435,4239360.0,-0.0581417775247246,-0.05959508653031662,4239360.0,0.2317917551845312,0.27653834397594135,4239360.0,-0.05976587588277956,-0.05562433400967468
4251648.0,-0.9550748212883869,-0.9600488497565189,4251648.0,-0.05840886830507467,-0.0593983813887462,4251648.0,0.30496688388908905,0.28524504761832453,4251648.0,-0.046327706795030586,-0.05542330211416509
4263936.0,-0.9544437794635693,-0.9592556028937299,4263936.0,-0.05799457306663195,-0.059164758631959545,4263936.0,0.25962840269009274,0.28699407142897443,4263936.0,-0.055085269113381706,-0.05489297658593083
4276224.0,-0.9545874632894993,-0.9584575566152731,4276224.0,-0.05788634992980709,-0.05891458044449489,4276224.0,0.3085031686350703,0.290422763582319,4276224.0,-0.059579454672833286,-0.05616444250335918
4288512.0,-0.9541377034038305,-0.9576285883163413,4288512.0,-0.05787395216369381,-0.05872597706038505,4288512.0,0.2583200403799613,0.2872273728561898,4288512.0,-0.05950262816622853,-0.056088298438893014
4300800.0,-0.9548368199417988,-0.9567927131429312,4300800.0,-0.05716369479584197,-0.05847518980347862,4300800.0,0.3184724380262196,0.2889860690260927,4300800.0,-0.057460351614281535,-0.055816392049503824
4313088.0,-0.9509341058631738,-0.9556552340586981,4313088.0,-0.05723855221488824,-0.058242327603511515,4313088.0,0.24414536186183491,0.2801834647233287,4313088.0,-0.059334731699588396,-0.05574079710058868
4325376.0,-0.952351450920105,-0.9549479855845371,4325376.0,-0.05728093150537461,-0.05802360648134103,4325376.0,0.29511463626598317,0.2796901656469951,4325376.0,-0.0496917919954285,-0.055720672657480465
4337664.0,-0.9510974784692129,-0.9541809326037767,4337664.0,-0.05675537290517241,-0.05775040347361937,4337664.0,0.23484189979111156,0.27479423787444834,4337664.0,-0.048377751178729035,-0.054566784464986993
4349952.0,-0.9496406770000855,-0.9533647727842132,4349952.0,-0.05669558886438608,-0.05754396612755954,4349952.0,0.23281696050738296,0.26886015472312774,4349952.0,-0.04670857539167628,-0.05418341365099575
4362240.0,-0.9488261491060257,-0.9525930448745686,4362240.0,-0.05658723254843304,-0.05738851162993038,4362240.0,0.2460228231114646,0.27028326151582105,4362240.0,-0.0590763040430223,-0.05411445646702001
4374528.0,-0.9495106991380453,-0.9520366326595345,4374528.0,-0.05689563994140675,-0.0572371887935636,4374528.0,0.24394039856269956,0.26418061298318213,4374528.0,-0.05614810398158928,-0.05509649618567588
4386816.0,-0.9497379542638859,-0.9515660501395663,4386816.0,-0.056236245669424534,-0.05706135605384286,4386816.0,0.28726003784686327,0.2669437764988591,4386816.0,-0.05876079003792256,-0.055464048278129965
4399104.0,-0.9475907031446695,-0.9508663741250833,4399104.0,-0.0556477753755947,-0.05683749859842162,4399104.0,0.28882922092452645,0.2649763817278047,4399104.0,-0.05879927352846911,-0.055386030163693555
4411392.0,-0.9441931086281935,-0.9498719146475196,4411392.0,-0.05616707141355922,-0.05666681052340816,4411392.0,0.2909772335551679,0.2682421010453254,4411392.0,-0.0587670486420393,-0.055312472211274624
4423680.0,-0.9432590597619613,-0.9487141386295359,4423680.0,-0.05619821324944496,-0.056570262368768456,4423680.0,0.2592014286977549,0.26231500011247894,4423680.0,-0.05282276344951242,-0.05484871339479771
4435968.0,-0.9419312383979559,-0.9478138518830141,4435968.0,-0.05568636542496582,-0.05641504368977621,4435968.0,0.2468967839765052,0.26259014232394595,4435968.0,-0.04385369302084049,-0.05330060952692293
4448256.0,-0.9408844852199157,-0.9466671553129953,4448256.0,-0.056122862229434155,-0.05629923676218217,4448256.0,0.29705654565865797,0.2627843332632134,4448256.0,-0.05600147849569718,-0.05393157817694979
4460544.0,-0.9380462492505709,-0.9453620323911309,4460544.0,-0.05595800005054722,-0.05621949947671965,4460544.0,0.24851180411254367,0.26415132369535665,4460544.0,-0.0585078428654621,-0.05494458734562311
4472832.0,-0.9388143718242645,-0.9442794018735489,4472832.0,-0.05605170441170534,-0.05615511103145158,4472832.0,0.2621042464549343,0.2670800522901118,4472832.0,-0.05154395984330525,-0.055428125790786
4485120.0,-0.9359912555664778,-0.9429959125195941,4485120.0,-0.05569927374987552,-0.056066315151595825,4485120.0,0.26428810336316627,0.2689065803152819,4485120.0,-0.054706779580252864,-0.05499117334450906
4497408.0,-0.9365888970593611,-0.9417037323117257,4497408.0,-0.055463434158203505,-0.0559230945732755,4497408.0,0.27765674516558647,0.27227821497557064,4497408.0,-0.058255085993247725,-0.05520187154567491
4509696.0,-0.9355008111645778,-0.9402800180017948,4509696.0,-0.055546618454779186,-0.05585413185181096,4509696.0,0.34596150058011216,0.2781483612488955,4509696.0,-0.058208838144006826,-0.05514667635628333
4521984.0,-0.93278729232649,-0.9387996769199768,4521984.0,-0.05583302292507142,-0.05587265660675863,4521984.0,0.3313639289699495,0.2824018320534378,4521984.0,-0.05489647892924646,-0.05475639689636106
4534272.0,-0.9330674490580956,-0.937687110962967,4534272.0,-0.05597972850470493,-0.0558539223158732,4534272.0,0.2981943761308988,0.28312354631101094,4534272.0,-0.05765573684281359,-0.0546452657164385
4546560.0,-0.9331323349227508,-0.936674438479046,4546560.0,-0.05557913826002429,-0.055792014816931135,4546560.0,0.3359789756747584,0.29080130100871127,4546560.0,-0.04927317514860382,-0.05429030688634763
4558848.0,-0.9319149156411489,-0.9356728062033653,4558848.0,-0.05589161720126867,-0.055812539994561414,4558848.0,0.327037426798294,0.29881536529089014,4558848.0,-0.05779459036421031,-0.055684396620684605
4571136.0,-0.9302250227580467,-0.9346068599571783,4571136.0,-0.05586960659517596,-0.0557872144311356,4571136.0,0.3419634502691527,0.30330605575193964,4571136.0,-0.04691790426538015,-0.054776039197652907
4583424.0,-0.9304122986892859,-0.9338434649010499,4583424.0,-0.055590945800455906,-0.05575050900612647,4583424.0,0.4343932857736945,0.3218942039180547,4583424.0,-0.05405842000618577,-0.05433109691172529
4595712.0,-0.9319207432369391,-0.9331541020423172,4595712.0,-0.05615268620507171,-0.05576060718546311,4595712.0,0.3833992959310611,0.3340237088656674,4595712.0,-0.05772678565699607,-0.05494937949309435
4608000.0,-0.9301227827866873,-0.9325672547643384,4608000.0,-0.055696027198185526,-0.055760282530294115,4608000.0,0.42972681966299814,0.35056758049565057,4608000.0,-0.04346806705386067,-0.053825508240455136
4620288.0,-0.930787177135547,-0.931987082771957,4620288.0,-0.0555588921221594,-0.0557698283266897,4620288.0,0.37599997796739143,0.36040190377583103,4620288.0,-0.057619967769520976,-0.05376199641808247
4632576.0,-0.9286267030984163,-0.9312996719653407,4632576.0,-0.056036081708346806,-0.05581877465204647,4632576.0,0.48708920056621235,0.37451467377444103,4632576.0,-0.04651738288036237,-0.05259285089171802
4644864.0,-0.9288729516168436,-0.9309082378943762,4644864.0,-0.055850941804237664,-0.05582056653996309,4644864.0,0.3910199169379969,0.38048027257124584,4644864.0,-0.05717325951748838,-0.05282052895054221
4657152.0,-0.9278499527523915,-0.9303864882638058,4657152.0,-0.055906827406336866,-0.05581327643012629,4657152.0,0.3994249318105479,0.3906033281392108,4657152.0,-0.05741950737622877,-0.052796906003883724
4669440.0,-0.9282060929884514,-0.9298938640703758,4669440.0,-0.0557006272720173,-0.05582542533132558,4669440.0,0.3709800564683974,0.3941034362185747,4669440.0,-0.05042769053640465,-0.05291235754266381
4681728.0,-0.9263136138518652,-0.9293337338914475,4681728.0,-0.05563982937019318,-0.05580024654821804,4681728.0,0.346372095712771,0.3960369031100223,4681728.0,-0.05727366862508158,-0.052860265368750936
4694016.0,-0.9228876947114865,-0.9286000010867914,4694016.0,-0.055597091016049184,-0.05577299499030536,4694016.0,0.38887632653738063,0.4007281907368451,4694016.0,-0.057154558637800314,-0.05388393080599295
4706304.0,-0.924363328764836,-0.9279951040943463,4706304.0,-0.055530165477345385,-0.055766916957994295,4706304.0,0.3434117827564478,0.39163004043512045,4706304.0,-0.05219884895874808,-0.053697973701249194
4718592.0,-0.9228870601703724,-0.9270917357876897,4718592.0,-0.05536649977633109,-0.055688298315120247,4718592.0,0.28209281402329606,0.381499392244344,4718592.0,-0.0570505924988538,-0.05363035438543495
4730880.0,-0.9222182799130678,-0.9263012855003279,4730880.0,-0.05518061593951037,-0.05563675718925273,4730880.0,0.28706361120566726,0.36723307139861083,4730880.0,-0.04303182133783897,-0.05358672981383279
4743168.0,-0.9224992903570334,-0.9254724968224763,4743168.0,-0.05527640941242377,-0.05560850891827916,4743168.0,0.28500353591516614,0.35813342719338837,4743168.0,-0.0569611561174194,-0.05352084864862263
4755456.0,-0.9186642269293467,-0.9244762492055694,4755456.0,-0.05539898706289629,-0.055544799453734105,4755456.0,0.2991706154619654,0.33934156868296367,4755456.0,-0.04822175965333978,-0.05369128632592037
4767744.0,-0.918642304216822,-0.9234531844655672,4767744.0,-0.05527321431630602,-0.05548702670494095,4767744.0,0.3319409180742999,0.333433668796594,4767744.0,-0.05682898871600628,-0.05365685924577217
4780032.0,-0.917450616757075,-0.9224132508660355,4780032.0,-0.05532020536096146,-0.05542836450040341,4780032.0,0.27421210752800107,0.3209123863683393,4780032.0,-0.05676466436125338,-0.05359137494427463
4792320.0,-0.917463685075442,-0.9213390100747345,4792320.0,-0.05473244368719558,-0.05533154614192123,4792320.0,0.27942030457779765,0.31175641117927927,4792320.0,-0.049951241623299815,-0.05354373005296413
4804608.0,-0.9173349421471357,-0.9204411429042617,4804608.0,-0.05508716761445006,-0.05527627996634692,4804608.0,0.3484525168314576,0.31196445329114797,4804608.0,-0.056616792416510485,-0.053478042432107034
4816896.0,-0.9159995174656311,-0.9197523251796762,4816896.0,-0.055018284202863775,-0.05521839928502838,4816896.0,0.3356926296837628,0.30664608360578616,4816896.0,-0.05656329984776676,-0.05341891655310367
4829184.0,-0.9124938175082207,-0.9185653740540147,4829184.0,-0.054887839243747294,-0.05515416666166857,4829184.0,0.3138118952823182,0.30368609485837317,4829184.0,-0.042857074236962944,-0.05248473908092517
4841472.0,-0.9130331911146641,-0.9175799871484438,4841472.0,-0.05481056911715617,-0.05509857359575108,4841472.0,0.28685601785158116,0.30416241524120174,4841472.0,-0.05640961582927654,-0.05242064141396743
4853760.0,-0.9139897258331379,-0.9167571317404508,4853760.0,-0.05451098065047214,-0.05503161006684726,4853760.0,0.27516277010242146,0.3029723311308771,4853760.0,-0.056184982880949974,-0.053735957568278536
4866048.0,-0.9104003266741832,-0.915547235372166,4866048.0,-0.05424197736041,-0.05492816686164588,4866048.0,0.2723104582789044,0.3017030233672509,4866048.0,-0.054444861210261784,-0.05348432807756277
4878336.0,-0.910382374500235,-0.9147190501292547,4878336.0,-0.0538746677339077,-0.05477573492874701,4878336.0,0.2878790964993338,0.30057387147098774,4878336.0,-0.04162040636098633,-0.05282419274832743
4890624.0,-0.9077411741018295,-0.9136289371177554,4890624.0,-0.053230269656827055,-0.054571440462799124,4890624.0,0.3139459292093913,0.2987743725844969,4890624.0,-0.05619185344160845,-0.05276047922088765
4902912.0,-0.9088063668459654,-0.9127645121266443,4902912.0,-0.053025955644746624,-0.05434201549117764,4902912.0,0.29599413632725674,0.30095257546442256,4902912.0,-0.05613902312082549,-0.05269791509684485
4915200.0,-0.9078700474152962,-0.9118051483606298,4915200.0,-0.05307302662792305,-0.05417607378525039,4915200.0,0.3124214472870032,0.30425268973534303,4915200.0,-0.05587037939888736,-0.05328982887440361
4927488.0,-0.9072648293028275,-0.910798137076199,4927488.0,-0.05291211333436271,-0.05395856835724165,4927488.0,0.3248343903881808,0.3018908770910154,4927488.0,-0.042445427912753075,-0.05187269242402788
4939776.0,-0.9049836726238331,-0.9096965525920193,4939776.0,-0.053050308604724705,-0.05376177079742774,4939776.0,0.3096059096666674,0.29928220508930586,4939776.0,-0.04854851169511676,-0.05107121360876288
4952064.0,-0.9034616394589344,-0.9087933347870905,4952064.0,-0.05285954234811167,-0.053558941107864175,4952064.0,0.2823623945005238,0.2961372550111264,4952064.0,-0.055900937683569886,-0.05237559995342356
4964352.0,-0.903629013026754,-0.9078529169782994,4964352.0,-0.05284948709110419,-0.053362832905258985,4964352.0,0.30264149342353147,0.2977158025683214,4964352.0,-0.040637624595547095,-0.050798400830050626
4976640.0,-0.9017522018402815,-0.9066291645790139,4976640.0,-0.05291204170013467,-0.053202939010225235,4976640.0,0.2806501622932653,0.2982645417874058,4976640.0,-0.05579784462073197,-0.05075968700402882
4988928.0,-0.9023659899830818,-0.9058257309099037,4988928.0,-0.05234221512606988,-0.053012962786791226,4988928.0,0.3177762779717644,0.30281112375669184,4988928.0,-0.055740691372193396,-0.05088927002022199
5001216.0,-0.9020066875964403,-0.9049881622195244,5001216.0,-0.052739070650810994,-0.05289940307848155,5001216.0,0.2870099168891708,0.3027242057956755,5001216.0,-0.05567177451060464,-0.05229440683518381
5013504.0,-0.9024965409189463,-0.904463698901236,5013504.0,-0.052089964893336095,-0.052785372602132466,5013504.0,0.32648006671418744,0.30397761954615515,5013504.0,-0.05520303070079535,-0.052195524561102505
5025792.0,-0.9017293012390534,-0.9037559923405448,5025792.0,-0.05264773239226391,-0.05274755027688419,5025792.0,0.36229017935693264,0.31060722384912276,5025792.0,-0.04156136774690822,-0.050737759023710784
5038080.0,-0.9007195873806874,-0.9030409463370839,5038080.0,-0.052134066626119115,-0.0526536542767038,5038080.0,0.2982876570895314,0.30919384482937556,5038080.0,-0.05495376675389707,-0.05064609775921175
5050368.0,-0.9011966828256845,-0.9024341316893697,5050368.0,-0.051920279782886304,-0.05255447092155615,5050368.0,0.29857976579417783,0.30656838236997525,5050368.0,-0.040601966000394896,-0.05046175156797593
5062656.0,-0.8989770288268725,-0.9018334673096735,5062656.0,-0.05187509635773798,-0.052436949696857485,5062656.0,0.3215956563750903,0.3077673570408176,5062656.0,-0.05434018928402414,-0.05104091932686668
5074944.0,-0.8983049529294173,-0.9013177986567218,5074944.0,-0.05201174439086268,-0.05235216990113258,5074944.0,0.33982744145517546,0.3135138617362827,5074944.0,-0.055335433416379,-0.050984368900147584
5087232.0,-0.8993899207562208,-0.9008938894296685,5087232.0,-0.05210011782279859,-0.05227723297430202,5087232.0,0.3195550173210601,0.3152052141260356,5087232.0,-0.05527171896149715,-0.05244777833674258
5099520.0,-0.900305642435948,-0.9007492334892351,5099520.0,-0.05180637786785761,-0.052166666591074315,5099520.0,0.32883487952252227,0.32002368584896124,5099520.0,-0.041523341302915164,-0.0510203280049609
5111808.0,-0.8998552244156599,-0.9004981569324929,5111808.0,-0.05207799902806679,-0.05214024498127401,5111808.0,0.30427896448721486,0.31867395450050634,5111808.0,-0.05515237199142575,-0.05096149606688414
5124096.0,-0.8966154797623554,-0.8999590361490843,5124096.0,-0.051946676801890135,-0.05206100559638192,5124096.0,0.27690811346595484,0.31766377415818475,5124096.0,-0.046739724348299205,-0.0500682910506536
5136384.0,-0.8959100916981697,-0.8993003912270069,5136384.0,-0.05200410731292019,-0.05205241983834032,5136384.0,0.2744986458371083,0.3124656320704768,5136384.0,-0.042514040561703346,-0.04879939203674439
5148672.0,-0.8960440022250017,-0.8987318613256017,5148672.0,-0.05143006801760445,-0.05193065340087438,5148672.0,0.3310706065967679,0.30934367479446034,5148672.0,-0.05501554281606028,-0.050144809543659595
5160960.0,-0.8952024995038906,-0.898180152537922,5160960.0,-0.05142523976974189,-0.05185977071523666,5160960.0,0.3116478188894689,0.3106796909744541,5160960.0,-0.05254276857400934,-0.04990370972567083
5173248.0,-0.8946045488119125,-0.8975209391365448,5173248.0,-0.05135153862647712,-0.051802896599595735,5173248.0,0.2832747989644607,0.3091491942914824,5173248.0,-0.05488110062045356,-0.0513316231876767
5185536.0,-0.8939223159104586,-0.8970154678449035,5185536.0,-0.05112759652547538,-0.051728146616369486,5185536.0,0.31806481614088017,0.30879611026806136,5185536.0,-0.039738267553426944,-0.049871431014616975
5197824.0,-0.891999547680219,-0.8963849273199835,5197824.0,-0.05073588613110284,-0.051600560790393504,5197824.0,0.284598421305418,0.3032732082530856,5197824.0,-0.05474913527723402,-0.04981280120070248
5210112.0,-0.8907093890011311,-0.8955168741444746,5210112.0,-0.050641366940302156,-0.05145468570214386,5210112.0,0.2743196321340899,0.29874966973438855,5210112.0,-0.04490558709949255,-0.048776188014502016
5222400.0,-0.8899384761850039,-0.8944801575193801,5222400.0,-0.050286393535013,-0.05130268726885939,5222400.0,0.27202682103961706,0.29306886388609804,5222400.0,-0.0429560867875504,-0.04891946256296554
5234688.0,-0.8903275094926357,-0.8935273860270778,5234688.0,-0.05051375712112834,-0.051146263078165555,5234688.0,0.27768436244999367,0.290409403682376,5234688.0,-0.054658793145790696,-0.04887010467840204
5246976.0,-0.8889922704547644,-0.8927650650963187,5246976.0,-0.05009798674533764,-0.0509613940725103,5246976.0,0.2959385644644499,0.29231244878222545,5246976.0,-0.054594789166003466,-0.04965561116017246
5259264.0,-0.8884819944699606,-0.8920222553734979,5259264.0,-0.05001366747698436,-0.05076235008891672,5259264.0,0.2878299653530121,0.2936455807338158,5259264.0,-0.04966360501324137,-0.050370567605326266
5271552.0,-0.8872768493990103,-0.8911455400908986,5271552.0,-0.049768536196400724,-0.05059619690679634,5271552.0,0.2980724031416078,0.29034576038829985,5271552.0,-0.05443561798892915,-0.05031257512261315
5283840.0,-0.8868735718230406,-0.8903126473228136,5283840.0,-0.04993712812817345,-0.050447385742639496,5283840.0,0.27138366814081866,0.28631934531343484,5283840.0,-0.05439802988742789,-0.050498101253955006
5296128.0,-0.884938657283783,-0.8893460581700007,5296128.0,-0.04945385681154827,-0.05025761756114662,5296128.0,0.2691853811653952,0.28491040353352826,5296128.0,-0.03902340557154579,-0.04891233174906422
5308416.0,-0.8840106520801783,-0.8883548917869728,5308416.0,-0.04929818775660048,-0.05007467668425912,5308416.0,0.2834392247411112,0.2814478443935513,5308416.0,-0.044274826786325626,-0.049365987672354096
5320704.0,-0.8815900577853123,-0.887313942797482,5320704.0,-0.04956759683166941,-0.04995784775431578,5320704.0,0.32889986395214993,0.2858779886582245,5320704.0,-0.05427471439664563,-0.04931854558429525
5332992.0,-0.8829001771907011,-0.886533021616439,5332992.0,-0.04964332072995603,-0.04985804313328117,5332992.0,0.2726791587968667,0.28571394132450223,5332992.0,-0.05422091616007189,-0.05025007849035319
5345280.0,-0.8817551725854477,-0.8857146912564835,5345280.0,-0.049241333889464535,-0.049753537168726325,5345280.0,0.2697360043724378,0.2854848596577843,5345280.0,-0.0541581897996366,-0.051370288791561816
5357568.0,-0.8820803916702668,-0.8848899794742465,5357568.0,-0.049535778777984284,-0.04965573933441192,5357568.0,0.26764209382236004,0.28448063279502095,5357568.0,-0.04077924446513256,-0.049982333923496
5369856.0,-0.8821788287411133,-0.8842086353028813,5369856.0,-0.04921357554849237,-0.04956729821472739,5369856.0,0.2672004320969184,0.28160681955826783,5369856.0,-0.049046588324320815,-0.049427513839327725
5382144.0,-0.8816965104391178,-0.8835300868997971,5382144.0,-0.049285156497110925,-0.049494447116740045,5382144.0,0.26665410213172436,0.27948923323613906,5382144.0,-0.053987467545084655,-0.04985990009251206
5394432.0,-0.8803391046822071,-0.8828363124281168,5394432.0,-0.04891250860722115,-0.049408844357822085,5394432.0,0.2654890824730198,0.2762309011692802,5394432.0,-0.039502939655600734,-0.04836663225917921
5406720.0,-0.8791993415604035,-0.8820688894018531,5406720.0,-0.04920832257873068,-0.049335963802877816,5406720.0,0.2653451063670218,0.2756270449919005,5406720.0,-0.053849915391765535,-0.048311820809612986
5419008.0,-0.8780587278306484,-0.8813808964565396,5419008.0,-0.048816883276837565,-0.04927226644940674,5419008.0,0.27200015634298325,0.2759085225096593,5419008.0,-0.05386176402680576,-0.04979565665513898
5431296.0,-0.8787903046856324,-0.8808588617170849,5431296.0,-0.04860279868201663,-0.04920272754194836,5431296.0,0.2720717182382941,0.2747717718593776,5431296.0,-0.053800792433321476,-0.05074825321983857
5443584.0,-0.8797106506923834,-0.8806709210077921,5443584.0,-0.048406691600879036,-0.04908663701886932,5443584.0,0.29754890548065305,0.27163667601222796,5443584.0,-0.05373965770316621,-0.050694747550490624
5455872.0,-0.8758655699590842,-0.8799674602846304,5455872.0,-0.04843258978022883,-0.0489655639238966,5455872.0,0.27273701581483084,0.27164246171402434,5455872.0,-0.039136727466636025,-0.04918632868114704
5468160.0,-0.8774545726676782,-0.8795374002928537,5468160.0,-0.04836343938950449,-0.0488777744739006,5468160.0,0.30597802562018234,0.27526666383879883,5468160.0,-0.0503665095117564,-0.048807160652359016
5480448.0,-0.875089980661869,-0.8788383591920137,5480448.0,-0.04830151474258552,-0.04875434807036073,5480448.0,0.2644515843130648,0.2749476128878693,5480448.0,-0.05232899104400227,-0.04996213531024599
5492736.0,-0.8744085747748613,-0.8780613337953884,5492736.0,-0.04814538549787054,-0.04864752906529854,5492736.0,0.262952983379364,0.2745228680161138,5492736.0,-0.053421609569340944,-0.050399637434748
5505024.0,-0.874809360752503,-0.877372618826727,5505024.0,-0.048224340309388936,-0.04854144744652634,5505024.0,0.2700564921833575,0.27486310702127714,5505024.0,-0.05338100615578393,-0.050338991295817925
5517312.0,-0.8727164554099242,-0.8766103538994988,5517312.0,-0.04800026693070928,-0.04845022327887515,5517312.0,0.3164924072722594,0.27996343950120106,5517312.0,-0.05342071095947176,-0.05173076842620503
5529600.0,-0.8741399925202131,-0.8761044189954799,5529600.0,-0.04829923377837986,-0.04835931439884007,5529600.0,0.26323383425672847,0.2797523122901718,5529600.0,-0.051023040005626775,-0.051448080887591154
5541888.0,-0.8747023269534111,-0.875768778907756,5541888.0,-0.048146704716297485,-0.048292296542786065,5541888.0,0.2629959466867149,0.2788518913245449,5541888.0,-0.04733927051226298,-0.050795831536136885
5554176.0,-0.8740708716213703,-0.8752968356013298,5554176.0,-0.048073602452253304,-0.04823937691980973,5554176.0,0.278449141420424,0.2794896336427579,5554176.0,-0.037453094109271966,-0.049161061703731926
5566464.0,-0.874848609790206,-0.8748106315111119,5566464.0,-0.0482099075258399,-0.048219698512305814,5566464.0,0.27085716277360916,0.2768204593720535,5566464.0,-0.04632445005699992,-0.048419540939115296
5578752.0,-0.8723435296366612,-0.8744584274788696,5578752.0,-0.0476360673783347,-0.048140046272116405,5578752.0,0.26181209878996015,0.2757279676695664,5578752.0,-0.04213542628955717,-0.04871941082140741
5591040.0,-0.8722160402685404,-0.8739345742389559,5591040.0,-0.047696753637865186,-0.04807337769695247,5591040.0,0.2607834019387762,0.2712085053014258,5591040.0,-0.05310295227294167,-0.04899305509752594
5603328.0,-0.8701783182720343,-0.8734434079999724,5603328.0,-0.04781884218876561,-0.04802511044157048,5603328.0,0.2599852370719115,0.2707618705773105,5603328.0,-0.05310100006560484,-0.049070255999686195
5615616.0,-0.8696216773241758,-0.8729647182549041,5615616.0,-0.04754069400951266,-0.047964641292734686,5615616.0,0.25893440485621494,0.2703600127249956,5615616.0,-0.05304250660507629,-0.04903234570325974
5627904.0,-0.8690425691505274,-0.8723880390947064,5627904.0,-0.04753081756643951,-0.04789528901843974,5627904.0,0.2672187928110361,0.2700762427877635,5627904.0,-0.05298420581190536,-0.04899266566887188
5640192.0,-0.8694994362692038,-0.8720663371806342,5640192.0,-0.047370607343812786,-0.0478323230597501,5640192.0,0.2575006987899542,0.26417707193953294,5640192.0,-0.052926092059351504,-0.04894320377885985
5652480.0,-0.8665569381167492,-0.8713080317402879,5652480.0,-0.04743052553385496,-0.04774545223529761,5652480.0,0.2664479898909728,0.26449848750295735,5652480.0,-0.03719780236133374,-0.04756068001443055
5664768.0,-0.8684526924043894,-0.8706830682853857,5664768.0,-0.04696133888016144,-0.04762691565168401,5664768.0,0.2574703701150914,0.263945929845795,5664768.0,-0.051933278368475534,-0.04802008080005181
5677056.0,-0.8655874871959289,-0.8698347298428416,5677056.0,-0.0473312233419468,-0.04755267774065336,5677056.0,0.2563429372385144,0.26173530942760415,5677056.0,-0.0499452610189716,-0.04926929749102177
5689344.0,-0.8662804663181305,-0.8689779154956341,5689344.0,-0.04697706833637009,-0.04742939382170638,5689344.0,0.26371099380776286,0.26102069253101945,5689344.0,-0.0526976982364431,-0.04990662230896608
5701632.0,-0.8647625291099151,-0.8682198154429596,5701632.0,-0.0473691561880211,-0.04740270270267502,5701632.0,0.2645769437464575,0.26129717702666916,5701632.0,-0.052680952746110656,-0.05096117495462142
5713920.0,-0.8620102958132824,-0.8671992409974336,5713920.0,-0.04676996458632251,-0.04731002379752075,5713920.0,0.28130930196493864,0.2633497670292854,5713920.0,-0.05262411890241007,-0.05091329161756827
5726208.0,-0.8634038095672926,-0.8665217901269594,5726208.0,-0.047270400798879564,-0.04725517965853214,5726208.0,0.2558987527154386,0.26294111859363817,5726208.0,-0.05256726821729293,-0.050859918432737086
5738496.0,-0.8606687343368927,-0.8656264958282313,5738496.0,-0.04676902515348047,-0.04717801277292892,5738496.0,0.2556210355833173,0.2626097816663484,5738496.0,-0.04947732020324717,-0.05050339979255416
5750784.0,-0.8604976025720438,-0.8647719991703828,5750784.0,-0.04715768352616578,-0.04714069936890155,5750784.0,0.28914701597144205,0.26480260398238903,5750784.0,-0.03898378935021659,-0.04910335814638529
5763072.0,-0.8598731110493342,-0.8638093666483959,5763072.0,-0.046737744511726,-0.04707741308569287,5763072.0,0.2563151993478338,0.26468405403817696,5763072.0,-0.038505764571406566,-0.04766132539759079
5775360.0,-0.8588890011111895,-0.86304257294784,5775360.0,-0.046734777318003275,-0.047007838264107704,5775360.0,0.2547972942702472,0.26351898447610433,5775360.0,-0.04362547801186641,-0.04830409296264406
5787648.0,-0.8572042404363552,-0.8619177277510366,5787648.0,-0.046747415831002094,-0.04698644595919177,5787648.0,0.25395397127916414,0.2631673445925117,5787648.0,-0.05234312541627636,-0.048345077667424144
5799936.0,-0.8578615101675192,-0.8611451300481955,5799936.0,-0.04669978663635751,-0.04692330228863284,5799936.0,0.25321097920338315,0.26285414878899854,5799936.0,-0.052314520735914506,-0.04858200363911843
5812224.0,-0.8568559773266315,-0.8602026811490457,5812224.0,-0.04638131552686294,-0.04686372700768212,5812224.0,0.25194007918859523,0.26167705732708174,5812224.0,-0.05225891553952048,-0.04853812536942618
5824512.0,-0.8561376879612604,-0.8593401970341802,5824512.0,-0.046562480817859374,-0.046783059470665946,5824512.0,0.25937449590613443,0.26115681254304945,5824512.0,-0.047801973026556276,-0.04805022739747074
5836800.0,-0.8567703974743685,-0.8588162072002887,5836800.0,-0.0470725076738745,-0.04681331377942115,5836800.0,0.25885293322304886,0.25891117566886046,5836800.0,-0.03727075572048003,-0.04651489107927773
5849088.0,-0.856354329114159,-0.8581112591549754,5849088.0,-0.046720985400800906,-0.04675837223961328,5849088.0,0.30089758212367695,0.2634110586096843,5849088.0,-0.03975135467286842,-0.04523329972483529
5861376.0,-0.8548612985759974,-0.8575305155788857,5861376.0,-0.0466719726100564,-0.04674866698527087,5861376.0,0.33340409661953646,0.27118936471330624,5861376.0,-0.04496981958315397,-0.044782549662825966
5873664.0,-0.8535940634707609,-0.8568401616687575,5873664.0,-0.04661710905687263,-0.04669460953834156,5873664.0,0.25972243879611295,0.2682469069957733,5873664.0,-0.05184371649132421,-0.04606854237693672
5885952.0,-0.8522314485162497,-0.8560759954154491,5885952.0,-0.04631608666386455,-0.046652443753555414,5885952.0,0.2555825871725877,0.2681736457782487,5885952.0,-0.0520080371449391,-0.047418769634289974
5898240.0,-0.850491122653087,-0.8552362075696388,5898240.0,-0.046264172512261816,-0.04660538327298128,5898240.0,0.25351075812553364,0.2680449921637774,5898240.0,-0.05195765740548571,-0.04825198757365191
5910528.0,-0.8507358096539974,-0.8545893644914031,5910528.0,-0.04617534065619111,-0.046548175755500174,5910528.0,0.2539131888188422,0.2680409139177452,5910528.0,-0.05190356522022436,-0.0482080315540467
5922816.0,-0.8488109484314919,-0.8536843083178003,5922816.0,-0.04653959240143498,-0.04653215633200792,5922816.0,0.25314314058050513,0.26803413005545734,5922816.0,-0.05184963683132082,-0.04816154316358734
5935104.0,-0.8480999357998371,-0.852808704165121,5935104.0,-0.045937278967661165,-0.04648775267608774,5935104.0,0.2524272281055649,0.2680828449471543,5935104.0,-0.0359943873481825,-0.046535090344453536
5947392.0,-0.8479282905658087,-0.8519877644255758,5947392.0,-0.046329424638922014,-0.04646444705819401,5947392.0,0.2520701737763981,0.2673524127341807,5947392.0,-0.05095412640366703,-0.04685030568216462
5959680.0,-0.8469554906090101,-0.8510062737390399,5959680.0,-0.04611024473949025,-0.04636822076475559,5959680.0,0.25149917881935835,0.2666170372938116,5959680.0,-0.03689370478969067,-0.04681260058908568
5971968.0,-0.8468420927723249,-0.8500550501048565,5971968.0,-0.046015245063851275,-0.04629764673106063,5971968.0,0.25044775955999893,0.2615720550374438,5971968.0,-0.05101673095487058,-0.04793913821728589
5984256.0,-0.8450586274266243,-0.8490747829899192,5984256.0,-0.04611799807753414,-0.046242249277808394,5984256.0,0.2504546240282555,0.2532771077783157,5984256.0,-0.05164693268792083,-0.04860684952776258
5996544.0,-0.8457351320733627,-0.8482888898501795,5996544.0,-0.04583705736634632,-0.04616424410875576,5996544.0,0.24959963575626412,0.2522648274743308,5996544.0,-0.05159589046767602,-0.04858206692539776
6008832.0,-0.844555294762055,-0.84752127447476,6008832.0,-0.04554803708257774,-0.04608743915062708,6008832.0,0.24868869859104356,0.25157543861617643,6008832.0,-0.05154305859468877,-0.048535569070372736
6021120.0,-0.842765391493837,-0.8467487013588351,6021120.0,-0.04566142032854259,-0.04602716393225516,6021120.0,0.2565044875567158,0.2518748115592947,6021120.0,-0.035259690678988896,-0.04686577239772304
6033408.0,-0.8410487460593382,-0.8457799949993691,6033408.0,-0.04562601171589146,-0.04597223103822519,6033408.0,0.2755820133412878,0.2540416940115392,6033408.0,-0.05136143396763752,-0.046811559272464366
6045696.0,-0.8400635005285343,-0.8449052502090734,6045696.0,-0.045756320643704385,-0.04589390386245214,6045696.0,0.24991137503335872,0.2537185174568245,6045696.0,-0.04615606328782936,-0.04624220191811522
6057984.0,-0.8394402507692575,-0.8440392817060152,6057984.0,-0.04529350972734392,-0.045829526938420406,6057984.0,0.24866884388029575,0.2533426790342977,6057984.0,-0.040940639892748244,-0.04673682717257179
6070272.0,-0.8383936559160551,-0.8430858182410399,6070272.0,-0.045461159703942634,-0.04574270044492247,6070272.0,0.2472737773011128,0.25286303938676913,6070272.0,-0.05134477082174271,-0.04677589161437937
6082560.0,-0.8379315373798212,-0.842183422918121,6082560.0,-0.04515887604793534,-0.04564756357576698,6082560.0,0.24737534392625093,0.25245065589745835,6082560.0,-0.05129436015461882,-0.04821595715087217
6094848.0,-0.8376858364790678,-0.8412677972887952,6094848.0,-0.04554689514528339,-0.04560072858391019,6094848.0,0.24633940371374288,0.2520398203128328,6094848.0,-0.05124269317214688,-0.0482385533725998
6107136.0,-0.8374366567780575,-0.8405056002239386,6107136.0,-0.04512157617136836,-0.04550108639329361,6107136.0,0.25437241249407333,0.2524315991594145,6107136.0,-0.05119106433509538,-0.048192966537317264
6119424.0,-0.8356247544288635,-0.8394945624594886,6119424.0,-0.045360900015415005,-0.045453470658200476,6119424.0,0.25350306384886306,0.2528219419686744,6119424.0,-0.03432296650134958,-0.046465674140684615
6131712.0,-0.8353803505500158,-0.8385770680382848,6131712.0,-0.0449933812681896,-0.04539800507676166,6131712.0,0.28051010829706985,0.25600408293927707,6131712.0,-0.043385444344797484,-0.04564991271569549
6144000.0,-0.8330460749566555,-0.8376051363845665,6144000.0,-0.044974156946409494,-0.045329278738548355,6144000.0,0.28051041904836893,0.2584046760884424,6144000.0,-0.051034822167518236,-0.04722742586454842
6156288.0,-0.8339002896100283,-0.8368902907396357,6156288.0,-0.04514292963237191,-0.045280970530196404,6156288.0,0.257813048393776,0.25662777959369126,6156288.0,-0.04610528467067828,-0.0467018109348525
6168576.0,-0.8323323968797922,-0.8361171803747615,6168576.0,-0.045322916334650167,-0.045237630099290986,6168576.0,0.2752079501127203,0.2591574371016274,6168576.0,-0.0509772973600775,-0.04718393434207731
6180864.0,-0.830301937336723,-0.835203349031508,6180864.0,-0.04516245680861175,-0.04522452480741777,6180864.0,0.24879683942223588,0.2591702366558214,6180864.0,-0.050943584414198995,-0.04818422879422239
6193152.0,-0.8305558767169714,-0.8344195711115997,6193152.0,-0.044953580266640834,-0.045173766863687584,6193152.0,0.24714817649995288,0.25915767657570543,6193152.0,-0.0508930521318689,-0.048139056925235
6205440.0,-0.8288971278816462,-0.8335161301617822,6205440.0,-0.04507026827195659,-0.04516490608608971,6205440.0,0.24462010463078818,0.2588821526461592,6205440.0,-0.03722522468888201,-0.04673214337866133
6217728.0,-0.8297118302434683,-0.8327187295382222,6217728.0,-0.04497976313966016,-0.04510819288552739,6217728.0,0.24575193878263235,0.25882340615304805,6217728.0,-0.039569858209385224,-0.045564859882385164
6230016.0,-0.8281727141390244,-0.8317923352743188,6230016.0,-0.04475934332003817,-0.04507196960039437,6230016.0,0.2448399088655909,0.25787015579019984,6230016.0,-0.047903149582756065,-0.045236068407151234
6242304.0,-0.8272459798802932,-0.8309544578194619,6242304.0,-0.044995374085071184,-0.04503541700735999,6242304.0,0.2526987196567158,0.2577897213709851,6242304.0,-0.05047576040184746,-0.046851347797201015
6254592.0,-0.8267228715121746,-0.8300887099156776,6254592.0,-0.04444469284499064,-0.04498054816504009,6254592.0,0.2532633173589905,0.25506504227717713,6254592.0,-0.03430225027841516,-0.04594302839056279
6266880.0,-0.8263069180150827,-0.8294147942215204,6266880.0,-0.04481198004214093,-0.044964330474613234,6266880.0,0.3114620953177412,0.2581602099041144,6266880.0,-0.05064493278041482,-0.04590403945185244
6279168.0,-0.8258131295442581,-0.8286060782149434,6279168.0,-0.044426576137387506,-0.04489269512511479,6279168.0,0.2765148122174044,0.2600303862864773,6279168.0,-0.050630397124526404,-0.04635655069723725
6291456.0,-0.8243490836272637,-0.8278077468896905,6291456.0,-0.04458941078822439,-0.04481934457047221,6291456.0,0.24950348678976297,0.25745993995418154,6291456.0,-0.033735129890070915,-0.044632333950236594
6303744.0,-0.8245078263183435,-0.8272283357878527,6303744.0,-0.044612394839835666,-0.0447643383735946,6303744.0,0.2565552742841343,0.25823578344037135,6303744.0,-0.05053675846041491,-0.04459165135485819
6316032.0,-0.8233709546426932,-0.8265098435804248,6316032.0,-0.04427344937964032,-0.044696325284894554,6316032.0,0.27402964793145657,0.2609239305835217,6316032.0,-0.04820925660897046,-0.044323271802568336
6328320.0,-0.8230586623152097,-0.8259259970237812,6328320.0,-0.04484127506536121,-0.04467342596423502,6328320.0,0.2478174769009153,0.26124366781053443,6328320.0,-0.04897579973718772,-0.045498329307398916
6340608.0,-0.8207109719514847,-0.8250259111945827,6340608.0,-0.044323297042865306,-0.04460777935455554,6340608.0,0.24684173023949066,0.26135264695622024,6340608.0,-0.03560035373569311,-0.045101378860029705
6352896.0,-0.8200479776908954,-0.8242134375497698,6352896.0,-0.044380978254290916,-0.04456994284798081,6352896.0,0.24648854477951923,0.2615175105476131,6352896.0,-0.042071006047384195,-0.04451816450649251
6365184.0,-0.8180544345329205,-0.8232942830150327,6365184.0,-0.04440953662075723,-0.04451135910154942,6365184.0,0.24518386678149304,0.26076602526009085,6365184.0,-0.05035323385770122,-0.044505911852077897
6377472.0,-0.8173098210245371,-0.8223529779662689,6377472.0,-0.044345989221862205,-0.044501488739236573,6377472.0,0.24422308756038547,0.2598620022802304,6377472.0,-0.0501988297716404,-0.046095569801400414
6389760.0,-0.8170234976957241,-0.8214246359343329,6389760.0,-0.04401390689114729,-0.04442168142413721,6389760.0,0.24371085409075022,0.25308687815753117,6389760.0,-0.04810504118601481,-0.04584158064196042
6402048.0,-0.8162377209713062,-0.8204670950770379,6402048.0,-0.0438363243592903,-0.044362656246327486,6402048.0,0.24322863838945827,0.24975826077473662,6402048.0,-0.03328426901134662,-0.044106967830642434
6414336.0,-0.8164867715289196,-0.8196808638672033,6414336.0,-0.044030521744086094,-0.044306767341913654,6414336.0,0.24308678523326913,0.24911659061908722,6414336.0,-0.05004435909601549,-0.045737890751236895
6426624.0,-0.8145692603041729,-0.8186870072657862,6426624.0,-0.0436075238782602,-0.04420628024575611,6426624.0,0.25058889482170343,0.24851995267284416,6426624.0,-0.04987531822795669,-0.045671746727991076
6438912.0,-0.8149278641988834,-0.8178426982214052,6438912.0,-0.04400012801246097,-0.04417894810903818,6438912.0,0.28587567371626693,0.24970455525132515,6438912.0,-0.04867230216041207,-0.04571805128313523
6451200.0,-0.8125107853362957,-0.8167879105235138,6451200.0,-0.04357418582852309,-0.04405223918535436,6451200.0,0.28670973470434546,0.2535937810316682,6451200.0,-0.0413210047602964,-0.0449525717854461
6463488.0,-0.8135951546331247,-0.8160763287916779,6463488.0,-0.04369871432815368,-0.0439897809138832,6463488.0,0.29931353001544875,0.25884096100926396,6463488.0,-0.049922604695893824,-0.04638479688146617
6475776.0,-0.8114406981815895,-0.8152156008407474,6475776.0,-0.04359374969499186,-0.0439110580579533,6475776.0,0.28897017799317837,0.2630891243306299,6475776.0,-0.03431626559662012,-0.045609322836389764
6488064.0,-0.810421351964275,-0.8144522925838829,6488064.0,-0.04375994676956907,-0.043846099072834474,6488064.0,0.3288596171575288,0.27145669936823347,6488064.0,-0.049957914549546935,-0.04556979090557434
6500352.0,-0.8103426868716875,-0.813755579168598,6500352.0,-0.04370159025226409,-0.04378165917587466,6500352.0,0.3481594881353279,0.28185033942572774,6500352.0,-0.04987796469746778,-0.04553770439815708
6512640.0,-0.8095014418164889,-0.8130033735806744,6512640.0,-0.04316406400175765,-0.043696674886935696,6512640.0,0.34333303772533935,0.2918125577891867,6512640.0,-0.03580585435459701,-0.04430778571501529
6524928.0,-0.809754059339563,-0.8123550074175,6524928.0,-0.043343448254745454,-0.043647387276481216,6524928.0,0.3385413906847437,0.3013438330187152,6524928.0,-0.04022590063201884,-0.04500194887708252
6537216.0,-0.8074167693654696,-0.8114480072011551,6537216.0,-0.043386941911497466,-0.043583029293222345,6537216.0,0.3840489072414736,0.31544004521953567,6537216.0,-0.04983462482535591,-0.04498097545001656
6549504.0,-0.8066740998377403,-0.8106584911545118,6549504.0,-0.04350367341733848,-0.04357264424713018,6549504.0,0.3385732028012474,0.32423847601749,6549504.0,-0.04661325908576449,-0.044654769535797334
6561792.0,-0.8046816624701023,-0.8096338709816336,6561792.0,-0.04307670031751817,-0.043480301477635895,6561792.0,0.297835126829644,0.32543442132882777,6561792.0,-0.04123118135612458,-0.04391065745536859
6574080.0,-0.8048562550296386,-0.8088684179509679,6574080.0,-0.04316533475260561,-0.04343941637004415,6574080.0,0.27530515162895125,0.3242939630212883,6574080.0,-0.049518400143521525,-0.04473039699369111
6586368.0,-0.803680989270409,-0.8078770014146963,6586368.0,-0.043152245692908764,-0.043384769506519656,6586368.0,0.30043625241766375,0.32440623526150975,6586368.0,-0.03282265426241793,-0.04302040195034352
6598656.0,-0.8037140071392059,-0.8071043323104579,6598656.0,-0.043387538326593734,-0.04336414836967985,6598656.0,0.3342495436469714,0.3289341718268891,6598656.0,-0.049625049655636154,-0.04455128035624511
6610944.0,-0.8041766335566839,-0.8064798604696989,6610944.0,-0.0428399876691401,-0.043272152459636955,6610944.0,0.30545547418296337,0.32659375752943254,6610944.0,-0.04937877269306531,-0.044493366170596946
6623232.0,-0.8035988050202528,-0.8058054722845555,6623232.0,-0.043303794654396675,-0.043232372899850206,6623232.0,0.2978196459201475,0.3215597733079146,6623232.0,-0.04936646056982378,-0.044442215757832554
6635520.0,-0.8018948926279942,-0.805044817365706,6635520.0,-0.04270313150482252,-0.04318627965015669,6635520.0,0.2851517843082547,0.3157416479662061,6635520.0,-0.032590396687737666,-0.04412066999114662
6647808.0,-0.8010768095652262,-0.8041770923882723,6647808.0,-0.04346466838615015,-0.04319840166329717,6647808.0,0.29412379084775847,0.3112998879825075,6647808.0,-0.04939798393752426,-0.04503787832169716
6660096.0,-0.7989352631072203,-0.8033289417624474,6660096.0,-0.04284035202969486,-0.043143742675116906,6660096.0,0.33485518597687286,0.3063805158560474,6660096.0,-0.041184091106212385,-0.04417282494978281
6672384.0,-0.7982565506050984,-0.8024871868391832,6672384.0,-0.04290324651325742,-0.043083699984708804,6672384.0,0.30352866603061557,0.3028760621789843,6672384.0,-0.047253715146022536,-0.04423687055580862
6684672.0,-0.7983949054032564,-0.8018585111324985,6684672.0,-0.042996421126493566,-0.04307567206560634,6684672.0,0.28085110646982986,0.30117766014300285,6684672.0,-0.04833256899534414,-0.04494700931973057
6696960.0,-0.7955384484181801,-0.8009267304713527,6696960.0,-0.043113684689160436,-0.04307050705926182,6696960.0,0.26948288424561423,0.30059543340466915,6696960.0,-0.03233224051170206,-0.04322839335654862
6709248.0,-0.7973844055086374,-0.8002970720951756,6709248.0,-0.0428702895102712,-0.043042311440998064,6709248.0,0.27662854672720033,0.2982146628356228,6709248.0,-0.045563927851617336,-0.04450252071546856
6721536.0,-0.7942172686258951,-0.7993473982438445,6721536.0,-0.04258218962543955,-0.04296177657088265,6721536.0,0.274453383559982,0.2922350468269239,6721536.0,-0.04928438396503528,-0.04446845414640847
6733824.0,-0.7944441555688778,-0.798374150445064,6733824.0,-0.04247552538678671,-0.042925330342647304,6733824.0,0.30139110966896016,0.29182861037552354,6733824.0,-0.04924340988509357,-0.0444549178656113
6746112.0,-0.7926016512016455,-0.7972744350632033,6746112.0,-0.04274142455930511,-0.04286909333313815,6746112.0,0.29468093284716207,0.29151473906822506,6746112.0,-0.04919341726539036,-0.04443761353516796
6758400.0,-0.7915230734894673,-0.7962372531493506,6758400.0,-0.04267765084902445,-0.04286654526755835,6758400.0,0.2684298949316144,0.289842550130561,6758400.0,-0.036381104844622314,-0.04481668435085642
6770688.0,-0.791218892360727,-0.7952514614289006,6770688.0,-0.042541372550961874,-0.04277421568403952,6770688.0,0.26663054355109733,0.2870932254008948,6770688.0,-0.042738588352221996,-0.0441507447923262
6782976.0,-0.7904726751148701,-0.7944052026296655,6782976.0,-0.0424334773949037,-0.0427335282205604,6782976.0,0.26523410218457383,0.28013111702166493,6782976.0,-0.04909340486240884,-0.044941676167945845
6795264.0,-0.7898342777043581,-0.7935629753395915,6795264.0,-0.04245829692808911,-0.04268903326204357,6795264.0,0.3404516358859837,0.2838234140072018,6795264.0,-0.03219028036498154,-0.043435332689841746
6807552.0,-0.7888370802005132,-0.7926071928193171,6807552.0,-0.04202466714195907,-0.04259185786359012,6807552.0,0.26889347781737644,0.2826276511419564,6807552.0,-0.048963777565707765,-0.043498453546878105
6819840.0,-0.7873356683800617,-0.7917869148155053,6819840.0,-0.04237643018132076,-0.04251813241280615,6819840.0,0.2663368000648916,0.2823130427238842,6819840.0,-0.0428272380377166,-0.04454795329947956
6832128.0,-0.7876870166510344,-0.790817175929745,6832128.0,-0.04194598371395841,-0.04242570183317487,6832128.0,0.2728299628943205,0.2819331843405962,6832128.0,-0.048955377424135804,-0.04488709825673141
6844416.0,-0.7852852530777454,-0.78992397437493,6844416.0,-0.04264200263423845,-0.042431683134054765,6844416.0,0.2717126539597909,0.2816591113805771,6844416.0,-0.03259227283221359,-0.04321788714344924
6856704.0,-0.7856856851528088,-0.7890481273333232,6856704.0,-0.04208191325111935,-0.04239232192048803,6856704.0,0.290531310873727,0.28057313150105373,6856704.0,-0.047991997678764164,-0.0430927459228163
6868992.0,-0.7839936291178068,-0.7881873251249393,6868992.0,-0.04245097605356326,-0.04236327706991384,6868992.0,0.26425960830723244,0.2775309990470608,6868992.0,-0.04885050169347475,-0.043058454365624735
6881280.0,-0.7831733090182146,-0.7873523486778139,6881280.0,-0.042126294322467096,-0.042308141417258104,6881280.0,0.3125660076426963,0.281944610318169,6881280.0,-0.03948672839518016,-0.04336901672068052
6893568.0,-0.7820100523531437,-0.7864314646770556,6893568.0,-0.04235582102167731,-0.042289586264329646,6893568.0,0.27281597862020135,0.2825631538250794,6893568.0,-0.046532210001411535,-0.04374837888559947
6905856.0,-0.7811595275998116,-0.7855001499255498,6905856.0,-0.042051012821805976,-0.04225133980701987,6905856.0,0.27863396021227044,0.2839031396278491,6905856.0,-0.04873065305097649,-0.04371210370445624
6918144.0,-0.7819991800934076,-0.7847166401644549,6918144.0,-0.04196001179904366,-0.04220151129411533,6918144.0,0.2613417534157634,0.27599215138082706,6918144.0,-0.043431675080986075,-0.04483624317605669
6930432.0,-0.7795654591172934,-0.7837894780561327,6930432.0,-0.04178753382681558,-0.042177797962600995,6930432.0,0.3018460070403914,0.2792874043031285,6930432.0,-0.04746695584617555,-0.04468656100410347
6942720.0,-0.7790565068523089,-0.7829615619033576,6942720.0,-0.0419406709067213,-0.04213422203514104,6942720.0,0.27831763758634526,0.2804854880552739,6942720.0,-0.03735492485187327,-0.04413932968551913
6955008.0,-0.7781194069733223,-0.7820048009355862,6955008.0,-0.042061769093076386,-0.04214580057305284,6955008.0,0.3899391535669565,0.2921964071225375,6955008.0,-0.04055755166336894,-0.043299547109442456
6967296.0,-0.777681932474176,-0.7812444688752294,6967296.0,-0.04202167943973715,-0.04208376825360271,6967296.0,0.34515679130951565,0.29954082085751,6967296.0,-0.03150376233679708,-0.0431906960599008
6979584.0,-0.7772810279081265,-0.7804040031507612,6979584.0,-0.04174775123829022,-0.0420503520523198,6979584.0,0.345852626953274,0.3050729524654647,6979584.0,-0.048020601466608547,-0.043193556438685235
6991872.0,-0.7761496156454086,-0.7796196018035213,6991872.0,-0.04180239092481012,-0.04198549353944448,6991872.0,0.37616530029724043,0.3162635216644655,6991872.0,-0.04853198739389578,-0.04316170500872735
7004160.0,-0.7743996667365233,-0.7787422375753522,7004160.0,-0.041734831621094294,-0.0419463472693072,7004160.0,0.44473221929123,0.32948014282931887,7004160.0,-0.03924816862369577,-0.04313784903157891
7016448.0,-0.7746383200089136,-0.7780050643409292,7016448.0,-0.0419428517537502,-0.04190505034251449,7016448.0,0.38353570162629086,0.34055211512992783,7016448.0,-0.04840476038710525,-0.04332510407014828
7028736.0,-0.7730135501672825,-0.7771904665976763,7028736.0,-0.04200162792888781,-0.04190011185322266,7028736.0,0.37899380332479876,0.35058809944118063,7028736.0,-0.03238286662963219,-0.04169032542801385
7041024.0,-0.7720645902057489,-0.7761970076089103,7041024.0,-0.04191333783091977,-0.04189544445641028,7041024.0,0.3693565142651399,0.3613895755261183,7041024.0,-0.04684606404043734,-0.04203176432395898
7053312.0,-0.7713186728457609,-0.7753723289817571,7053312.0,-0.04157068496958042,-0.04187375957068677,7053312.0,0.3726855400018394,0.3684735288222631,7053312.0,-0.048357028514146805,-0.0421207715907561
7065600.0,-0.7710053597887357,-0.7745672142753998,7065600.0,-0.04156561595542977,-0.04183625407555762,7065600.0,0.3813807951907317,0.3787798445827017,7065600.0,-0.03172976631564476,-0.041558255737133246
7077888.0,-0.7699090527991453,-0.7737461788579821,7077888.0,-0.04124127341977631,-0.0417542045082276,7077888.0,0.3235702322175105,0.37214295244775714,7077888.0,-0.04827678661483029,-0.042330179232279386
7090176.0,-0.7698644275466601,-0.7729644283652306,7090176.0,-0.04153098517175143,-0.041705135081429034,7090176.0,0.335839899101605,0.37121126322696607,7090176.0,-0.04757500063472738,-0.04393730306207241
7102464.0,-0.7679199352860451,-0.7720283191030224,7102464.0,-0.04156326242567351,-0.041686686200167355,7102464.0,0.41874080694591004,0.3785000812262297,7102464.0,-0.04795562755316496,-0.04393080567072805
7114752.0,-0.7679997918506464,-0.7712133367235461,7114752.0,-0.041509217951291554,-0.0416573689028155,7114752.0,0.4436722054767112,0.38525077174417677,7114752.0,-0.048142555092150964,-0.04389186244055357
7127040.0,-0.7678286141405503,-0.7705562314639488,7127040.0,-0.041485846236658595,-0.04163247036437193,7127040.0,0.37273293050626916,0.37805084286568064,7127040.0,-0.03105440130457282,-0.04307248570864128
7139328.0,-0.7664885378132263,-0.7697412532443803,7139328.0,-0.041204615806539856,-0.041558646769650896,7139328.0,0.3480343233483533,0.37450070503788685,7139328.0,-0.048123019320579864,-0.04304431160198874
7151616.0,-0.765070091933012,-0.7689469074209531,7151616.0,-0.040960769479473434,-0.04145456092470946,7151616.0,0.3353619850240648,0.37013752320781346,7151616.0,-0.045904049184173346,-0.044396429857442854
7163904.0,-0.7654956821352243,-0.7682900166139006,7163904.0,-0.041188256038973727,-0.04138205274551486,7163904.0,0.35234197850028676,0.3684360696313282,7163904.0,-0.030013635982565273,-0.04271318705165565
7176192.0,-0.763664166132609,-0.7675245659425854,7176192.0,-0.04107130606037875,-0.04133211485459469,7176192.0,0.46910184202715755,0.37807769983385997,7176192.0,-0.048022539781716965,-0.04267973817841266
7188480.0,-0.762957880894343,-0.7667198180531463,7188480.0,-0.04089558477668712,-0.04126511173672043,7188480.0,0.347250761774679,0.37466469649225476,7188480.0,-0.046284424141049385,-0.04413520396095312
7200768.0,-0.7618128682176272,-0.7659101995949944,7200768.0,-0.0409777028641353,-0.04123875468115633,7200768.0,0.3579260262971123,0.37810027590021494,7200768.0,-0.04796037112828344,-0.04410356241229844
7213056.0,-0.7621852469940981,-0.7651422815397382,7213056.0,-0.04052791886109238,-0.041138448050090426,7213056.0,0.4159297418470184,0.3861092601747563,7213056.0,-0.029129122325684875,-0.04225897458139419
7225344.0,-0.7600255813449621,-0.7643528461456298,7225344.0,-0.04102298182745775,-0.041084419990268836,7225344.0,0.4640912842005491,0.39064430790022014,7225344.0,-0.04789985184712956,-0.04225339701079065
7237632.0,-0.7595108300447464,-0.7635039499650398,7237632.0,-0.04086322768125683,-0.041019820963265376,7237632.0,0.3919432155477504,0.385471408907324,7237632.0,-0.047876117673392095,-0.042226753268914764
7249920.0,-0.7585243098437786,-0.7625735195353627,7249920.0,-0.0412676822549353,-0.040998004565093046,7249920.0,0.3924665747520824,0.3874447733319054,7249920.0,-0.04520185446987549,-0.043641498585445034
7262208.0,-0.7587982478241125,-0.7618044905364514,7262208.0,-0.04092490991267065,-0.04097003397570613,7262208.0,0.3557066147526105,0.3882120024723312,7262208.0,-0.03202134869934525,-0.04203133152332157
7274496.0,-0.75682366391023,-0.7609798477341732,7274496.0,-0.0411537642745922,-0.040989333455218005,7274496.0,0.32868475032349426,0.3875442790022741,7274496.0,-0.047637211197676756,-0.04220464772467191
7286784.0,-0.7571546752005816,-0.7601457470407088,7286784.0,-0.04129507615774249,-0.04100001546709488,7286784.0,0.4113392496171097,0.3934440061139564,7286784.0,-0.04757645830977708,-0.0439609299573931
7299072.0,-0.754935959354043,-0.7592729263628523,7299072.0,-0.04078291748495152,-0.04097117660955215,7299072.0,0.3969839032118519,0.3862322122324258,7299072.0,-0.040362484248665474,-0.04319492440408794
7311360.0,-0.7537618931382895,-0.7583533275872469,7311360.0,-0.0408707115566358,-0.04096868928754702,7311360.0,0.3250852481772502,0.3840156608726829,7311360.0,-0.04346740860880042,-0.04291322285086304
7323648.0,-0.7531660683453083,-0.7574886476000151,7323648.0,-0.04077346355188638,-0.04094826535632213,7323648.0,0.38611701239521307,0.38683475948249296,7323648.0,-0.0476449333752195,-0.04288167907555666
7335936.0,-0.751332533856233,-0.7564033762862284,7335936.0,-0.04113729905414706,-0.04100920337562759,7335936.0,0.37267602793872356,0.3825093880916635,7335936.0,-0.029847616780898534,-0.04295352852107802
7348224.0,-0.7517401172469059,-0.7555748298764229,7348224.0,-0.04033080422474692,-0.040939985615356514,7348224.0,0.40622343169525266,0.37672260284113385,7348224.0,-0.04757209774106741,-0.042920753110471804
7360512.0,-0.751825038343668,-0.7548062507063151,7360512.0,-0.040906837986161314,-0.040944346645846966,7360512.0,0.4363296232186258,0.3811612436082214,7360512.0,-0.0357839503364327,-0.04171153637677587
7372800.0,-0.7507864510019621,-0.7540324648221334,7372800.0,-0.04076719074510038,-0.040894297494863466,7372800.0,0.39943175204098225,0.38185776133711136,7372800.0,-0.04739388396653036,-0.041930739326441355
7385088.0,-0.7501700191448132,-0.7531696419542036,7385088.0,-0.040612179844174534,-0.04086302448801386,7385088.0,0.35351989247525734,0.38163908910937605,7385088.0,-0.04749362807100018,-0.043477967263606844
7397376.0,-0.749674137060841,-0.7524546892692646,7397376.0,-0.0405408688626873,-0.04080173494682337,7397376.0,0.45942874532192945,0.39471348860921956,7397376.0,-0.029685348243219778,-0.041682780968161144
7409664.0,-0.7489110995084047,-0.7516303317000468,7409664.0,-0.04048199769264708,-0.04072042710031383,7409664.0,0.39789739111438394,0.393369302758947,7409664.0,-0.0474153800169006,-0.0416666731388735
7421952.0,-0.7474218364804983,-0.7508789194126925,7421952.0,-0.03997395659098402,-0.04063953101091708,7421952.0,0.401196102766941,0.3937905227144559,7421952.0,-0.03076381899760842,-0.04070680661376779
7434240.0,-0.7475065613786379,-0.7502533862367273,7434240.0,-0.04031104660437753,-0.04058356451569124,7434240.0,0.37240439125647146,0.39852243702237805,7434240.0,-0.04739043073883901,-0.04109910882677165
7446528.0,-0.7443725758542618,-0.7493740369876226,7446528.0,-0.040609003723754235,-0.04056711853287803,7446528.0,0.40079541970044374,0.39999027775290114,7446528.0,-0.04735651325124005,-0.04107026681437371
7458816.0,-0.7457122063885132,-0.7488120042408506,7458816.0,-0.04033137242853021,-0.040486525870316356,7458816.0,0.36142084064582986,0.39886475902361174,7458816.0,-0.03565290836074079,-0.041650795972357935
7471104.0,-0.7432573493570089,-0.747963727451861,7471104.0,-0.040186631687295936,-0.040472108616571245,7471104.0,0.40129041361312073,0.39837145721539857,7471104.0,-0.046092904172837734,-0.041502876615534964
7483392.0,-0.743913979580005,-0.7471726215754946,7483392.0,-0.040334317406329014,-0.04041485655858802,7483392.0,0.382483995364358,0.3929868944299718,7483392.0,-0.0472576713655144,-0.042650248718443126
7495680.0,-0.7430517487227917,-0.7463991513475775,7495680.0,-0.040061560090786465,-0.04034429349315664,7495680.0,0.4294476145878434,0.3959884806846579,7495680.0,-0.04338999034371227,-0.04224985935616132
7507968.0,-0.7415071545789639,-0.7455328648909927,7507968.0,-0.04011131483518208,-0.04029420699225739,7507968.0,0.3887464835618933,0.39951113979332153,7507968.0,-0.041213734599296004,-0.041621870008990904
7520256.0,-0.7409349208076795,-0.7446589432656765,7520256.0,-0.04034261597553268,-0.040274381703541924,7520256.0,0.34452163940295577,0.3880204292014241,7520256.0,-0.0460722385517632,-0.04326055903984524
7532544.0,-0.740181722988685,-0.7437860056137044,7532544.0,-0.04010334339303275,-0.040236516273580485,7532544.0,0.35039098948861164,0.3832697890388469,7532544.0,-0.0471225215587765,-0.04323127319403283
7544832.0,-0.7399336763968071,-0.7430371896053354,7544832.0,-0.04047955267985041,-0.04028707588246713,7544832.0,0.33145499927923083,0.37629567869007585,7544832.0,-0.028868704660756823,-0.04304176176034768
7557120.0,-0.7399420887231827,-0.7422807423397898,7557120.0,-0.03976328178153684,-0.040232299400183066,7557120.0,0.4037566746895512,0.3794309070333839,7557120.0,-0.046993135823868215,-0.04300203226885059
7569408.0,-0.7388123863687118,-0.7417247233912349,7569408.0,-0.0404988729278557,-0.0402212863205932,7569408.0,0.34219740284606814,0.3735711053479463,7569408.0,-0.03809748910134658,-0.042076129853861256
7581696.0,-0.738625600313147,-0.7410160627836981,7581696.0,-0.04022036380289743,-0.04021018545802993,7581696.0,0.33938514223943156,0.3713675355073064,7581696.0,-0.046994994821337364,-0.04321033849992091
7593984.0,-0.7373178719232479,-0.7404221150403222,7593984.0,-0.04033533994030828,-0.04022505628333117,7593984.0,0.4228111289752026,0.3735196070435146,7593984.0,-0.03464363368887765,-0.04206541145152489
7606272.0,-0.7378051759054264,-0.7398112346728642,7606272.0,-0.040032684531373285,-0.0401948929958356,7606272.0,0.35688514293481904,0.3709597218005608,7606272.0,-0.04669450673585137,-0.04200909498855859
7618560.0,-0.7363653791447481,-0.7391425977150599,7618560.0,-0.04017844516783953,-0.0402065815035409,7618560.0,0.3724471372552216,0.36525967406729853,7618560.0,-0.04691731332180401,-0.04236182728636777
7630848.0,-0.7347970896710952,-0.738471591224273,7630848.0,-0.039884246905179076,-0.04018387471054059,7630848.0,0.3402919828270872,0.360414223993818,7630848.0,-0.04687570043218633,-0.0429280238696568
7643136.0,-0.73553233842055,-0.7379313329855601,7643136.0,-0.03976684368293112,-0.04012629748128044,7643136.0,0.3382859891280532,0.35979065896632767,7643136.0,-0.04084549112788712,-0.04240534912726919
7655424.0,-0.7337742025653521,-0.7372905809432269,7655424.0,-0.03974365666120624,-0.040090328808097785,7655424.0,0.3356043426319957,0.3583119942806661,7655424.0,-0.04672412407429268,-0.04236550937882081
7667712.0,-0.7330745166788498,-0.7366046649714312,7667712.0,-0.03999043062018851,-0.040041416602131605,7667712.0,0.34453681856393814,0.35962017620913683,7667712.0,-0.027657510931021534,-0.04224439000584728
7680000.0,-0.7328650361547867,-0.7358969597145916,7680000.0,-0.039699511466703065,-0.040035039570648225,7680000.0,0.3604770751359562,0.3552922162537774,7680000.0,-0.029491386968099203,-0.04049421512027039
7692288.0,-0.7318228917817274,-0.7351980102558932,7692288.0,-0.03983677172800526,-0.039968829450663185,7692288.0,0.3506643916480243,0.35613891513397294,7692288.0,-0.036077956416799374,-0.04029226185181567
7704576.0,-0.7304624896496534,-0.7343816991895438,7704576.0,-0.03972992421283076,-0.03991978549165652,7704576.0,0.3631236053382357,0.3585127614438534,7704576.0,-0.046737450757063925,-0.04026650744538832
7716864.0,-0.7316943109035492,-0.7338193430875739,7716864.0,-0.03980289289029315,-0.039866540786655,7716864.0,0.3281619626407822,0.34904784481041135,7716864.0,-0.04670650760332743,-0.0414727948368333
7729152.0,-0.7296975459903479,-0.733008580096066,7729152.0,-0.03984548553125933,-0.039847820886643605,7729152.0,0.3474806010102232,0.34810739061795176,7729152.0,-0.03990233825364461,-0.04079357798861262
7741440.0,-0.7301212828606367,-0.7323841704676548,7741440.0,-0.039706196112092584,-0.03980059598106891,7741440.0,0.38719700028498966,0.34958237692092864,7741440.0,-0.046640063946445785,-0.04076585305107679
7753728.0,-0.7291833547254404,-0.7318227969730893,7753728.0,-0.039464367437176406,-0.03975860803426864,7753728.0,0.34407158056274056,0.34996033669449395,7753728.0,-0.046342099745137,-0.04071249298237186
7766016.0,-0.7296620830893517,-0.7312357714399694,7766016.0,-0.03929265768965706,-0.03971118943494124,7766016.0,0.36169468533868593,0.35230120631555717,7766016.0,-0.045941331229793526,-0.04122207699256251
7778304.0,-0.7285488440344731,-0.7307132355868817,7778304.0,-0.039618985125950225,-0.03969872228141564,7778304.0,0.3692285162396729,0.35566362367632487,7778304.0,-0.028502856045937126,-0.03939995018972695
7790592.0,-0.7269949521869421,-0.7301052791376909,7790592.0,-0.03914334209791074,-0.03961401342918786,7790592.0,0.35240360846122104,0.3564503026660532,7790592.0,-0.04433608152127514,-0.041067807248752315
7802880.0,-0.7260785028338432,-0.7294266258055965,7802880.0,-0.03970459254924208,-0.03961452153744176,7802880.0,0.3957193203580876,0.35997452718826634,7802880.0,-0.0463532458525151,-0.042753993137193906
7815168.0,-0.7258939370512962,-0.7288337303325534,7815168.0,-0.039191061339806765,-0.03954995049862191,7815168.0,0.3477746678205828,0.3596855548055221,7815168.0,-0.027930485899560153,-0.04193924608546998
7827456.0,-0.7252421732991934,-0.7283116986975073,7827456.0,-0.03929778885018701,-0.039506736962357535,7827456.0,0.34411587473005056,0.35778478174470363,7827456.0,-0.04641465846604357,-0.04190696685636795
7839744.0,-0.7248951426396767,-0.7276317818711202,7839744.0,-0.03935865264308328,-0.03946231293763655,7839744.0,0.3635445483960211,0.36132304032022755,7839744.0,-0.04641183737354974,-0.04187749983339018
7852032.0,-0.7237703812619051,-0.7270390653982759,7852032.0,-0.03931876830756664,-0.039409641215267285,7852032.0,0.36998871620744467,0.3635738518399497,7852032.0,-0.030959007242927328,-0.04098316673231845
7864320.0,-0.723014323040843,-0.7263283694162964,7864320.0,-0.03893670338826875,-0.0393326919428849,7864320.0,0.3392115575261414,0.35877530756406484,7864320.0,-0.028578077666073416,-0.03917696810428121
7876608.0,-0.7222871761769056,-0.725638751561443,7876608.0,-0.03923606971511617,-0.039309862170678875,7876608.0,0.3355251362857719,0.357920663136368,7876608.0,-0.045233101273576416,-0.03906606825712515
7888896.0,-0.7223171684890985,-0.7249042601014176,7888896.0,-0.039344198419712484,-0.039315016243684414,7888896.0,0.33469672314822674,0.3552208669173221,7888896.0,-0.04631681554019451,-0.03910361668816525
7901184.0,-0.7213280039529005,-0.7241821760932605,7901184.0,-0.0390164249499018,-0.03925476022607957,7901184.0,0.33201122082148987,0.3514991373755038,7901184.0,-0.046284354059025645,-0.0408817664894741
7913472.0,-0.7204789537936449,-0.7235305762539308,7913472.0,-0.038934725317327924,-0.0392338985480213,7913472.0,0.323632818646729,0.3486220583940546,7913472.0,-0.04445296172828724,-0.04089345451017531
7925760.0,-0.7191690492133299,-0.7228396308918794,7925760.0,-0.03907289381216591,-0.03917072867431367,7925760.0,0.32185638121639687,0.34123576447988546,7925760.0,-0.0461946449164922,-0.04087759441657302
7938048.0,-0.7192974891513586,-0.7221799861018856,7938048.0,-0.0391663444461301,-0.039168256984946005,7938048.0,0.32866226385037106,0.3393245240828643,7938048.0,-0.04617940374494841,-0.04270248620111185
7950336.0,-0.7184739615768194,-0.7215031649296482,7950336.0,-0.038628556086526565,-0.03910133370857996,7950336.0,0.32020655864228803,0.33693359247408805,7950336.0,-0.04258251436597978,-0.042319271791105464
7962624.0,-0.7182883111139139,-0.7208424817770719,7962624.0,-0.03933189413510263,-0.039098657857781896,7962624.0,0.31833139682809514,0.33241227731729545,7962624.0,-0.028056748109520413,-0.04048376286470254
7974912.0,-0.7175054779897133,-0.7202159914498527,7974912.0,-0.038661898773474,-0.039032970904372626,7974912.0,0.3347395666254063,0.32888736235909166,7974912.0,-0.04571799274223546,-0.04195966141463335
7987200.0,-0.7158621295044819,-0.7195007720962167,7987200.0,-0.03905905323335901,-0.039045205888881655,7987200.0,0.31799459115912515,0.32676566572239,7987200.0,-0.04607112876450022,-0.043708966524476034
7999488.0,-0.7167558173338572,-0.7189476362119118,7999488.0,-0.0383213644187587,-0.038953735359245914,7999488.0,0.3168017417192459,0.3248933262657374,7999488.0,-0.02916102132439846,-0.042101758529558234
8011776.0,-0.7151577174663544,-0.7182316911096375,8011776.0,-0.039021852950099856,-0.038921500812284654,8011776.0,0.315713871580859,0.3229950411090007,8011776.0,-0.046009820653125644,-0.04207105904085135
8024064.0,-0.715663468465209,-0.7176652375608683,8024064.0,-0.038711187158090375,-0.038890977033103506,8024064.0,0.31392838697259623,0.3211867577241113,8024064.0,-0.045991289468171694,-0.04204175258176596
8036352.0,-0.714288962384065,-0.7170462384199102,8036352.0,-0.03872868246010815,-0.038870372747381525,8036352.0,0.3122095922008157,0.32004443507951996,8036352.0,-0.04057131901693841,-0.041653588310631075
8048640.0,-0.7138945435484251,-0.7165187878534197,8048640.0,-0.038660318222052105,-0.03882911518837015,8048640.0,0.31190477528919774,0.31904927448680004,8048640.0,-0.037351545586716384,-0.040769278377653484
8060928.0,-0.7126714736223221,-0.7158561863005162,8060928.0,-0.03863453746695692,-0.038775934490452836,8060928.0,0.31939001055434346,0.3181220491571973,8060928.0,-0.030597213427730214,-0.03921105934593167
8073216.0,-0.7121884568283955,-0.7152276358256737,8073216.0,-0.038297267844124384,-0.03874280566621262,8073216.0,0.3196624062644939,0.31806763391941784,8073216.0,-0.04587631796797117,-0.0395404397061308
8085504.0,-0.7116351425647736,-0.7145623189707597,8085504.0,-0.039122488834739975,-0.03872186513617635,8085504.0,0.3113545994274318,0.3173699541793515,8085504.0,-0.04546556912828237,-0.041281321808007
8097792.0,-0.710842227563262,-0.7138959939281145,8097792.0,-0.03780586385012915,-0.03863626164384186,8097792.0,0.3111055362969637,0.3150065511465073,8097792.0,-0.04183764480209599,-0.04089328701399306
8110080.0,-0.7097256549944481,-0.7132823464771112,8110080.0,-0.03888405605296915,-0.038618761925802866,8110080.0,0.309463195502758,0.3141534115808705,8110080.0,-0.045798035765377186,-0.04086597771408075
8122368.0,-0.709431824584802,-0.7125499472022057,8122368.0,-0.038205443745634206,-0.03860716985849043,8122368.0,0.31721511855721474,0.31419474926466745,8122368.0,-0.04576342576183379,-0.04252621815782428
8134656.0,-0.7092356358965238,-0.7119577390452225,8134656.0,-0.03856550455869486,-0.03856153501934993,8134656.0,0.31708631105720997,0.3143319932123025,8134656.0,-0.039470445403518774,-0.04187228063286359
8146944.0,-0.7082673267771801,-0.7112181248764197,8146944.0,-0.038205437342791505,-0.03851096003782004,8146944.0,0.3166308645159006,0.314602240966633,8146944.0,-0.026759628555737436,-0.03994911454162017
8159232.0,-0.7073757089674473,-0.710526799534758,8159232.0,-0.03834360143324981,-0.03847245193513421,8159232.0,0.34368537009383243,0.3177498187559346,8159232.0,-0.04567026657362779,-0.040459009297289114
8171520.0,-0.7060300409793854,-0.709740349277854,8171520.0,-0.03866825262472654,-0.03847324537540166,8171520.0,0.31118222838267684,0.3176775640652826,8171520.0,-0.04566334203506509,-0.04129018894212398
8183808.0,-0.7057316489517689,-0.7090463668107987,8183808.0,-0.03831052376578251,-0.03844084400528421,8183808.0,0.32447666954249144,0.31818622996409734,8183808.0,-0.045581610252459846,-0.042788628624596946
8196096.0,-0.7058850551644961,-0.7084160266444088,8196096.0,-0.03850980079732835,-0.03846209730060461,8196096.0,0.31004721360901993,0.31722471069854996,8196096.0,-0.045591713938241206,-0.04276016822162394
8208384.0,-0.7046281167616447,-0.7077153240640959,8208384.0,-0.03846337791765109,-0.03839618620889572,8208384.0,0.30837133682022494,0.3169263844378293,8208384.0,-0.04556031672594448,-0.04276964298139015
8220672.0,-0.7048622897515694,-0.7071173302829266,8220672.0,-0.03842413025752952,-0.03845801284963575,8220672.0,0.31610426555077237,0.3174262573632101,8220672.0,-0.04552659955030928,-0.04313853845621149
8232960.0,-0.7030675864468018,-0.706451523428162,8232960.0,-0.03800028880747656,-0.038369636125086495,8232960.0,0.30684837171187,0.3171647749841213,8232960.0,-0.026848427509927813,-0.04124357763066656
8245248.0,-0.7028160635381937,-0.7057899473235012,8245248.0,-0.03827644174452871,-0.038376735924975945,8245248.0,0.3156988414314886,0.3170131472715488,8245248.0,-0.04543213736421118,-0.0412104487909043
8257536.0,-0.7020295274754366,-0.7050693364813923,8257536.0,-0.03813622600864619,-0.038333808069971075,8257536.0,0.3066466186816494,0.31596917803399266,8257536.0,-0.045452605932950974,-0.041808664843847515
8269824.0,-0.7015021865566572,-0.70439282245934,8269824.0,-0.03816065514304986,-0.038329329849996915,8269824.0,0.30558678895855945,0.3148647704782585,8269824.0,-0.033527493806711085,-0.042485451368944875
8282112.0,-0.7016046214848757,-0.703815713711083,8282112.0,-0.038432220152268805,-0.03833819172189881,8282112.0,0.3049782991098861,0.3109940633798639,8282112.0,-0.04538863575241218,-0.04245728828682332
8294400.0,-0.7005680383493503,-0.7032695134480794,8294400.0,-0.03811653790762648,-0.03828302025018881,8294400.0,0.30379621249934036,0.31025546179153024,8294400.0,-0.04536921123508364,-0.04242787520682517
8306688.0,-0.6997212090839943,-0.7026684694613019,8306688.0,-0.038328772177919745,-0.03828484509140253,8306688.0,0.3036857369976739,0.30817636853704855,8306688.0,-0.04533596030281236,-0.04240331021186042
8318976.0,-0.6998069174587727,-0.7020606556907295,8318976.0,-0.03818412441372251,-0.038252277453041945,8318976.0,0.30267001998921234,0.30743864917506775,8318976.0,-0.025553664801312454,-0.040399505298167535
8331264.0,-0.6992954518646002,-0.7015273892010252,8331264.0,-0.03792154552259793,-0.03819809421353663,8331264.0,0.30131867496917647,0.3067333829899629,8331264.0,-0.04243969187761346,-0.04008744281333444
8343552.0,-0.69855647534132,-0.7008968077600002,8343552.0,-0.03796596539905295,-0.03815227772768897,8343552.0,0.3006569272838533,0.305188649163271,8343552.0,-0.045247527111011245,-0.04005953556940464
8355840.0,-0.6981025151908398,-0.7004003006344041,8355840.0,-0.037704432771230735,-0.0381226921240644,8355840.0,0.3003204761383434,0.30453585960591834,8355840.0,-0.036394110531546175,-0.04101410387156648
8368128.0,-0.6980683176467816,-0.6999255260452629,8368128.0,-0.03822151779119546,-0.03811719972873107,8368128.0,0.29958409536629915,0.3029243849993994,8368128.0,-0.044994342334878944,-0.04097032436863325
8380416.0,-0.696993804226319,-0.6994219537203511,8380416.0,-0.03744566027307883,-0.03804814315517433,8380416.0,0.29928966766844195,0.3021886898980787,8380416.0,-0.045181319544402264,-0.04094319572977838
8392704.0,-0.6967126621554295,-0.6989430012802285,8392704.0,-0.03807808474327127,-0.03803988611519647,8392704.0,0.2987994115489225,0.3015099521571149,8392704.0,-0.04514930738757054,-0.042105377087864326
8404992.0,-0.6958440529803435,-0.6983669444297751,8404992.0,-0.03792672196868807,-0.0379893362968384,8404992.0,0.2985573125382264,0.300867853499949,8404992.0,-0.03255143641338994,-0.0408216571539621
8417280.0,-0.6950300050278505,-0.6978131410976252,8417280.0,-0.0378668699801589,-0.03796436950409164,8417280.0,0.2980092659903069,0.3002891588490456,8417280.0,-0.027246125021216965,-0.03900934853257544
8429568.0,-0.6947719920426607,-0.6973182193934917,8429568.0,-0.03771265770774335,-0.037902758057074,8429568.0,0.2975585108312468,0.2996764362324029,8429568.0,-0.04296914587030187,-0.03877266708932439
8441856.0,-0.694055595745643,-0.6967430872221787,8441856.0,-0.037659213199124984,-0.037850266935614246,8441856.0,0.29727984809627134,0.2991374190431088,8441856.0,-0.04506195480159173,-0.040723496089352315
8454144.0,-0.6938965898007154,-0.6962032010157903,8454144.0,-0.037712363875471056,-0.03782934877090156,8454144.0,0.32915950535486144,0.30192150208167734,8454144.0,-0.03475043755800774,-0.03995457065739174
8466432.0,-0.6931344301750263,-0.6956609964991609,8466432.0,-0.03764897014480084,-0.03779764924547635,8466432.0,0.29914177395403385,0.3017699867486953,8466432.0,-0.0450119914021343,-0.039931017086504046
8478720.0,-0.6925380943963925,-0.6951045544197163,8478720.0,-0.03773684580422317,-0.03780089054877559,8478720.0,0.29771964888398844,0.30150990402325994,8478720.0,-0.04498172306921333,-0.04078977834027077
8491008.0,-0.6924583334475756,-0.6945435559997957,8491008.0,-0.03737300744978711,-0.03771603951463475,8491008.0,0.2973342215021451,0.30128491663684454,8491008.0,-0.026140174159687984,-0.03890436152275167
8503296.0,-0.6906704474240541,-0.6939112203195691,8503296.0,-0.03757244214648381,-0.03772871770197526,8503296.0,0.29661627237995464,0.30101757710799576,8503296.0,-0.026835970381701674,-0.03706982660648161
8515584.0,-0.691314697265625,-0.6933714238305887,8515584.0,-0.0378830106734919,-0.037709210294997325,8515584.0,0.29602933085213107,0.3007405690383166,8515584.0,-0.04461209448830535,-0.03701610531655508
8527872.0,-0.6910936925560236,-0.6928963877881567,8527872.0,-0.03769983147503808,-0.03768652124563233,8527872.0,0.2949282488164802,0.30037766266614196,8527872.0,-0.04490418227699896,-0.03825137990291599
8540160.0,-0.6889628196756045,-0.6922896692529321,8540160.0,-0.03764811125195896,-0.037664645372812326,8540160.0,0.29479280036563676,0.30005601610367494,8540160.0,-0.0448161034922426,-0.04000837775001855
8552448.0,-0.6901181122908989,-0.691824281277756,8552448.0,-0.0376880993329299,-0.03766218953533098,8552448.0,0.29461385247608024,0.2997615502681583,8552448.0,-0.04191838583210483,-0.03990330174619885
8564736.0,-0.6894930594911178,-0.6913680276523033,8564736.0,-0.03771142409338305,-0.03766741062475679,8564736.0,0.2936032675206661,0.2993938922105978,8564736.0,-0.044775356887839735,-0.03987464195482365
8577024.0,-0.6874395826210579,-0.6907223269343375,8577024.0,-0.03770400878662864,-0.03766657511587255,8577024.0,0.2943740291520953,0.2959153445903212,8577024.0,-0.025670756702311337,-0.03896667386925401
8589312.0,-0.6882001689324776,-0.6902289008100827,8589312.0,-0.03701901045860723,-0.037603579147253194,8589312.0,0.29317167152961093,0.2953183343478789,8589312.0,-0.044100773093911506,-0.03887555203843173
8601600.0,-0.6868643797934055,-0.6896615293497841,8601600.0,-0.03733944615426784,-0.03756383918225765,8601600.0,0.2926479837236305,0.29481116783184314,8601600.0,-0.025717458166279055,-0.036949125548138305
8613888.0,-0.686968395486474,-0.6891125355536738,8613888.0,-0.03707507856112594,-0.037534046293391535,8613888.0,0.29168544461329776,0.2942462901429584,8613888.0,-0.04474000081730386,-0.03880910821389989
8626176.0,-0.6854117959737778,-0.6885866704086462,8626176.0,-0.03747526175963382,-0.03752432825470654,8626176.0,0.3242841875180602,0.29701308165676893,8626176.0,-0.04470920229020218,-0.04059643140474994
8638464.0,-0.6852499631543955,-0.6879801969975232,8638464.0,-0.036796631737767406,-0.03741569036113409,8638464.0,0.29503283944601816,0.2969134325161576,8638464.0,-0.04174030312181761,-0.04030925226810117
8650752.0,-0.6845180553694566,-0.6873226332788664,8650752.0,-0.03731312205006058,-0.037377019418636345,8650752.0,0.29196831087271374,0.2966174387217809,8650752.0,-0.04339935820704947,-0.04015876986110621
8663040.0,-0.6840883288532495,-0.6868351841966311,8663040.0,-0.037068622070364654,-0.037319070500476906,8663040.0,0.29173289611935616,0.2963114482971529,8663040.0,-0.026075432113429997,-0.038284702723224956
8675328.0,-0.6840658386548361,-0.6862299568330248,8675328.0,-0.03699201324100917,-0.037249461891284835,8675328.0,0.290550675864021,0.2959051306359469,8675328.0,-0.04460999951697886,-0.03855386409171236
8687616.0,-0.6835628518213829,-0.6856369360660513,8687616.0,-0.036762672767508775,-0.0371545867586974,8687616.0,0.2897125226445496,0.2955160561483353,8687616.0,-0.03881934192031622,-0.037958262594960004
8699904.0,-0.6835862627873818,-0.6852516040826837,8699904.0,-0.037159371422603726,-0.037100123022294915,8699904.0,0.32396918209269643,0.29847557144239545,8699904.0,-0.038896494603250176,-0.03928083638505389
8712192.0,-0.6827557925134897,-0.684707166440785,8712192.0,-0.037119987789386265,-0.03711022075537281,8712192.0,0.2920232373289764,0.29836072802233204,8712192.0,-0.04451665134790043,-0.03932242421045278
8724480.0,-0.6824247458328804,-0.6842632030447324,8724480.0,-0.036909326969180256,-0.037067208836864055,8724480.0,0.32473746842394274,0.30156967649236316,8724480.0,-0.044504582920732595,-0.04120113668589814
8736768.0,-0.6818136225144068,-0.6837477257475257,8736768.0,-0.03742513689212501,-0.03710221466996397,8736768.0,0.2924054516479373,0.30164167719582713,8736768.0,-0.02542152830816728,-0.039269289434984485
8749056.0,-0.6818784618129333,-0.6833943923314413,8749056.0,-0.03711501344029481,-0.03706618983803007,8749056.0,0.32431013649329543,0.3016442720933507,8749056.0,-0.04441779859674474,-0.03924014906563873
8761344.0,-0.6805643433084091,-0.6829258303468425,8761344.0,-0.0368998390622437,-0.0370765105704777,8761344.0,0.29939734749495983,0.30208072289824484,8761344.0,-0.042466715017023184,-0.03931279025515929
8773632.0,-0.679401122033596,-0.6824141370132566,8773632.0,-0.03734524216270074,-0.03707972258174171,8773632.0,0.31695980997756124,0.3045798728087296,8773632.0,-0.02478470775289073,-0.03745132520974342
8785920.0,-0.6795017427454392,-0.6819554784024755,8785920.0,-0.03675909872011592,-0.037048770246716836,8785920.0,0.290929446152101,0.30449952781200407,8785920.0,-0.043263149253713586,-0.03917009692377178
8798208.0,-0.6782126842687527,-0.6813701629638673,8798208.0,-0.03647016237179438,-0.036996585159795356,8798208.0,0.29037506707633537,0.30448196693323554,8798208.0,-0.04432393292275568,-0.03914149026434946
8810496.0,-0.6801022198051214,-0.6810240997622411,8810496.0,-0.03677255338213096,-0.03699757322125759,8810496.0,0.2901925182280441,0.304529966491585,8810496.0,-0.04434395938490828,-0.039693952010808664
8822784.0,-0.6769586832573017,-0.680361341809233,8822784.0,-0.03676590133303156,-0.03695822621230036,8822784.0,0.29783928487449884,0.30191697676976526,8822784.0,-0.04393597940603892,-0.04019790049108754
8835072.0,-0.678520337988933,-0.6799377963567773,8835072.0,-0.03726309219685694,-0.03697253665304743,8835072.0,0.2901309731726845,0.30172775035413607,8835072.0,-0.02845126702838267,-0.03859136205913577
8847360.0,-0.6768356493363777,-0.6793788867071271,8847360.0,-0.03704324863307799,-0.0369859288194372,8847360.0,0.32147005883355934,0.30140100939509773,8847360.0,-0.0439879281911999,-0.0385396965861825
8859648.0,-0.6766617329170307,-0.6788636977473894,8859648.0,-0.03669668586614231,-0.036913083716838935,8859648.0,0.29203166145210463,0.30136363037551445,8859648.0,-0.02477216749442353,-0.03847476050480812
8871936.0,-0.675547751908501,-0.6782306267569462,8871936.0,-0.03704822055685023,-0.03690640442849448,8871936.0,0.28776066936552525,0.29770868366273745,8871936.0,-0.043790969027516745,-0.03841207754788532
8884224.0,-0.6753424865504106,-0.6777084410811464,8884224.0,-0.03708288143388927,-0.036924708665659035,8884224.0,0.288450146249185,0.29661396353815994,8884224.0,-0.039918784653612725,-0.03815728451154428
8896512.0,-0.6751305057356755,-0.6772813794513544,8896512.0,-0.03688741713995114,-0.03687892616338407,8896512.0,0.28763940480227274,0.293681923020631,8896512.0,-0.04416951242213448,-0.04009576497846865
8908800.0,-0.6736671614150206,-0.6766979213183125,8908800.0,-0.037007244129199535,-0.036903740704292434,8908800.0,0.2862354173945884,0.2932125201448798,8908800.0,-0.04415568107894311,-0.040185018160991605
8921088.0,-0.6746054571121931,-0.6763371986026565,8921088.0,-0.03657260110291342,-0.036913984577404337,8921088.0,0.285685992334038,0.2927436126706501,8921088.0,-0.04272508832703655,-0.04002513370141969
8933376.0,-0.6739052335421244,-0.6757174999763569,8933376.0,-0.0366351021026882,-0.03690023944946006,8933376.0,0.31987130269408226,0.2957114911172539,8933376.0,-0.03759066174582889,-0.03934980393751175
8945664.0,-0.6736302506178617,-0.6753846567124129,8945664.0,-0.03688334116789823,-0.03691198343294673,8945664.0,0.28812898276373744,0.2947404609061778,8945664.0,-0.023648881023594488,-0.0373210940992673
8957952.0,-0.6721609774976969,-0.6747487206632893,8957952.0,-0.036638130977128945,-0.03684948731097392,8957952.0,0.28683190296093625,0.2944105538850029,8957952.0,-0.03993996954523027,-0.03846996435095207
8970240.0,-0.6737888008356094,-0.6744440358132124,8970240.0,-0.03669127715208257,-0.03681429016287439,8970240.0,0.28584974103917676,0.29084852210556467,8970240.0,-0.025825156750215683,-0.03665368720685365
8982528.0,-0.6725540620585283,-0.674033268727362,8982528.0,-0.036946564311316855,-0.03683927800739184,8982528.0,0.31861809206505615,0.2935071651668599,8982528.0,-0.044017658879359566,-0.03857823634534725
8994816.0,-0.6725496215124925,-0.6737334556877612,8994816.0,-0.036840786691755056,-0.03681853462088232,8994816.0,0.28593239560723305,0.2933243377910306,8994816.0,-0.04401333505908648,-0.03860047294850423
9007104.0,-0.6718618677308162,-0.6733853938058019,9007104.0,-0.036758991792642824,-0.036786145656757675,9007104.0,0.285275867053618,0.29300690987147393,9007104.0,-0.026093895194208017,-0.03721798400256376
9019392.0,-0.6712840093920628,-0.6730007441714406,9019392.0,-0.036283955055599414,-0.0367257994483225,9019392.0,0.3187378525423507,0.2961167546454817,9019392.0,-0.04291868692962453,-0.03709290145331276
9031680.0,-0.6713617208103339,-0.6727702001109719,9031680.0,-0.036527776023528226,-0.03667785263775537,9031680.0,0.28702773976450163,0.29619598688247306,9031680.0,-0.034691481734625995,-0.03614648151888104
9043968.0,-0.6695565519233545,-0.6722653095920881,9043968.0,-0.036306677774215736,-0.03665126030488561,9043968.0,0.2844483562124272,0.29607222327031196,9043968.0,-0.038388476707041264,-0.03571282035688152
9056256.0,-0.6706176040073236,-0.671936546638608,9056256.0,-0.03640111819064865,-0.036627861913681656,9056256.0,0.2922757191893955,0.2933126649198433,9056256.0,-0.02523389415485629,-0.03447714359778426
9068544.0,-0.6696461476385593,-0.6715381363406777,9068544.0,-0.036056470475159585,-0.036545174844407786,9068544.0,0.3092098063789308,0.29542074728136264,9068544.0,-0.043872301117517054,-0.036499485607176516
9080832.0,-0.6693469416350126,-0.6712567327544093,9080832.0,-0.03661469569973027,-0.03654283131666792,9080832.0,0.31785447398821515,0.29852300438409046,9080832.0,-0.043875657759296395,-0.03689305442858313
9093120.0,-0.6696668605630597,-0.6708445387271543,9093120.0,-0.03618520721405124,-0.03649222432286478,9093120.0,0.2947708326391876,0.29941511354409156,9093120.0,-0.04384560502755145,-0.03869509925631671
9105408.0,-0.6678300440932313,-0.6703721369306247,9105408.0,-0.03598554500301058,-0.03639612239203416,9105408.0,0.3220515887563427,0.2997584632132203,9105408.0,-0.03602950257482007,-0.03789628362586275
9117696.0,-0.6673106889550885,-0.6698482436748843,9117696.0,-0.036295069536815085,-0.036341550676540164,9117696.0,0.28776588135709363,0.29994181178820634,9117696.0,-0.02424227219914125,-0.03591917733986823
9129984.0,-0.6663189368943373,-0.6692939505912363,9129984.0,-0.03583727350148062,-0.03624937884742394,9129984.0,0.28507246061538655,0.29992147114438317,9129984.0,-0.042762193751210965,-0.037586007195568524
9142272.0,-0.6664014557997385,-0.6688056952320041,9142272.0,-0.036249291753241174,-0.03624591251718812,9142272.0,0.2836913438513875,0.2964168202752869,9142272.0,-0.04363018518779427,-0.0376571570213855
9154560.0,-0.6656590284158787,-0.6682354259925585,9154560.0,-0.0367600383857886,-0.03626913875341416,9154560.0,0.284061710194995,0.2961202173183362,9154560.0,-0.03821707258854682,-0.038009716106777586
9166848.0,-0.6657705089698235,-0.6678568216972053,9166848.0,-0.036169540389285736,-0.03625542501492115,9166848.0,0.31603289271394414,0.29927867096848787,9166848.0,-0.043705798336304724,-0.03854144826970393
9179136.0,-0.6643799009422461,-0.6672330513906977,9179136.0,-0.036141285595173635,-0.03622944175537365,9179136.0,0.2842775847141941,0.2984788575209677,9179136.0,-0.043685757516262434,-0.04038663460584454
9191424.0,-0.664176786939303,-0.6666861153207719,9191424.0,-0.0363360081682913,-0.036257395524686827,9191424.0,0.36089926802863675,0.30364780368593836,9191424.0,-0.023255430089193396,-0.03832494750301217
9203712.0,-0.6637532239158949,-0.6661267435488601,9203712.0,-0.03621416059710706,-0.0362173420144245,9203712.0,0.30267646505186957,0.30213000279230373,9203712.0,-0.04348623911694934,-0.03828600563877747
9216000.0,-0.6640486298128963,-0.6655649204738437,9216000.0,-0.036443366979559265,-0.03624315799097531,9216000.0,0.2913669333793223,0.3017896128663172,9216000.0,-0.02473857141467306,-0.03637530227748963
9228288.0,-0.662245426637431,-0.6650064587282637,9228288.0,-0.03586723822324226,-0.036231327312998475,9228288.0,0.28895459494863945,0.2984799134855469,9228288.0,-0.03940665694729736,-0.03671301771473736
9240576.0,-0.6624879793574413,-0.664524187768499,9240576.0,-0.035810385656077415,-0.036182858924924705,9240576.0,0.3294516154564917,0.30264848689548673,9240576.0,-0.04350774467457086,-0.03863956496228032
9252864.0,-0.6619920311495662,-0.6640914971940218,9252864.0,-0.03620261145988479,-0.03621939272076512,9252864.0,0.33150682458654046,0.3072919232926021,9252864.0,-0.04215813889944305,-0.03857915947710353
9265152.0,-0.661145342203478,-0.6635658858343959,9265152.0,-0.03579032743194451,-0.036173496288635455,9265152.0,0.318536310767134,0.31077641998417677,9265152.0,-0.043542485761766635,-0.03857038953450077
9277440.0,-0.660528514534235,-0.6630528344462315,9277440.0,-0.03626265627099201,-0.036123758077155795,9277440.0,0.29231348416457575,0.3116015973811348,9277440.0,-0.04264426239145299,-0.03901310851479138
9289728.0,-0.6607926354433099,-0.6625550470935802,9289728.0,-0.03573692733577142,-0.03608049677180437,9289728.0,0.3236017517435054,0.31235848328409094,9289728.0,-0.025961047877596382,-0.03723863346892055
9302016.0,-0.6597242734084526,-0.662089484340201,9302016.0,-0.036061591061297804,-0.036072527318416786,9302016.0,0.29418852149198454,0.31334957696186994,9302016.0,-0.04331556622249385,-0.03720161433954369
9314304.0,-0.6591551713645458,-0.6615873227827251,9314304.0,-0.03566677883888284,-0.03600560438547594,9314304.0,0.32403367307658,0.30966301746666425,9314304.0,-0.026797057459286105,-0.037555777076552964
9326592.0,-0.6597173282255729,-0.661183733213693,9326592.0,-0.035994473146274686,-0.035983635640392704,9326592.0,0.2940431369158129,0.3087996846530586,9326592.0,-0.02326852927399159,-0.035534006092257195
9338880.0,-0.6572951252261797,-0.6605083827550212,9338880.0,-0.03543862568524977,-0.03588316151096175,9338880.0,0.3004282115337749,0.30970581246850387,9338880.0,-0.043296946600700416,-0.037389843610859924
9351168.0,-0.6583817688127359,-0.6601220169725518,9351168.0,-0.03589339003277322,-0.03588577669191484,9351168.0,0.3065136515845855,0.31146171813209855,9351168.0,-0.04281701888733854,-0.037730879804864045
9363456.0,-0.6576290770123402,-0.6596361267380416,9363456.0,-0.03587259878016388,-0.03589199800432349,9363456.0,0.3177798845184346,0.31029454503829285,9363456.0,-0.043355732884568475,-0.0377156786258638
9375744.0,-0.6572544447456797,-0.659162368097653,9375744.0,-0.03552998484034712,-0.035824735342369726,9375744.0,0.2917224741540849,0.30631610999504727,9375744.0,-0.023200193118100287,-0.035819884047729525
9388032.0,-0.6568929646164179,-0.6587371303389469,9388032.0,-0.0356421228692246,-0.035809914886097735,9388032.0,0.32370977584893507,0.3068334565032273,9388032.0,-0.043281729449518025,-0.03579380841650466
9400320.0,-0.6563097949450215,-0.6583152583800256,9400320.0,-0.03556611008631686,-0.03574026026763022,9400320.0,0.3177947901810209,0.30938158710487185,9400320.0,-0.03919644907970602,-0.03544902708532997
9412608.0,-0.6550335893407464,-0.6577393537697692,9412608.0,-0.035488392711461834,-0.03571540680519926,9412608.0,0.3031004529135923,0.30733145722188054,9412608.0,-0.04210287505217517,-0.03706320980278786
9424896.0,-0.6544181679685911,-0.6572087432257832,9424896.0,-0.03539798647398129,-0.03564904634646761,9424896.0,0.32973634358495474,0.31088623943117755,9424896.0,-0.04327232239302248,-0.03705888541984072
9437184.0,-0.6547158549850186,-0.6567648115878304,9437184.0,-0.035408035366951175,-0.03562317199927444,9437184.0,0.32204510023196536,0.3106873821467161,9437184.0,-0.022133021091576666,-0.036592481783069765
9449472.0,-0.6544590123618642,-0.6562389800014595,9449472.0,-0.03562004794366658,-0.03558572947901363,9449472.0,0.29581983434036374,0.31086505188917124,9449472.0,-0.04146983441508686,-0.03841261229717929
9461760.0,-0.6545604402199388,-0.6559655115008355,9461760.0,-0.03542040577546383,-0.03558390748803504,9461760.0,0.33531185053288937,0.31435341578908266,9461760.0,-0.03289451915770769,-0.03737236955288002
9474048.0,-0.6544006823872527,-0.6555674028582871,9474048.0,-0.0353239620065627,-0.035526964685413984,9474048.0,0.30429023147250217,0.3141310737778743,9474048.0,-0.0427862562937662,-0.03736929329352279
9486336.0,-0.6533526995529731,-0.6551397651123503,9486336.0,-0.0353386263983945,-0.03547356744723705,9486336.0,0.29562105999017757,0.3119151913250485,9486336.0,-0.043181043583899736,-0.03735182436345591
9498624.0,-0.6532654191056887,-0.6547408625483513,9498624.0,-0.035441382128434874,-0.03546470717604583,9498624.0,0.29365652132158476,0.3121085960417986,9498624.0,-0.03923287976067513,-0.0389550930277134
9510912.0,-0.6538319330041608,-0.6544347593871256,9510912.0,-0.03577613908176621,-0.035478108797299984,9510912.0,0.3007908249273896,0.3098167009496441,9510912.0,-0.043102168555681906,-0.03893713693832978
9523200.0,-0.6522486343358954,-0.6540286433262129,9523200.0,-0.035702164692338556,-0.03549171425790215,9523200.0,0.32767524880667526,0.31080474681220954,9523200.0,-0.043101384731320046,-0.03932763050349118
9535488.0,-0.653663839523991,-0.6538916683445374,9535488.0,-0.03530689963372424,-0.03547356495012839,9535488.0,0.32146881567314267,0.31264158308816453,9535488.0,-0.022261474043868173,-0.03734349040266049
9547776.0,-0.65252034428219,-0.6537018859758973,9547776.0,-0.03527825562438617,-0.03546159186516889,9547776.0,0.2951956622612973,0.30918751495579877,9547776.0,-0.029077134822728112,-0.035923971645631055
9560064.0,-0.6521056406199932,-0.6534408645393948,9560064.0,-0.035146486440983914,-0.035435436972572155,9560064.0,0.3022208685676257,0.30720509178936484,9560064.0,-0.031522841997987903,-0.03686295373627217
9572352.0,-0.6521076032270988,-0.6532057236259182,9572352.0,-0.035284317176168166,-0.03540186389582231,9572352.0,0.31658613790447515,0.3092817221457759,9572352.0,-0.043030518922023475,-0.03701902218696584
9584640.0,-0.6507670562714338,-0.6528263852310677,9584640.0,-0.035053613886702806,-0.03536518470694621,9584640.0,0.38242811399201554,0.31399334849168853,9584640.0,-0.04302464072437336,-0.03803203434363241
9596928.0,-0.6507693302507201,-0.6524632500174146,9596928.0,-0.035041967794920005,-0.03533698528578195,9596928.0,0.3200209350325167,0.31556641884769,9596928.0,-0.021728851277051337,-0.035926293841960916
9609216.0,-0.6500148192668954,-0.6521294619888068,9609216.0,-0.035070044764628015,-0.0353101271224053,9609216.0,0.4216719404794276,0.328171506896615,9609216.0,-0.042996282184806965,-0.035907817702051634
9621504.0,-0.6496441786487898,-0.6517673379431168,9621504.0,-0.034924097844244294,-0.03525839869398623,9621504.0,0.3081929682133098,0.32962515158578753,9621504.0,-0.04296945466194302,-0.03628147519217843
9633792.0,-0.6490848247582713,-0.6512926271185279,9633792.0,-0.03498491190839559,-0.035179275976649174,9633792.0,0.33871036985268194,0.3334171060783168,9633792.0,-0.028048885797034018,-0.034776146916313644
9646080.0,-0.6493790494278073,-0.6510056686277191,9646080.0,-0.0354048025328666,-0.035149539760701974,9646080.0,0.34833653721337515,0.3354832349189868,9646080.0,-0.02886722976109013,-0.03335273141929065
9658368.0,-0.648145038013657,-0.6504537884766857,9658368.0,-0.03495233374026915,-0.03511408317135647,9658368.0,0.30852264414230984,0.3341886177659035,9658368.0,-0.04289098514709622,-0.035415682529613454
9670656.0,-0.6497247172519565,-0.6501742257736622,9670656.0,-0.034594800284442805,-0.03504573763736213,9670656.0,0.3119893472952147,0.3358679862692952,9670656.0,-0.042897158108341195,-0.036797684858174765
9682944.0,-0.6487975840767225,-0.6498434201193353,9682944.0,-0.03501107196401184,-0.035032196189664924,9682944.0,0.41347674730544287,0.34699357414307697,9682944.0,-0.042870152159594,-0.03793241587433537
9695232.0,-0.6492670535420378,-0.649559365150829,9695232.0,-0.03511713041613499,-0.03501547751366161,9695232.0,0.45704370737075806,0.3610393310897052,9695232.0,-0.027228212187765166,-0.036352185200909534
9707520.0,-0.6488757071395715,-0.6493702302376428,9707520.0,-0.034940356796141714,-0.035004151804605504,9707520.0,0.40564675629138947,0.3633611953196426,9707520.0,-0.0427977783838287,-0.03632949896685508
9719808.0,-0.6486450762798389,-0.6491578048405546,9719808.0,-0.03507579861131186,-0.03500753488624469,9719808.0,0.3305943502734105,0.36441853684373193,9719808.0,-0.025912005568898167,-0.03674781439603976
9732096.0,-0.6484591094776988,-0.6490022338616351,9732096.0,-0.03489450404110054,-0.034989980813891944,9732096.0,0.41808536400397617,0.3640598791961868,9732096.0,-0.025214700208986567,-0.03496965619845772
9744384.0,-0.6483499653016528,-0.6488728125269214,9744384.0,-0.03497331403195858,-0.03499490243266337,9744384.0,0.36875707485402626,0.37011628986025846,9744384.0,-0.04265988455154002,-0.03493869918741742
9756672.0,-0.6479470391447345,-0.6487590339655678,9756672.0,-0.03531371266581118,-0.03502778250840492,9756672.0,0.44578349761043984,0.38082360263603426,9756672.0,-0.04277088625046114,-0.03641089923276013
9768960.0,-0.6471713272233804,-0.6485382617451251,9768960.0,-0.03472619616271307,-0.03495992187138957,9768960.0,0.4285949600550036,0.38884944492019713,9768960.0,-0.04274396377149969,-0.03779857263380109
9781248.0,-0.646226386539638,-0.6483463965977232,9781248.0,-0.035381154099013656,-0.03500280390726402,9781248.0,0.36290898189569515,0.3942880786955356,9781248.0,-0.04239993977049986,-0.03774946809614145
9793536.0,-0.6454555531963706,-0.6479194801921646,9793536.0,-0.03461306086198116,-0.03500462996501786,9793536.0,0.4580648196861148,0.4088956259346256,9793536.0,-0.030051810705723863,-0.03646493335587972
9805824.0,-0.6462203152477741,-0.6476617533092698,9805824.0,-0.034805376548320055,-0.03498406042344869,9805824.0,0.4180134511552751,0.4093492963196089,9805824.0,-0.022988510610351415,-0.03447676920095546
9818112.0,-0.6438552085310221,-0.6471205688081682,9818112.0,-0.03477173160839205,-0.03494952054267438,9818112.0,0.49007721059024334,0.4126526466415575,9818112.0,-0.022229741639724427,-0.03397692214615138
9830400.0,-0.6447164012740055,-0.6467046382216116,9830400.0,-0.03491313425668826,-0.034946798288729035,9830400.0,0.43895948864519596,0.4159839198769381,9830400.0,-0.041412862890865654,-0.03383843059685508
9842688.0,-0.6428275515014926,-0.6461228857437771,9842688.0,-0.03448734133659551,-0.03488795256125741,9842688.0,0.4190151809404294,0.42482600294364004,9842688.0,-0.04264455769831935,-0.0355116858097972
9854976.0,-0.6436700231085221,-0.6456439771068594,9854976.0,-0.03467237699078396,-0.03486573985622575,9854976.0,0.3767980079477032,0.4206972673380126,9854976.0,-0.04262485719906787,-0.03725270150880533
9867264.0,-0.6410007060815891,-0.6449090511848529,9867264.0,-0.034543861887262516,-0.034822794641756145,9867264.0,0.393416950168709,0.423163254869481,9867264.0,-0.04259843235680213,-0.03724655628933154
9879552.0,-0.642398496158421,-0.6443541968862216,9879552.0,-0.034724102316734694,-0.03476383360684849,9879552.0,0.44265535396213335,0.4228504405046503,9879552.0,-0.04078303628678744,-0.03704777129296417
9891840.0,-0.6417116581772765,-0.6438082299816111,9891840.0,-0.034235844776655235,-0.034714798468242714,9891840.0,0.41697218858947355,0.4216881633580972,9891840.0,-0.0245907115653002,-0.035232446072344215
9904128.0,-0.6408572491879264,-0.6432713162464401,9904128.0,-0.03491086854288975,-0.03466776991263032,9904128.0,0.3668957216044267,0.42208683732897045,9904128.0,-0.042398724045294024,-0.035232324499823636
9916416.0,-0.6409319788217545,-0.6428189588089783,9916416.0,-0.034777664967502155,-0.03468423032318242,9916416.0,0.38160575833171606,0.41444093119353054,9916416.0,-0.020911440660105047,-0.03431828749526176
9928704.0,-0.639427782346805,-0.6421397055188816,9928704.0,-0.03486212560286125,-0.03468990522863653,9928704.0,0.3708005426451564,0.4097196403425187,9928704.0,-0.03747718301989759,-0.035767154736216375
9940992.0,-0.6402122288321456,-0.6417754075489938,9940992.0,-0.03454465797403827,-0.03466719786520116,9940992.0,0.5035293006027738,0.41106484934377174,9940992.0,-0.04249107131424049,-0.03779328770366799
9953280.0,-0.6381387409443656,-0.6411176415160298,9953280.0,-0.03467007105549177,-0.0346428915450815,9953280.0,0.40021102999647457,0.4071900034788996,9953280.0,-0.04247151916691413,-0.03789915333127283
9965568.0,-0.6386710923785964,-0.6407019956037402,9965568.0,-0.03464082787589481,-0.03465824019901144,9965568.0,0.39009133509049815,0.4042976188939065,9965568.0,-0.040436725229180105,-0.037678370084358905
9977856.0,-0.6376222815985481,-0.640097221452743,9977856.0,-0.03415236404786507,-0.034606238904719554,9977856.0,0.40899598008642596,0.4075174161077787,9977856.0,-0.020612042033462785,-0.035477088567798395
9990144.0,-0.6376476508254806,-0.639761915927132,9990144.0,-0.03461213029610614,-0.03461306574560392,9990144.0,0.458966796596845,0.4140724007505924,9990144.0,-0.042393219424411654,-0.03545656727455935
10002432.0,-0.6372970705851912,-0.639251773369809,10002432.0,-0.03444058021220068,-0.03458471353515051,10002432.0,0.374051754673322,0.40721204082171125,10002432.0,-0.023155896255047992,-0.033693853271385396
10014720.0,-0.637271735817194,-0.6388077811338008,10014720.0,-0.03424802209095409,-0.0345859312665804,10014720.0,0.39087153412401676,0.4046019753751656,10014720.0,-0.041748442085615046,-0.03540962632341689
10027008.0,-0.6371331326663494,-0.6384353694816431,10027008.0,-0.034624822825814285,-0.034557326694872846,10027008.0,0.38811056098590296,0.4067234593133132,10027008.0,-0.0414588408311829,-0.035315638002005774
10039296.0,-0.6368602846438686,-0.6380282000638544,10039296.0,-0.03381026124892136,-0.03446058632301477,10039296.0,0.4247616104160746,0.411039044521749,10039296.0,-0.042343423197356365,-0.037458836255730904
10051584.0,-0.635927793259422,-0.6376782011551162,10051584.0,-0.034554791306921594,-0.0344298528934208,10051584.0,0.4166361770282189,0.4156226079600553,10051584.0,-0.04231823220228156,-0.0379429411739693
10063872.0,-0.6346007287502289,-0.6371170511469245,10063872.0,-0.03449113678652793,-0.03442450077466977,10063872.0,0.3914406954621275,0.4044137474459906,10063872.0,-0.02191611134003324,-0.035885445176548576
10076160.0,-0.6359247419362267,-0.6368956512461106,10076160.0,-0.03429981600493193,-0.03438747526961379,10076160.0,0.3707544344166915,0.40146808788801236,10076160.0,-0.042218607501126826,-0.03586015400996985
10088448.0,-0.6337414622927705,-0.636402688237528,10088448.0,-0.03451323319071283,-0.034374715801095586,10088448.0,0.455705463886261,0.4080295007675886,10088448.0,-0.03612149599939585,-0.03542863108699142
10100736.0,-0.6339546913901964,-0.6360359292166929,10100736.0,-0.03449664340587333,-0.034409143736896415,10100736.0,0.3923223481203119,0.4063621375709772,10100736.0,-0.037246763764414936,-0.03709210326008664
10113024.0,-0.6320690323288242,-0.6354780673670273,10113024.0,-0.033965121721848845,-0.03434444287947069,10113024.0,0.4629964306950569,0.4067651009807983,10113024.0,-0.038032683388640486,-0.03665604965650952
10125312.0,-0.6333115942155322,-0.6350795197300613,10125312.0,-0.03477756178472191,-0.034378141036722806,10125312.0,0.3636657015110056,0.40572649566456676,10125312.0,-0.0405488870649909,-0.038395348737503804
10137600.0,-0.6319183418527246,-0.6345441803336143,10137600.0,-0.03384302319803586,-0.034337641147430986,10137600.0,0.4158739581083258,0.40822673806299764,10137600.0,-0.042174351129991315,-0.038437939641941435
10149888.0,-0.6313068745657802,-0.6339615545235574,10149888.0,-0.034564440934142716,-0.03433160295826383,10149888.0,0.384339624705414,0.4078496444349488,10149888.0,-0.02081273002780411,-0.03637332856160356
10162176.0,-0.6316409685338537,-0.6334396229125561,10162176.0,-0.03404814387128378,-0.034355391220500076,10162176.0,0.3668416527410348,0.40205764866744476,10162176.0,-0.036485928654049836,-0.035787579107272906
10174464.0,-0.630953160735468,-0.6329421596601607,10174464.0,-0.03369786017962421,-0.03426969810777034,10174464.0,0.4288601086785396,0.40328004183247684,10174464.0,-0.042139499254214265,-0.03576970581246618
10186752.0,-0.6305687368536989,-0.6325389604705076,10186752.0,-0.03425282007083297,-0.03424586643620084,10186752.0,0.44134810473769903,0.40827078276003403,10186752.0,-0.02107956565002193,-0.03568605124346505
10199040.0,-0.6307833396519223,-0.6320248202420771,10199040.0,-0.033788025728426874,-0.03419468740855033,10199040.0,0.38643686069796485,0.40983902538816136,10199040.0,-0.042093880590982735,-0.03567357855245064
10211328.0,-0.6298491001750032,-0.6316355840303005,10211328.0,-0.034120026452001184,-0.03415536673467917,10211328.0,0.4232765311996142,0.40659613211949663,10211328.0,-0.021005784127434406,-0.034162007365254494
10223616.0,-0.6306392559781671,-0.6313040404890974,10223616.0,-0.033680414237702884,-0.03407374381786212,10223616.0,0.4123425530269742,0.40859815261016286,10223616.0,-0.04208670257745931,-0.034646001246558936
10235904.0,-0.6298855040222406,-0.631085687658439,10235904.0,-0.03391371306497604,-0.03406860295217485,10235904.0,0.3744713331883152,0.3997456428594887,10235904.0,-0.04057942163975289,-0.034900675071670176
10248192.0,-0.6299076300735275,-0.6307452912442386,10248192.0,-0.03418510166617731,-0.03400935694032038,10248192.0,0.3602871581291159,0.39940778852129977,10248192.0,-0.0419057528488338,-0.03503636165005446
10260480.0,-0.6298340478291115,-0.6305368618418773,10260480.0,-0.034250726302464805,-0.03405012725076327,10260480.0,0.41393375117331743,0.39921376782779894,10260480.0,-0.04059608880197629,-0.03487853541725296
10272768.0,-0.6296446801473697,-0.6303706424000362,10272768.0,-0.03347859316272661,-0.03394154247362166,10272768.0,0.396745268565913,0.40045433221384885,10272768.0,-0.020784901064568356,-0.034875752520929386
10285056.0,-0.6293755043298006,-0.6301440959796308,10285056.0,-0.03389044835542639,-0.03392577292203593,10285056.0,0.38570795208215714,0.402340962147961,10285056.0,-0.039115845846633114,-0.035138744240187716
10297344.0,-0.6303510262320439,-0.6300838825292885,10297344.0,-0.03376452393907433,-0.03393243929798093,10297344.0,0.36659676395356655,0.3961146276754638,10297344.0,-0.041964975922989346,-0.03512129190706522
10309632.0,-0.6286726969604691,-0.6298942785399655,10309632.0,-0.03360635129502043,-0.03386779242039968,10309632.0,0.3723028072466453,0.38921009792635836,10309632.0,-0.035419923292162515,-0.03655532767127928
10321920.0,-0.6292189483841261,-0.6297378394131858,10321920.0,-0.03384041698882356,-0.03387303154643935,10321920.0,0.40572581874827546,0.3911389937313895,10321920.0,-0.03949414771826317,-0.03629535438400732
10334208.0,-0.6283430152883133,-0.629587230924517,10334208.0,-0.033837481188432626,-0.0338447770200825,10334208.0,0.3746598291521271,0.3862773235266407,10334208.0,-0.04179963512190928,-0.0383747394834548
10346496.0,-0.6275227768346667,-0.6292755830101668,10346496.0,-0.03376244489724437,-0.03385298008603665,10346496.0,0.3659628468255202,0.3816393529064953,10346496.0,-0.04177838426160937,-0.038343907651869805
10358784.0,-0.6276806928217411,-0.6290551018901169,10358784.0,-0.03373156629580384,-0.03383476540911943,10358784.0,0.3705236219490568,0.3812445817825695,10358784.0,-0.025657176481521066,-0.03685168313604663
10371072.0,-0.6273353431994716,-0.6287978732027113,10371072.0,-0.03370916622225195,-0.03378717186472689,10371072.0,0.399094607681036,0.38512532673776145,10371072.0,-0.021136121431482024,-0.034774719994311455
10383360.0,-0.6272159091507395,-0.6285360593348741,10383360.0,-0.0341017252455155,-0.03377227175903196,10383360.0,0.35579313679287833,0.3793112652997176,10383360.0,-0.04099990190782895,-0.03481510130489672
10395648.0,-0.6265099393203855,-0.6282225852521757,10395648.0,-0.03369904129067436,-0.03379431657182674,10395648.0,0.43159870027254027,0.38279660847038033,10395648.0,-0.041826504205043115,-0.036919261618944196
10407936.0,-0.6252394989132881,-0.6278089847105245,10407936.0,-0.03400695358868688,-0.03380596709515279,10407936.0,0.36629371003558236,0.3808551842657228,10407936.0,-0.03248710936168209,-0.0362563879704491
10420224.0,-0.6262883354599277,-0.6274027156333128,10420224.0,-0.03334155424575632,-0.03376367012582098,10420224.0,0.4039358862986167,0.3845890965002279,10420224.0,-0.04178208496887237,-0.03623809887503739
10432512.0,-0.6245270067205032,-0.6269881466093163,10432512.0,-0.03410157221757496,-0.03381319221807644,10432512.0,0.377505486831069,0.3851093644586702,10432512.0,-0.04176391812507063,-0.03687249835832821
10444800.0,-0.6256113285198808,-0.6266273846228917,10444800.0,-0.0335996660675543,-0.03378911712594952,10444800.0,0.35505446636428434,0.38004222922027114,10444800.0,-0.0417378629790619,-0.03709686988440808
10457088.0,-0.6237454079091549,-0.6261676238849759,10457088.0,-0.033372745383530855,-0.03374264354545933,10457088.0,0.35986455095311004,0.3785627014003694,10457088.0,-0.021581571440037806,-0.03507506351622093
10469376.0,-0.6249684306482474,-0.625912189266334,10469376.0,-0.03375667137637114,-0.033742066193372014,10469376.0,0.375939776810507,0.3795603943988681,10469376.0,-0.022492816472852912,-0.03314650673734528
10481664.0,-0.6244636851673325,-0.6255904885008932,10481664.0,-0.033364873903337866,-0.03370539695412541,10481664.0,0.3525179646288355,0.377759828666846,10481664.0,-0.04170221874179939,-0.034751010963373116
10493952.0,-0.6241532635564605,-0.625272280536592,10493952.0,-0.033793283762255065,-0.03371380870812572,10493952.0,0.36548243804524344,0.37439861170326666,10493952.0,-0.020839018678088905,-0.03472130068803381
10506240.0,-0.6224698855852088,-0.624797678180039,10506240.0,-0.03342529605530823,-0.033646165789104995,10506240.0,0.37666961395492154,0.376486259419471,10506240.0,-0.04166728370667746,-0.034788038867918654
10518528.0,-0.6232708667715391,-0.6244737709251542,10518528.0,-0.03334687745276218,-0.033610949405313784,10518528.0,0.3499411179994543,0.3683205011921625,10518528.0,-0.04166346803928415,-0.034771735251342764
10530816.0,-0.6227780481179556,-0.624227625845621,10530816.0,-0.03355167526751757,-0.03356542157319685,10530816.0,0.35648934946705896,0.36734006513531015,10530816.0,-0.04163933458039537,-0.035686957773214095
10543104.0,-0.6222950009008249,-0.6238282923897107,10543104.0,-0.03352194946880142,-0.03358346109550136,10543104.0,0.3559300731867552,0.36253948382412393,10543104.0,-0.04160640208283439,-0.03566938948461029
10555392.0,-0.621592610453566,-0.623534852763017,10555392.0,-0.033103008676941194,-0.03348360474143799,10555392.0,0.3524771127849817,0.36003664641951516,10555392.0,-0.020239864963514265,-0.03351698416845465
10567680.0,-0.6220986914510528,-0.6231835890561342,10567680.0,-0.03343677033747857,-0.03346731516843041,10567680.0,0.3536263033747673,0.35989383012056353,10567680.0,-0.037167394980012126,-0.03305993736854968
10579968.0,-0.6203663048023978,-0.6228456787454586,10579968.0,-0.033925870821500816,-0.0335226277122274,10579968.0,0.34457247766355675,0.35836462279160813,10579968.0,-0.04155336755017439,-0.03505711697956334
10592256.0,-0.6214616935079297,-0.6224950050314269,10592256.0,-0.03317710617557168,-0.03346467119214746,10592256.0,0.3597840104872982,0.35674904615928726,10592256.0,-0.020621308760989148,-0.034869966208376964
10604544.0,-0.6200306310007969,-0.6220516996147732,10604544.0,-0.033435949066188186,-0.03347177870843249,10604544.0,0.3441096870228648,0.3559082183986902,10604544.0,-0.04154810732385764,-0.03485455506658279
10616832.0,-0.6207356741651893,-0.6217099406756461,10616832.0,-0.03311165424141412,-0.03340361575634839,10616832.0,0.3501601566871007,0.354375990262876,10616832.0,-0.04152430815156549,-0.03692308401393045
10629120.0,-0.6198556711897254,-0.6214485192360977,10629120.0,-0.03326936460022504,-0.033388022610840076,10629120.0,0.3419501952206095,0.3509040483894448,10629120.0,-0.04150027422777688,-0.03690638306604038
10641408.0,-0.6185712025811275,-0.6209785528170566,10641408.0,-0.03294743523777773,-0.03334807838934163,10641408.0,0.3404783808315794,0.34995777467265726,10641408.0,-0.04147628467762843,-0.03688766472987481
10653696.0,-0.618924663712581,-0.620593214376519,10653696.0,-0.03340368972082312,-0.033333279834672186,10653696.0,0.337981929226468,0.3481070326485981,10653696.0,-0.02170625817961991,-0.03489435708979727
10665984.0,-0.6184972043459614,-0.6202134347210327,10665984.0,-0.03271234221756458,-0.033252319109548505,10665984.0,0.3540166961029172,0.34791569494021435,10665984.0,-0.04142276513933515,-0.03487599339544734
10678272.0,-0.6173793704559406,-0.6197921107212702,10678272.0,-0.03322174991869057,-0.03326419323372344,10678272.0,0.3385716676712036,0.3465251504288366,10678272.0,-0.020702382887369215,-0.03492224518783284
10690560.0,-0.6175748628253738,-0.6193397278587023,10690560.0,-0.032802634697873145,-0.0332007796697629,10690560.0,0.3373701154875259,0.34489953164011233,10690560.0,-0.0361049147710825,-0.03481599716693988
10702848.0,-0.6172591444725791,-0.6190290118257206,10702848.0,-0.03352789937828978,-0.03316098252544179,10702848.0,0.3352087556074063,0.34396315943449735,10702848.0,-0.041402454158136,-0.03480090582773604
10715136.0,-0.6173986435557405,-0.6186227068305017,10715136.0,-0.032885711504301675,-0.03313184305831479,10715136.0,0.3430910605626802,0.3422938644420356,10715136.0,-0.041385982399030276,-0.03687737319154015
10727424.0,-0.6170425259818634,-0.6183238963286082,10727424.0,-0.03331471347094824,-0.0331197194987908,10727424.0,0.33498820507278043,0.3413817162470271,10727424.0,-0.04136234923498705,-0.03685879738265309
10739712.0,-0.6167023355762163,-0.6179205624697108,10739712.0,-0.0326306206601051,-0.03307161614065989,10739712.0,0.33313200529664755,0.3396789011079818,10739712.0,-0.021785256455890096,-0.03488489221308555
10752000.0,-0.6163030636186401,-0.6175653017126024,10752000.0,-0.03349847536689291,-0.03309452721732668,10752000.0,0.341519873123616,0.33963586889828246,10752000.0,-0.03649990571041902,-0.03438485536134976
10764288.0,-0.6150615069394311,-0.6172143321484327,10764288.0,-0.0329994319860513,-0.03309972689215405,10764288.0,0.3330983576985697,0.33889786658498144,10764288.0,-0.01895130989093256,-0.03213235788268017
10776576.0,-0.6159247426937023,-0.6169143400465449,10776576.0,-0.03282353708830973,-0.0330417116289027,10776576.0,0.3475610514481862,0.33985577880715334,10776576.0,-0.041297543522280954,-0.03409148641694628
10788864.0,-0.6142048087591926,-0.616485100487868,10788864.0,-0.03316131375807648,-0.033086608782953886,10788864.0,0.3339415054457883,0.3378482597414404,10788864.0,-0.04092834451391051,-0.03404204435440382
10801152.0,-0.6149552389979362,-0.6162426873420676,10801152.0,-0.03273978394766649,-0.03303841218585148,10801152.0,0.33200885728001595,0.33719197870232165,10801152.0,-0.041272858604012676,-0.036099091926068166
10813440.0,-0.612687859373788,-0.615753986996909,10813440.0,-0.03299628826789558,-0.03305777754285373,10813440.0,0.33921385013187927,0.33737635216675693,10813440.0,-0.04125123595197996,-0.03661372404415791
10825728.0,-0.6128332105775675,-0.6153113936074078,10825728.0,-0.03305055001207317,-0.03301004260623207,10825728.0,0.3304128651507199,0.33689676312108835,10825728.0,-0.04122688056668267,-0.036596166685012574
10838016.0,-0.6138468912492195,-0.6149562183767557,10838016.0,-0.03307463337356845,-0.03302893479315875,10838016.0,0.33842475184549886,0.33643013224937024,10838016.0,-0.019315122971117187,-0.034389080742221266
10850304.0,-0.6114975803842148,-0.6144017238169909,10850304.0,-0.032778224209323525,-0.03297528586699627,10850304.0,0.33029346478482086,0.3359606582205743,10850304.0,-0.04111585391607756,-0.03436443121033032
10862592.0,-0.6124640479683876,-0.6139778950562079,10862592.0,-0.03322799449476103,-0.03303502325046187,10862592.0,0.3289623969855408,0.3355436973894636,10862592.0,-0.04114286904223263,-0.03630019246896458
10874880.0,-0.6116709926476082,-0.6135146879591047,10874880.0,-0.03255175818533947,-0.032940351532306525,10874880.0,0.3281374986593922,0.3342054599430412,10874880.0,-0.02703160111559555,-0.03535336200948223
10887168.0,-0.6124289700140556,-0.6132514342665673,10887168.0,-0.032921301550231874,-0.03293253848872458,10887168.0,0.3275675557864209,0.3336523797518264,10887168.0,-0.04113764930904532,-0.0375719959512935
10899456.0,-0.6111864059542617,-0.6127776005926231,10899456.0,-0.0329819573671557,-0.03294838051660918,10899456.0,0.32704749222223956,0.3316010238292317,10899456.0,-0.04112866194918752,-0.03755510779398416
10911744.0,-0.6111848854149381,-0.6124756082581977,10911744.0,-0.03254836209816858,-0.03288708535061839,10911744.0,0.3258763081394136,0.3307945040985942,10911744.0,-0.0411055301859354,-0.03757282636118665
10924032.0,-0.6108051252861818,-0.6120605968870223,10924032.0,-0.032719277252908796,-0.032885034681142615,10924032.0,0.3252998283132911,0.3301236012019217,10924032.0,-0.034333289154650025,-0.03687886941625038
10936320.0,-0.6100858564799031,-0.6118003965976337,10936320.0,-0.03282042650971562,-0.03286744850532462,10936320.0,0.32489817853396136,0.3286920340421299,10936320.0,-0.021501934485058882,-0.03490393926955827
10948608.0,-0.6095959398274621,-0.6114766695226231,10948608.0,-0.033045327523723245,-0.032866926256489626,10948608.0,0.3245055621179442,0.3281013037388523,10948608.0,-0.02592564561443093,-0.0333738157743331
10960896.0,-0.6088849728306135,-0.6109804776807626,10960896.0,-0.03219148691277951,-0.032778611610410735,10960896.0,0.3240221344555418,0.32666104199985657,10960896.0,-0.04090199115065237,-0.035532502592286616
10973184.0,-0.6089314681788286,-0.6107238664602239,10973184.0,-0.03312140887525553,-0.032812930077003935,10973184.0,0.3232964637378852,0.325961341895163,10973184.0,-0.02931074969819747,-0.034351992170498606
10985472.0,-0.6070755620797476,-0.6101850178713599,10985472.0,-0.03280079781931514,-0.032770210409459356,10985472.0,0.3228329971122245,0.3253484019078314,10985472.0,-0.04101908387383446,-0.0343396136536588
10997760.0,-0.6084634109089772,-0.6098642596974969,10997760.0,-0.033023670121716954,-0.032817401603097096,10997760.0,0.322214567878594,0.3247561088297516,10997760.0,-0.04100399119003365,-0.0357368526611026
11010048.0,-0.6063578380271792,-0.6092571464988092,11010048.0,-0.032799410730755575,-0.03280521252114947,11010048.0,0.32162991414467496,0.324162344665577,11010048.0,-0.04098126893707862,-0.035721214623905935
11022336.0,-0.6064719179024299,-0.6087856976936261,11022336.0,-0.032622623800610505,-0.032769279164494944,11022336.0,0.32121331462015706,0.32357892690536877,11022336.0,-0.019216091193205404,-0.03352995754830772
11034624.0,-0.6061227805912495,-0.6082794872112571,11034624.0,-0.033004956921407334,-0.032814938646818816,11034624.0,0.3207497582770884,0.3230662719191363,11034624.0,-0.04090415331302211,-0.03350981986101639
11046912.0,-0.6063494803383946,-0.6078339227164785,11046912.0,-0.03283937841964265,-0.0328269487634922,11046912.0,0.32027560270701844,0.322563849358509,11046912.0,-0.040057550106818475,-0.034082245956233236
11059200.0,-0.6056931683172783,-0.6073946539002161,11059200.0,-0.03293372607246662,-0.03283827871976731,11059200.0,0.3197797828664382,0.3220520097917567,11059200.0,-0.03136491597009202,-0.035068544104736546
11071488.0,-0.6054091633607944,-0.6069759762535492,11071488.0,-0.032293540347988405,-0.03276310000219383,11071488.0,0.3195440589139859,0.3215558594713609,11071488.0,-0.04063184759191548,-0.036539164302485
11083776.0,-0.6045102148006359,-0.6065385004505515,11083776.0,-0.03287459358883401,-0.03283141066979928,11083776.0,0.3190702733894189,0.3210606733647486,11083776.0,-0.04088057983123387,-0.03653702317054315
11096064.0,-0.6038529593497515,-0.6060306495676439,11096064.0,-0.03239122525944064,-0.03275839230821778,11096064.0,0.318404422296832,0.3205714692206432,11096064.0,-0.040858157561160624,-0.03769176395683947
11108352.0,-0.6041685156524181,-0.6057399449249109,11108352.0,-0.032826521375682205,-0.03276096466385449,11108352.0,0.31778410185749334,0.3200665796951701,11108352.0,-0.040826861028714724,-0.037672541672327496
11120640.0,-0.60390347118179,-0.6052839509521921,11120640.0,-0.03262838608740518,-0.032721436260423314,11120640.0,0.3173481359456976,0.31957993650188043,11120640.0,-0.018558528527743572,-0.03542799540609849
11132928.0,-0.6036509548624357,-0.6050132626357179,11132928.0,-0.032342322694603354,-0.03267572745680809,11132928.0,0.3173152687959373,0.31914847196700674,11132928.0,-0.04078330759269496,-0.035408199271660126
11145216.0,-0.6033162136251727,-0.6046976922079921,11145216.0,-0.032585830660536885,-0.032672048142800725,11145216.0,0.31661625982572633,0.3186887664875636,11145216.0,-0.021117767595569603,-0.03559836691189654
11157504.0,-0.6032542390748858,-0.6044108380563558,11157504.0,-0.0323653585704354,-0.03260808830770353,11157504.0,0.31621872695783776,0.3182356633556386,11157504.0,-0.035961005448674165,-0.03510405212546174
11169792.0,-0.6020552267630895,-0.6039814126988252,11169792.0,-0.03247443361518284,-0.03257159382725755,11169792.0,0.3158426095421116,0.31779236403914785,11169792.0,-0.04076700300599138,-0.035174997415379036
11182080.0,-0.6018420740341147,-0.6035963032705087,11182080.0,-0.03224521790010234,-0.032502743010021116,11182080.0,0.31553006110092,0.3173673918625961,11182080.0,-0.04075218797273313,-0.03611372461564315
11194368.0,-0.6021454520523548,-0.6032699321396648,11194368.0,-0.03259378933580592,-0.03253276790880288,11194368.0,0.3149937114988764,0.3169123571210851,11194368.0,-0.0407299527238744,-0.03612353512883905
11206656.0,-0.6010034844900171,-0.602919259108603,11206656.0,-0.032200511932993926,-0.03246535974321887,11206656.0,0.32265792647376657,0.3172711224295199,11206656.0,-0.04064566025044769,-0.036100043170760425
11218944.0,-0.6015807455405593,-0.6026920377276839,11218944.0,-0.03248562654092287,-0.03247479987136709,11218944.0,0.34273770249759156,0.31970445044959583,11218944.0,-0.01952432908001356,-0.03396666032264571
11231232.0,-0.6008872970317801,-0.60236391586562,11231232.0,-0.03181473503354937,-0.0323736212371538,11231232.0,0.3173835988466938,0.31966440014851594,11231232.0,-0.040680551765641816,-0.03395202939633843
11243520.0,-0.6007865499705076,-0.6020522237444917,11243520.0,-0.031850230550238244,-0.03229580568343711,11243520.0,0.3160098505516847,0.31953057160911463,11243520.0,-0.019128480009385385,-0.034009024544502615
11255808.0,-0.5999278568973144,-0.6016799139479796,11255808.0,-0.032447512804841004,-0.032306324694460875,11255808.0,0.3152143736369908,0.31932048209321995,11255808.0,-0.04050312521091352,-0.03398100630632446
11268096.0,-0.6007272694259882,-0.6014210195280612,11268096.0,-0.03192384292682012,-0.0322401259210892,11268096.0,0.3146192720159888,0.3191207833122462,11268096.0,-0.040642519345662244,-0.035933481481333726
11280384.0,-0.5993500721330444,-0.601030602833877,11280384.0,-0.032017038572424404,-0.0322052939212881,11280384.0,0.3143613296560943,0.3189350435820718,11280384.0,-0.04062130304131036,-0.03639951124059735
11292672.0,-0.5994411126400033,-0.6007691914215685,11292672.0,-0.03214145705957586,-0.03217199626572741,11292672.0,0.31371756456792355,0.31872253908465303,11292672.0,-0.04059920343570411,-0.03638273128356862
11304960.0,-0.5985216110323867,-0.6004371451213956,11304960.0,-0.03242228335390488,-0.03218970281110767,11304960.0,0.32140541666497785,0.3193100746410588,11304960.0,-0.017806326632126,-0.034088145149507906
11317248.0,-0.5985031280045708,-0.6000729127166171,11317248.0,-0.032107690950700395,-0.03214109297259711,11317248.0,0.3422156806724767,0.32203227155841885,11317248.0,-0.04035194171592593,-0.034050344048713065
11329536.0,-0.598256801875929,-0.5997982444552085,11329536.0,-0.032043326956530414,-0.03212537447495075,11329536.0,0.31513754309465486,0.3212802332205077,11329536.0,-0.040557455737143755,-0.03404152359738267
11341824.0,-0.5979569796472788,-0.5994358678658804,11341824.0,-0.032183306446919836,-0.03209514246555045,11341824.0,0.3143031190459927,0.31843677487534783,11341824.0,-0.025398038710894372,-0.034628894560470753
11354112.0,-0.5980622982606292,-0.5991533679887653,11354112.0,-0.03229236964640828,-0.03214290592683635,11354112.0,0.31343832006677985,0.3180422469973564,11354112.0,-0.040524473413825035,-0.034613286725289065
11366400.0,-0.5974556443591913,-0.5988202774276336,11366400.0,-0.03199279428614924,-0.03215716230042745,11366400.0,0.31298466787363094,0.31773972872955103,11366400.0,-0.040508545896348856,-0.03675129331398542
11378688.0,-0.5966954665879408,-0.5984970383966962,11378688.0,-0.031812087108846754,-0.03209361973082802,11378688.0,0.31238315626978874,0.3174566069928308,11378688.0,-0.04048676408516864,-0.03674965720141093
11390976.0,-0.5965101253241301,-0.5980753239865104,11390976.0,-0.03194463414062435,-0.03209569885220844,11390976.0,0.31159708633398014,0.31715438842463,11390976.0,-0.01774485076869799,-0.03445989034371451
11403264.0,-0.5949969130257765,-0.5976400080757837,11403264.0,-0.03218027526357522,-0.03211202252132352,11403264.0,0.31117904527733725,0.31683615998675424,11403264.0,-0.032542647929706923,-0.03365202483255415
11415552.0,-0.5964873395860195,-0.5973446307703852,11415552.0,-0.032182409622085593,-0.03211611777757449,11415552.0,0.3101227461981277,0.31647667814977465,11415552.0,-0.040429780822402485,-0.033635082571224
11427840.0,-0.5954001989836494,-0.5970324895655115,11427840.0,-0.032083223826096706,-0.03208221182479367,11427840.0,0.3100940389558673,0.3153455403788636,11427840.0,-0.036685426894109696,-0.03552299259742237
11440128.0,-0.5950639275833964,-0.5966885695233941,11440128.0,-0.03164384269621223,-0.03203582699934486,11440128.0,0.30995526692519587,0.3121194990041355,11440128.0,-0.036180794530082494,-0.035105877878838024
11452416.0,-0.595376992598176,-0.5964005885956187,11452416.0,-0.03235139301978052,-0.03206663360566987,11452416.0,0.309533988746504,0.31155914356932046,11452416.0,-0.04037795454496518,-0.03508792775962016
11464704.0,-0.5947198073069254,-0.5960768713615835,11464704.0,-0.03198330783440421,-0.03204663374441831,11464704.0,0.3089368560661872,0.3110225172713399,11464704.0,-0.040376163475836314,-0.03658574023611437
11476992.0,-0.5941550383965174,-0.5956861453751723,11476992.0,-0.03195949455645556,-0.03201334623542305,11476992.0,0.30860277203222114,0.3105389624678841,11476992.0,-0.025983411440392956,-0.03513163403877116
11489280.0,-0.5945885876814524,-0.5953994397073984,11489280.0,-0.03219876537332311,-0.03203394334414043,11489280.0,0.3082309376137952,0.31006358944190043,11489280.0,-0.019167537548128166,-0.03299753320394908
11501568.0,-0.5927966882785162,-0.5950095618764559,11501568.0,-0.03208196832565591,-0.03206093146582134,11501568.0,0.30780655626828474,0.30960592944175,11501568.0,-0.04022263054503128,-0.03297111984993535
11513856.0,-0.5941351025054852,-0.5947720595945915,11513856.0,-0.03179571370128542,-0.03204603942188745,11513856.0,0.30723106814548373,0.3091693276229004,11513856.0,-0.02114590487811559,-0.033311225260877105
11526144.0,-0.5929551382238666,-0.5945678821144005,11526144.0,-0.03168867623511081,-0.031996879519041004,11526144.0,0.30702579223240417,0.3087540023184071,11526144.0,-0.04029537727668261,-0.034086498195574674
11538432.0,-0.5929407346993685,-0.5942132216257353,11538432.0,-0.031750262171650924,-0.03195366477399754,11538432.0,0.3069904420214395,0.30844077190073826,11538432.0,-0.039998095909444,-0.03404332970427883
11550720.0,-0.5922812102362514,-0.5939013227509955,11550720.0,-0.031936082969574876,-0.03193895068834536,11550720.0,0.3063714935754736,0.3080685173626989,11550720.0,-0.040269729758923255,-0.03440175999076018
11563008.0,-0.5927969748154283,-0.5936746274741986,11563008.0,-0.031802791403606534,-0.03195484555908479,11563008.0,0.3059609293316801,0.3076690836033474,11563008.0,-0.04026282536021123,-0.034809963073773056
11575296.0,-0.5923068088789781,-0.5933676091022788,11575296.0,-0.03221593488706276,-0.031941299745813015,11575296.0,0.3055565704902013,0.30727134177771714,11575296.0,-0.018968011831627034,-0.03266896880243925
11587584.0,-0.5929270572960377,-0.5931883341011901,11587584.0,-0.03127335390308872,-0.03187030435268146,11587584.0,0.3051914017026623,0.30689679634136463,11587584.0,-0.0390977460386542,-0.03254112705872103
11599872.0,-0.5919928420335054,-0.592972114464889,11599872.0,-0.0321912252305386,-0.03189347742008976,11599872.0,0.30482991474370164,0.3065195106125126,11599872.0,-0.02120302770708804,-0.03206308868539054
11612160.0,-0.5924715207268795,-0.5927604077694316,11612160.0,-0.03104589763097465,-0.031778190645854916,11612160.0,0.30423531914129853,0.30611994876526294,11612160.0,-0.04021485885217165,-0.034167820815794885
11624448.0,-0.5910986885428429,-0.5925906077958643,11624448.0,-0.032063111662864685,-0.0317763049795758,11624448.0,0.3045175136066973,0.3057910444991042,11624448.0,-0.04020063340431079,-0.03416562110172284
11636736.0,-0.5919075248142084,-0.5923678500267366,11636736.0,-0.03155472482709835,-0.03175220609215709,11636736.0,0.30455551637957495,0.30552348932251333,11636736.0,-0.022965137330174912,-0.03434754434692877
11649024.0,-0.5908756035690507,-0.592159896561255,11649024.0,-0.03189457537761579,-0.03177279600640759,11649024.0,0.3044571156303088,0.3052666216623038,11649024.0,-0.040168177375259496,-0.03433482435678646
11661312.0,-0.5913900093485912,-0.5920048240261773,11661312.0,-0.031189287508216996,-0.03171669854006419,11661312.0,0.3043224254312615,0.304999820003286,11661312.0,-0.039963322381178536,-0.03433134700395992
11673600.0,-0.5903271781280637,-0.5918094208153586,11673600.0,-0.031821703227857746,-0.03170526056589248,11673600.0,0.3361778076117237,0.307980451406911,11673600.0,-0.017162075033411384,-0.03202058153140873
11685888.0,-0.5900504561141133,-0.591534768945227,11685888.0,-0.0314705686760135,-0.031672038293133184,11685888.0,0.3070611964600782,0.3080904781197508,11685888.0,-0.04010354058118537,-0.03200465305350614
11698176.0,-0.5903396469851335,-0.5913380527558426,11698176.0,-0.03132790637513002,-0.0315832354419399,11698176.0,0.3041739378434916,0.30795221485507984,11698176.0,-0.03871245115684966,-0.033979096986028405
11710464.0,-0.5886547804499666,-0.5909108250712356,11710464.0,-0.031714400509372354,-0.03162734010256826,11710464.0,0.30449265893548727,0.3078823405783624,11710464.0,-0.0400773169628034,-0.034077054078443324
11722752.0,-0.5892186900600791,-0.5906334098738929,11722752.0,-0.03166684973984957,-0.03157490255349936,11722752.0,0.30398122981811565,0.30779747208580377,11722752.0,-0.036261318367905915,-0.03558288314452511
11735040.0,-0.5888927315051357,-0.5902755309517185,11735040.0,-0.031260524333144225,-0.031596365223716324,11735040.0,0.30360334971919656,0.3077342751435935,11735040.0,-0.025506707883323543,-0.0341120680476403
11747328.0,-0.5873398675272862,-0.5898996488501629,11747328.0,-0.03144873752413938,-0.031534927809843794,11747328.0,0.3032789135662218,0.307610415139546,11747328.0,-0.04004955505176137,-0.034096960212385355
11759616.0,-0.5878198587646087,-0.589490882245203,11759616.0,-0.03188435667349646,-0.03156789099448361,11759616.0,0.3371746949851513,0.31087233300010364,11759616.0,-0.018709263677010313,-0.0336713728470689
11771904.0,-0.5861933746685585,-0.5890226593551536,11771904.0,-0.031343130530634276,-0.03151274650978545,11771904.0,0.30678375515465933,0.3111049969525387,11771904.0,-0.03540749605357026,-0.03319530471489997
11784192.0,-0.5877112792804837,-0.5886547863483428,11784192.0,-0.031333908050631486,-0.031527208564026896,11784192.0,0.3713860393812259,0.31781135834753516,11784192.0,-0.03127659298479557,-0.032326631775261676
11796480.0,-0.5862480873862902,-0.5882468772741656,11796480.0,-0.030869999473604064,-0.03143203818860153,11796480.0,0.32227891714622575,0.31642146930098536,11796480.0,-0.03999505469497914,-0.03460992974141845
11808768.0,-0.5870154645914832,-0.5879433781219026,11808768.0,-0.03156710472345973,-0.03144169179334616,11808768.0,0.3096302241707842,0.31667837207205596,11808768.0,-0.039984451800895236,-0.034598020863389436
11821056.0,-0.586458251811564,-0.5875552386045456,11821056.0,-0.031133813550695777,-0.03142228251090273,11821056.0,0.3085441021248698,0.3171153885001937,11821056.0,-0.017878304683714912,-0.032514606216075964
11833344.0,-0.5850850294033686,-0.5871982634998859,11833344.0,-0.031571897076598056,-0.031408032167625305,11833344.0,0.315495943184942,0.3182157169251392,11833344.0,-0.039935404007943966,-0.032500414920590026
11845632.0,-0.5854980054621896,-0.5868261950400968,11845632.0,-0.03087180177681148,-0.031328527371321496,11845632.0,0.34135246959825355,0.321952840903153,11845632.0,-0.025402867516580347,-0.03141456983545746
11857920.0,-0.5846817142640551,-0.5864050933159888,11857920.0,-0.03097569119806091,-0.03130004405781316,11857920.0,0.33745453398053843,0.3253379593292872,11857920.0,-0.026704525022068992,-0.031534351549332006
11870208.0,-0.5847555898750821,-0.5861466655507683,11870208.0,-0.031113347892339032,-0.03126650509463313,11870208.0,0.30989325884729624,0.3259993938573947,11870208.0,-0.033496252358114965,-0.030879021279967372
11882496.0,-0.5851241291190187,-0.5858770925862095,11882496.0,-0.03098676260560751,-0.03117674568784423,11882496.0,0.3422318729571998,0.3265051116545995,11882496.0,-0.03991518326802179,-0.03299961323906852
11894784.0,-0.5839613936841488,-0.5856538944877684,11894784.0,-0.031204017635900527,-0.031162834398370854,11894784.0,0.3105074229339759,0.3268774784325311,11894784.0,-0.03989774006186053,-0.03344863763989754
11907072.0,-0.5840065653125445,-0.5852834230909745,11907072.0,-0.03072000659691791,-0.031101444252999506,11907072.0,0.3173434347845614,0.32147321797286466,11907072.0,-0.017376419416905264,-0.03205862028310851
11919360.0,-0.5854242220520973,-0.5852010365575552,11919360.0,-0.031079105198538553,-0.03112235482549295,11919360.0,0.3371394452018042,0.32295927077842257,11919360.0,-0.03985948175735151,-0.03204506298934574
11931648.0,-0.5827352274209261,-0.5847730128404994,11931648.0,-0.03095536675148954,-0.031061181028295932,11931648.0,0.3108107812392215,0.32307732648526627,11931648.0,-0.022130704169588473,-0.03025968822621507
11943936.0,-0.5846533374860883,-0.5845925214079519,11943936.0,-0.03110052323124061,-0.031057851996350416,11943936.0,0.3090055187543233,0.32312346814821163,11943936.0,-0.03984023405549427,-0.032455881163393006
11956224.0,-0.5821057800203562,-0.5842945964696507,11956224.0,-0.030725767738961924,-0.0309732390625868,11956224.0,0.3075477009018262,0.32232864391990007,11956224.0,-0.035172116050186254,-0.031979552367617244
11968512.0,-0.5828076675534248,-0.5840255626787741,11968512.0,-0.030894284291813772,-0.03097548731408703,11968512.0,0.30674527989079553,0.3188679249491543,11968512.0,-0.038254259270615876,-0.033264691543020794
11980800.0,-0.5819076662883162,-0.5837481578812003,11980800.0,-0.03095681550136457,-0.030973599744417397,11980800.0,0.30587204716478783,0.3157096762675792,11980800.0,-0.039795816177502275,-0.034573820658564125
11993088.0,-0.5815937702233592,-0.583431975916028,11993088.0,-0.030789167620241642,-0.030941181717207656,11993088.0,0.3142593229810397,0.3161462826809535,11993088.0,-0.03836125374073163,-0.035060320796825785
12005376.0,-0.5817173964654406,-0.5830913026506701,12005376.0,-0.030721492871331673,-0.030914654743780072,12005376.0,0.34203267966707546,0.3161263633519411,12005376.0,-0.03602406368978942,-0.03467120883900256
12017664.0,-0.5812895338361462,-0.5828241166658699,12017664.0,-0.03079181337185825,-0.030873434317375846,12017664.0,0.316793580694745,0.31675497912801803,12017664.0,-0.03971768275368959,-0.034653203108185454
12029952.0,-0.5828543252622088,-0.5827088926608364,12029952.0,-0.03079739591339603,-0.030881173249023657,12029952.0,0.3349728384055197,0.3185179194901138,12029952.0,-0.039214013901073486,-0.03683696255660228
12042240.0,-0.5796154951676726,-0.5821280199723938,12042240.0,-0.030551022714159142,-0.030828365000585715,12042240.0,0.3100700868914525,0.31581098365907867,12042240.0,-0.016500546564202523,-0.03450106903728738
12054528.0,-0.5815310530985395,-0.5820076025401553,12054528.0,-0.030847583160114784,-0.030817586641448243,12054528.0,0.3162649160561462,0.31635639714077113,12054528.0,-0.025519631958256166,-0.03483996181615415
12066816.0,-0.5796892472232381,-0.5815111935138703,12066816.0,-0.030080724915023893,-0.030715606809826566,12066816.0,0.3092821297856669,0.3163840582439055,12066816.0,-0.03967146697686985,-0.034823085108291706
12079104.0,-0.5806719871858755,-0.5813678142304222,12079104.0,-0.030817924106183153,-0.030724822446548693,12079104.0,0.3074527179511885,0.31637455994884167,12079104.0,-0.03968368816034248,-0.03527424231930733
12091392.0,-0.5802494085704287,-0.5811119883321225,12091392.0,-0.03037298705506449,-0.030672692722873762,12091392.0,0.30627581880738336,0.31632761384050057,12091392.0,-0.033868167452358953,-0.03483563313748163
12103680.0,-0.5791953916971883,-0.5808407608730097,12103680.0,-0.030456870726387326,-0.030622698245376036,12103680.0,0.31348674713323516,0.31708908383734524,12103680.0,-0.03959669828570137,-0.03481572134830155
12115968.0,-0.5789425720771154,-0.5805756410583853,12115968.0,-0.03057764146554594,-0.03060154562990646,12115968.0,0.36824148474261165,0.32248730001350245,12115968.0,-0.03961871385884782,-0.034941467360113165
12128256.0,-0.578037543532749,-0.5802076557651161,12128256.0,-0.03048826748272404,-0.030578223091045704,12128256.0,0.3119490683699648,0.31947893888379136,12128256.0,-0.018623634885443607,-0.03320142447967858
12140544.0,-0.5779019535208741,-0.5798688977335891,12140544.0,-0.03090144611390618,-0.030589186365250494,12140544.0,0.3166935628590484,0.31946893710022173,12140544.0,-0.038501948777896665,-0.03307985108209929
12152832.0,-0.5780366901308298,-0.5793871342204512,12152832.0,-0.030490325395173084,-0.030558479313428207,12152832.0,0.31751011684536934,0.3177226649442067,12152832.0,-0.01638822008559752,-0.030797271700551698
12165120.0,-0.5772376013919711,-0.5791493448428809,12165120.0,-0.03045570644705246,-0.030548947686717537,12165120.0,0.35228854867940146,0.3219445111230016,12165120.0,-0.03958347127384817,-0.033105564171516264
12177408.0,-0.5769594488665462,-0.5786921844196816,12177408.0,-0.03042628722808634,-0.030506818093514694,12177408.0,0.38618693050617975,0.32893671256800494,12177408.0,-0.039355837972834706,-0.034489184772974114
12189696.0,-0.5762736570710937,-0.5783506254044672,12189696.0,-0.030630115342016023,-0.030561757136213903,12189696.0,0.3654066839565833,0.3345491679850966,12189696.0,-0.0376814182382077,-0.034290179899107896
12201984.0,-0.5763173795615634,-0.577915164642036,12201984.0,-0.03043930350880449,-0.030523895076476036,12201984.0,0.37582595584293205,0.34138649177427094,12201984.0,-0.03952661238145083,-0.03427447232121873
12214272.0,-0.5753288523604473,-0.5774231090210378,12214272.0,-0.03034605784341693,-0.030521202155311282,12214272.0,0.3221466814478238,0.342973578038315,12214272.0,-0.03895779301334793,-0.03478343487731764
12226560.0,-0.5753823344906172,-0.5770418033003806,12226560.0,-0.030273061071056873,-0.030502821189778234,12226560.0,0.35281243175268173,0.34690614650025964,12226560.0,-0.02530048487824388,-0.03335381353657189
12238848.0,-0.5756143536418676,-0.5767089814568559,12238848.0,-0.030562585840622585,-0.0305013156272859,12238848.0,0.36947709741070867,0.3470297077670693,12238848.0,-0.017505572595230962,-0.031142499410210196
12251136.0,-0.5737750548869371,-0.5762827325922748,12251136.0,-0.030292053318892915,-0.03048169421090279,12251136.0,0.35719817721595365,0.3515546186516682,12251136.0,-0.035737601264069475,-0.03285389604807278
12263424.0,-0.5746349142864347,-0.5759560286688308,12263424.0,-0.030284380540251732,-0.030419987653537345,12263424.0,0.3245158937449257,0.352336851740256,12263424.0,-0.03937155054882169,-0.03294085622516529
12275712.0,-0.5744591737166047,-0.5755982770274083,12275712.0,-0.030666734848637134,-0.03043762859888375,12275712.0,0.3737473029953738,0.35796057035525636,12275712.0,-0.018214882074971683,-0.0331235224241027
12288000.0,-0.573644601739943,-0.5752389770622054,12288000.0,-0.029938334366306663,-0.030385891390809168,12288000.0,0.4703321782872081,0.36976493331603705,12288000.0,-0.03945800178917125,-0.033110975475635004
